conv_id,turn,annotator_id,perceived_persona_warmth,perceived_persona_dominance,perceived_persona_curiosity,perceived_persona_structure,perceived_persona_stability,perceived_persona_deference,perceived_persona_humility,emotional_tone,realized_move,apparent_objective,response_implied_expected_reaction
q1__death_penalty__mixed_play__gemma2_9b__qwen2_5_3b__opp_sup__s0__446cc3454f,0,gpt_pass_1,1.0,2.0,1.0,3.0,2.0,1.0,1.0,mixed,clarify,challenge,clarification
q1__death_penalty__mixed_play__gemma2_9b__qwen2_5_3b__opp_sup__s0__446cc3454f,1,gpt_pass_1,2.0,2.0,1.0,3.0,3.0,2.0,1.0,mixed,synthesize,clarify,clarification
q1__death_penalty__mixed_play__gemma2_9b__qwen2_5_3b__opp_sup__s0__446cc3454f,2,gpt_pass_1,2.0,2.0,2.0,3.0,2.0,2.0,2.0,mixed,clarify,explore,clarification
q1__death_penalty__mixed_play__gemma2_9b__qwen2_5_3b__opp_sup__s0__446cc3454f,3,gpt_pass_1,1.0,2.0,0.0,3.0,2.0,1.0,1.0,mixed,clarify,defend,clarification
q1__death_penalty__mixed_play__gemma2_9b__qwen2_5_3b__opp_sup__s0__446cc3454f,4,gpt_pass_1,1.0,3.0,1.0,3.0,3.0,1.0,1.0,mixed,rebut,challenge,rebuttal
q1__death_penalty__mixed_play__gemma2_9b__qwen2_5_3b__opp_sup__s0__446cc3454f,5,gpt_pass_1,1.0,2.0,1.0,2.0,2.0,1.0,1.0,mixed,clarify,defend,clarification
q1__death_penalty__mixed_play__gemma2_9b__qwen2_5_3b__opp_sup__s0__446cc3454f,6,gpt_pass_1,1.0,2.0,1.0,3.0,2.0,0.0,1.0,mixed,rebut,challenge,rebuttal
q1__death_penalty__mixed_play__gemma2_9b__qwen2_5_3b__opp_sup__s0__446cc3454f,7,gpt_pass_1,2.0,2.0,1.0,3.0,3.0,1.0,0.0,mixed,clarify,defend,clarification
q1__death_penalty__mixed_play__gemma2_9b__qwen2_5_3b__opp_sup__s0__446cc3454f,8,gpt_pass_1,1.0,2.0,1.0,3.0,2.0,2.0,1.0,mixed,rebut,challenge,rebuttal
q1__death_penalty__mixed_play__gemma2_9b__qwen2_5_3b__opp_sup__s0__446cc3454f,9,gpt_pass_1,1.0,2.0,1.0,2.0,2.0,1.0,1.0,mixed,assert,defend,rebuttal
q1__death_penalty__mixed_play__gemma2_9b__qwen2_5_3b__opp_sup__s0__446cc3454f,10,gpt_pass_1,2.0,2.0,1.0,2.0,3.0,2.0,2.0,mixed,rebut,challenge,rebuttal
q1__death_penalty__mixed_play__gemma2_9b__qwen2_5_3b__opp_sup__s0__446cc3454f,11,gpt_pass_1,2.0,3.0,1.0,2.0,2.0,1.0,2.0,mixed,clarify,resolve,clarification
q1__death_penalty__mixed_play__gemma2_9b__qwen2_5_3b__opp_sup__s0__446cc3454f,12,gpt_pass_1,1.0,2.0,1.0,3.0,3.0,1.0,2.0,mixed,assert,defend,rebuttal
q1__death_penalty__mixed_play__gemma2_9b__qwen2_5_3b__opp_sup__s0__446cc3454f,13,gpt_pass_1,1.0,2.0,1.0,2.0,3.0,1.0,2.0,mixed,clarify,resolve,clarification
q1__death_penalty__mixed_play__gemma2_9b__qwen2_5_3b__opp_sup__s0__446cc3454f,14,gpt_pass_1,1.0,3.0,0.0,2.0,2.0,2.0,1.0,mixed,rebut,defend,rebuttal
q1__death_penalty__mixed_play__gemma2_9b__qwen2_5_3b__opp_sup__s0__446cc3454f,15,gpt_pass_1,1.0,2.0,1.0,2.0,3.0,2.0,1.0,mixed,assert,defend,rebuttal
q1__death_penalty__mixed_play__gemma2_9b__qwen2_5_3b__opp_sup__s0__446cc3454f,16,gpt_pass_1,2.0,3.0,2.0,2.0,3.0,2.0,1.0,mixed,rebut,challenge,rebuttal
q1__death_penalty__mixed_play__gemma2_9b__qwen2_5_3b__opp_sup__s0__446cc3454f,17,gpt_pass_1,1.0,2.0,1.0,3.0,3.0,1.0,1.0,mixed,assert,defend,rebuttal
q1__death_penalty__mixed_play__gemma2_9b__qwen2_5_3b__opp_sup__s0__446cc3454f,18,gpt_pass_1,1.0,2.0,1.0,3.0,2.0,2.0,2.0,mixed,rebut,challenge,rebuttal
q1__death_penalty__mixed_play__gemma2_9b__qwen2_5_3b__opp_sup__s0__446cc3454f,19,gpt_pass_1,2.0,3.0,1.0,3.0,2.0,1.0,1.0,mixed,assert,defend,uncertain
q1__death_penalty__mixed_play__gemma2_9b__qwen2_5_3b__opp_sup__s0__446cc3454f,20,gpt_pass_1,1.0,2.0,1.0,3.0,4.0,1.0,2.0,mixed,rebut,challenge,rebuttal
q1__death_penalty__mixed_play__gemma2_9b__qwen2_5_3b__opp_sup__s0__446cc3454f,21,gpt_pass_1,1.0,3.0,1.0,2.0,2.0,1.0,1.0,mixed,rebut,defend,rebuttal
q1__death_penalty__mixed_play__gemma2_9b__qwen2_5_3b__opp_sup__s0__446cc3454f,22,gpt_pass_1,1.0,2.0,1.0,3.0,2.0,1.0,0.0,mixed,synthesize,defend,agreement
q1__death_penalty__mixed_play__gemma2_9b__qwen2_5_3b__opp_sup__s0__446cc3454f,23,gpt_pass_1,1.0,2.0,1.0,2.0,2.0,2.0,1.0,mixed,rebut,defend,rebuttal
q1__death_penalty__mixed_play__gemma2_9b__qwen2_5_3b__opp_sup__s0__446cc3454f,24,gpt_pass_1,1.0,3.0,0.0,4.0,3.0,0.0,1.0,mixed,assert,defend,rebuttal
q1__death_penalty__mixed_play__gemma2_9b__qwen2_5_3b__opp_sup__s0__446cc3454f,25,gpt_pass_1,2.0,3.0,1.0,3.0,2.0,2.0,1.0,mixed,assert,defend,rebuttal
q1__death_penalty__mixed_play__gemma2_9b__qwen2_5_3b__opp_sup__s0__446cc3454f,26,gpt_pass_1,1.0,2.0,1.0,3.0,3.0,1.0,2.0,mixed,rebut,challenge,rebuttal
q1__death_penalty__mixed_play__gemma2_9b__qwen2_5_3b__opp_sup__s0__446cc3454f,27,gpt_pass_1,1.0,2.0,1.0,2.0,2.0,1.0,1.0,mixed,synthesize,accommodate,clarification
q1__death_penalty__mixed_play__gemma2_9b__qwen2_5_3b__opp_sup__s0__446cc3454f,28,gpt_pass_1,1.0,3.0,1.0,2.0,3.0,1.0,1.0,mixed,rebut,defend,rebuttal
q1__death_penalty__mixed_play__gemma2_9b__qwen2_5_3b__opp_sup__s0__446cc3454f,29,gpt_pass_1,2.0,3.0,1.0,3.0,2.0,1.0,1.0,mixed,assert,defend,rebuttal
q1__death_penalty__mixed_play__gemma2_9b__qwen2_5_3b__opp_sup__s0__446cc3454f,30,gpt_pass_1,1.0,2.0,1.0,2.0,2.0,2.0,2.0,mixed,rebut,challenge,rebuttal
q1__death_penalty__mixed_play__gemma2_9b__qwen2_5_3b__opp_sup__s0__446cc3454f,31,gpt_pass_1,1.0,2.0,1.0,3.0,2.0,1.0,1.0,mixed,rebut,defend,rebuttal
q1__death_penalty__mixed_play__gemma2_9b__qwen2_5_3b__sup_opp__s0__48ada19288,0,gpt_pass_1,1.0,3.0,0.0,2.0,3.0,1.0,1.0,mixed,assert,defend,rebuttal
q1__death_penalty__mixed_play__gemma2_9b__qwen2_5_3b__sup_opp__s0__48ada19288,1,gpt_pass_1,1.0,2.0,1.0,2.0,2.0,3.0,2.0,mixed,rebut,challenge,rebuttal
q1__death_penalty__mixed_play__gemma2_9b__qwen2_5_3b__sup_opp__s0__48ada19288,2,gpt_pass_1,2.0,3.0,1.0,2.0,2.0,1.0,2.0,mixed,rebut,defend,rebuttal
q1__death_penalty__mixed_play__gemma2_9b__qwen2_5_3b__sup_opp__s0__48ada19288,3,gpt_pass_1,1.0,3.0,2.0,3.0,2.0,2.0,2.0,mixed,rebut,challenge,escalation
q1__death_penalty__mixed_play__gemma2_9b__qwen2_5_3b__sup_opp__s0__48ada19288,4,gpt_pass_1,1.0,3.0,1.0,2.0,3.0,1.0,1.0,mixed,assert,defend,rebuttal
q1__death_penalty__mixed_play__gemma2_9b__qwen2_5_3b__sup_opp__s0__48ada19288,5,gpt_pass_1,2.0,3.0,1.0,3.0,3.0,1.0,1.0,mixed,rebut,defend,rebuttal
q1__death_penalty__mixed_play__gemma2_9b__qwen2_5_3b__sup_opp__s0__48ada19288,6,gpt_pass_1,2.0,2.0,1.0,3.0,3.0,2.0,1.0,mixed,assert,defend,clarification
q1__death_penalty__mixed_play__gemma2_9b__qwen2_5_3b__sup_opp__s0__48ada19288,7,gpt_pass_1,1.0,2.0,2.0,3.0,3.0,1.0,2.0,mixed,rebut,challenge,rebuttal
q1__death_penalty__mixed_play__gemma2_9b__qwen2_5_3b__sup_opp__s0__48ada19288,8,gpt_pass_1,1.0,2.0,0.0,2.0,2.0,1.0,0.0,mixed,rebut,defend,rebuttal
q1__death_penalty__mixed_play__gemma2_9b__qwen2_5_3b__sup_opp__s0__48ada19288,9,gpt_pass_1,1.0,2.0,1.0,3.0,3.0,2.0,2.0,mixed,rebut,challenge,rebuttal
q1__death_penalty__mixed_play__gemma2_9b__qwen2_5_3b__sup_opp__s0__48ada19288,10,gpt_pass_1,1.0,2.0,0.0,2.0,3.0,1.0,1.0,mixed,assert,defend,rebuttal
q1__death_penalty__mixed_play__gemma2_9b__qwen2_5_3b__sup_opp__s0__48ada19288,11,gpt_pass_1,1.0,2.0,1.0,2.0,3.0,2.0,1.0,mixed,rebut,challenge,rebuttal
q1__death_penalty__mixed_play__gemma2_9b__qwen2_5_3b__sup_opp__s0__48ada19288,12,gpt_pass_1,2.0,3.0,1.0,3.0,2.0,1.0,1.0,mixed,assert,defend,rebuttal
q1__death_penalty__mixed_play__gemma2_9b__qwen2_5_3b__sup_opp__s0__48ada19288,13,gpt_pass_1,1.0,2.0,2.0,3.0,3.0,1.0,2.0,mixed,rebut,challenge,rebuttal
q1__death_penalty__mixed_play__gemma2_9b__qwen2_5_3b__sup_opp__s0__48ada19288,14,gpt_pass_1,2.0,3.0,2.0,3.0,3.0,1.0,1.0,mixed,assert,defend,rebuttal
q1__death_penalty__mixed_play__gemma2_9b__qwen2_5_3b__sup_opp__s0__48ada19288,15,gpt_pass_1,1.0,3.0,1.0,3.0,2.0,2.0,2.0,mixed,rebut,challenge,rebuttal
q1__death_penalty__mixed_play__gemma2_9b__qwen2_5_3b__sup_opp__s0__48ada19288,16,gpt_pass_1,1.0,2.0,1.0,2.0,2.0,2.0,1.0,mixed,assert,defend,rebuttal
q1__death_penalty__mixed_play__gemma2_9b__qwen2_5_3b__sup_opp__s0__48ada19288,17,gpt_pass_1,2.0,3.0,1.0,3.0,3.0,2.0,1.0,mixed,rebut,challenge,rebuttal
q1__death_penalty__mixed_play__gemma2_9b__qwen2_5_3b__sup_opp__s0__48ada19288,18,gpt_pass_1,1.0,3.0,1.0,3.0,2.0,2.0,1.0,mixed,assert,defend,rebuttal
q1__death_penalty__mixed_play__gemma2_9b__qwen2_5_3b__sup_opp__s0__48ada19288,19,gpt_pass_1,1.0,2.0,1.0,2.0,3.0,1.0,2.0,mixed,rebut,challenge,rebuttal
q1__death_penalty__mixed_play__gemma2_9b__qwen2_5_3b__sup_opp__s0__48ada19288,20,gpt_pass_1,1.0,2.0,1.0,3.0,3.0,1.0,1.0,mixed,assert,defend,rebuttal
q1__death_penalty__mixed_play__gemma2_9b__qwen2_5_3b__sup_opp__s0__48ada19288,21,gpt_pass_1,1.0,3.0,0.0,2.0,2.0,1.0,1.0,mixed,rebut,challenge,rebuttal
q1__death_penalty__mixed_play__gemma2_9b__qwen2_5_3b__sup_opp__s0__48ada19288,22,gpt_pass_1,1.0,2.0,1.0,2.0,2.0,1.0,1.0,mixed,assert,defend,rebuttal
q1__death_penalty__mixed_play__gemma2_9b__qwen2_5_3b__sup_opp__s0__48ada19288,23,gpt_pass_1,1.0,2.0,1.0,2.0,3.0,2.0,1.0,mixed,rebut,challenge,rebuttal
q1__death_penalty__mixed_play__gemma2_9b__qwen2_5_3b__sup_opp__s0__48ada19288,24,gpt_pass_1,2.0,2.0,1.0,2.0,3.0,2.0,1.0,mixed,clarify,defend,uncertain
q1__death_penalty__mixed_play__gemma2_9b__qwen2_5_3b__sup_opp__s0__48ada19288,25,gpt_pass_1,2.0,3.0,1.0,3.0,3.0,1.0,2.0,mixed,rebut,challenge,rebuttal
q1__death_penalty__mixed_play__gemma2_9b__qwen2_5_3b__sup_opp__s0__48ada19288,26,gpt_pass_1,2.0,3.0,2.0,3.0,2.0,2.0,1.0,mixed,assert,defend,rebuttal
q1__death_penalty__mixed_play__gemma2_9b__qwen2_5_3b__sup_opp__s0__48ada19288,27,gpt_pass_1,1.0,3.0,1.0,2.0,2.0,1.0,1.0,mixed,rebut,defend,rebuttal
q1__death_penalty__mixed_play__gemma2_9b__qwen2_5_3b__sup_opp__s0__48ada19288,28,gpt_pass_1,1.0,3.0,1.0,2.0,2.0,1.0,2.0,mixed,assert,defend,rebuttal
q1__death_penalty__mixed_play__gemma2_9b__qwen2_5_3b__sup_opp__s0__48ada19288,29,gpt_pass_1,1.0,3.0,1.0,2.0,2.0,1.0,2.0,mixed,rebut,defend,rebuttal
q1__death_penalty__mixed_play__gemma2_9b__qwen2_5_3b__sup_opp__s0__48ada19288,30,gpt_pass_1,3.0,3.0,1.0,3.0,3.0,1.0,1.0,mixed,assert,defend,rebuttal
q1__death_penalty__mixed_play__gemma2_9b__qwen2_5_3b__sup_opp__s0__48ada19288,31,gpt_pass_1,1.0,3.0,1.0,1.0,2.0,2.0,1.0,mixed,rebut,challenge,rebuttal
q1__death_penalty__mixed_play__llama3_8b__qwen2_5_3b__opp_sup__s0__78d3beb783,0,gpt_pass_1,1.0,3.0,1.0,3.0,2.0,2.0,2.0,negative,rebut,challenge,rebuttal
q1__death_penalty__mixed_play__llama3_8b__qwen2_5_3b__opp_sup__s0__78d3beb783,1,gpt_pass_1,2.0,3.0,1.0,3.0,2.0,1.0,1.0,mixed,rebut,defend,rebuttal
q1__death_penalty__mixed_play__llama3_8b__qwen2_5_3b__opp_sup__s0__78d3beb783,2,gpt_pass_1,2.0,2.0,2.0,3.0,2.0,2.0,3.0,mixed,rebut,challenge,rebuttal
q1__death_penalty__mixed_play__llama3_8b__qwen2_5_3b__opp_sup__s0__78d3beb783,3,gpt_pass_1,1.0,3.0,1.0,2.0,2.0,1.0,2.0,mixed,assert,defend,rebuttal
q1__death_penalty__mixed_play__llama3_8b__qwen2_5_3b__opp_sup__s0__78d3beb783,4,gpt_pass_1,1.0,4.0,1.0,4.0,2.0,0.0,0.0,mixed,rebut,defend,rebuttal
q1__death_penalty__mixed_play__llama3_8b__qwen2_5_3b__opp_sup__s0__78d3beb783,5,gpt_pass_1,2.0,3.0,2.0,3.0,2.0,2.0,2.0,mixed,assert,defend,rebuttal
q1__death_penalty__mixed_play__llama3_8b__qwen2_5_3b__opp_sup__s0__78d3beb783,6,gpt_pass_1,1.0,3.0,0.0,2.0,2.0,1.0,1.0,mixed,rebut,challenge,rebuttal
q1__death_penalty__mixed_play__llama3_8b__qwen2_5_3b__opp_sup__s0__78d3beb783,7,gpt_pass_1,1.0,2.0,1.0,3.0,2.0,1.0,1.0,mixed,assert,defend,rebuttal
q1__death_penalty__mixed_play__llama3_8b__qwen2_5_3b__opp_sup__s0__78d3beb783,8,gpt_pass_1,1.0,4.0,1.0,3.0,2.0,0.0,1.0,mixed,rebut,challenge,rebuttal
q1__death_penalty__mixed_play__llama3_8b__qwen2_5_3b__opp_sup__s0__78d3beb783,9,gpt_pass_1,1.0,2.0,1.0,2.0,2.0,1.0,2.0,mixed,assert,defend,rebuttal
q1__death_penalty__mixed_play__llama3_8b__qwen2_5_3b__opp_sup__s0__78d3beb783,10,gpt_pass_1,1.0,2.0,1.0,2.0,2.0,2.0,2.0,mixed,rebut,challenge,rebuttal
q1__death_penalty__mixed_play__llama3_8b__qwen2_5_3b__opp_sup__s0__78d3beb783,11,gpt_pass_1,1.0,2.0,1.0,2.0,2.0,1.0,1.0,mixed,rebut,defend,rebuttal
q1__death_penalty__mixed_play__llama3_8b__qwen2_5_3b__opp_sup__s0__78d3beb783,12,gpt_pass_1,1.0,2.0,1.0,2.0,2.0,2.0,1.0,mixed,rebut,challenge,rebuttal
q1__death_penalty__mixed_play__llama3_8b__qwen2_5_3b__opp_sup__s0__78d3beb783,13,gpt_pass_1,2.0,2.0,2.0,3.0,2.0,2.0,2.0,mixed,clarify,challenge,clarification
q1__death_penalty__mixed_play__llama3_8b__qwen2_5_3b__opp_sup__s0__78d3beb783,14,gpt_pass_1,1.0,3.0,1.0,3.0,2.0,1.0,2.0,mixed,concede,synthesize,concession
q1__death_penalty__mixed_play__llama3_8b__qwen2_5_3b__opp_sup__s0__78d3beb783,15,gpt_pass_1,1.0,2.0,1.0,2.0,2.0,1.0,1.0,mixed,accommodate,persuade,accommodation
q1__death_penalty__mixed_play__llama3_8b__qwen2_5_3b__opp_sup__s0__78d3beb783,16,gpt_pass_1,1.0,4.0,1.0,2.0,3.0,0.0,1.0,mixed,rebut,challenge,rebuttal
q1__death_penalty__mixed_play__llama3_8b__qwen2_5_3b__opp_sup__s0__78d3beb783,17,gpt_pass_1,1.0,3.0,0.0,2.0,2.0,1.0,1.0,mixed,assert,defend,rebuttal
q1__death_penalty__mixed_play__llama3_8b__qwen2_5_3b__opp_sup__s0__78d3beb783,18,gpt_pass_1,1.0,3.0,2.0,3.0,2.0,1.0,2.0,mixed,rebut,challenge,rebuttal
q1__death_penalty__mixed_play__llama3_8b__qwen2_5_3b__opp_sup__s0__78d3beb783,19,gpt_pass_1,1.0,2.0,1.0,2.0,2.0,1.0,1.0,mixed,assert,defend,rebuttal
q1__death_penalty__mixed_play__llama3_8b__qwen2_5_3b__opp_sup__s0__78d3beb783,20,gpt_pass_1,1.0,3.0,0.0,3.0,3.0,0.0,1.0,mixed,rebut,challenge,rebuttal
q1__death_penalty__mixed_play__llama3_8b__qwen2_5_3b__opp_sup__s0__78d3beb783,21,gpt_pass_1,2.0,3.0,1.0,3.0,3.0,1.0,1.0,mixed,assert,defend,rebuttal
q1__death_penalty__mixed_play__llama3_8b__qwen2_5_3b__opp_sup__s0__78d3beb783,22,gpt_pass_1,1.0,3.0,1.0,3.0,3.0,1.0,1.0,mixed,rebut,challenge,rebuttal
q1__death_penalty__mixed_play__llama3_8b__qwen2_5_3b__opp_sup__s0__78d3beb783,23,gpt_pass_1,1.0,2.0,1.0,2.0,2.0,1.0,1.0,mixed,assert,defend,rebuttal
q1__death_penalty__mixed_play__llama3_8b__qwen2_5_3b__opp_sup__s0__78d3beb783,24,gpt_pass_1,0.0,4.0,0.0,1.0,1.0,0.0,0.0,mixed,rebut,defend,rebuttal
q1__death_penalty__mixed_play__llama3_8b__qwen2_5_3b__opp_sup__s0__78d3beb783,25,gpt_pass_1,1.0,2.0,1.0,2.0,2.0,1.0,2.0,mixed,assert,defend,rebuttal
q1__death_penalty__mixed_play__llama3_8b__qwen2_5_3b__opp_sup__s0__78d3beb783,26,gpt_pass_1,1.0,3.0,1.0,3.0,4.0,0.0,2.0,mixed,assert,challenge,rebuttal
q1__death_penalty__mixed_play__llama3_8b__qwen2_5_3b__opp_sup__s0__78d3beb783,27,gpt_pass_1,2.0,3.0,1.0,3.0,2.0,1.0,1.0,mixed,assert,defend,rebuttal
q1__death_penalty__mixed_play__llama3_8b__qwen2_5_3b__opp_sup__s0__78d3beb783,28,gpt_pass_1,1.0,4.0,0.0,4.0,2.0,0.0,1.0,mixed,rebut,defend,rebuttal
q1__death_penalty__mixed_play__llama3_8b__qwen2_5_3b__opp_sup__s0__78d3beb783,29,gpt_pass_1,2.0,3.0,1.0,2.0,3.0,1.0,0.0,mixed,assert,defend,rebuttal
q1__death_penalty__mixed_play__llama3_8b__qwen2_5_3b__opp_sup__s0__78d3beb783,30,gpt_pass_1,1.0,3.0,1.0,3.0,2.0,0.0,1.0,mixed,rebut,defend,rebuttal
q1__death_penalty__mixed_play__llama3_8b__qwen2_5_3b__opp_sup__s0__78d3beb783,31,gpt_pass_1,1.0,3.0,1.0,2.0,2.0,1.0,0.0,mixed,assert,defend,rebuttal
q1__death_penalty__mixed_play__llama3_8b__qwen2_5_3b__sup_opp__s0__64b67ede53,0,gpt_pass_1,1.0,2.0,1.0,2.0,3.0,2.0,2.0,mixed,assert,defend,rebuttal
q1__death_penalty__mixed_play__llama3_8b__qwen2_5_3b__sup_opp__s0__64b67ede53,1,gpt_pass_1,1.0,2.0,1.0,2.0,3.0,2.0,1.0,mixed,rebut,challenge,rebuttal
q1__death_penalty__mixed_play__llama3_8b__qwen2_5_3b__sup_opp__s0__64b67ede53,2,gpt_pass_1,2.0,3.0,1.0,3.0,3.0,1.0,1.0,mixed,assert,defend,rebuttal
q1__death_penalty__mixed_play__llama3_8b__qwen2_5_3b__sup_opp__s0__64b67ede53,3,gpt_pass_1,2.0,3.0,1.0,2.0,3.0,1.0,2.0,mixed,rebut,challenge,rebuttal
q1__death_penalty__mixed_play__llama3_8b__qwen2_5_3b__sup_opp__s0__64b67ede53,4,gpt_pass_1,1.0,3.0,1.0,3.0,2.0,2.0,1.0,mixed,clarify,defend,clarification
q1__death_penalty__mixed_play__llama3_8b__qwen2_5_3b__sup_opp__s0__64b67ede53,5,gpt_pass_1,1.0,2.0,1.0,2.0,2.0,2.0,2.0,mixed,rebut,challenge,rebuttal
q1__death_penalty__mixed_play__llama3_8b__qwen2_5_3b__sup_opp__s0__64b67ede53,6,gpt_pass_1,2.0,3.0,1.0,3.0,3.0,2.0,1.0,mixed,assert,defend,rebuttal
q1__death_penalty__mixed_play__llama3_8b__qwen2_5_3b__sup_opp__s0__64b67ede53,7,gpt_pass_1,1.0,3.0,2.0,3.0,2.0,1.0,2.0,mixed,assert,challenge,rebuttal
q1__death_penalty__mixed_play__llama3_8b__qwen2_5_3b__sup_opp__s0__64b67ede53,8,gpt_pass_1,2.0,3.0,1.0,2.0,3.0,2.0,1.0,mixed,assert,defend,rebuttal
q1__death_penalty__mixed_play__llama3_8b__qwen2_5_3b__sup_opp__s0__64b67ede53,9,gpt_pass_1,1.0,2.0,1.0,2.0,2.0,2.0,1.0,mixed,clarify,challenge,clarification
q1__death_penalty__mixed_play__llama3_8b__qwen2_5_3b__sup_opp__s0__64b67ede53,10,gpt_pass_1,1.0,2.0,1.0,3.0,2.0,2.0,1.0,mixed,assert,defend,rebuttal
q1__death_penalty__mixed_play__llama3_8b__qwen2_5_3b__sup_opp__s0__64b67ede53,11,gpt_pass_1,1.0,3.0,1.0,3.0,2.0,2.0,1.0,mixed,rebut,challenge,rebuttal
q1__death_penalty__mixed_play__llama3_8b__qwen2_5_3b__sup_opp__s0__64b67ede53,12,gpt_pass_1,1.0,3.0,0.0,2.0,3.0,2.0,1.0,mixed,assert,defend,rebuttal
q1__death_penalty__mixed_play__llama3_8b__qwen2_5_3b__sup_opp__s0__64b67ede53,13,gpt_pass_1,1.0,2.0,1.0,3.0,3.0,2.0,1.0,mixed,rebut,defend,rebuttal
q1__death_penalty__mixed_play__llama3_8b__qwen2_5_3b__sup_opp__s0__64b67ede53,14,gpt_pass_1,1.0,3.0,1.0,2.0,3.0,1.0,1.0,mixed,assert,defend,rebuttal
q1__death_penalty__mixed_play__llama3_8b__qwen2_5_3b__sup_opp__s0__64b67ede53,15,gpt_pass_1,2.0,3.0,1.0,4.0,2.0,2.0,2.0,mixed,rebut,challenge,rebuttal
q1__death_penalty__mixed_play__llama3_8b__qwen2_5_3b__sup_opp__s0__64b67ede53,16,gpt_pass_1,1.0,2.0,1.0,2.0,2.0,2.0,1.0,mixed,assert,defend,rebuttal
q1__death_penalty__mixed_play__llama3_8b__qwen2_5_3b__sup_opp__s0__64b67ede53,17,gpt_pass_1,1.0,2.0,1.0,2.0,2.0,1.0,1.0,mixed,rebut,challenge,rebuttal
q1__death_penalty__mixed_play__llama3_8b__qwen2_5_3b__sup_opp__s0__64b67ede53,18,gpt_pass_1,1.0,3.0,1.0,2.0,2.0,2.0,1.0,mixed,assert,defend,rebuttal
q1__death_penalty__mixed_play__llama3_8b__qwen2_5_3b__sup_opp__s0__64b67ede53,19,gpt_pass_1,1.0,3.0,1.0,2.0,2.0,3.0,2.0,mixed,rebut,challenge,rebuttal
q1__death_penalty__mixed_play__llama3_8b__qwen2_5_3b__sup_opp__s0__64b67ede53,20,gpt_pass_1,1.0,2.0,1.0,3.0,3.0,1.0,1.0,mixed,synthesize,defend,accommodation
q1__death_penalty__mixed_play__llama3_8b__qwen2_5_3b__sup_opp__s0__64b67ede53,21,gpt_pass_1,1.0,3.0,1.0,3.0,3.0,1.0,1.0,mixed,rebut,challenge,rebuttal
q1__death_penalty__mixed_play__llama3_8b__qwen2_5_3b__sup_opp__s0__64b67ede53,22,gpt_pass_1,2.0,3.0,1.0,3.0,2.0,1.0,1.0,mixed,assert,defend,rebuttal
q1__death_penalty__mixed_play__llama3_8b__qwen2_5_3b__sup_opp__s0__64b67ede53,23,gpt_pass_1,1.0,3.0,1.0,2.0,3.0,2.0,1.0,mixed,rebut,challenge,rebuttal
q1__death_penalty__mixed_play__llama3_8b__qwen2_5_3b__sup_opp__s0__64b67ede53,24,gpt_pass_1,2.0,3.0,1.0,3.0,3.0,2.0,2.0,mixed,assert,defend,rebuttal
q1__death_penalty__mixed_play__llama3_8b__qwen2_5_3b__sup_opp__s0__64b67ede53,25,gpt_pass_1,2.0,3.0,2.0,3.0,3.0,1.0,2.0,mixed,clarify,explore,clarification
q1__death_penalty__mixed_play__llama3_8b__qwen2_5_3b__sup_opp__s0__64b67ede53,26,gpt_pass_1,2.0,3.0,1.0,3.0,2.0,1.0,2.0,mixed,assert,defend,rebuttal
q1__death_penalty__mixed_play__llama3_8b__qwen2_5_3b__sup_opp__s0__64b67ede53,27,gpt_pass_1,2.0,3.0,2.0,3.0,3.0,1.0,1.0,mixed,rebut,challenge,rebuttal
q1__death_penalty__mixed_play__llama3_8b__qwen2_5_3b__sup_opp__s0__64b67ede53,28,gpt_pass_1,1.0,2.0,1.0,2.0,2.0,1.0,2.0,mixed,clarify,defend,rebuttal
q1__death_penalty__mixed_play__llama3_8b__qwen2_5_3b__sup_opp__s0__64b67ede53,29,gpt_pass_1,1.0,3.0,2.0,3.0,3.0,2.0,1.0,mixed,rebut,challenge,rebuttal
q1__death_penalty__mixed_play__llama3_8b__qwen2_5_3b__sup_opp__s0__64b67ede53,30,gpt_pass_1,2.0,3.0,1.0,3.0,3.0,1.0,1.0,mixed,assert,defend,rebuttal
q1__death_penalty__mixed_play__llama3_8b__qwen2_5_3b__sup_opp__s0__64b67ede53,31,gpt_pass_1,1.0,3.0,1.0,3.0,2.0,1.0,1.0,mixed,rebut,challenge,escalation
q1__death_penalty__self_play__gemma2_9b__gemma2_9b__opp_sup__s0__ffa9d12962,0,gpt_pass_1,1.0,2.0,1.0,3.0,2.0,1.0,1.0,mixed,clarify,challenge,clarification
q1__death_penalty__self_play__gemma2_9b__gemma2_9b__opp_sup__s0__ffa9d12962,1,gpt_pass_1,1.0,3.0,2.0,3.0,3.0,1.0,2.0,mixed,assert,defend,agreement
q1__death_penalty__self_play__gemma2_9b__gemma2_9b__opp_sup__s0__ffa9d12962,2,gpt_pass_1,2.0,3.0,2.0,2.0,3.0,2.0,2.0,mixed,rebut,defend,rebuttal
q1__death_penalty__self_play__gemma2_9b__gemma2_9b__opp_sup__s0__ffa9d12962,3,gpt_pass_1,1.0,2.0,1.0,3.0,2.0,1.0,1.0,mixed,clarify,defend,clarification
q1__death_penalty__self_play__gemma2_9b__gemma2_9b__opp_sup__s0__ffa9d12962,4,gpt_pass_1,1.0,3.0,1.0,3.0,3.0,1.0,1.0,mixed,concede,defend,agreement
q1__death_penalty__self_play__gemma2_9b__gemma2_9b__opp_sup__s0__ffa9d12962,5,gpt_pass_1,1.0,3.0,1.0,3.0,2.0,1.0,1.0,mixed,assert,defend,rebuttal
q1__death_penalty__self_play__gemma2_9b__gemma2_9b__opp_sup__s0__ffa9d12962,6,gpt_pass_1,1.0,2.0,1.0,3.0,2.0,1.0,1.0,mixed,concede,defend,agreement
q1__death_penalty__self_play__gemma2_9b__gemma2_9b__opp_sup__s0__ffa9d12962,7,gpt_pass_1,2.0,3.0,1.0,2.0,2.0,1.0,1.0,mixed,assert,defend,agreement
q1__death_penalty__self_play__gemma2_9b__gemma2_9b__opp_sup__s0__ffa9d12962,8,gpt_pass_1,1.0,2.0,1.0,3.0,2.0,2.0,1.0,mixed,rebut,challenge,rebuttal
q1__death_penalty__self_play__gemma2_9b__gemma2_9b__opp_sup__s0__ffa9d12962,9,gpt_pass_1,1.0,2.0,1.0,2.0,2.0,1.0,1.0,mixed,assert,defend,rebuttal
q1__death_penalty__self_play__gemma2_9b__gemma2_9b__opp_sup__s0__ffa9d12962,10,gpt_pass_1,1.0,2.0,1.0,2.0,3.0,2.0,2.0,mixed,clarify,challenge,clarification
q1__death_penalty__self_play__gemma2_9b__gemma2_9b__opp_sup__s0__ffa9d12962,11,gpt_pass_1,1.0,3.0,1.0,3.0,3.0,1.0,2.0,mixed,assert,defend,rebuttal
q1__death_penalty__self_play__gemma2_9b__gemma2_9b__opp_sup__s0__ffa9d12962,12,gpt_pass_1,1.0,2.0,1.0,3.0,3.0,1.0,2.0,mixed,assert,defend,rebuttal
q1__death_penalty__self_play__gemma2_9b__gemma2_9b__opp_sup__s0__ffa9d12962,13,gpt_pass_1,0.0,3.0,1.0,2.0,3.0,1.0,1.0,mixed,assert,defend,rebuttal
q1__death_penalty__self_play__gemma2_9b__gemma2_9b__opp_sup__s0__ffa9d12962,14,gpt_pass_1,1.0,3.0,0.0,2.0,2.0,2.0,1.0,mixed,rebut,defend,rebuttal
q1__death_penalty__self_play__gemma2_9b__gemma2_9b__opp_sup__s0__ffa9d12962,15,gpt_pass_1,1.0,2.0,1.0,2.0,3.0,2.0,1.0,mixed,assert,defend,rebuttal
q1__death_penalty__self_play__gemma2_9b__gemma2_9b__opp_sup__s0__ffa9d12962,16,gpt_pass_1,2.0,3.0,2.0,2.0,3.0,2.0,1.0,mixed,rebut,challenge,rebuttal
q1__death_penalty__self_play__gemma2_9b__gemma2_9b__opp_sup__s0__ffa9d12962,17,gpt_pass_1,1.0,3.0,2.0,2.0,3.0,1.0,2.0,mixed,assert,defend,rebuttal
q1__death_penalty__self_play__gemma2_9b__gemma2_9b__opp_sup__s0__ffa9d12962,18,gpt_pass_1,1.0,2.0,1.0,3.0,2.0,2.0,2.0,mixed,rebut,challenge,rebuttal
q1__death_penalty__self_play__gemma2_9b__gemma2_9b__opp_sup__s0__ffa9d12962,19,gpt_pass_1,2.0,3.0,1.0,3.0,2.0,1.0,1.0,mixed,assert,defend,uncertain
q1__death_penalty__self_play__gemma2_9b__gemma2_9b__opp_sup__s0__ffa9d12962,20,gpt_pass_1,1.0,2.0,1.0,3.0,4.0,1.0,2.0,mixed,rebut,challenge,rebuttal
q1__death_penalty__self_play__gemma2_9b__gemma2_9b__opp_sup__s0__ffa9d12962,21,gpt_pass_1,1.0,3.0,1.0,2.0,2.0,1.0,1.0,mixed,assert,defend,rebuttal
q1__death_penalty__self_play__gemma2_9b__gemma2_9b__opp_sup__s0__ffa9d12962,22,gpt_pass_1,1.0,2.0,1.0,3.0,2.0,1.0,0.0,mixed,assert,defend,agreement
q1__death_penalty__self_play__gemma2_9b__gemma2_9b__opp_sup__s0__ffa9d12962,23,gpt_pass_1,1.0,3.0,1.0,3.0,2.0,2.0,1.0,mixed,assert,defend,rebuttal
q1__death_penalty__self_play__gemma2_9b__gemma2_9b__opp_sup__s0__ffa9d12962,24,gpt_pass_1,1.0,3.0,1.0,4.0,3.0,0.0,2.0,mixed,concede,accommodate,accommodation
q1__death_penalty__self_play__gemma2_9b__gemma2_9b__opp_sup__s0__ffa9d12962,25,gpt_pass_1,2.0,3.0,1.0,3.0,2.0,2.0,1.0,mixed,assert,defend,rebuttal
q1__death_penalty__self_play__gemma2_9b__gemma2_9b__opp_sup__s0__ffa9d12962,26,gpt_pass_1,1.0,3.0,1.0,3.0,3.0,1.0,2.0,mixed,rebut,challenge,rebuttal
q1__death_penalty__self_play__gemma2_9b__gemma2_9b__opp_sup__s0__ffa9d12962,27,gpt_pass_1,1.0,2.0,1.0,2.0,2.0,1.0,1.0,mixed,synthesize,accommodate,clarification
q1__death_penalty__self_play__gemma2_9b__gemma2_9b__opp_sup__s0__ffa9d12962,28,gpt_pass_1,1.0,3.0,1.0,2.0,3.0,1.0,1.0,mixed,rebut,defend,rebuttal
q1__death_penalty__self_play__gemma2_9b__gemma2_9b__opp_sup__s0__ffa9d12962,29,gpt_pass_1,2.0,3.0,1.0,3.0,2.0,1.0,1.0,mixed,assert,defend,rebuttal
q1__death_penalty__self_play__gemma2_9b__gemma2_9b__opp_sup__s0__ffa9d12962,30,gpt_pass_1,1.0,2.0,1.0,2.0,2.0,2.0,2.0,mixed,rebut,challenge,rebuttal
q1__death_penalty__self_play__gemma2_9b__gemma2_9b__opp_sup__s0__ffa9d12962,31,gpt_pass_1,2.0,2.0,1.0,3.0,2.0,1.0,1.0,mixed,assert,defend,agreement
q1__death_penalty__self_play__gemma2_9b__gemma2_9b__sup_opp__s0__e984994c76,0,gpt_pass_1,1.0,3.0,0.0,2.0,3.0,1.0,1.0,mixed,assert,defend,rebuttal
q1__death_penalty__self_play__gemma2_9b__gemma2_9b__sup_opp__s0__e984994c76,1,gpt_pass_1,1.0,2.0,1.0,2.0,3.0,3.0,2.0,mixed,rebut,challenge,rebuttal
q1__death_penalty__self_play__gemma2_9b__gemma2_9b__sup_opp__s0__e984994c76,2,gpt_pass_1,2.0,3.0,1.0,2.0,2.0,1.0,2.0,mixed,rebut,defend,rebuttal
q1__death_penalty__self_play__gemma2_9b__gemma2_9b__sup_opp__s0__e984994c76,3,gpt_pass_1,1.0,3.0,2.0,3.0,2.0,2.0,2.0,mixed,rebut,challenge,escalation
q1__death_penalty__self_play__gemma2_9b__gemma2_9b__sup_opp__s0__e984994c76,4,gpt_pass_1,1.0,3.0,2.0,2.0,3.0,1.0,1.0,mixed,assert,defend,rebuttal
q1__death_penalty__self_play__gemma2_9b__gemma2_9b__sup_opp__s0__e984994c76,5,gpt_pass_1,3.0,2.0,3.0,2.0,3.0,2.0,2.0,mixed,clarify,clarify,clarification
q1__death_penalty__self_play__gemma2_9b__gemma2_9b__sup_opp__s0__e984994c76,6,gpt_pass_1,1.0,3.0,1.0,3.0,3.0,2.0,1.0,mixed,assert,defend,rebuttal
q1__death_penalty__self_play__gemma2_9b__gemma2_9b__sup_opp__s0__e984994c76,7,gpt_pass_1,2.0,2.0,2.0,3.0,3.0,2.0,2.0,mixed,assert,persuade,clarification
q1__death_penalty__self_play__gemma2_9b__gemma2_9b__sup_opp__s0__e984994c76,8,gpt_pass_1,1.0,3.0,1.0,2.0,2.0,1.0,1.0,mixed,assert,defend,rebuttal
q1__death_penalty__self_play__gemma2_9b__gemma2_9b__sup_opp__s0__e984994c76,9,gpt_pass_1,1.0,2.0,1.0,3.0,3.0,2.0,2.0,mixed,rebut,challenge,rebuttal
q1__death_penalty__self_play__gemma2_9b__gemma2_9b__sup_opp__s0__e984994c76,10,gpt_pass_1,1.0,2.0,0.0,2.0,3.0,1.0,1.0,mixed,assert,defend,rebuttal
q1__death_penalty__self_play__gemma2_9b__gemma2_9b__sup_opp__s0__e984994c76,11,gpt_pass_1,1.0,2.0,1.0,2.0,3.0,2.0,1.0,mixed,rebut,challenge,rebuttal
q1__death_penalty__self_play__gemma2_9b__gemma2_9b__sup_opp__s0__e984994c76,12,gpt_pass_1,1.0,3.0,0.0,3.0,2.0,1.0,1.0,mixed,assert,defend,rebuttal
q1__death_penalty__self_play__gemma2_9b__gemma2_9b__sup_opp__s0__e984994c76,13,gpt_pass_1,0.0,3.0,2.0,2.0,4.0,0.0,1.0,mixed,rebut,challenge,rebuttal
q1__death_penalty__self_play__gemma2_9b__gemma2_9b__sup_opp__s0__e984994c76,14,gpt_pass_1,2.0,3.0,2.0,3.0,3.0,1.0,1.0,mixed,assert,defend,rebuttal
q1__death_penalty__self_play__gemma2_9b__gemma2_9b__sup_opp__s0__e984994c76,15,gpt_pass_1,1.0,3.0,1.0,3.0,2.0,2.0,2.0,mixed,rebut,challenge,rebuttal
q1__death_penalty__self_play__gemma2_9b__gemma2_9b__sup_opp__s0__e984994c76,16,gpt_pass_1,1.0,3.0,1.0,2.0,2.0,1.0,1.0,mixed,assert,defend,rebuttal
q1__death_penalty__self_play__gemma2_9b__gemma2_9b__sup_opp__s0__e984994c76,17,gpt_pass_1,1.0,3.0,1.0,2.0,3.0,3.0,1.0,mixed,rebut,challenge,rebuttal
q1__death_penalty__self_play__gemma2_9b__gemma2_9b__sup_opp__s0__e984994c76,18,gpt_pass_1,2.0,3.0,1.0,3.0,2.0,1.0,1.0,mixed,assert,defend,rebuttal
q1__death_penalty__self_play__gemma2_9b__gemma2_9b__sup_opp__s0__e984994c76,19,gpt_pass_1,1.0,3.0,2.0,3.0,3.0,1.0,2.0,mixed,rebut,challenge,rebuttal
q1__death_penalty__self_play__gemma2_9b__gemma2_9b__sup_opp__s0__e984994c76,20,gpt_pass_1,0.0,3.0,1.0,3.0,3.0,0.0,1.0,negative,assert,defend,rebuttal
q1__death_penalty__self_play__gemma2_9b__gemma2_9b__sup_opp__s0__e984994c76,21,gpt_pass_1,1.0,2.0,0.0,1.0,2.0,1.0,1.0,mixed,clarify,clarify,clarification
q1__death_penalty__self_play__gemma2_9b__gemma2_9b__sup_opp__s0__e984994c76,22,gpt_pass_1,1.0,2.0,1.0,2.0,2.0,1.0,1.0,mixed,assert,defend,rebuttal
q1__death_penalty__self_play__gemma2_9b__gemma2_9b__sup_opp__s0__e984994c76,23,gpt_pass_1,1.0,2.0,1.0,2.0,3.0,2.0,1.0,mixed,assert,defend,agreement
q1__death_penalty__self_play__gemma2_9b__gemma2_9b__sup_opp__s0__e984994c76,24,gpt_pass_1,1.0,3.0,1.0,2.0,2.0,2.0,2.0,mixed,assert,defend,rebuttal
q1__death_penalty__self_play__gemma2_9b__gemma2_9b__sup_opp__s0__e984994c76,25,gpt_pass_1,2.0,3.0,0.0,2.0,3.0,1.0,2.0,mixed,rebut,challenge,rebuttal
q1__death_penalty__self_play__gemma2_9b__gemma2_9b__sup_opp__s0__e984994c76,26,gpt_pass_1,2.0,3.0,2.0,3.0,2.0,2.0,1.0,mixed,assert,defend,rebuttal
q1__death_penalty__self_play__gemma2_9b__gemma2_9b__sup_opp__s0__e984994c76,27,gpt_pass_1,1.0,3.0,1.0,2.0,2.0,2.0,1.0,mixed,rebut,defend,rebuttal
q1__death_penalty__self_play__gemma2_9b__gemma2_9b__sup_opp__s0__e984994c76,28,gpt_pass_1,1.0,3.0,1.0,2.0,2.0,1.0,2.0,mixed,assert,defend,rebuttal
q1__death_penalty__self_play__gemma2_9b__gemma2_9b__sup_opp__s0__e984994c76,29,gpt_pass_1,2.0,1.0,2.0,1.0,2.0,2.0,3.0,mixed,clarify,explore,uncertain
q1__death_penalty__self_play__gemma2_9b__gemma2_9b__sup_opp__s0__e984994c76,30,gpt_pass_1,3.0,2.0,1.0,3.0,3.0,2.0,1.0,mixed,assert,defend,rebuttal
q1__death_penalty__self_play__gemma2_9b__gemma2_9b__sup_opp__s0__e984994c76,31,gpt_pass_1,1.0,3.0,1.0,1.0,2.0,2.0,1.0,mixed,rebut,defend,rebuttal
q1__death_penalty__self_play__llama3_8b__llama3_8b__opp_sup__s0__1f840ab0ac,0,gpt_pass_1,1.0,3.0,1.0,3.0,2.0,2.0,2.0,negative,rebut,challenge,rebuttal
q1__death_penalty__self_play__llama3_8b__llama3_8b__opp_sup__s0__1f840ab0ac,1,gpt_pass_1,1.0,3.0,1.0,3.0,2.0,1.0,1.0,mixed,rebut,defend,rebuttal
q1__death_penalty__self_play__llama3_8b__llama3_8b__opp_sup__s0__1f840ab0ac,2,gpt_pass_1,2.0,2.0,2.0,3.0,2.0,2.0,3.0,mixed,rebut,challenge,rebuttal
q1__death_penalty__self_play__llama3_8b__llama3_8b__opp_sup__s0__1f840ab0ac,3,gpt_pass_1,1.0,3.0,1.0,2.0,2.0,1.0,2.0,mixed,assert,defend,rebuttal
q1__death_penalty__self_play__llama3_8b__llama3_8b__opp_sup__s0__1f840ab0ac,4,gpt_pass_1,1.0,4.0,1.0,4.0,2.0,0.0,0.0,mixed,rebut,defend,rebuttal
q1__death_penalty__self_play__llama3_8b__llama3_8b__opp_sup__s0__1f840ab0ac,5,gpt_pass_1,2.0,3.0,2.0,3.0,2.0,2.0,2.0,mixed,clarify,explore,clarification
q1__death_penalty__self_play__llama3_8b__llama3_8b__opp_sup__s0__1f840ab0ac,6,gpt_pass_1,1.0,3.0,0.0,2.0,3.0,1.0,1.0,mixed,rebut,challenge,rebuttal
q1__death_penalty__self_play__llama3_8b__llama3_8b__opp_sup__s0__1f840ab0ac,7,gpt_pass_1,1.0,2.0,1.0,3.0,2.0,1.0,1.0,mixed,assert,defend,rebuttal
q1__death_penalty__self_play__llama3_8b__llama3_8b__opp_sup__s0__1f840ab0ac,8,gpt_pass_1,1.0,4.0,1.0,3.0,2.0,0.0,1.0,mixed,rebut,challenge,rebuttal
q1__death_penalty__self_play__llama3_8b__llama3_8b__opp_sup__s0__1f840ab0ac,9,gpt_pass_1,0.0,3.0,1.0,2.0,2.0,0.0,1.0,mixed,assert,defend,rebuttal
q1__death_penalty__self_play__llama3_8b__llama3_8b__opp_sup__s0__1f840ab0ac,10,gpt_pass_1,1.0,2.0,1.0,2.0,2.0,2.0,2.0,mixed,rebut,challenge,rebuttal
q1__death_penalty__self_play__llama3_8b__llama3_8b__opp_sup__s0__1f840ab0ac,11,gpt_pass_1,0.0,3.0,1.0,2.0,2.0,1.0,1.0,mixed,assert,defend,rebuttal
q1__death_penalty__self_play__llama3_8b__llama3_8b__opp_sup__s0__1f840ab0ac,12,gpt_pass_1,1.0,3.0,1.0,2.0,2.0,2.0,1.0,mixed,rebut,challenge,rebuttal
q1__death_penalty__self_play__llama3_8b__llama3_8b__opp_sup__s0__1f840ab0ac,13,gpt_pass_1,1.0,3.0,1.0,2.0,2.0,2.0,1.0,mixed,assert,defend,rebuttal
q1__death_penalty__self_play__llama3_8b__llama3_8b__opp_sup__s0__1f840ab0ac,14,gpt_pass_1,1.0,3.0,2.0,3.0,2.0,1.0,2.0,mixed,rebut,challenge,rebuttal
q1__death_penalty__self_play__llama3_8b__llama3_8b__opp_sup__s0__1f840ab0ac,15,gpt_pass_1,1.0,2.0,1.0,2.0,2.0,1.0,1.0,mixed,accommodate,persuade,accommodation
q1__death_penalty__self_play__llama3_8b__llama3_8b__opp_sup__s0__1f840ab0ac,16,gpt_pass_1,1.0,4.0,1.0,2.0,3.0,0.0,1.0,mixed,rebut,challenge,rebuttal
q1__death_penalty__self_play__llama3_8b__llama3_8b__opp_sup__s0__1f840ab0ac,17,gpt_pass_1,1.0,2.0,2.0,2.0,2.0,2.0,2.0,mixed,clarify,defend,clarification
q1__death_penalty__self_play__llama3_8b__llama3_8b__opp_sup__s0__1f840ab0ac,18,gpt_pass_1,1.0,3.0,2.0,3.0,2.0,1.0,2.0,mixed,rebut,challenge,rebuttal
q1__death_penalty__self_play__llama3_8b__llama3_8b__opp_sup__s0__1f840ab0ac,19,gpt_pass_1,2.0,2.0,1.0,2.0,2.0,1.0,1.0,mixed,assert,defend,rebuttal
q1__death_penalty__self_play__llama3_8b__llama3_8b__opp_sup__s0__1f840ab0ac,20,gpt_pass_1,0.0,4.0,0.0,3.0,3.0,0.0,1.0,mixed,rebut,challenge,rebuttal
q1__death_penalty__self_play__llama3_8b__llama3_8b__opp_sup__s0__1f840ab0ac,21,gpt_pass_1,2.0,3.0,1.0,3.0,3.0,0.0,1.0,mixed,assert,defend,rebuttal
q1__death_penalty__self_play__llama3_8b__llama3_8b__opp_sup__s0__1f840ab0ac,22,gpt_pass_1,1.0,3.0,1.0,3.0,3.0,1.0,1.0,mixed,rebut,challenge,rebuttal
q1__death_penalty__self_play__llama3_8b__llama3_8b__opp_sup__s0__1f840ab0ac,23,gpt_pass_1,1.0,3.0,1.0,2.0,2.0,1.0,2.0,mixed,assert,defend,rebuttal
q1__death_penalty__self_play__llama3_8b__llama3_8b__opp_sup__s0__1f840ab0ac,24,gpt_pass_1,0.0,4.0,0.0,1.0,1.0,0.0,0.0,mixed,rebut,defend,rebuttal
q1__death_penalty__self_play__llama3_8b__llama3_8b__opp_sup__s0__1f840ab0ac,25,gpt_pass_1,1.0,2.0,1.0,2.0,2.0,1.0,2.0,mixed,assert,defend,rebuttal
q1__death_penalty__self_play__llama3_8b__llama3_8b__opp_sup__s0__1f840ab0ac,26,gpt_pass_1,1.0,3.0,1.0,3.0,4.0,0.0,1.0,mixed,assert,challenge,rebuttal
q1__death_penalty__self_play__llama3_8b__llama3_8b__opp_sup__s0__1f840ab0ac,27,gpt_pass_1,2.0,3.0,1.0,3.0,2.0,1.0,1.0,mixed,assert,defend,rebuttal
q1__death_penalty__self_play__llama3_8b__llama3_8b__opp_sup__s0__1f840ab0ac,28,gpt_pass_1,1.0,4.0,0.0,4.0,2.0,0.0,1.0,mixed,rebut,defend,rebuttal
q1__death_penalty__self_play__llama3_8b__llama3_8b__opp_sup__s0__1f840ab0ac,29,gpt_pass_1,2.0,3.0,1.0,2.0,2.0,1.0,0.0,mixed,assert,defend,rebuttal
q1__death_penalty__self_play__llama3_8b__llama3_8b__opp_sup__s0__1f840ab0ac,30,gpt_pass_1,1.0,3.0,1.0,3.0,2.0,0.0,1.0,mixed,rebut,defend,rebuttal
q1__death_penalty__self_play__llama3_8b__llama3_8b__opp_sup__s0__1f840ab0ac,31,gpt_pass_1,1.0,3.0,1.0,2.0,2.0,1.0,0.0,mixed,assert,defend,rebuttal
q1__death_penalty__self_play__llama3_8b__llama3_8b__sup_opp__s0__2b27b3b9af,0,gpt_pass_1,1.0,2.0,1.0,2.0,3.0,2.0,2.0,mixed,assert,defend,rebuttal
q1__death_penalty__self_play__llama3_8b__llama3_8b__sup_opp__s0__2b27b3b9af,1,gpt_pass_1,1.0,3.0,1.0,2.0,3.0,1.0,1.0,mixed,rebut,challenge,rebuttal
q1__death_penalty__self_play__llama3_8b__llama3_8b__sup_opp__s0__2b27b3b9af,2,gpt_pass_1,1.0,3.0,1.0,3.0,3.0,1.0,1.0,mixed,assert,defend,rebuttal
q1__death_penalty__self_play__llama3_8b__llama3_8b__sup_opp__s0__2b27b3b9af,3,gpt_pass_1,1.0,4.0,1.0,2.0,3.0,0.0,2.0,mixed,rebut,challenge,rebuttal
q1__death_penalty__self_play__llama3_8b__llama3_8b__sup_opp__s0__2b27b3b9af,4,gpt_pass_1,0.0,3.0,2.0,3.0,2.0,1.0,1.0,mixed,clarify,defend,clarification
q1__death_penalty__self_play__llama3_8b__llama3_8b__sup_opp__s0__2b27b3b9af,5,gpt_pass_1,1.0,3.0,1.0,2.0,2.0,2.0,2.0,mixed,rebut,challenge,rebuttal
q1__death_penalty__self_play__llama3_8b__llama3_8b__sup_opp__s0__2b27b3b9af,6,gpt_pass_1,1.0,4.0,0.0,3.0,3.0,1.0,0.0,mixed,rebut,defend,rebuttal
q1__death_penalty__self_play__llama3_8b__llama3_8b__sup_opp__s0__2b27b3b9af,7,gpt_pass_1,1.0,3.0,2.0,3.0,2.0,1.0,2.0,mixed,assert,challenge,rebuttal
q1__death_penalty__self_play__llama3_8b__llama3_8b__sup_opp__s0__2b27b3b9af,8,gpt_pass_1,1.0,3.0,1.0,2.0,3.0,2.0,1.0,mixed,assert,defend,rebuttal
q1__death_penalty__self_play__llama3_8b__llama3_8b__sup_opp__s0__2b27b3b9af,9,gpt_pass_1,1.0,2.0,1.0,2.0,2.0,2.0,1.0,mixed,rebut,challenge,rebuttal
q1__death_penalty__self_play__llama3_8b__llama3_8b__sup_opp__s0__2b27b3b9af,10,gpt_pass_1,1.0,2.0,1.0,3.0,2.0,2.0,1.0,mixed,assert,defend,rebuttal
q1__death_penalty__self_play__llama3_8b__llama3_8b__sup_opp__s0__2b27b3b9af,11,gpt_pass_1,1.0,3.0,1.0,3.0,2.0,2.0,1.0,mixed,rebut,challenge,rebuttal
q1__death_penalty__self_play__llama3_8b__llama3_8b__sup_opp__s0__2b27b3b9af,12,gpt_pass_1,1.0,3.0,0.0,2.0,3.0,2.0,1.0,mixed,assert,defend,rebuttal
q1__death_penalty__self_play__llama3_8b__llama3_8b__sup_opp__s0__2b27b3b9af,13,gpt_pass_1,1.0,3.0,1.0,3.0,2.0,1.0,2.0,mixed,rebut,challenge,rebuttal
q1__death_penalty__self_play__llama3_8b__llama3_8b__sup_opp__s0__2b27b3b9af,14,gpt_pass_1,1.0,3.0,2.0,2.0,3.0,2.0,2.0,mixed,assert,defend,rebuttal
q1__death_penalty__self_play__llama3_8b__llama3_8b__sup_opp__s0__2b27b3b9af,15,gpt_pass_1,1.0,4.0,1.0,3.0,2.0,2.0,1.0,mixed,rebut,challenge,rebuttal
q1__death_penalty__self_play__llama3_8b__llama3_8b__sup_opp__s0__2b27b3b9af,16,gpt_pass_1,1.0,2.0,1.0,2.0,2.0,2.0,1.0,mixed,assert,defend,rebuttal
q1__death_penalty__self_play__llama3_8b__llama3_8b__sup_opp__s0__2b27b3b9af,17,gpt_pass_1,2.0,3.0,1.0,3.0,3.0,2.0,1.0,mixed,rebut,challenge,rebuttal
q1__death_penalty__self_play__llama3_8b__llama3_8b__sup_opp__s0__2b27b3b9af,18,gpt_pass_1,0.0,3.0,1.0,2.0,2.0,2.0,1.0,mixed,assert,defend,rebuttal
q1__death_penalty__self_play__llama3_8b__llama3_8b__sup_opp__s0__2b27b3b9af,19,gpt_pass_1,1.0,3.0,1.0,2.0,2.0,3.0,2.0,mixed,rebut,challenge,rebuttal
q1__death_penalty__self_play__llama3_8b__llama3_8b__sup_opp__s0__2b27b3b9af,20,gpt_pass_1,0.0,2.0,1.0,3.0,3.0,2.0,1.0,mixed,assert,defend,uncertain
q1__death_penalty__self_play__llama3_8b__llama3_8b__sup_opp__s0__2b27b3b9af,21,gpt_pass_1,1.0,3.0,1.0,3.0,3.0,1.0,1.0,mixed,rebut,challenge,rebuttal
q1__death_penalty__self_play__llama3_8b__llama3_8b__sup_opp__s0__2b27b3b9af,22,gpt_pass_1,2.0,3.0,1.0,2.0,2.0,2.0,1.0,mixed,assert,defend,rebuttal
q1__death_penalty__self_play__llama3_8b__llama3_8b__sup_opp__s0__2b27b3b9af,23,gpt_pass_1,0.0,4.0,0.0,3.0,2.0,4.0,1.0,negative,rebut,challenge,rebuttal
q1__death_penalty__self_play__llama3_8b__llama3_8b__sup_opp__s0__2b27b3b9af,24,gpt_pass_1,1.0,3.0,1.0,2.0,3.0,2.0,1.0,mixed,assert,defend,rebuttal
q1__death_penalty__self_play__llama3_8b__llama3_8b__sup_opp__s0__2b27b3b9af,25,gpt_pass_1,1.0,4.0,0.0,3.0,3.0,1.0,1.0,mixed,rebut,challenge,rebuttal
q1__death_penalty__self_play__llama3_8b__llama3_8b__sup_opp__s0__2b27b3b9af,26,gpt_pass_1,2.0,3.0,1.0,2.0,2.0,1.0,2.0,mixed,assert,defend,rebuttal
q1__death_penalty__self_play__llama3_8b__llama3_8b__sup_opp__s0__2b27b3b9af,27,gpt_pass_1,1.0,4.0,2.0,3.0,3.0,1.0,0.0,mixed,rebut,challenge,rebuttal
q1__death_penalty__self_play__llama3_8b__llama3_8b__sup_opp__s0__2b27b3b9af,28,gpt_pass_1,0.0,3.0,0.0,2.0,3.0,2.0,1.0,mixed,assert,defend,escalation
q1__death_penalty__self_play__llama3_8b__llama3_8b__sup_opp__s0__2b27b3b9af,29,gpt_pass_1,1.0,4.0,1.0,3.0,3.0,2.0,1.0,mixed,rebut,challenge,rebuttal
q1__death_penalty__self_play__llama3_8b__llama3_8b__sup_opp__s0__2b27b3b9af,30,gpt_pass_1,2.0,3.0,1.0,3.0,3.0,1.0,1.0,mixed,assert,defend,rebuttal
q1__death_penalty__self_play__llama3_8b__llama3_8b__sup_opp__s0__2b27b3b9af,31,gpt_pass_1,1.0,3.0,1.0,3.0,2.0,1.0,1.0,mixed,rebut,challenge,escalation
q1__death_penalty__self_play__qwen2_5_3b__qwen2_5_3b__opp_sup__s0__92713bbdfa,0,gpt_pass_1,1.0,3.0,1.0,3.0,3.0,1.0,2.0,mixed,rebut,challenge,rebuttal
q1__death_penalty__self_play__qwen2_5_3b__qwen2_5_3b__opp_sup__s0__92713bbdfa,1,gpt_pass_1,2.0,3.0,1.0,3.0,3.0,2.0,1.0,mixed,rebut,defend,rebuttal
q1__death_penalty__self_play__qwen2_5_3b__qwen2_5_3b__opp_sup__s0__92713bbdfa,2,gpt_pass_1,1.0,2.0,1.0,2.0,3.0,1.0,1.0,neutral,rebut,challenge,rebuttal
q1__death_penalty__self_play__qwen2_5_3b__qwen2_5_3b__opp_sup__s0__92713bbdfa,3,gpt_pass_1,2.0,3.0,2.0,3.0,3.0,1.0,1.0,neutral,assert,defend,rebuttal
q1__death_penalty__self_play__qwen2_5_3b__qwen2_5_3b__opp_sup__s0__92713bbdfa,4,gpt_pass_1,1.0,2.0,1.0,3.0,2.0,1.0,1.0,negative,rebut,challenge,escalation
q1__death_penalty__self_play__qwen2_5_3b__qwen2_5_3b__opp_sup__s0__92713bbdfa,5,gpt_pass_1,1.0,2.0,1.0,2.0,3.0,2.0,1.0,mixed,assert,defend,clarification
q1__death_penalty__self_play__qwen2_5_3b__qwen2_5_3b__opp_sup__s0__92713bbdfa,6,gpt_pass_1,1.0,2.0,1.0,2.0,2.0,2.0,1.0,mixed,clarify,challenge,clarification
q1__death_penalty__self_play__qwen2_5_3b__qwen2_5_3b__opp_sup__s0__92713bbdfa,7,gpt_pass_1,1.0,2.0,1.0,2.0,2.0,1.0,1.0,mixed,rebut,defend,rebuttal
q1__death_penalty__self_play__qwen2_5_3b__qwen2_5_3b__opp_sup__s0__92713bbdfa,8,gpt_pass_1,1.0,2.0,1.0,2.0,3.0,1.0,2.0,negative,rebut,defend,rebuttal
q1__death_penalty__self_play__qwen2_5_3b__qwen2_5_3b__opp_sup__s0__92713bbdfa,9,gpt_pass_1,1.0,2.0,1.0,2.0,2.0,2.0,1.0,neutral,assert,defend,agreement
q1__death_penalty__self_play__qwen2_5_3b__qwen2_5_3b__opp_sup__s0__92713bbdfa,10,gpt_pass_1,1.0,2.0,0.0,2.0,2.0,1.0,2.0,neutral,rebut,challenge,rebuttal
q1__death_penalty__self_play__qwen2_5_3b__qwen2_5_3b__opp_sup__s0__92713bbdfa,11,gpt_pass_1,2.0,3.0,1.0,3.0,2.0,1.0,2.0,mixed,synthesize,defend,synthesis
q1__death_penalty__self_play__qwen2_5_3b__qwen2_5_3b__opp_sup__s0__92713bbdfa,12,gpt_pass_1,1.0,2.0,1.0,3.0,3.0,2.0,2.0,mixed,rebut,challenge,rebuttal
q1__death_penalty__self_play__qwen2_5_3b__qwen2_5_3b__opp_sup__s0__92713bbdfa,13,gpt_pass_1,2.0,2.0,2.0,3.0,2.0,2.0,1.0,mixed,rebut,defend,rebuttal
q1__death_penalty__self_play__qwen2_5_3b__qwen2_5_3b__opp_sup__s0__92713bbdfa,14,gpt_pass_1,1.0,2.0,2.0,3.0,2.0,2.0,1.0,negative,rebut,challenge,rebuttal
q1__death_penalty__self_play__qwen2_5_3b__qwen2_5_3b__opp_sup__s0__92713bbdfa,15,gpt_pass_1,1.0,2.0,1.0,2.0,2.0,2.0,1.0,mixed,assert,defend,clarification
q1__death_penalty__self_play__qwen2_5_3b__qwen2_5_3b__opp_sup__s0__92713bbdfa,16,gpt_pass_1,1.0,3.0,1.0,2.0,2.0,0.0,2.0,mixed,rebut,defend,rebuttal
q1__death_penalty__self_play__qwen2_5_3b__qwen2_5_3b__opp_sup__s0__92713bbdfa,17,gpt_pass_1,2.0,2.0,1.0,3.0,3.0,2.0,2.0,mixed,clarify,defend,rebuttal
q1__death_penalty__self_play__qwen2_5_3b__qwen2_5_3b__opp_sup__s0__92713bbdfa,18,gpt_pass_1,2.0,4.0,1.0,2.0,3.0,0.0,1.0,negative,rebut,challenge,rebuttal
q1__death_penalty__self_play__qwen2_5_3b__qwen2_5_3b__opp_sup__s0__92713bbdfa,19,gpt_pass_1,1.0,2.0,1.0,3.0,2.0,2.0,1.0,mixed,assert,defend,rebuttal
q1__death_penalty__self_play__qwen2_5_3b__qwen2_5_3b__opp_sup__s0__92713bbdfa,20,gpt_pass_1,1.0,3.0,2.0,3.0,2.0,1.0,2.0,negative,rebut,challenge,rebuttal
q1__death_penalty__self_play__qwen2_5_3b__qwen2_5_3b__opp_sup__s0__92713bbdfa,21,gpt_pass_1,1.0,2.0,1.0,2.0,3.0,1.0,1.0,neutral,clarify,defend,clarification
q1__death_penalty__self_play__qwen2_5_3b__qwen2_5_3b__opp_sup__s0__92713bbdfa,22,gpt_pass_1,1.0,3.0,1.0,3.0,2.0,2.0,1.0,negative,rebut,challenge,escalation
q1__death_penalty__self_play__qwen2_5_3b__qwen2_5_3b__opp_sup__s0__92713bbdfa,23,gpt_pass_1,1.0,2.0,1.0,2.0,3.0,1.0,1.0,mixed,assert,defend,clarification
q1__death_penalty__self_play__qwen2_5_3b__qwen2_5_3b__opp_sup__s0__92713bbdfa,24,gpt_pass_1,1.0,3.0,1.0,3.0,2.0,2.0,1.0,negative,rebut,challenge,rebuttal
q1__death_penalty__self_play__qwen2_5_3b__qwen2_5_3b__opp_sup__s0__92713bbdfa,25,gpt_pass_1,2.0,2.0,1.0,3.0,3.0,1.0,1.0,mixed,clarify,challenge,clarification
q1__death_penalty__self_play__qwen2_5_3b__qwen2_5_3b__opp_sup__s0__92713bbdfa,26,gpt_pass_1,1.0,3.0,1.0,3.0,3.0,1.0,2.0,mixed,rebut,challenge,rebuttal
q1__death_penalty__self_play__qwen2_5_3b__qwen2_5_3b__opp_sup__s0__92713bbdfa,27,gpt_pass_1,1.0,2.0,1.0,3.0,2.0,2.0,2.0,mixed,assert,defend,rebuttal
q1__death_penalty__self_play__qwen2_5_3b__qwen2_5_3b__opp_sup__s0__92713bbdfa,28,gpt_pass_1,2.0,3.0,1.0,3.0,3.0,1.0,1.0,mixed,rebut,challenge,rebuttal
q1__death_penalty__self_play__qwen2_5_3b__qwen2_5_3b__opp_sup__s0__92713bbdfa,29,gpt_pass_1,1.0,3.0,1.0,2.0,2.0,1.0,1.0,mixed,assert,defend,rebuttal
q1__death_penalty__self_play__qwen2_5_3b__qwen2_5_3b__opp_sup__s0__92713bbdfa,30,gpt_pass_1,1.0,2.0,1.0,3.0,2.0,2.0,1.0,mixed,rebut,challenge,rebuttal
q1__death_penalty__self_play__qwen2_5_3b__qwen2_5_3b__opp_sup__s0__92713bbdfa,31,gpt_pass_1,2.0,3.0,1.0,3.0,3.0,1.0,2.0,mixed,assert,defend,uncertain
q1__death_penalty__self_play__qwen2_5_3b__qwen2_5_3b__sup_opp__s0__2bf7065238,0,gpt_pass_1,1.0,2.0,1.0,2.0,2.0,1.0,1.0,positive,assert,defend,agreement
q1__death_penalty__self_play__qwen2_5_3b__qwen2_5_3b__sup_opp__s0__2bf7065238,1,gpt_pass_1,1.0,2.0,1.0,2.0,3.0,2.0,1.0,negative,rebut,challenge,rebuttal
q1__death_penalty__self_play__qwen2_5_3b__qwen2_5_3b__sup_opp__s0__2bf7065238,2,gpt_pass_1,1.0,2.0,1.0,3.0,2.0,1.0,2.0,mixed,clarify,challenge,clarification
q1__death_penalty__self_play__qwen2_5_3b__qwen2_5_3b__sup_opp__s0__2bf7065238,3,gpt_pass_1,1.0,2.0,1.0,2.0,2.0,1.0,2.0,mixed,clarify,defend,clarification
q1__death_penalty__self_play__qwen2_5_3b__qwen2_5_3b__sup_opp__s0__2bf7065238,4,gpt_pass_1,2.0,2.0,1.0,3.0,2.0,1.0,1.0,mixed,rebut,defend,rebuttal
q1__death_penalty__self_play__qwen2_5_3b__qwen2_5_3b__sup_opp__s0__2bf7065238,5,gpt_pass_1,1.0,2.0,1.0,2.0,2.0,1.0,2.0,mixed,rebut,defend,rebuttal
q1__death_penalty__self_play__qwen2_5_3b__qwen2_5_3b__sup_opp__s0__2bf7065238,6,gpt_pass_1,1.0,2.0,1.0,2.0,2.0,1.0,1.0,mixed,rebut,defend,rebuttal
q1__death_penalty__self_play__qwen2_5_3b__qwen2_5_3b__sup_opp__s0__2bf7065238,7,gpt_pass_1,1.0,2.0,1.0,2.0,3.0,2.0,2.0,mixed,rebut,challenge,rebuttal
q1__death_penalty__self_play__qwen2_5_3b__qwen2_5_3b__sup_opp__s0__2bf7065238,8,gpt_pass_1,1.0,2.0,1.0,2.0,3.0,1.0,1.0,mixed,assert,defend,rebuttal
q1__death_penalty__self_play__qwen2_5_3b__qwen2_5_3b__sup_opp__s0__2bf7065238,9,gpt_pass_1,1.0,3.0,1.0,2.0,2.0,2.0,1.0,negative,rebut,challenge,escalation
q1__death_penalty__self_play__qwen2_5_3b__qwen2_5_3b__sup_opp__s0__2bf7065238,10,gpt_pass_1,1.0,2.0,1.0,2.0,2.0,1.0,2.0,mixed,clarify,defend,clarification
q1__death_penalty__self_play__qwen2_5_3b__qwen2_5_3b__sup_opp__s0__2bf7065238,11,gpt_pass_1,1.0,3.0,0.0,2.0,2.0,1.0,2.0,negative,rebut,challenge,rebuttal
q1__death_penalty__self_play__qwen2_5_3b__qwen2_5_3b__sup_opp__s0__2bf7065238,12,gpt_pass_1,1.0,2.0,1.0,3.0,2.0,2.0,1.0,mixed,rebut,defend,rebuttal
q1__death_penalty__self_play__qwen2_5_3b__qwen2_5_3b__sup_opp__s0__2bf7065238,13,gpt_pass_1,2.0,3.0,1.0,3.0,3.0,2.0,1.0,mixed,rebut,defend,rebuttal
q1__death_penalty__self_play__qwen2_5_3b__qwen2_5_3b__sup_opp__s0__2bf7065238,14,gpt_pass_1,1.0,3.0,1.0,2.0,2.0,1.0,1.0,mixed,assert,defend,clarification
q1__death_penalty__self_play__qwen2_5_3b__qwen2_5_3b__sup_opp__s0__2bf7065238,15,gpt_pass_1,1.0,2.0,1.0,2.0,2.0,2.0,1.0,negative,rebut,defend,rebuttal
q1__death_penalty__self_play__qwen2_5_3b__qwen2_5_3b__sup_opp__s0__2bf7065238,16,gpt_pass_1,1.0,2.0,1.0,3.0,3.0,1.0,2.0,mixed,assert,defend,rebuttal
q1__death_penalty__self_play__qwen2_5_3b__qwen2_5_3b__sup_opp__s0__2bf7065238,17,gpt_pass_1,2.0,3.0,1.0,3.0,3.0,2.0,2.0,negative,rebut,challenge,rebuttal
q1__death_penalty__self_play__qwen2_5_3b__qwen2_5_3b__sup_opp__s0__2bf7065238,18,gpt_pass_1,1.0,2.0,1.0,3.0,2.0,1.0,1.0,mixed,assert,defend,clarification
q1__death_penalty__self_play__qwen2_5_3b__qwen2_5_3b__sup_opp__s0__2bf7065238,19,gpt_pass_1,2.0,3.0,1.0,2.0,3.0,1.0,2.0,mixed,rebut,challenge,escalation
q1__death_penalty__self_play__qwen2_5_3b__qwen2_5_3b__sup_opp__s0__2bf7065238,20,gpt_pass_1,1.0,3.0,1.0,2.0,3.0,2.0,1.0,mixed,assert,defend,rebuttal
q1__death_penalty__self_play__qwen2_5_3b__qwen2_5_3b__sup_opp__s0__2bf7065238,21,gpt_pass_1,1.0,3.0,1.0,3.0,2.0,3.0,2.0,negative,rebut,challenge,rebuttal
q1__death_penalty__self_play__qwen2_5_3b__qwen2_5_3b__sup_opp__s0__2bf7065238,22,gpt_pass_1,1.0,2.0,1.0,2.0,2.0,2.0,1.0,mixed,clarify,defend,clarification
q1__death_penalty__self_play__qwen2_5_3b__qwen2_5_3b__sup_opp__s0__2bf7065238,23,gpt_pass_1,2.0,3.0,1.0,3.0,2.0,1.0,1.0,mixed,rebut,challenge,rebuttal
q1__death_penalty__self_play__qwen2_5_3b__qwen2_5_3b__sup_opp__s0__2bf7065238,24,gpt_pass_1,1.0,3.0,1.0,2.0,2.0,1.0,0.0,mixed,assert,defend,rebuttal
q1__death_penalty__self_play__qwen2_5_3b__qwen2_5_3b__sup_opp__s0__2bf7065238,25,gpt_pass_1,1.0,3.0,0.0,3.0,2.0,1.0,1.0,negative,rebut,challenge,rebuttal
q1__death_penalty__self_play__qwen2_5_3b__qwen2_5_3b__sup_opp__s0__2bf7065238,26,gpt_pass_1,2.0,2.0,1.0,3.0,3.0,1.0,1.0,mixed,synthesize,resolve,synthesis
q1__death_penalty__self_play__qwen2_5_3b__qwen2_5_3b__sup_opp__s0__2bf7065238,27,gpt_pass_1,1.0,2.0,1.0,2.0,3.0,2.0,1.0,negative,rebut,challenge,rebuttal
q1__death_penalty__self_play__qwen2_5_3b__qwen2_5_3b__sup_opp__s0__2bf7065238,28,gpt_pass_1,1.0,2.0,1.0,2.0,2.0,1.0,1.0,mixed,clarify,defend,clarification
q1__death_penalty__self_play__qwen2_5_3b__qwen2_5_3b__sup_opp__s0__2bf7065238,29,gpt_pass_1,1.0,3.0,2.0,2.0,3.0,2.0,2.0,negative,rebut,defend,rebuttal
q1__death_penalty__self_play__qwen2_5_3b__qwen2_5_3b__sup_opp__s0__2bf7065238,30,gpt_pass_1,1.0,2.0,1.0,2.0,2.0,1.0,1.0,mixed,assert,defend,rebuttal
q1__death_penalty__self_play__qwen2_5_3b__qwen2_5_3b__sup_opp__s0__2bf7065238,31,gpt_pass_1,2.0,2.0,1.0,3.0,3.0,2.0,1.0,mixed,rebut,challenge,rebuttal
q1__electric_vehicles__mixed_play__gemma2_9b__qwen2_5_3b__opp_sup__s0__8d7d39b430,0,gpt_pass_1,1.0,2.0,1.0,3.0,2.0,1.0,1.0,mixed,clarify,challenge,clarification
q1__electric_vehicles__mixed_play__gemma2_9b__qwen2_5_3b__opp_sup__s0__8d7d39b430,1,gpt_pass_1,2.0,2.0,1.0,3.0,3.0,2.0,1.0,mixed,synthesize,explore,clarification
q1__electric_vehicles__mixed_play__gemma2_9b__qwen2_5_3b__opp_sup__s0__8d7d39b430,2,gpt_pass_1,2.0,2.0,2.0,3.0,2.0,2.0,2.0,mixed,rebut,defend,rebuttal
q1__electric_vehicles__mixed_play__gemma2_9b__qwen2_5_3b__opp_sup__s0__8d7d39b430,3,gpt_pass_1,1.0,2.0,0.0,3.0,2.0,1.0,1.0,mixed,clarify,defend,clarification
q1__electric_vehicles__mixed_play__gemma2_9b__qwen2_5_3b__opp_sup__s0__8d7d39b430,4,gpt_pass_1,1.0,3.0,1.0,3.0,3.0,1.0,1.0,mixed,rebut,challenge,rebuttal
q1__electric_vehicles__mixed_play__gemma2_9b__qwen2_5_3b__opp_sup__s0__8d7d39b430,5,gpt_pass_1,1.0,2.0,1.0,2.0,2.0,1.0,1.0,mixed,clarify,defend,clarification
q1__electric_vehicles__mixed_play__gemma2_9b__qwen2_5_3b__opp_sup__s0__8d7d39b430,6,gpt_pass_1,1.0,2.0,1.0,3.0,2.0,1.0,1.0,mixed,rebut,challenge,rebuttal
q1__electric_vehicles__mixed_play__gemma2_9b__qwen2_5_3b__opp_sup__s0__8d7d39b430,7,gpt_pass_1,1.0,2.0,2.0,3.0,3.0,2.0,1.0,mixed,synthesize,explore,synthesis
q1__electric_vehicles__mixed_play__gemma2_9b__qwen2_5_3b__opp_sup__s0__8d7d39b430,8,gpt_pass_1,1.0,2.0,1.0,3.0,2.0,2.0,1.0,mixed,rebut,challenge,rebuttal
q1__electric_vehicles__mixed_play__gemma2_9b__qwen2_5_3b__opp_sup__s0__8d7d39b430,9,gpt_pass_1,1.0,2.0,1.0,2.0,2.0,1.0,1.0,mixed,synthesize,resolve,synthesis
q1__electric_vehicles__mixed_play__gemma2_9b__qwen2_5_3b__opp_sup__s0__8d7d39b430,10,gpt_pass_1,1.0,2.0,1.0,2.0,3.0,2.0,2.0,mixed,rebut,challenge,rebuttal
q1__electric_vehicles__mixed_play__gemma2_9b__qwen2_5_3b__opp_sup__s0__8d7d39b430,11,gpt_pass_1,2.0,2.0,1.0,3.0,3.0,1.0,2.0,mixed,clarify,resolve,synthesis
q1__electric_vehicles__mixed_play__gemma2_9b__qwen2_5_3b__opp_sup__s0__8d7d39b430,12,gpt_pass_1,1.0,2.0,1.0,2.0,3.0,1.0,2.0,mixed,assert,defend,rebuttal
q1__electric_vehicles__mixed_play__gemma2_9b__qwen2_5_3b__opp_sup__s0__8d7d39b430,13,gpt_pass_1,2.0,2.0,2.0,2.0,3.0,1.0,2.0,mixed,synthesize,resolve,synthesis
q1__electric_vehicles__mixed_play__gemma2_9b__qwen2_5_3b__opp_sup__s0__8d7d39b430,14,gpt_pass_1,1.0,3.0,0.0,2.0,2.0,2.0,1.0,mixed,rebut,defend,rebuttal
q1__electric_vehicles__mixed_play__gemma2_9b__qwen2_5_3b__opp_sup__s0__8d7d39b430,15,gpt_pass_1,1.0,2.0,1.0,2.0,3.0,2.0,1.0,mixed,assert,defend,rebuttal
q1__electric_vehicles__mixed_play__gemma2_9b__qwen2_5_3b__opp_sup__s0__8d7d39b430,16,gpt_pass_1,2.0,3.0,2.0,2.0,3.0,2.0,1.0,mixed,rebut,challenge,rebuttal
q1__electric_vehicles__mixed_play__gemma2_9b__qwen2_5_3b__opp_sup__s0__8d7d39b430,17,gpt_pass_1,1.0,2.0,1.0,3.0,3.0,1.0,1.0,mixed,assert,defend,rebuttal
q1__electric_vehicles__mixed_play__gemma2_9b__qwen2_5_3b__opp_sup__s0__8d7d39b430,18,gpt_pass_1,1.0,2.0,1.0,3.0,2.0,2.0,2.0,mixed,rebut,challenge,rebuttal
q1__electric_vehicles__mixed_play__gemma2_9b__qwen2_5_3b__opp_sup__s0__8d7d39b430,19,gpt_pass_1,2.0,3.0,1.0,3.0,2.0,1.0,1.0,mixed,assert,defend,uncertain
q1__electric_vehicles__mixed_play__gemma2_9b__qwen2_5_3b__opp_sup__s0__8d7d39b430,20,gpt_pass_1,1.0,2.0,1.0,3.0,4.0,1.0,2.0,mixed,rebut,challenge,rebuttal
q1__electric_vehicles__mixed_play__gemma2_9b__qwen2_5_3b__opp_sup__s0__8d7d39b430,21,gpt_pass_1,1.0,2.0,1.0,2.0,2.0,1.0,1.0,mixed,synthesize,resolve,agreement
q1__electric_vehicles__mixed_play__gemma2_9b__qwen2_5_3b__opp_sup__s0__8d7d39b430,22,gpt_pass_1,1.0,2.0,1.0,3.0,2.0,1.0,0.0,mixed,rebut,challenge,rebuttal
q1__electric_vehicles__mixed_play__gemma2_9b__qwen2_5_3b__opp_sup__s0__8d7d39b430,23,gpt_pass_1,1.0,2.0,1.0,2.0,2.0,2.0,1.0,mixed,synthesize,synthesize,agreement
q1__electric_vehicles__mixed_play__gemma2_9b__qwen2_5_3b__opp_sup__s0__8d7d39b430,24,gpt_pass_1,1.0,3.0,0.0,4.0,3.0,0.0,1.0,mixed,assert,defend,rebuttal
q1__electric_vehicles__mixed_play__gemma2_9b__qwen2_5_3b__opp_sup__s0__8d7d39b430,25,gpt_pass_1,2.0,3.0,1.0,3.0,2.0,1.0,2.0,mixed,synthesize,explore,synthesis
q1__electric_vehicles__mixed_play__gemma2_9b__qwen2_5_3b__opp_sup__s0__8d7d39b430,26,gpt_pass_1,1.0,2.0,1.0,3.0,3.0,1.0,2.0,mixed,rebut,challenge,rebuttal
q1__electric_vehicles__mixed_play__gemma2_9b__qwen2_5_3b__opp_sup__s0__8d7d39b430,27,gpt_pass_1,1.0,2.0,1.0,2.0,2.0,1.0,1.0,mixed,synthesize,accommodate,clarification
q1__electric_vehicles__mixed_play__gemma2_9b__qwen2_5_3b__opp_sup__s0__8d7d39b430,28,gpt_pass_1,1.0,3.0,1.0,2.0,3.0,1.0,1.0,mixed,rebut,defend,rebuttal
q1__electric_vehicles__mixed_play__gemma2_9b__qwen2_5_3b__opp_sup__s0__8d7d39b430,29,gpt_pass_1,2.0,3.0,2.0,3.0,2.0,1.0,1.0,mixed,assert,defend,rebuttal
q1__electric_vehicles__mixed_play__gemma2_9b__qwen2_5_3b__opp_sup__s0__8d7d39b430,30,gpt_pass_1,1.0,2.0,1.0,2.0,2.0,2.0,2.0,mixed,rebut,challenge,rebuttal
q1__electric_vehicles__mixed_play__gemma2_9b__qwen2_5_3b__opp_sup__s0__8d7d39b430,31,gpt_pass_1,1.0,2.0,1.0,3.0,2.0,1.0,1.0,mixed,synthesize,defend,agreement
q1__electric_vehicles__mixed_play__gemma2_9b__qwen2_5_3b__sup_opp__s0__c77007c354,0,gpt_pass_1,1.0,3.0,0.0,2.0,3.0,1.0,1.0,mixed,assert,defend,rebuttal
q1__electric_vehicles__mixed_play__gemma2_9b__qwen2_5_3b__sup_opp__s0__c77007c354,1,gpt_pass_1,1.0,2.0,1.0,2.0,2.0,3.0,2.0,mixed,rebut,challenge,rebuttal
q1__electric_vehicles__mixed_play__gemma2_9b__qwen2_5_3b__sup_opp__s0__c77007c354,2,gpt_pass_1,1.0,3.0,1.0,2.0,2.0,1.0,2.0,mixed,assert,persuade,rebuttal
q1__electric_vehicles__mixed_play__gemma2_9b__qwen2_5_3b__sup_opp__s0__c77007c354,3,gpt_pass_1,1.0,3.0,2.0,3.0,2.0,2.0,2.0,mixed,rebut,challenge,escalation
q1__electric_vehicles__mixed_play__gemma2_9b__qwen2_5_3b__sup_opp__s0__c77007c354,4,gpt_pass_1,1.0,3.0,2.0,2.0,3.0,1.0,2.0,mixed,assert,defend,rebuttal
q1__electric_vehicles__mixed_play__gemma2_9b__qwen2_5_3b__sup_opp__s0__c77007c354,5,gpt_pass_1,2.0,3.0,2.0,3.0,2.0,1.0,1.0,mixed,rebut,challenge,rebuttal
q1__electric_vehicles__mixed_play__gemma2_9b__qwen2_5_3b__sup_opp__s0__c77007c354,6,gpt_pass_1,2.0,2.0,1.0,3.0,3.0,2.0,1.0,mixed,assert,defend,clarification
q1__electric_vehicles__mixed_play__gemma2_9b__qwen2_5_3b__sup_opp__s0__c77007c354,7,gpt_pass_1,1.0,2.0,2.0,3.0,3.0,1.0,2.0,mixed,clarify,challenge,clarification
q1__electric_vehicles__mixed_play__gemma2_9b__qwen2_5_3b__sup_opp__s0__c77007c354,8,gpt_pass_1,1.0,2.0,1.0,3.0,2.0,1.0,1.0,mixed,rebut,defend,rebuttal
q1__electric_vehicles__mixed_play__gemma2_9b__qwen2_5_3b__sup_opp__s0__c77007c354,9,gpt_pass_1,1.0,2.0,1.0,3.0,3.0,2.0,2.0,mixed,rebut,challenge,rebuttal
q1__electric_vehicles__mixed_play__gemma2_9b__qwen2_5_3b__sup_opp__s0__c77007c354,10,gpt_pass_1,1.0,2.0,0.0,2.0,3.0,1.0,1.0,mixed,assert,defend,rebuttal
q1__electric_vehicles__mixed_play__gemma2_9b__qwen2_5_3b__sup_opp__s0__c77007c354,11,gpt_pass_1,1.0,2.0,1.0,2.0,3.0,2.0,1.0,mixed,rebut,challenge,rebuttal
q1__electric_vehicles__mixed_play__gemma2_9b__qwen2_5_3b__sup_opp__s0__c77007c354,12,gpt_pass_1,2.0,3.0,1.0,2.0,2.0,1.0,1.0,mixed,assert,defend,rebuttal
q1__electric_vehicles__mixed_play__gemma2_9b__qwen2_5_3b__sup_opp__s0__c77007c354,13,gpt_pass_1,1.0,2.0,2.0,3.0,3.0,1.0,2.0,mixed,clarify,challenge,clarification
q1__electric_vehicles__mixed_play__gemma2_9b__qwen2_5_3b__sup_opp__s0__c77007c354,14,gpt_pass_1,2.0,2.0,2.0,3.0,3.0,1.0,1.0,mixed,clarify,defend,rebuttal
q1__electric_vehicles__mixed_play__gemma2_9b__qwen2_5_3b__sup_opp__s0__c77007c354,15,gpt_pass_1,1.0,3.0,1.0,3.0,2.0,2.0,2.0,mixed,rebut,challenge,rebuttal
q1__electric_vehicles__mixed_play__gemma2_9b__qwen2_5_3b__sup_opp__s0__c77007c354,16,gpt_pass_1,2.0,1.0,2.0,2.0,2.0,2.0,1.0,mixed,assert,defend,rebuttal
q1__electric_vehicles__mixed_play__gemma2_9b__qwen2_5_3b__sup_opp__s0__c77007c354,17,gpt_pass_1,2.0,3.0,1.0,3.0,3.0,2.0,1.0,mixed,rebut,challenge,rebuttal
q1__electric_vehicles__mixed_play__gemma2_9b__qwen2_5_3b__sup_opp__s0__c77007c354,18,gpt_pass_1,1.0,3.0,1.0,3.0,2.0,2.0,1.0,mixed,assert,defend,rebuttal
q1__electric_vehicles__mixed_play__gemma2_9b__qwen2_5_3b__sup_opp__s0__c77007c354,19,gpt_pass_1,1.0,2.0,1.0,3.0,3.0,1.0,2.0,mixed,rebut,challenge,rebuttal
q1__electric_vehicles__mixed_play__gemma2_9b__qwen2_5_3b__sup_opp__s0__c77007c354,20,gpt_pass_1,1.0,2.0,1.0,3.0,3.0,1.0,1.0,mixed,assert,challenge,rebuttal
q1__electric_vehicles__mixed_play__gemma2_9b__qwen2_5_3b__sup_opp__s0__c77007c354,21,gpt_pass_1,1.0,3.0,0.0,2.0,2.0,1.0,1.0,mixed,rebut,challenge,rebuttal
q1__electric_vehicles__mixed_play__gemma2_9b__qwen2_5_3b__sup_opp__s0__c77007c354,22,gpt_pass_1,1.0,2.0,1.0,2.0,2.0,1.0,1.0,mixed,assert,defend,rebuttal
q1__electric_vehicles__mixed_play__gemma2_9b__qwen2_5_3b__sup_opp__s0__c77007c354,23,gpt_pass_1,1.0,2.0,1.0,2.0,3.0,2.0,1.0,mixed,clarify,challenge,clarification
q1__electric_vehicles__mixed_play__gemma2_9b__qwen2_5_3b__sup_opp__s0__c77007c354,24,gpt_pass_1,2.0,2.0,2.0,3.0,3.0,2.0,1.0,mixed,assert,persuade,agreement
q1__electric_vehicles__mixed_play__gemma2_9b__qwen2_5_3b__sup_opp__s0__c77007c354,25,gpt_pass_1,1.0,2.0,1.0,2.0,3.0,1.0,2.0,mixed,clarify,challenge,clarification
q1__electric_vehicles__mixed_play__gemma2_9b__qwen2_5_3b__sup_opp__s0__c77007c354,26,gpt_pass_1,2.0,3.0,2.0,3.0,2.0,2.0,1.0,mixed,assert,defend,rebuttal
q1__electric_vehicles__mixed_play__gemma2_9b__qwen2_5_3b__sup_opp__s0__c77007c354,27,gpt_pass_1,1.0,3.0,1.0,3.0,2.0,2.0,1.0,mixed,rebut,challenge,rebuttal
q1__electric_vehicles__mixed_play__gemma2_9b__qwen2_5_3b__sup_opp__s0__c77007c354,28,gpt_pass_1,1.0,3.0,1.0,2.0,2.0,1.0,2.0,mixed,assert,defend,rebuttal
q1__electric_vehicles__mixed_play__gemma2_9b__qwen2_5_3b__sup_opp__s0__c77007c354,29,gpt_pass_1,1.0,3.0,1.0,2.0,2.0,2.0,2.0,mixed,rebut,challenge,rebuttal
q1__electric_vehicles__mixed_play__gemma2_9b__qwen2_5_3b__sup_opp__s0__c77007c354,30,gpt_pass_1,2.0,3.0,2.0,3.0,3.0,1.0,1.0,mixed,assert,defend,rebuttal
q1__electric_vehicles__mixed_play__gemma2_9b__qwen2_5_3b__sup_opp__s0__c77007c354,31,gpt_pass_1,1.0,3.0,1.0,2.0,2.0,2.0,1.0,mixed,rebut,challenge,rebuttal
q1__electric_vehicles__mixed_play__llama3_8b__qwen2_5_3b__opp_sup__s0__b325de73af,0,gpt_pass_1,1.0,3.0,1.0,3.0,2.0,2.0,2.0,negative,rebut,challenge,rebuttal
q1__electric_vehicles__mixed_play__llama3_8b__qwen2_5_3b__opp_sup__s0__b325de73af,1,gpt_pass_1,2.0,2.0,2.0,3.0,2.0,2.0,1.0,mixed,synthesize,explore,synthesis
q1__electric_vehicles__mixed_play__llama3_8b__qwen2_5_3b__opp_sup__s0__b325de73af,2,gpt_pass_1,2.0,2.0,2.0,3.0,2.0,2.0,3.0,mixed,rebut,challenge,rebuttal
q1__electric_vehicles__mixed_play__llama3_8b__qwen2_5_3b__opp_sup__s0__b325de73af,3,gpt_pass_1,1.0,3.0,2.0,3.0,2.0,1.0,2.0,mixed,assert,defend,rebuttal
q1__electric_vehicles__mixed_play__llama3_8b__qwen2_5_3b__opp_sup__s0__b325de73af,4,gpt_pass_1,1.0,4.0,1.0,4.0,2.0,0.0,0.0,mixed,rebut,defend,rebuttal
q1__electric_vehicles__mixed_play__llama3_8b__qwen2_5_3b__opp_sup__s0__b325de73af,5,gpt_pass_1,2.0,3.0,2.0,3.0,2.0,2.0,2.0,mixed,rebut,defend,rebuttal
q1__electric_vehicles__mixed_play__llama3_8b__qwen2_5_3b__opp_sup__s0__b325de73af,6,gpt_pass_1,1.0,3.0,0.0,2.0,2.0,1.0,1.0,mixed,rebut,challenge,rebuttal
q1__electric_vehicles__mixed_play__llama3_8b__qwen2_5_3b__opp_sup__s0__b325de73af,7,gpt_pass_1,1.0,2.0,2.0,3.0,2.0,1.0,1.0,mixed,clarify,explore,clarification
q1__electric_vehicles__mixed_play__llama3_8b__qwen2_5_3b__opp_sup__s0__b325de73af,8,gpt_pass_1,1.0,4.0,1.0,3.0,2.0,0.0,1.0,mixed,rebut,challenge,rebuttal
q1__electric_vehicles__mixed_play__llama3_8b__qwen2_5_3b__opp_sup__s0__b325de73af,9,gpt_pass_1,1.0,2.0,2.0,3.0,3.0,1.0,2.0,mixed,synthesize,resolve,clarification
q1__electric_vehicles__mixed_play__llama3_8b__qwen2_5_3b__opp_sup__s0__b325de73af,10,gpt_pass_1,1.0,2.0,1.0,2.0,2.0,2.0,2.0,mixed,rebut,challenge,rebuttal
q1__electric_vehicles__mixed_play__llama3_8b__qwen2_5_3b__opp_sup__s0__b325de73af,11,gpt_pass_1,1.0,2.0,1.0,2.0,2.0,1.0,1.0,mixed,rebut,defend,rebuttal
q1__electric_vehicles__mixed_play__llama3_8b__qwen2_5_3b__opp_sup__s0__b325de73af,12,gpt_pass_1,1.0,2.0,1.0,2.0,2.0,2.0,1.0,mixed,rebut,challenge,rebuttal
q1__electric_vehicles__mixed_play__llama3_8b__qwen2_5_3b__opp_sup__s0__b325de73af,13,gpt_pass_1,2.0,2.0,2.0,3.0,2.0,2.0,2.0,mixed,assert,persuade,agreement
q1__electric_vehicles__mixed_play__llama3_8b__qwen2_5_3b__opp_sup__s0__b325de73af,14,gpt_pass_1,1.0,3.0,2.0,3.0,2.0,1.0,2.0,mixed,rebut,challenge,rebuttal
q1__electric_vehicles__mixed_play__llama3_8b__qwen2_5_3b__opp_sup__s0__b325de73af,15,gpt_pass_1,1.0,2.0,1.0,2.0,2.0,1.0,1.0,mixed,accommodate,persuade,accommodation
q1__electric_vehicles__mixed_play__llama3_8b__qwen2_5_3b__opp_sup__s0__b325de73af,16,gpt_pass_1,1.0,4.0,1.0,2.0,3.0,0.0,1.0,mixed,rebut,challenge,rebuttal
q1__electric_vehicles__mixed_play__llama3_8b__qwen2_5_3b__opp_sup__s0__b325de73af,17,gpt_pass_1,1.0,3.0,1.0,3.0,2.0,1.0,1.0,mixed,assert,challenge,escalation
q1__electric_vehicles__mixed_play__llama3_8b__qwen2_5_3b__opp_sup__s0__b325de73af,18,gpt_pass_1,1.0,3.0,2.0,3.0,2.0,1.0,2.0,mixed,rebut,challenge,rebuttal
q1__electric_vehicles__mixed_play__llama3_8b__qwen2_5_3b__opp_sup__s0__b325de73af,19,gpt_pass_1,1.0,2.0,1.0,3.0,2.0,1.0,1.0,mixed,assert,defend,rebuttal
q1__electric_vehicles__mixed_play__llama3_8b__qwen2_5_3b__opp_sup__s0__b325de73af,20,gpt_pass_1,1.0,3.0,1.0,3.0,3.0,1.0,1.0,mixed,rebut,challenge,rebuttal
q1__electric_vehicles__mixed_play__llama3_8b__qwen2_5_3b__opp_sup__s0__b325de73af,21,gpt_pass_1,2.0,3.0,1.0,3.0,3.0,1.0,1.0,mixed,assert,defend,rebuttal
q1__electric_vehicles__mixed_play__llama3_8b__qwen2_5_3b__opp_sup__s0__b325de73af,22,gpt_pass_1,1.0,3.0,1.0,3.0,3.0,1.0,1.0,mixed,rebut,challenge,rebuttal
q1__electric_vehicles__mixed_play__llama3_8b__qwen2_5_3b__opp_sup__s0__b325de73af,23,gpt_pass_1,2.0,2.0,2.0,3.0,2.0,1.0,2.0,mixed,assert,defend,rebuttal
q1__electric_vehicles__mixed_play__llama3_8b__qwen2_5_3b__opp_sup__s0__b325de73af,24,gpt_pass_1,0.0,3.0,0.0,1.0,2.0,0.0,0.0,mixed,rebut,defend,rebuttal
q1__electric_vehicles__mixed_play__llama3_8b__qwen2_5_3b__opp_sup__s0__b325de73af,25,gpt_pass_1,1.0,2.0,1.0,2.0,2.0,1.0,2.0,mixed,assert,defend,rebuttal
q1__electric_vehicles__mixed_play__llama3_8b__qwen2_5_3b__opp_sup__s0__b325de73af,26,gpt_pass_1,1.0,2.0,1.0,3.0,3.0,1.0,2.0,neutral,question,challenge,clarification
q1__electric_vehicles__mixed_play__llama3_8b__qwen2_5_3b__opp_sup__s0__b325de73af,27,gpt_pass_1,2.0,3.0,2.0,3.0,2.0,1.0,1.0,mixed,synthesize,resolve,synthesis
q1__electric_vehicles__mixed_play__llama3_8b__qwen2_5_3b__opp_sup__s0__b325de73af,28,gpt_pass_1,1.0,4.0,1.0,4.0,2.0,0.0,1.0,mixed,rebut,defend,rebuttal
q1__electric_vehicles__mixed_play__llama3_8b__qwen2_5_3b__opp_sup__s0__b325de73af,29,gpt_pass_1,2.0,3.0,2.0,3.0,3.0,1.0,0.0,mixed,assert,defend,rebuttal
q1__electric_vehicles__mixed_play__llama3_8b__qwen2_5_3b__opp_sup__s0__b325de73af,30,gpt_pass_1,1.0,3.0,1.0,3.0,2.0,0.0,1.0,mixed,rebut,defend,rebuttal
q1__electric_vehicles__mixed_play__llama3_8b__qwen2_5_3b__opp_sup__s0__b325de73af,31,gpt_pass_1,1.0,3.0,1.0,2.0,2.0,1.0,0.0,mixed,assert,defend,rebuttal
q1__electric_vehicles__mixed_play__llama3_8b__qwen2_5_3b__sup_opp__s0__a84d588215,0,gpt_pass_1,1.0,3.0,2.0,2.0,3.0,2.0,2.0,mixed,assert,defend,rebuttal
q1__electric_vehicles__mixed_play__llama3_8b__qwen2_5_3b__sup_opp__s0__a84d588215,1,gpt_pass_1,1.0,2.0,1.0,2.0,3.0,2.0,1.0,mixed,rebut,challenge,rebuttal
q1__electric_vehicles__mixed_play__llama3_8b__qwen2_5_3b__sup_opp__s0__a84d588215,2,gpt_pass_1,1.0,3.0,1.0,3.0,3.0,1.0,1.0,mixed,assert,defend,rebuttal
q1__electric_vehicles__mixed_play__llama3_8b__qwen2_5_3b__sup_opp__s0__a84d588215,3,gpt_pass_1,2.0,3.0,1.0,2.0,3.0,1.0,2.0,mixed,rebut,challenge,rebuttal
q1__electric_vehicles__mixed_play__llama3_8b__qwen2_5_3b__sup_opp__s0__a84d588215,4,gpt_pass_1,1.0,2.0,2.0,3.0,2.0,2.0,1.0,mixed,clarify,defend,clarification
q1__electric_vehicles__mixed_play__llama3_8b__qwen2_5_3b__sup_opp__s0__a84d588215,5,gpt_pass_1,1.0,2.0,1.0,2.0,2.0,2.0,2.0,mixed,rebut,challenge,rebuttal
q1__electric_vehicles__mixed_play__llama3_8b__qwen2_5_3b__sup_opp__s0__a84d588215,6,gpt_pass_1,2.0,3.0,2.0,3.0,3.0,2.0,1.0,mixed,clarify,explore,clarification
q1__electric_vehicles__mixed_play__llama3_8b__qwen2_5_3b__sup_opp__s0__a84d588215,7,gpt_pass_1,1.0,3.0,2.0,3.0,2.0,1.0,2.0,mixed,assert,challenge,rebuttal
q1__electric_vehicles__mixed_play__llama3_8b__qwen2_5_3b__sup_opp__s0__a84d588215,8,gpt_pass_1,2.0,3.0,1.0,2.0,3.0,2.0,1.0,mixed,assert,defend,rebuttal
q1__electric_vehicles__mixed_play__llama3_8b__qwen2_5_3b__sup_opp__s0__a84d588215,9,gpt_pass_1,1.0,2.0,1.0,2.0,2.0,2.0,1.0,mixed,clarify,challenge,rebuttal
q1__electric_vehicles__mixed_play__llama3_8b__qwen2_5_3b__sup_opp__s0__a84d588215,10,gpt_pass_1,1.0,2.0,2.0,3.0,2.0,2.0,1.0,mixed,synthesize,explore,synthesis
q1__electric_vehicles__mixed_play__llama3_8b__qwen2_5_3b__sup_opp__s0__a84d588215,11,gpt_pass_1,1.0,3.0,1.0,3.0,2.0,2.0,1.0,mixed,rebut,challenge,rebuttal
q1__electric_vehicles__mixed_play__llama3_8b__qwen2_5_3b__sup_opp__s0__a84d588215,12,gpt_pass_1,1.0,3.0,0.0,2.0,3.0,2.0,1.0,mixed,assert,defend,rebuttal
q1__electric_vehicles__mixed_play__llama3_8b__qwen2_5_3b__sup_opp__s0__a84d588215,13,gpt_pass_1,1.0,2.0,1.0,3.0,3.0,2.0,1.0,mixed,rebut,challenge,rebuttal
q1__electric_vehicles__mixed_play__llama3_8b__qwen2_5_3b__sup_opp__s0__a84d588215,14,gpt_pass_1,1.0,3.0,2.0,2.0,3.0,1.0,2.0,mixed,assert,defend,rebuttal
q1__electric_vehicles__mixed_play__llama3_8b__qwen2_5_3b__sup_opp__s0__a84d588215,15,gpt_pass_1,2.0,3.0,2.0,4.0,3.0,2.0,2.0,mixed,rebut,challenge,rebuttal
q1__electric_vehicles__mixed_play__llama3_8b__qwen2_5_3b__sup_opp__s0__a84d588215,16,gpt_pass_1,1.0,2.0,1.0,2.0,2.0,2.0,1.0,mixed,clarify,synthesize,synthesis
q1__electric_vehicles__mixed_play__llama3_8b__qwen2_5_3b__sup_opp__s0__a84d588215,17,gpt_pass_1,1.0,2.0,2.0,2.0,2.0,2.0,1.0,mixed,rebut,challenge,rebuttal
q1__electric_vehicles__mixed_play__llama3_8b__qwen2_5_3b__sup_opp__s0__a84d588215,18,gpt_pass_1,1.0,2.0,2.0,3.0,2.0,2.0,1.0,mixed,synthesize,explore,clarification
q1__electric_vehicles__mixed_play__llama3_8b__qwen2_5_3b__sup_opp__s0__a84d588215,19,gpt_pass_1,1.0,3.0,1.0,2.0,2.0,3.0,2.0,mixed,rebut,challenge,rebuttal
q1__electric_vehicles__mixed_play__llama3_8b__qwen2_5_3b__sup_opp__s0__a84d588215,20,gpt_pass_1,1.0,2.0,1.0,3.0,3.0,1.0,1.0,mixed,synthesize,defend,accommodation
q1__electric_vehicles__mixed_play__llama3_8b__qwen2_5_3b__sup_opp__s0__a84d588215,21,gpt_pass_1,1.0,3.0,1.0,3.0,3.0,1.0,1.0,mixed,rebut,challenge,rebuttal
q1__electric_vehicles__mixed_play__llama3_8b__qwen2_5_3b__sup_opp__s0__a84d588215,22,gpt_pass_1,2.0,3.0,1.0,3.0,2.0,1.0,1.0,mixed,assert,defend,rebuttal
q1__electric_vehicles__mixed_play__llama3_8b__qwen2_5_3b__sup_opp__s0__a84d588215,23,gpt_pass_1,1.0,2.0,2.0,3.0,3.0,1.0,2.0,mixed,rebut,challenge,rebuttal
q1__electric_vehicles__mixed_play__llama3_8b__qwen2_5_3b__sup_opp__s0__a84d588215,24,gpt_pass_1,2.0,2.0,2.0,3.0,3.0,2.0,2.0,mixed,clarify,explore,clarification
q1__electric_vehicles__mixed_play__llama3_8b__qwen2_5_3b__sup_opp__s0__a84d588215,25,gpt_pass_1,2.0,3.0,2.0,3.0,3.0,1.0,2.0,mixed,clarify,explore,clarification
q1__electric_vehicles__mixed_play__llama3_8b__qwen2_5_3b__sup_opp__s0__a84d588215,26,gpt_pass_1,2.0,3.0,1.0,3.0,2.0,1.0,2.0,mixed,assert,defend,rebuttal
q1__electric_vehicles__mixed_play__llama3_8b__qwen2_5_3b__sup_opp__s0__a84d588215,27,gpt_pass_1,2.0,3.0,2.0,3.0,3.0,1.0,1.0,mixed,rebut,challenge,rebuttal
q1__electric_vehicles__mixed_play__llama3_8b__qwen2_5_3b__sup_opp__s0__a84d588215,28,gpt_pass_1,2.0,2.0,2.0,3.0,3.0,2.0,2.0,mixed,synthesize,explore,clarification
q1__electric_vehicles__mixed_play__llama3_8b__qwen2_5_3b__sup_opp__s0__a84d588215,29,gpt_pass_1,1.0,3.0,2.0,3.0,3.0,2.0,1.0,mixed,rebut,challenge,rebuttal
q1__electric_vehicles__mixed_play__llama3_8b__qwen2_5_3b__sup_opp__s0__a84d588215,30,gpt_pass_1,2.0,3.0,1.0,3.0,3.0,1.0,1.0,mixed,assert,defend,rebuttal
q1__electric_vehicles__mixed_play__llama3_8b__qwen2_5_3b__sup_opp__s0__a84d588215,31,gpt_pass_1,1.0,3.0,1.0,3.0,2.0,1.0,1.0,mixed,rebut,challenge,escalation
q1__electric_vehicles__self_play__gemma2_9b__gemma2_9b__opp_sup__s0__fe04ea005f,0,gpt_pass_1,1.0,2.0,1.0,3.0,2.0,1.0,1.0,mixed,clarify,challenge,clarification
q1__electric_vehicles__self_play__gemma2_9b__gemma2_9b__opp_sup__s0__fe04ea005f,1,gpt_pass_1,1.0,3.0,2.0,3.0,3.0,1.0,2.0,mixed,assert,persuade,escalation
q1__electric_vehicles__self_play__gemma2_9b__gemma2_9b__opp_sup__s0__fe04ea005f,2,gpt_pass_1,2.0,3.0,3.0,3.0,3.0,2.0,2.0,mixed,rebut,defend,rebuttal
q1__electric_vehicles__self_play__gemma2_9b__gemma2_9b__opp_sup__s0__fe04ea005f,3,gpt_pass_1,1.0,2.0,1.0,3.0,2.0,1.0,1.0,mixed,clarify,defend,clarification
q1__electric_vehicles__self_play__gemma2_9b__gemma2_9b__opp_sup__s0__fe04ea005f,4,gpt_pass_1,1.0,3.0,1.0,3.0,3.0,1.0,1.0,mixed,rebut,defend,rebuttal
q1__electric_vehicles__self_play__gemma2_9b__gemma2_9b__opp_sup__s0__fe04ea005f,5,gpt_pass_1,1.0,3.0,1.0,3.0,2.0,1.0,1.0,mixed,assert,defend,rebuttal
q1__electric_vehicles__self_play__gemma2_9b__gemma2_9b__opp_sup__s0__fe04ea005f,6,gpt_pass_1,1.0,2.0,2.0,3.0,2.0,1.0,1.0,mixed,rebut,challenge,rebuttal
q1__electric_vehicles__self_play__gemma2_9b__gemma2_9b__opp_sup__s0__fe04ea005f,7,gpt_pass_1,1.0,3.0,1.0,3.0,3.0,1.0,1.0,mixed,assert,challenge,rebuttal
q1__electric_vehicles__self_play__gemma2_9b__gemma2_9b__opp_sup__s0__fe04ea005f,8,gpt_pass_1,1.0,2.0,1.0,3.0,2.0,2.0,1.0,mixed,rebut,challenge,rebuttal
q1__electric_vehicles__self_play__gemma2_9b__gemma2_9b__opp_sup__s0__fe04ea005f,9,gpt_pass_1,1.0,2.0,1.0,3.0,2.0,1.0,1.0,mixed,assert,defend,rebuttal
q1__electric_vehicles__self_play__gemma2_9b__gemma2_9b__opp_sup__s0__fe04ea005f,10,gpt_pass_1,2.0,2.0,2.0,2.0,3.0,2.0,2.0,mixed,synthesize,synthesize,agreement
q1__electric_vehicles__self_play__gemma2_9b__gemma2_9b__opp_sup__s0__fe04ea005f,11,gpt_pass_1,1.0,3.0,1.0,3.0,2.0,1.0,2.0,mixed,assert,defend,rebuttal
q1__electric_vehicles__self_play__gemma2_9b__gemma2_9b__opp_sup__s0__fe04ea005f,12,gpt_pass_1,1.0,2.0,1.0,3.0,3.0,1.0,2.0,mixed,assert,defend,rebuttal
q1__electric_vehicles__self_play__gemma2_9b__gemma2_9b__opp_sup__s0__fe04ea005f,13,gpt_pass_1,1.0,3.0,1.0,2.0,3.0,0.0,1.0,mixed,assert,challenge,escalation
q1__electric_vehicles__self_play__gemma2_9b__gemma2_9b__opp_sup__s0__fe04ea005f,14,gpt_pass_1,1.0,3.0,0.0,2.0,2.0,2.0,1.0,mixed,rebut,defend,rebuttal
q1__electric_vehicles__self_play__gemma2_9b__gemma2_9b__opp_sup__s0__fe04ea005f,15,gpt_pass_1,1.0,2.0,1.0,2.0,3.0,2.0,1.0,mixed,assert,defend,rebuttal
q1__electric_vehicles__self_play__gemma2_9b__gemma2_9b__opp_sup__s0__fe04ea005f,16,gpt_pass_1,2.0,3.0,2.0,2.0,3.0,2.0,1.0,mixed,rebut,challenge,rebuttal
q1__electric_vehicles__self_play__gemma2_9b__gemma2_9b__opp_sup__s0__fe04ea005f,17,gpt_pass_1,1.0,3.0,1.0,2.0,3.0,1.0,2.0,mixed,assert,defend,rebuttal
q1__electric_vehicles__self_play__gemma2_9b__gemma2_9b__opp_sup__s0__fe04ea005f,18,gpt_pass_1,1.0,2.0,1.0,3.0,2.0,2.0,2.0,mixed,rebut,challenge,rebuttal
q1__electric_vehicles__self_play__gemma2_9b__gemma2_9b__opp_sup__s0__fe04ea005f,19,gpt_pass_1,2.0,3.0,1.0,3.0,2.0,1.0,1.0,mixed,assert,defend,uncertain
q1__electric_vehicles__self_play__gemma2_9b__gemma2_9b__opp_sup__s0__fe04ea005f,20,gpt_pass_1,1.0,2.0,1.0,3.0,4.0,1.0,2.0,mixed,rebut,challenge,rebuttal
q1__electric_vehicles__self_play__gemma2_9b__gemma2_9b__opp_sup__s0__fe04ea005f,21,gpt_pass_1,1.0,3.0,1.0,2.0,2.0,1.0,1.0,mixed,assert,defend,rebuttal
q1__electric_vehicles__self_play__gemma2_9b__gemma2_9b__opp_sup__s0__fe04ea005f,22,gpt_pass_1,1.0,3.0,1.0,3.0,2.0,1.0,0.0,mixed,rebut,challenge,rebuttal
q1__electric_vehicles__self_play__gemma2_9b__gemma2_9b__opp_sup__s0__fe04ea005f,23,gpt_pass_1,1.0,3.0,1.0,3.0,2.0,2.0,1.0,negative,assert,challenge,escalation
q1__electric_vehicles__self_play__gemma2_9b__gemma2_9b__opp_sup__s0__fe04ea005f,24,gpt_pass_1,1.0,3.0,0.0,4.0,3.0,0.0,1.0,mixed,assert,defend,rebuttal
q1__electric_vehicles__self_play__gemma2_9b__gemma2_9b__opp_sup__s0__fe04ea005f,25,gpt_pass_1,2.0,3.0,1.0,3.0,2.0,2.0,1.0,negative,assert,challenge,escalation
q1__electric_vehicles__self_play__gemma2_9b__gemma2_9b__opp_sup__s0__fe04ea005f,26,gpt_pass_1,1.0,2.0,1.0,3.0,3.0,1.0,2.0,mixed,rebut,challenge,rebuttal
q1__electric_vehicles__self_play__gemma2_9b__gemma2_9b__opp_sup__s0__fe04ea005f,27,gpt_pass_1,1.0,2.0,1.0,2.0,2.0,1.0,1.0,mixed,synthesize,accommodate,clarification
q1__electric_vehicles__self_play__gemma2_9b__gemma2_9b__opp_sup__s0__fe04ea005f,28,gpt_pass_1,1.0,3.0,1.0,2.0,3.0,1.0,1.0,mixed,rebut,defend,rebuttal
q1__electric_vehicles__self_play__gemma2_9b__gemma2_9b__opp_sup__s0__fe04ea005f,29,gpt_pass_1,2.0,3.0,2.0,2.0,2.0,1.0,1.0,mixed,assert,defend,rebuttal
q1__electric_vehicles__self_play__gemma2_9b__gemma2_9b__opp_sup__s0__fe04ea005f,30,gpt_pass_1,1.0,2.0,1.0,2.0,2.0,2.0,2.0,mixed,rebut,challenge,rebuttal
q1__electric_vehicles__self_play__gemma2_9b__gemma2_9b__opp_sup__s0__fe04ea005f,31,gpt_pass_1,1.0,2.0,1.0,3.0,2.0,1.0,1.0,mixed,assert,defend,clarification
q1__electric_vehicles__self_play__gemma2_9b__gemma2_9b__sup_opp__s0__1a0601e4f2,0,gpt_pass_1,1.0,3.0,0.0,2.0,3.0,1.0,1.0,mixed,assert,defend,rebuttal
q1__electric_vehicles__self_play__gemma2_9b__gemma2_9b__sup_opp__s0__1a0601e4f2,1,gpt_pass_1,1.0,2.0,1.0,2.0,2.0,3.0,2.0,mixed,rebut,challenge,rebuttal
q1__electric_vehicles__self_play__gemma2_9b__gemma2_9b__sup_opp__s0__1a0601e4f2,2,gpt_pass_1,2.0,2.0,2.0,2.0,2.0,1.0,2.0,mixed,rebut,defend,rebuttal
q1__electric_vehicles__self_play__gemma2_9b__gemma2_9b__sup_opp__s0__1a0601e4f2,3,gpt_pass_1,1.0,3.0,2.0,3.0,2.0,2.0,2.0,mixed,rebut,challenge,escalation
q1__electric_vehicles__self_play__gemma2_9b__gemma2_9b__sup_opp__s0__1a0601e4f2,4,gpt_pass_1,1.0,3.0,1.0,2.0,3.0,1.0,2.0,mixed,assert,defend,rebuttal
q1__electric_vehicles__self_play__gemma2_9b__gemma2_9b__sup_opp__s0__1a0601e4f2,5,gpt_pass_1,2.0,3.0,2.0,3.0,3.0,1.0,1.0,neutral,clarify,defend,clarification
q1__electric_vehicles__self_play__gemma2_9b__gemma2_9b__sup_opp__s0__1a0601e4f2,6,gpt_pass_1,2.0,3.0,2.0,3.0,3.0,2.0,2.0,mixed,assert,defend,rebuttal
q1__electric_vehicles__self_play__gemma2_9b__gemma2_9b__sup_opp__s0__1a0601e4f2,7,gpt_pass_1,1.0,2.0,2.0,3.0,3.0,1.0,2.0,mixed,rebut,persuade,rebuttal
q1__electric_vehicles__self_play__gemma2_9b__gemma2_9b__sup_opp__s0__1a0601e4f2,8,gpt_pass_1,1.0,2.0,1.0,3.0,3.0,1.0,1.0,mixed,assert,defend,rebuttal
q1__electric_vehicles__self_play__gemma2_9b__gemma2_9b__sup_opp__s0__1a0601e4f2,9,gpt_pass_1,1.0,2.0,1.0,3.0,3.0,2.0,2.0,mixed,rebut,challenge,rebuttal
q1__electric_vehicles__self_play__gemma2_9b__gemma2_9b__sup_opp__s0__1a0601e4f2,10,gpt_pass_1,1.0,2.0,1.0,2.0,3.0,1.0,1.0,mixed,assert,defend,rebuttal
q1__electric_vehicles__self_play__gemma2_9b__gemma2_9b__sup_opp__s0__1a0601e4f2,11,gpt_pass_1,1.0,2.0,2.0,2.0,3.0,2.0,1.0,mixed,rebut,challenge,rebuttal
q1__electric_vehicles__self_play__gemma2_9b__gemma2_9b__sup_opp__s0__1a0601e4f2,12,gpt_pass_1,2.0,2.0,1.0,3.0,2.0,2.0,1.0,mixed,assert,defend,rebuttal
q1__electric_vehicles__self_play__gemma2_9b__gemma2_9b__sup_opp__s0__1a0601e4f2,13,gpt_pass_1,1.0,2.0,2.0,3.0,3.0,1.0,2.0,mixed,rebut,challenge,rebuttal
q1__electric_vehicles__self_play__gemma2_9b__gemma2_9b__sup_opp__s0__1a0601e4f2,14,gpt_pass_1,2.0,2.0,2.0,3.0,3.0,1.0,1.0,mixed,assert,defend,rebuttal
q1__electric_vehicles__self_play__gemma2_9b__gemma2_9b__sup_opp__s0__1a0601e4f2,15,gpt_pass_1,1.0,3.0,1.0,3.0,2.0,2.0,2.0,mixed,rebut,challenge,rebuttal
q1__electric_vehicles__self_play__gemma2_9b__gemma2_9b__sup_opp__s0__1a0601e4f2,16,gpt_pass_1,1.0,2.0,2.0,2.0,2.0,2.0,1.0,mixed,assert,defend,rebuttal
q1__electric_vehicles__self_play__gemma2_9b__gemma2_9b__sup_opp__s0__1a0601e4f2,17,gpt_pass_1,1.0,3.0,1.0,2.0,3.0,4.0,2.0,mixed,rebut,challenge,rebuttal
q1__electric_vehicles__self_play__gemma2_9b__gemma2_9b__sup_opp__s0__1a0601e4f2,18,gpt_pass_1,2.0,3.0,1.0,3.0,2.0,1.0,1.0,mixed,assert,defend,rebuttal
q1__electric_vehicles__self_play__gemma2_9b__gemma2_9b__sup_opp__s0__1a0601e4f2,19,gpt_pass_1,1.0,3.0,1.0,3.0,3.0,1.0,2.0,mixed,rebut,challenge,rebuttal
q1__electric_vehicles__self_play__gemma2_9b__gemma2_9b__sup_opp__s0__1a0601e4f2,20,gpt_pass_1,0.0,3.0,1.0,3.0,3.0,0.0,1.0,negative,assert,defend,rebuttal
q1__electric_vehicles__self_play__gemma2_9b__gemma2_9b__sup_opp__s0__1a0601e4f2,21,gpt_pass_1,1.0,2.0,1.0,2.0,2.0,1.0,1.0,mixed,rebut,challenge,rebuttal
q1__electric_vehicles__self_play__gemma2_9b__gemma2_9b__sup_opp__s0__1a0601e4f2,22,gpt_pass_1,1.0,2.0,1.0,2.0,2.0,1.0,1.0,mixed,assert,defend,rebuttal
q1__electric_vehicles__self_play__gemma2_9b__gemma2_9b__sup_opp__s0__1a0601e4f2,23,gpt_pass_1,1.0,2.0,1.0,2.0,3.0,2.0,1.0,mixed,assert,defend,agreement
q1__electric_vehicles__self_play__gemma2_9b__gemma2_9b__sup_opp__s0__1a0601e4f2,24,gpt_pass_1,2.0,2.0,2.0,3.0,3.0,2.0,1.0,neutral,clarify,synthesize,synthesis
q1__electric_vehicles__self_play__gemma2_9b__gemma2_9b__sup_opp__s0__1a0601e4f2,25,gpt_pass_1,2.0,2.0,1.0,2.0,3.0,1.0,2.0,mixed,clarify,challenge,rebuttal
q1__electric_vehicles__self_play__gemma2_9b__gemma2_9b__sup_opp__s0__1a0601e4f2,26,gpt_pass_1,2.0,3.0,2.0,3.0,2.0,2.0,1.0,mixed,assert,defend,rebuttal
q1__electric_vehicles__self_play__gemma2_9b__gemma2_9b__sup_opp__s0__1a0601e4f2,27,gpt_pass_1,1.0,3.0,1.0,3.0,2.0,2.0,1.0,mixed,rebut,challenge,rebuttal
q1__electric_vehicles__self_play__gemma2_9b__gemma2_9b__sup_opp__s0__1a0601e4f2,28,gpt_pass_1,1.0,3.0,1.0,2.0,2.0,1.0,2.0,mixed,assert,defend,rebuttal
q1__electric_vehicles__self_play__gemma2_9b__gemma2_9b__sup_opp__s0__1a0601e4f2,29,gpt_pass_1,1.0,2.0,3.0,2.0,2.0,2.0,2.0,mixed,clarify,challenge,uncertain
q1__electric_vehicles__self_play__gemma2_9b__gemma2_9b__sup_opp__s0__1a0601e4f2,30,gpt_pass_1,3.0,3.0,2.0,3.0,3.0,2.0,1.0,mixed,assert,defend,rebuttal
q1__electric_vehicles__self_play__gemma2_9b__gemma2_9b__sup_opp__s0__1a0601e4f2,31,gpt_pass_1,1.0,3.0,1.0,2.0,2.0,2.0,1.0,mixed,rebut,challenge,rebuttal
q1__electric_vehicles__self_play__llama3_8b__llama3_8b__opp_sup__s0__5e9dc6120a,0,gpt_pass_1,1.0,3.0,1.0,3.0,2.0,2.0,2.0,negative,rebut,challenge,rebuttal
q1__electric_vehicles__self_play__llama3_8b__llama3_8b__opp_sup__s0__5e9dc6120a,1,gpt_pass_1,2.0,3.0,2.0,3.0,2.0,1.0,1.0,mixed,assert,defend,rebuttal
q1__electric_vehicles__self_play__llama3_8b__llama3_8b__opp_sup__s0__5e9dc6120a,2,gpt_pass_1,2.0,2.0,2.0,3.0,2.0,2.0,3.0,mixed,rebut,challenge,rebuttal
q1__electric_vehicles__self_play__llama3_8b__llama3_8b__opp_sup__s0__5e9dc6120a,3,gpt_pass_1,1.0,3.0,2.0,3.0,2.0,1.0,2.0,mixed,assert,defend,rebuttal
q1__electric_vehicles__self_play__llama3_8b__llama3_8b__opp_sup__s0__5e9dc6120a,4,gpt_pass_1,1.0,4.0,1.0,4.0,2.0,0.0,0.0,mixed,rebut,defend,rebuttal
q1__electric_vehicles__self_play__llama3_8b__llama3_8b__opp_sup__s0__5e9dc6120a,5,gpt_pass_1,2.0,3.0,2.0,3.0,2.0,2.0,2.0,mixed,assert,defend,rebuttal
q1__electric_vehicles__self_play__llama3_8b__llama3_8b__opp_sup__s0__5e9dc6120a,6,gpt_pass_1,0.0,3.0,1.0,2.0,3.0,1.0,1.0,mixed,rebut,challenge,rebuttal
q1__electric_vehicles__self_play__llama3_8b__llama3_8b__opp_sup__s0__5e9dc6120a,7,gpt_pass_1,1.0,2.0,1.0,3.0,2.0,1.0,1.0,mixed,assert,defend,rebuttal
q1__electric_vehicles__self_play__llama3_8b__llama3_8b__opp_sup__s0__5e9dc6120a,8,gpt_pass_1,1.0,4.0,1.0,3.0,2.0,0.0,1.0,mixed,rebut,challenge,rebuttal
q1__electric_vehicles__self_play__llama3_8b__llama3_8b__opp_sup__s0__5e9dc6120a,9,gpt_pass_1,1.0,2.0,2.0,2.0,3.0,1.0,2.0,mixed,assert,defend,rebuttal
q1__electric_vehicles__self_play__llama3_8b__llama3_8b__opp_sup__s0__5e9dc6120a,10,gpt_pass_1,1.0,2.0,1.0,2.0,2.0,2.0,2.0,mixed,rebut,challenge,rebuttal
q1__electric_vehicles__self_play__llama3_8b__llama3_8b__opp_sup__s0__5e9dc6120a,11,gpt_pass_1,0.0,3.0,1.0,2.0,2.0,1.0,1.0,mixed,assert,defend,rebuttal
q1__electric_vehicles__self_play__llama3_8b__llama3_8b__opp_sup__s0__5e9dc6120a,12,gpt_pass_1,1.0,2.0,1.0,2.0,2.0,2.0,1.0,mixed,rebut,challenge,rebuttal
q1__electric_vehicles__self_play__llama3_8b__llama3_8b__opp_sup__s0__5e9dc6120a,13,gpt_pass_1,2.0,2.0,2.0,3.0,2.0,2.0,2.0,mixed,clarify,explore,clarification
q1__electric_vehicles__self_play__llama3_8b__llama3_8b__opp_sup__s0__5e9dc6120a,14,gpt_pass_1,1.0,3.0,2.0,3.0,2.0,1.0,2.0,mixed,rebut,challenge,rebuttal
q1__electric_vehicles__self_play__llama3_8b__llama3_8b__opp_sup__s0__5e9dc6120a,15,gpt_pass_1,1.0,2.0,1.0,2.0,2.0,1.0,1.0,mixed,accommodate,persuade,accommodation
q1__electric_vehicles__self_play__llama3_8b__llama3_8b__opp_sup__s0__5e9dc6120a,16,gpt_pass_1,1.0,4.0,1.0,2.0,3.0,0.0,1.0,mixed,rebut,challenge,rebuttal
q1__electric_vehicles__self_play__llama3_8b__llama3_8b__opp_sup__s0__5e9dc6120a,17,gpt_pass_1,1.0,2.0,2.0,2.0,2.0,2.0,2.0,mixed,clarify,explore,clarification
q1__electric_vehicles__self_play__llama3_8b__llama3_8b__opp_sup__s0__5e9dc6120a,18,gpt_pass_1,1.0,3.0,2.0,3.0,2.0,1.0,2.0,mixed,rebut,challenge,rebuttal
q1__electric_vehicles__self_play__llama3_8b__llama3_8b__opp_sup__s0__5e9dc6120a,19,gpt_pass_1,1.0,2.0,1.0,3.0,2.0,1.0,1.0,mixed,assert,defend,rebuttal
q1__electric_vehicles__self_play__llama3_8b__llama3_8b__opp_sup__s0__5e9dc6120a,20,gpt_pass_1,0.0,4.0,0.0,3.0,3.0,0.0,1.0,mixed,rebut,challenge,rebuttal
q1__electric_vehicles__self_play__llama3_8b__llama3_8b__opp_sup__s0__5e9dc6120a,21,gpt_pass_1,2.0,3.0,1.0,3.0,3.0,1.0,1.0,mixed,assert,defend,rebuttal
q1__electric_vehicles__self_play__llama3_8b__llama3_8b__opp_sup__s0__5e9dc6120a,22,gpt_pass_1,1.0,3.0,1.0,3.0,3.0,1.0,1.0,mixed,rebut,challenge,rebuttal
q1__electric_vehicles__self_play__llama3_8b__llama3_8b__opp_sup__s0__5e9dc6120a,23,gpt_pass_1,2.0,3.0,2.0,3.0,2.0,1.0,2.0,mixed,assert,defend,rebuttal
q1__electric_vehicles__self_play__llama3_8b__llama3_8b__opp_sup__s0__5e9dc6120a,24,gpt_pass_1,0.0,4.0,0.0,1.0,1.0,0.0,0.0,mixed,rebut,defend,rebuttal
q1__electric_vehicles__self_play__llama3_8b__llama3_8b__opp_sup__s0__5e9dc6120a,25,gpt_pass_1,1.0,2.0,1.0,2.0,2.0,1.0,2.0,mixed,assert,defend,rebuttal
q1__electric_vehicles__self_play__llama3_8b__llama3_8b__opp_sup__s0__5e9dc6120a,26,gpt_pass_1,0.0,3.0,1.0,3.0,4.0,0.0,1.0,negative,assert,defend,rebuttal
q1__electric_vehicles__self_play__llama3_8b__llama3_8b__opp_sup__s0__5e9dc6120a,27,gpt_pass_1,2.0,3.0,1.0,3.0,2.0,1.0,1.0,mixed,assert,defend,rebuttal
q1__electric_vehicles__self_play__llama3_8b__llama3_8b__opp_sup__s0__5e9dc6120a,28,gpt_pass_1,1.0,4.0,0.0,4.0,2.0,0.0,1.0,mixed,rebut,defend,rebuttal
q1__electric_vehicles__self_play__llama3_8b__llama3_8b__opp_sup__s0__5e9dc6120a,29,gpt_pass_1,2.0,3.0,1.0,3.0,2.0,1.0,0.0,mixed,assert,defend,rebuttal
q1__electric_vehicles__self_play__llama3_8b__llama3_8b__opp_sup__s0__5e9dc6120a,30,gpt_pass_1,1.0,3.0,1.0,3.0,2.0,0.0,1.0,mixed,rebut,defend,rebuttal
q1__electric_vehicles__self_play__llama3_8b__llama3_8b__opp_sup__s0__5e9dc6120a,31,gpt_pass_1,1.0,3.0,2.0,2.0,2.0,1.0,0.0,mixed,assert,defend,rebuttal
q1__electric_vehicles__self_play__llama3_8b__llama3_8b__sup_opp__s0__fabb0650f5,0,gpt_pass_1,1.0,3.0,2.0,2.0,3.0,2.0,2.0,mixed,assert,defend,rebuttal
q1__electric_vehicles__self_play__llama3_8b__llama3_8b__sup_opp__s0__fabb0650f5,1,gpt_pass_1,1.0,3.0,1.0,2.0,3.0,1.0,1.0,mixed,rebut,challenge,rebuttal
q1__electric_vehicles__self_play__llama3_8b__llama3_8b__sup_opp__s0__fabb0650f5,2,gpt_pass_1,1.0,3.0,1.0,3.0,3.0,1.0,1.0,mixed,assert,defend,rebuttal
q1__electric_vehicles__self_play__llama3_8b__llama3_8b__sup_opp__s0__fabb0650f5,3,gpt_pass_1,1.0,4.0,1.0,2.0,3.0,0.0,2.0,mixed,rebut,challenge,rebuttal
q1__electric_vehicles__self_play__llama3_8b__llama3_8b__sup_opp__s0__fabb0650f5,4,gpt_pass_1,1.0,3.0,2.0,3.0,2.0,2.0,1.0,mixed,clarify,defend,clarification
q1__electric_vehicles__self_play__llama3_8b__llama3_8b__sup_opp__s0__fabb0650f5,5,gpt_pass_1,1.0,3.0,1.0,2.0,2.0,2.0,2.0,mixed,rebut,challenge,rebuttal
q1__electric_vehicles__self_play__llama3_8b__llama3_8b__sup_opp__s0__fabb0650f5,6,gpt_pass_1,2.0,3.0,2.0,3.0,3.0,1.0,1.0,mixed,assert,defend,rebuttal
q1__electric_vehicles__self_play__llama3_8b__llama3_8b__sup_opp__s0__fabb0650f5,7,gpt_pass_1,1.0,3.0,2.0,3.0,2.0,1.0,2.0,mixed,assert,challenge,rebuttal
q1__electric_vehicles__self_play__llama3_8b__llama3_8b__sup_opp__s0__fabb0650f5,8,gpt_pass_1,2.0,3.0,1.0,2.0,3.0,2.0,1.0,mixed,assert,defend,rebuttal
q1__electric_vehicles__self_play__llama3_8b__llama3_8b__sup_opp__s0__fabb0650f5,9,gpt_pass_1,1.0,2.0,1.0,2.0,2.0,2.0,1.0,mixed,rebut,challenge,rebuttal
q1__electric_vehicles__self_play__llama3_8b__llama3_8b__sup_opp__s0__fabb0650f5,10,gpt_pass_1,1.0,2.0,1.0,3.0,2.0,1.0,1.0,mixed,rebut,challenge,rebuttal
q1__electric_vehicles__self_play__llama3_8b__llama3_8b__sup_opp__s0__fabb0650f5,11,gpt_pass_1,1.0,3.0,1.0,3.0,2.0,2.0,1.0,mixed,rebut,challenge,rebuttal
q1__electric_vehicles__self_play__llama3_8b__llama3_8b__sup_opp__s0__fabb0650f5,12,gpt_pass_1,1.0,3.0,1.0,2.0,3.0,2.0,1.0,mixed,assert,defend,rebuttal
q1__electric_vehicles__self_play__llama3_8b__llama3_8b__sup_opp__s0__fabb0650f5,13,gpt_pass_1,1.0,3.0,2.0,3.0,2.0,1.0,2.0,mixed,rebut,challenge,rebuttal
q1__electric_vehicles__self_play__llama3_8b__llama3_8b__sup_opp__s0__fabb0650f5,14,gpt_pass_1,1.0,3.0,2.0,2.0,3.0,1.0,2.0,mixed,assert,defend,rebuttal
q1__electric_vehicles__self_play__llama3_8b__llama3_8b__sup_opp__s0__fabb0650f5,15,gpt_pass_1,2.0,4.0,1.0,3.0,2.0,2.0,1.0,mixed,rebut,challenge,rebuttal
q1__electric_vehicles__self_play__llama3_8b__llama3_8b__sup_opp__s0__fabb0650f5,16,gpt_pass_1,1.0,2.0,1.0,2.0,2.0,2.0,1.0,mixed,assert,defend,rebuttal
q1__electric_vehicles__self_play__llama3_8b__llama3_8b__sup_opp__s0__fabb0650f5,17,gpt_pass_1,0.0,3.0,1.0,3.0,3.0,2.0,1.0,mixed,rebut,challenge,rebuttal
q1__electric_vehicles__self_play__llama3_8b__llama3_8b__sup_opp__s0__fabb0650f5,18,gpt_pass_1,1.0,3.0,1.0,2.0,2.0,2.0,1.0,negative,assert,defend,rebuttal
q1__electric_vehicles__self_play__llama3_8b__llama3_8b__sup_opp__s0__fabb0650f5,19,gpt_pass_1,1.0,3.0,1.0,2.0,2.0,3.0,2.0,mixed,rebut,challenge,rebuttal
q1__electric_vehicles__self_play__llama3_8b__llama3_8b__sup_opp__s0__fabb0650f5,20,gpt_pass_1,0.0,2.0,2.0,3.0,3.0,2.0,1.0,mixed,rebut,challenge,rebuttal
q1__electric_vehicles__self_play__llama3_8b__llama3_8b__sup_opp__s0__fabb0650f5,21,gpt_pass_1,1.0,3.0,1.0,3.0,3.0,1.0,1.0,mixed,rebut,challenge,rebuttal
q1__electric_vehicles__self_play__llama3_8b__llama3_8b__sup_opp__s0__fabb0650f5,22,gpt_pass_1,2.0,3.0,1.0,2.0,2.0,2.0,1.0,mixed,assert,defend,rebuttal
q1__electric_vehicles__self_play__llama3_8b__llama3_8b__sup_opp__s0__fabb0650f5,23,gpt_pass_1,0.0,3.0,1.0,2.0,2.0,3.0,1.0,negative,rebut,challenge,rebuttal
q1__electric_vehicles__self_play__llama3_8b__llama3_8b__sup_opp__s0__fabb0650f5,24,gpt_pass_1,2.0,3.0,2.0,3.0,2.0,2.0,1.0,mixed,assert,defend,rebuttal
q1__electric_vehicles__self_play__llama3_8b__llama3_8b__sup_opp__s0__fabb0650f5,25,gpt_pass_1,1.0,4.0,0.0,3.0,3.0,1.0,1.0,mixed,rebut,challenge,rebuttal
q1__electric_vehicles__self_play__llama3_8b__llama3_8b__sup_opp__s0__fabb0650f5,26,gpt_pass_1,2.0,3.0,1.0,3.0,2.0,1.0,2.0,mixed,assert,defend,rebuttal
q1__electric_vehicles__self_play__llama3_8b__llama3_8b__sup_opp__s0__fabb0650f5,27,gpt_pass_1,2.0,3.0,2.0,3.0,3.0,1.0,1.0,mixed,rebut,challenge,rebuttal
q1__electric_vehicles__self_play__llama3_8b__llama3_8b__sup_opp__s0__fabb0650f5,28,gpt_pass_1,0.0,2.0,1.0,2.0,3.0,2.0,1.0,mixed,rebut,defend,rebuttal
q1__electric_vehicles__self_play__llama3_8b__llama3_8b__sup_opp__s0__fabb0650f5,29,gpt_pass_1,1.0,4.0,1.0,2.0,3.0,2.0,1.0,mixed,rebut,challenge,rebuttal
q1__electric_vehicles__self_play__llama3_8b__llama3_8b__sup_opp__s0__fabb0650f5,30,gpt_pass_1,2.0,3.0,1.0,3.0,3.0,1.0,1.0,mixed,assert,defend,rebuttal
q1__electric_vehicles__self_play__llama3_8b__llama3_8b__sup_opp__s0__fabb0650f5,31,gpt_pass_1,1.0,3.0,1.0,3.0,2.0,1.0,1.0,mixed,rebut,challenge,escalation
q1__electric_vehicles__self_play__qwen2_5_3b__qwen2_5_3b__opp_sup__s0__38c5d38eb6,0,gpt_pass_1,1.0,3.0,1.0,3.0,3.0,1.0,2.0,mixed,rebut,challenge,rebuttal
q1__electric_vehicles__self_play__qwen2_5_3b__qwen2_5_3b__opp_sup__s0__38c5d38eb6,1,gpt_pass_1,2.0,3.0,1.0,4.0,3.0,2.0,1.0,mixed,clarify,defend,clarification
q1__electric_vehicles__self_play__qwen2_5_3b__qwen2_5_3b__opp_sup__s0__38c5d38eb6,2,gpt_pass_1,1.0,2.0,1.0,2.0,3.0,1.0,1.0,neutral,rebut,challenge,rebuttal
q1__electric_vehicles__self_play__qwen2_5_3b__qwen2_5_3b__opp_sup__s0__38c5d38eb6,3,gpt_pass_1,2.0,2.0,3.0,2.0,3.0,2.0,2.0,mixed,assert,defend,rebuttal
q1__electric_vehicles__self_play__qwen2_5_3b__qwen2_5_3b__opp_sup__s0__38c5d38eb6,4,gpt_pass_1,1.0,2.0,1.0,3.0,2.0,1.0,1.0,negative,rebut,challenge,escalation
q1__electric_vehicles__self_play__qwen2_5_3b__qwen2_5_3b__opp_sup__s0__38c5d38eb6,5,gpt_pass_1,1.0,2.0,1.0,2.0,3.0,2.0,1.0,mixed,assert,persuade,agreement
q1__electric_vehicles__self_play__qwen2_5_3b__qwen2_5_3b__opp_sup__s0__38c5d38eb6,6,gpt_pass_1,1.0,3.0,1.0,2.0,2.0,2.0,1.0,mixed,rebut,challenge,uncertain
q1__electric_vehicles__self_play__qwen2_5_3b__qwen2_5_3b__opp_sup__s0__38c5d38eb6,7,gpt_pass_1,1.0,2.0,1.0,2.0,2.0,1.0,2.0,neutral,clarify,explore,clarification
q1__electric_vehicles__self_play__qwen2_5_3b__qwen2_5_3b__opp_sup__s0__38c5d38eb6,8,gpt_pass_1,1.0,2.0,1.0,2.0,3.0,1.0,2.0,negative,rebut,defend,rebuttal
q1__electric_vehicles__self_play__qwen2_5_3b__qwen2_5_3b__opp_sup__s0__38c5d38eb6,9,gpt_pass_1,1.0,2.0,1.0,2.0,2.0,2.0,1.0,neutral,synthesize,resolve,synthesis
q1__electric_vehicles__self_play__qwen2_5_3b__qwen2_5_3b__opp_sup__s0__38c5d38eb6,10,gpt_pass_1,1.0,2.0,0.0,2.0,2.0,1.0,2.0,neutral,rebut,challenge,rebuttal
q1__electric_vehicles__self_play__qwen2_5_3b__qwen2_5_3b__opp_sup__s0__38c5d38eb6,11,gpt_pass_1,2.0,3.0,2.0,3.0,2.0,1.0,2.0,mixed,clarify,resolve,clarification
q1__electric_vehicles__self_play__qwen2_5_3b__qwen2_5_3b__opp_sup__s0__38c5d38eb6,12,gpt_pass_1,1.0,2.0,1.0,3.0,3.0,2.0,2.0,mixed,rebut,challenge,rebuttal
q1__electric_vehicles__self_play__qwen2_5_3b__qwen2_5_3b__opp_sup__s0__38c5d38eb6,13,gpt_pass_1,2.0,2.0,2.0,3.0,2.0,2.0,1.0,mixed,rebut,defend,rebuttal
q1__electric_vehicles__self_play__qwen2_5_3b__qwen2_5_3b__opp_sup__s0__38c5d38eb6,14,gpt_pass_1,1.0,2.0,2.0,3.0,2.0,2.0,1.0,negative,rebut,challenge,rebuttal
q1__electric_vehicles__self_play__qwen2_5_3b__qwen2_5_3b__opp_sup__s0__38c5d38eb6,15,gpt_pass_1,1.0,2.0,1.0,2.0,2.0,2.0,1.0,mixed,assert,defend,clarification
q1__electric_vehicles__self_play__qwen2_5_3b__qwen2_5_3b__opp_sup__s0__38c5d38eb6,16,gpt_pass_1,1.0,3.0,1.0,2.0,2.0,0.0,2.0,mixed,rebut,defend,rebuttal
q1__electric_vehicles__self_play__qwen2_5_3b__qwen2_5_3b__opp_sup__s0__38c5d38eb6,17,gpt_pass_1,2.0,1.0,1.0,3.0,3.0,2.0,2.0,neutral,synthesize,explore,synthesis
q1__electric_vehicles__self_play__qwen2_5_3b__qwen2_5_3b__opp_sup__s0__38c5d38eb6,18,gpt_pass_1,2.0,4.0,1.0,2.0,3.0,0.0,1.0,negative,rebut,challenge,rebuttal
q1__electric_vehicles__self_play__qwen2_5_3b__qwen2_5_3b__opp_sup__s0__38c5d38eb6,19,gpt_pass_1,1.0,2.0,2.0,3.0,2.0,2.0,1.0,mixed,assert,defend,rebuttal
q1__electric_vehicles__self_play__qwen2_5_3b__qwen2_5_3b__opp_sup__s0__38c5d38eb6,20,gpt_pass_1,1.0,3.0,2.0,3.0,2.0,1.0,2.0,negative,rebut,challenge,rebuttal
q1__electric_vehicles__self_play__qwen2_5_3b__qwen2_5_3b__opp_sup__s0__38c5d38eb6,21,gpt_pass_1,1.0,2.0,1.0,2.0,3.0,1.0,1.0,neutral,clarify,defend,clarification
q1__electric_vehicles__self_play__qwen2_5_3b__qwen2_5_3b__opp_sup__s0__38c5d38eb6,22,gpt_pass_1,1.0,3.0,1.0,3.0,2.0,2.0,1.0,negative,rebut,challenge,escalation
q1__electric_vehicles__self_play__qwen2_5_3b__qwen2_5_3b__opp_sup__s0__38c5d38eb6,23,gpt_pass_1,1.0,2.0,1.0,2.0,3.0,1.0,1.0,neutral,assert,defend,clarification
q1__electric_vehicles__self_play__qwen2_5_3b__qwen2_5_3b__opp_sup__s0__38c5d38eb6,24,gpt_pass_1,1.0,3.0,1.0,3.0,2.0,2.0,1.0,negative,rebut,challenge,rebuttal
q1__electric_vehicles__self_play__qwen2_5_3b__qwen2_5_3b__opp_sup__s0__38c5d38eb6,25,gpt_pass_1,2.0,2.0,1.0,3.0,3.0,1.0,1.0,mixed,clarify,challenge,clarification
q1__electric_vehicles__self_play__qwen2_5_3b__qwen2_5_3b__opp_sup__s0__38c5d38eb6,26,gpt_pass_1,1.0,3.0,1.0,3.0,3.0,1.0,2.0,mixed,rebut,challenge,rebuttal
q1__electric_vehicles__self_play__qwen2_5_3b__qwen2_5_3b__opp_sup__s0__38c5d38eb6,27,gpt_pass_1,1.0,2.0,1.0,3.0,2.0,2.0,2.0,mixed,assert,defend,rebuttal
q1__electric_vehicles__self_play__qwen2_5_3b__qwen2_5_3b__opp_sup__s0__38c5d38eb6,28,gpt_pass_1,2.0,3.0,1.0,3.0,3.0,1.0,1.0,mixed,rebut,challenge,rebuttal
q1__electric_vehicles__self_play__qwen2_5_3b__qwen2_5_3b__opp_sup__s0__38c5d38eb6,29,gpt_pass_1,1.0,3.0,1.0,2.0,2.0,1.0,1.0,mixed,assert,defend,rebuttal
q1__electric_vehicles__self_play__qwen2_5_3b__qwen2_5_3b__opp_sup__s0__38c5d38eb6,30,gpt_pass_1,1.0,2.0,1.0,3.0,2.0,2.0,1.0,mixed,rebut,challenge,rebuttal
q1__electric_vehicles__self_play__qwen2_5_3b__qwen2_5_3b__opp_sup__s0__38c5d38eb6,31,gpt_pass_1,2.0,3.0,1.0,3.0,3.0,1.0,2.0,mixed,assert,defend,uncertain
q1__electric_vehicles__self_play__qwen2_5_3b__qwen2_5_3b__sup_opp__s0__41ddb7262d,0,gpt_pass_1,1.0,2.0,1.0,2.0,2.0,1.0,1.0,positive,assert,defend,agreement
q1__electric_vehicles__self_play__qwen2_5_3b__qwen2_5_3b__sup_opp__s0__41ddb7262d,1,gpt_pass_1,1.0,2.0,1.0,2.0,3.0,2.0,1.0,mixed,rebut,challenge,rebuttal
q1__electric_vehicles__self_play__qwen2_5_3b__qwen2_5_3b__sup_opp__s0__41ddb7262d,2,gpt_pass_1,1.0,2.0,2.0,3.0,2.0,1.0,1.0,mixed,synthesize,resolve,synthesis
q1__electric_vehicles__self_play__qwen2_5_3b__qwen2_5_3b__sup_opp__s0__41ddb7262d,3,gpt_pass_1,1.0,2.0,1.0,2.0,2.0,1.0,2.0,mixed,clarify,defend,clarification
q1__electric_vehicles__self_play__qwen2_5_3b__qwen2_5_3b__sup_opp__s0__41ddb7262d,4,gpt_pass_1,2.0,2.0,2.0,3.0,2.0,1.0,1.0,mixed,synthesize,explore,synthesis
q1__electric_vehicles__self_play__qwen2_5_3b__qwen2_5_3b__sup_opp__s0__41ddb7262d,5,gpt_pass_1,1.0,2.0,1.0,2.0,2.0,1.0,2.0,mixed,assert,challenge,rebuttal
q1__electric_vehicles__self_play__qwen2_5_3b__qwen2_5_3b__sup_opp__s0__41ddb7262d,6,gpt_pass_1,1.0,2.0,1.0,2.0,2.0,1.0,1.0,mixed,rebut,defend,rebuttal
q1__electric_vehicles__self_play__qwen2_5_3b__qwen2_5_3b__sup_opp__s0__41ddb7262d,7,gpt_pass_1,1.0,2.0,1.0,2.0,3.0,2.0,2.0,mixed,rebut,challenge,rebuttal
q1__electric_vehicles__self_play__qwen2_5_3b__qwen2_5_3b__sup_opp__s0__41ddb7262d,8,gpt_pass_1,1.0,2.0,1.0,2.0,3.0,1.0,1.0,mixed,assert,defend,rebuttal
q1__electric_vehicles__self_play__qwen2_5_3b__qwen2_5_3b__sup_opp__s0__41ddb7262d,9,gpt_pass_1,1.0,3.0,1.0,3.0,2.0,2.0,1.0,negative,rebut,challenge,escalation
q1__electric_vehicles__self_play__qwen2_5_3b__qwen2_5_3b__sup_opp__s0__41ddb7262d,10,gpt_pass_1,1.0,2.0,1.0,2.0,2.0,1.0,2.0,mixed,synthesize,explore,synthesis
q1__electric_vehicles__self_play__qwen2_5_3b__qwen2_5_3b__sup_opp__s0__41ddb7262d,11,gpt_pass_1,1.0,3.0,0.0,2.0,2.0,1.0,2.0,negative,rebut,challenge,rebuttal
q1__electric_vehicles__self_play__qwen2_5_3b__qwen2_5_3b__sup_opp__s0__41ddb7262d,12,gpt_pass_1,2.0,2.0,1.0,3.0,2.0,2.0,1.0,mixed,clarify,explore,clarification
q1__electric_vehicles__self_play__qwen2_5_3b__qwen2_5_3b__sup_opp__s0__41ddb7262d,13,gpt_pass_1,2.0,3.0,1.0,3.0,3.0,2.0,1.0,mixed,rebut,defend,rebuttal
q1__electric_vehicles__self_play__qwen2_5_3b__qwen2_5_3b__sup_opp__s0__41ddb7262d,14,gpt_pass_1,1.0,2.0,2.0,2.0,2.0,1.0,1.0,mixed,clarify,explore,agreement
q1__electric_vehicles__self_play__qwen2_5_3b__qwen2_5_3b__sup_opp__s0__41ddb7262d,15,gpt_pass_1,1.0,2.0,1.0,2.0,2.0,2.0,1.0,negative,rebut,challenge,rebuttal
q1__electric_vehicles__self_play__qwen2_5_3b__qwen2_5_3b__sup_opp__s0__41ddb7262d,16,gpt_pass_1,1.0,2.0,1.0,3.0,3.0,1.0,2.0,mixed,synthesize,clarify,agreement
q1__electric_vehicles__self_play__qwen2_5_3b__qwen2_5_3b__sup_opp__s0__41ddb7262d,17,gpt_pass_1,2.0,3.0,1.0,3.0,3.0,2.0,2.0,negative,rebut,challenge,rebuttal
q1__electric_vehicles__self_play__qwen2_5_3b__qwen2_5_3b__sup_opp__s0__41ddb7262d,18,gpt_pass_1,1.0,2.0,2.0,3.0,2.0,1.0,1.0,mixed,clarify,explore,clarification
q1__electric_vehicles__self_play__qwen2_5_3b__qwen2_5_3b__sup_opp__s0__41ddb7262d,19,gpt_pass_1,1.0,3.0,1.0,2.0,2.0,2.0,1.0,mixed,rebut,challenge,escalation
q1__electric_vehicles__self_play__qwen2_5_3b__qwen2_5_3b__sup_opp__s0__41ddb7262d,20,gpt_pass_1,1.0,2.0,2.0,3.0,3.0,1.0,1.0,mixed,clarify,accommodate,agreement
q1__electric_vehicles__self_play__qwen2_5_3b__qwen2_5_3b__sup_opp__s0__41ddb7262d,21,gpt_pass_1,1.0,3.0,1.0,3.0,2.0,3.0,2.0,negative,rebut,challenge,rebuttal
q1__electric_vehicles__self_play__qwen2_5_3b__qwen2_5_3b__sup_opp__s0__41ddb7262d,22,gpt_pass_1,1.0,2.0,1.0,2.0,2.0,2.0,1.0,mixed,clarify,defend,clarification
q1__electric_vehicles__self_play__qwen2_5_3b__qwen2_5_3b__sup_opp__s0__41ddb7262d,23,gpt_pass_1,2.0,3.0,1.0,3.0,2.0,1.0,1.0,mixed,rebut,challenge,rebuttal
q1__electric_vehicles__self_play__qwen2_5_3b__qwen2_5_3b__sup_opp__s0__41ddb7262d,24,gpt_pass_1,1.0,2.0,1.0,2.0,2.0,1.0,1.0,neutral,clarify,explore,clarification
q1__electric_vehicles__self_play__qwen2_5_3b__qwen2_5_3b__sup_opp__s0__41ddb7262d,25,gpt_pass_1,1.0,3.0,0.0,3.0,2.0,1.0,1.0,negative,rebut,challenge,rebuttal
q1__electric_vehicles__self_play__qwen2_5_3b__qwen2_5_3b__sup_opp__s0__41ddb7262d,26,gpt_pass_1,2.0,2.0,1.0,3.0,3.0,1.0,1.0,mixed,synthesize,resolve,synthesis
q1__electric_vehicles__self_play__qwen2_5_3b__qwen2_5_3b__sup_opp__s0__41ddb7262d,27,gpt_pass_1,0.0,3.0,1.0,3.0,3.0,3.0,1.0,negative,rebut,challenge,rebuttal
q1__electric_vehicles__self_play__qwen2_5_3b__qwen2_5_3b__sup_opp__s0__41ddb7262d,28,gpt_pass_1,1.0,2.0,1.0,2.0,2.0,1.0,1.0,mixed,synthesize,explore,synthesis
q1__electric_vehicles__self_play__qwen2_5_3b__qwen2_5_3b__sup_opp__s0__41ddb7262d,29,gpt_pass_1,1.0,3.0,2.0,2.0,3.0,2.0,2.0,negative,rebut,defend,rebuttal
q1__electric_vehicles__self_play__qwen2_5_3b__qwen2_5_3b__sup_opp__s0__41ddb7262d,30,gpt_pass_1,1.0,1.0,1.0,2.0,2.0,2.0,1.0,neutral,synthesize,explore,agreement
q1__electric_vehicles__self_play__qwen2_5_3b__qwen2_5_3b__sup_opp__s0__41ddb7262d,31,gpt_pass_1,1.0,2.0,1.0,3.0,3.0,2.0,1.0,neutral,rebut,challenge,rebuttal
q1__four_day_workweek__mixed_play__gemma2_9b__qwen2_5_3b__opp_sup__s0__4eece27ba1,0,gpt_pass_1,1.0,2.0,1.0,3.0,2.0,1.0,1.0,mixed,clarify,challenge,clarification
q1__four_day_workweek__mixed_play__gemma2_9b__qwen2_5_3b__opp_sup__s0__4eece27ba1,1,gpt_pass_1,2.0,2.0,1.0,3.0,3.0,2.0,1.0,mixed,synthesize,explore,clarification
q1__four_day_workweek__mixed_play__gemma2_9b__qwen2_5_3b__opp_sup__s0__4eece27ba1,2,gpt_pass_1,2.0,3.0,2.0,2.0,2.0,2.0,2.0,mixed,rebut,defend,rebuttal
q1__four_day_workweek__mixed_play__gemma2_9b__qwen2_5_3b__opp_sup__s0__4eece27ba1,3,gpt_pass_1,1.0,2.0,0.0,3.0,2.0,1.0,1.0,mixed,clarify,defend,clarification
q1__four_day_workweek__mixed_play__gemma2_9b__qwen2_5_3b__opp_sup__s0__4eece27ba1,4,gpt_pass_1,1.0,3.0,1.0,3.0,3.0,1.0,1.0,mixed,rebut,challenge,rebuttal
q1__four_day_workweek__mixed_play__gemma2_9b__qwen2_5_3b__opp_sup__s0__4eece27ba1,5,gpt_pass_1,1.0,2.0,1.0,2.0,2.0,1.0,1.0,mixed,clarify,defend,clarification
q1__four_day_workweek__mixed_play__gemma2_9b__qwen2_5_3b__opp_sup__s0__4eece27ba1,6,gpt_pass_1,1.0,2.0,1.0,3.0,2.0,0.0,1.0,mixed,rebut,challenge,rebuttal
q1__four_day_workweek__mixed_play__gemma2_9b__qwen2_5_3b__opp_sup__s0__4eece27ba1,7,gpt_pass_1,2.0,2.0,1.0,3.0,3.0,1.0,1.0,mixed,accommodate,synthesize,synthesis
q1__four_day_workweek__mixed_play__gemma2_9b__qwen2_5_3b__opp_sup__s0__4eece27ba1,8,gpt_pass_1,1.0,2.0,1.0,3.0,2.0,2.0,1.0,mixed,rebut,challenge,rebuttal
q1__four_day_workweek__mixed_play__gemma2_9b__qwen2_5_3b__opp_sup__s0__4eece27ba1,9,gpt_pass_1,1.0,2.0,1.0,2.0,2.0,1.0,1.0,mixed,assert,defend,rebuttal
q1__four_day_workweek__mixed_play__gemma2_9b__qwen2_5_3b__opp_sup__s0__4eece27ba1,10,gpt_pass_1,1.0,3.0,1.0,2.0,3.0,2.0,2.0,mixed,rebut,challenge,rebuttal
q1__four_day_workweek__mixed_play__gemma2_9b__qwen2_5_3b__opp_sup__s0__4eece27ba1,11,gpt_pass_1,2.0,2.0,2.0,3.0,2.0,1.0,2.0,mixed,synthesize,explore,clarification
q1__four_day_workweek__mixed_play__gemma2_9b__qwen2_5_3b__opp_sup__s0__4eece27ba1,12,gpt_pass_1,1.0,2.0,1.0,3.0,3.0,1.0,2.0,mixed,assert,defend,rebuttal
q1__four_day_workweek__mixed_play__gemma2_9b__qwen2_5_3b__opp_sup__s0__4eece27ba1,13,gpt_pass_1,2.0,1.0,2.0,2.0,3.0,1.0,2.0,mixed,synthesize,explore,synthesis
q1__four_day_workweek__mixed_play__gemma2_9b__qwen2_5_3b__opp_sup__s0__4eece27ba1,14,gpt_pass_1,1.0,3.0,0.0,2.0,2.0,2.0,1.0,mixed,rebut,defend,rebuttal
q1__four_day_workweek__mixed_play__gemma2_9b__qwen2_5_3b__opp_sup__s0__4eece27ba1,15,gpt_pass_1,1.0,2.0,1.0,2.0,3.0,2.0,1.0,mixed,assert,defend,rebuttal
q1__four_day_workweek__mixed_play__gemma2_9b__qwen2_5_3b__opp_sup__s0__4eece27ba1,16,gpt_pass_1,2.0,3.0,2.0,2.0,3.0,2.0,1.0,mixed,rebut,challenge,rebuttal
q1__four_day_workweek__mixed_play__gemma2_9b__qwen2_5_3b__opp_sup__s0__4eece27ba1,17,gpt_pass_1,1.0,2.0,1.0,3.0,3.0,1.0,1.0,mixed,assert,defend,rebuttal
q1__four_day_workweek__mixed_play__gemma2_9b__qwen2_5_3b__opp_sup__s0__4eece27ba1,18,gpt_pass_1,1.0,2.0,1.0,3.0,2.0,2.0,2.0,mixed,rebut,challenge,rebuttal
q1__four_day_workweek__mixed_play__gemma2_9b__qwen2_5_3b__opp_sup__s0__4eece27ba1,19,gpt_pass_1,2.0,3.0,1.0,3.0,2.0,1.0,1.0,mixed,assert,defend,uncertain
q1__four_day_workweek__mixed_play__gemma2_9b__qwen2_5_3b__opp_sup__s0__4eece27ba1,20,gpt_pass_1,1.0,2.0,1.0,3.0,4.0,1.0,2.0,mixed,rebut,challenge,rebuttal
q1__four_day_workweek__mixed_play__gemma2_9b__qwen2_5_3b__opp_sup__s0__4eece27ba1,21,gpt_pass_1,1.0,3.0,1.0,2.0,2.0,1.0,1.0,mixed,clarify,synthesize,clarification
q1__four_day_workweek__mixed_play__gemma2_9b__qwen2_5_3b__opp_sup__s0__4eece27ba1,22,gpt_pass_1,1.0,2.0,1.0,3.0,2.0,1.0,0.0,mixed,rebut,challenge,rebuttal
q1__four_day_workweek__mixed_play__gemma2_9b__qwen2_5_3b__opp_sup__s0__4eece27ba1,23,gpt_pass_1,1.0,2.0,1.0,2.0,2.0,2.0,1.0,mixed,synthesize,explore,synthesis
q1__four_day_workweek__mixed_play__gemma2_9b__qwen2_5_3b__opp_sup__s0__4eece27ba1,24,gpt_pass_1,1.0,3.0,0.0,4.0,3.0,0.0,1.0,mixed,assert,defend,rebuttal
q1__four_day_workweek__mixed_play__gemma2_9b__qwen2_5_3b__opp_sup__s0__4eece27ba1,25,gpt_pass_1,2.0,3.0,1.0,3.0,2.0,1.0,2.0,mixed,synthesize,explore,synthesis
q1__four_day_workweek__mixed_play__gemma2_9b__qwen2_5_3b__opp_sup__s0__4eece27ba1,26,gpt_pass_1,1.0,3.0,1.0,3.0,3.0,1.0,2.0,mixed,rebut,challenge,rebuttal
q1__four_day_workweek__mixed_play__gemma2_9b__qwen2_5_3b__opp_sup__s0__4eece27ba1,27,gpt_pass_1,1.0,2.0,1.0,2.0,2.0,1.0,1.0,mixed,synthesize,accommodate,clarification
q1__four_day_workweek__mixed_play__gemma2_9b__qwen2_5_3b__opp_sup__s0__4eece27ba1,28,gpt_pass_1,1.0,3.0,1.0,2.0,3.0,1.0,1.0,mixed,rebut,defend,rebuttal
q1__four_day_workweek__mixed_play__gemma2_9b__qwen2_5_3b__opp_sup__s0__4eece27ba1,29,gpt_pass_1,2.0,3.0,1.0,3.0,2.0,1.0,1.0,mixed,assert,defend,rebuttal
q1__four_day_workweek__mixed_play__gemma2_9b__qwen2_5_3b__opp_sup__s0__4eece27ba1,30,gpt_pass_1,1.0,2.0,1.0,2.0,2.0,2.0,2.0,mixed,rebut,challenge,rebuttal
q1__four_day_workweek__mixed_play__gemma2_9b__qwen2_5_3b__opp_sup__s0__4eece27ba1,31,gpt_pass_1,1.0,2.0,1.0,3.0,2.0,1.0,1.0,mixed,synthesize,resolve,uncertain
q1__four_day_workweek__mixed_play__gemma2_9b__qwen2_5_3b__sup_opp__s0__1856a9885d,0,gpt_pass_1,1.0,3.0,0.0,2.0,3.0,1.0,1.0,mixed,assert,defend,rebuttal
q1__four_day_workweek__mixed_play__gemma2_9b__qwen2_5_3b__sup_opp__s0__1856a9885d,1,gpt_pass_1,1.0,3.0,1.0,2.0,2.0,2.0,1.0,mixed,rebut,challenge,rebuttal
q1__four_day_workweek__mixed_play__gemma2_9b__qwen2_5_3b__sup_opp__s0__1856a9885d,2,gpt_pass_1,2.0,3.0,1.0,2.0,2.0,1.0,2.0,mixed,rebut,defend,rebuttal
q1__four_day_workweek__mixed_play__gemma2_9b__qwen2_5_3b__sup_opp__s0__1856a9885d,3,gpt_pass_1,1.0,3.0,2.0,3.0,2.0,3.0,2.0,mixed,rebut,challenge,escalation
q1__four_day_workweek__mixed_play__gemma2_9b__qwen2_5_3b__sup_opp__s0__1856a9885d,4,gpt_pass_1,1.0,3.0,2.0,2.0,3.0,1.0,2.0,mixed,assert,defend,rebuttal
q1__four_day_workweek__mixed_play__gemma2_9b__qwen2_5_3b__sup_opp__s0__1856a9885d,5,gpt_pass_1,2.0,3.0,2.0,3.0,2.0,1.0,1.0,mixed,rebut,challenge,rebuttal
q1__four_day_workweek__mixed_play__gemma2_9b__qwen2_5_3b__sup_opp__s0__1856a9885d,6,gpt_pass_1,2.0,2.0,1.0,3.0,3.0,2.0,1.0,mixed,assert,defend,clarification
q1__four_day_workweek__mixed_play__gemma2_9b__qwen2_5_3b__sup_opp__s0__1856a9885d,7,gpt_pass_1,1.0,3.0,1.0,2.0,3.0,3.0,2.0,negative,assert,challenge,rebuttal
q1__four_day_workweek__mixed_play__gemma2_9b__qwen2_5_3b__sup_opp__s0__1856a9885d,8,gpt_pass_1,1.0,2.0,1.0,2.0,2.0,1.0,0.0,mixed,rebut,defend,rebuttal
q1__four_day_workweek__mixed_play__gemma2_9b__qwen2_5_3b__sup_opp__s0__1856a9885d,9,gpt_pass_1,1.0,2.0,1.0,3.0,3.0,2.0,2.0,mixed,rebut,challenge,rebuttal
q1__four_day_workweek__mixed_play__gemma2_9b__qwen2_5_3b__sup_opp__s0__1856a9885d,10,gpt_pass_1,1.0,2.0,0.0,2.0,3.0,1.0,1.0,mixed,assert,defend,rebuttal
q1__four_day_workweek__mixed_play__gemma2_9b__qwen2_5_3b__sup_opp__s0__1856a9885d,11,gpt_pass_1,2.0,2.0,1.0,2.0,3.0,2.0,1.0,mixed,rebut,challenge,rebuttal
q1__four_day_workweek__mixed_play__gemma2_9b__qwen2_5_3b__sup_opp__s0__1856a9885d,12,gpt_pass_1,2.0,2.0,2.0,2.0,2.0,1.0,2.0,mixed,assert,defend,rebuttal
q1__four_day_workweek__mixed_play__gemma2_9b__qwen2_5_3b__sup_opp__s0__1856a9885d,13,gpt_pass_1,0.0,4.0,1.0,2.0,3.0,0.0,0.0,mixed,assert,defend,closure
q1__four_day_workweek__mixed_play__gemma2_9b__qwen2_5_3b__sup_opp__s0__1856a9885d,14,gpt_pass_1,2.0,2.0,2.0,3.0,3.0,1.0,1.0,mixed,assert,defend,rebuttal
q1__four_day_workweek__mixed_play__gemma2_9b__qwen2_5_3b__sup_opp__s0__1856a9885d,15,gpt_pass_1,1.0,3.0,1.0,3.0,2.0,2.0,2.0,mixed,rebut,challenge,rebuttal
q1__four_day_workweek__mixed_play__gemma2_9b__qwen2_5_3b__sup_opp__s0__1856a9885d,16,gpt_pass_1,2.0,1.0,2.0,2.0,2.0,2.0,1.0,mixed,assert,defend,rebuttal
q1__four_day_workweek__mixed_play__gemma2_9b__qwen2_5_3b__sup_opp__s0__1856a9885d,17,gpt_pass_1,1.0,3.0,1.0,3.0,3.0,3.0,1.0,mixed,assert,defend,rebuttal
q1__four_day_workweek__mixed_play__gemma2_9b__qwen2_5_3b__sup_opp__s0__1856a9885d,18,gpt_pass_1,1.0,3.0,1.0,2.0,2.0,3.0,1.0,mixed,assert,defend,rebuttal
q1__four_day_workweek__mixed_play__gemma2_9b__qwen2_5_3b__sup_opp__s0__1856a9885d,19,gpt_pass_1,1.0,2.0,1.0,3.0,3.0,1.0,2.0,mixed,rebut,challenge,rebuttal
q1__four_day_workweek__mixed_play__gemma2_9b__qwen2_5_3b__sup_opp__s0__1856a9885d,20,gpt_pass_1,1.0,1.0,1.0,3.0,3.0,2.0,1.0,mixed,synthesize,accommodate,agreement
q1__four_day_workweek__mixed_play__gemma2_9b__qwen2_5_3b__sup_opp__s0__1856a9885d,21,gpt_pass_1,1.0,3.0,0.0,2.0,2.0,1.0,1.0,mixed,assert,defend,rebuttal
q1__four_day_workweek__mixed_play__gemma2_9b__qwen2_5_3b__sup_opp__s0__1856a9885d,22,gpt_pass_1,1.0,2.0,1.0,2.0,2.0,1.0,1.0,mixed,assert,defend,rebuttal
q1__four_day_workweek__mixed_play__gemma2_9b__qwen2_5_3b__sup_opp__s0__1856a9885d,23,gpt_pass_1,1.0,3.0,1.0,2.0,3.0,2.0,1.0,mixed,assert,defend,agreement
q1__four_day_workweek__mixed_play__gemma2_9b__qwen2_5_3b__sup_opp__s0__1856a9885d,24,gpt_pass_1,2.0,2.0,1.0,3.0,3.0,2.0,2.0,mixed,clarify,defend,uncertain
q1__four_day_workweek__mixed_play__gemma2_9b__qwen2_5_3b__sup_opp__s0__1856a9885d,25,gpt_pass_1,2.0,3.0,0.0,2.0,3.0,1.0,2.0,mixed,rebut,challenge,rebuttal
q1__four_day_workweek__mixed_play__gemma2_9b__qwen2_5_3b__sup_opp__s0__1856a9885d,26,gpt_pass_1,2.0,3.0,2.0,3.0,2.0,2.0,1.0,mixed,assert,synthesize,agreement
q1__four_day_workweek__mixed_play__gemma2_9b__qwen2_5_3b__sup_opp__s0__1856a9885d,27,gpt_pass_1,1.0,3.0,1.0,2.0,2.0,1.0,1.0,mixed,rebut,defend,rebuttal
q1__four_day_workweek__mixed_play__gemma2_9b__qwen2_5_3b__sup_opp__s0__1856a9885d,28,gpt_pass_1,2.0,2.0,1.0,2.0,2.0,2.0,2.0,mixed,assert,defend,rebuttal
q1__four_day_workweek__mixed_play__gemma2_9b__qwen2_5_3b__sup_opp__s0__1856a9885d,29,gpt_pass_1,1.0,4.0,1.0,2.0,2.0,4.0,1.0,mixed,assert,defend,rebuttal
q1__four_day_workweek__mixed_play__gemma2_9b__qwen2_5_3b__sup_opp__s0__1856a9885d,30,gpt_pass_1,3.0,2.0,1.0,3.0,3.0,2.0,2.0,mixed,assert,defend,rebuttal
q1__four_day_workweek__mixed_play__gemma2_9b__qwen2_5_3b__sup_opp__s0__1856a9885d,31,gpt_pass_1,1.0,3.0,1.0,1.0,2.0,2.0,1.0,mixed,rebut,defend,rebuttal
q1__four_day_workweek__mixed_play__llama3_8b__qwen2_5_3b__opp_sup__s0__c50a3c79f9,0,gpt_pass_1,1.0,3.0,1.0,3.0,2.0,2.0,2.0,negative,rebut,challenge,rebuttal
q1__four_day_workweek__mixed_play__llama3_8b__qwen2_5_3b__opp_sup__s0__c50a3c79f9,1,gpt_pass_1,2.0,2.0,2.0,3.0,2.0,2.0,2.0,mixed,synthesize,explore,synthesis
q1__four_day_workweek__mixed_play__llama3_8b__qwen2_5_3b__opp_sup__s0__c50a3c79f9,2,gpt_pass_1,2.0,2.0,2.0,3.0,2.0,2.0,3.0,mixed,rebut,challenge,rebuttal
q1__four_day_workweek__mixed_play__llama3_8b__qwen2_5_3b__opp_sup__s0__c50a3c79f9,3,gpt_pass_1,1.0,3.0,2.0,3.0,2.0,1.0,2.0,mixed,assert,defend,rebuttal
q1__four_day_workweek__mixed_play__llama3_8b__qwen2_5_3b__opp_sup__s0__c50a3c79f9,4,gpt_pass_1,1.0,4.0,1.0,4.0,2.0,0.0,0.0,mixed,rebut,defend,rebuttal
q1__four_day_workweek__mixed_play__llama3_8b__qwen2_5_3b__opp_sup__s0__c50a3c79f9,5,gpt_pass_1,2.0,3.0,2.0,3.0,2.0,2.0,2.0,mixed,assert,defend,rebuttal
q1__four_day_workweek__mixed_play__llama3_8b__qwen2_5_3b__opp_sup__s0__c50a3c79f9,6,gpt_pass_1,0.0,3.0,0.0,3.0,2.0,1.0,1.0,mixed,rebut,challenge,rebuttal
q1__four_day_workweek__mixed_play__llama3_8b__qwen2_5_3b__opp_sup__s0__c50a3c79f9,7,gpt_pass_1,1.0,2.0,1.0,3.0,2.0,1.0,1.0,mixed,assert,defend,rebuttal
q1__four_day_workweek__mixed_play__llama3_8b__qwen2_5_3b__opp_sup__s0__c50a3c79f9,8,gpt_pass_1,1.0,4.0,1.0,3.0,2.0,0.0,1.0,mixed,rebut,challenge,rebuttal
q1__four_day_workweek__mixed_play__llama3_8b__qwen2_5_3b__opp_sup__s0__c50a3c79f9,9,gpt_pass_1,1.0,2.0,2.0,2.0,2.0,1.0,2.0,mixed,assert,defend,rebuttal
q1__four_day_workweek__mixed_play__llama3_8b__qwen2_5_3b__opp_sup__s0__c50a3c79f9,10,gpt_pass_1,1.0,2.0,1.0,2.0,2.0,2.0,2.0,mixed,rebut,challenge,rebuttal
q1__four_day_workweek__mixed_play__llama3_8b__qwen2_5_3b__opp_sup__s0__c50a3c79f9,11,gpt_pass_1,1.0,2.0,1.0,2.0,2.0,1.0,1.0,mixed,rebut,defend,rebuttal
q1__four_day_workweek__mixed_play__llama3_8b__qwen2_5_3b__opp_sup__s0__c50a3c79f9,12,gpt_pass_1,0.0,2.0,1.0,2.0,2.0,2.0,1.0,mixed,rebut,challenge,rebuttal
q1__four_day_workweek__mixed_play__llama3_8b__qwen2_5_3b__opp_sup__s0__c50a3c79f9,13,gpt_pass_1,2.0,2.0,2.0,3.0,2.0,2.0,2.0,mixed,assert,persuade,agreement
q1__four_day_workweek__mixed_play__llama3_8b__qwen2_5_3b__opp_sup__s0__c50a3c79f9,14,gpt_pass_1,1.0,3.0,2.0,3.0,2.0,1.0,2.0,mixed,rebut,challenge,rebuttal
q1__four_day_workweek__mixed_play__llama3_8b__qwen2_5_3b__opp_sup__s0__c50a3c79f9,15,gpt_pass_1,1.0,2.0,1.0,2.0,2.0,1.0,1.0,mixed,accommodate,persuade,accommodation
q1__four_day_workweek__mixed_play__llama3_8b__qwen2_5_3b__opp_sup__s0__c50a3c79f9,16,gpt_pass_1,1.0,4.0,1.0,2.0,3.0,0.0,1.0,mixed,rebut,challenge,rebuttal
q1__four_day_workweek__mixed_play__llama3_8b__qwen2_5_3b__opp_sup__s0__c50a3c79f9,17,gpt_pass_1,1.0,2.0,2.0,3.0,2.0,1.0,1.0,mixed,assert,challenge,escalation
q1__four_day_workweek__mixed_play__llama3_8b__qwen2_5_3b__opp_sup__s0__c50a3c79f9,18,gpt_pass_1,1.0,3.0,2.0,3.0,2.0,1.0,2.0,mixed,rebut,challenge,rebuttal
q1__four_day_workweek__mixed_play__llama3_8b__qwen2_5_3b__opp_sup__s0__c50a3c79f9,19,gpt_pass_1,1.0,2.0,1.0,3.0,2.0,1.0,1.0,mixed,assert,defend,rebuttal
q1__four_day_workweek__mixed_play__llama3_8b__qwen2_5_3b__opp_sup__s0__c50a3c79f9,20,gpt_pass_1,1.0,3.0,1.0,3.0,3.0,1.0,1.0,mixed,rebut,challenge,rebuttal
q1__four_day_workweek__mixed_play__llama3_8b__qwen2_5_3b__opp_sup__s0__c50a3c79f9,21,gpt_pass_1,2.0,3.0,1.0,3.0,3.0,1.0,1.0,mixed,assert,defend,rebuttal
q1__four_day_workweek__mixed_play__llama3_8b__qwen2_5_3b__opp_sup__s0__c50a3c79f9,22,gpt_pass_1,1.0,3.0,1.0,3.0,3.0,1.0,1.0,mixed,rebut,challenge,rebuttal
q1__four_day_workweek__mixed_play__llama3_8b__qwen2_5_3b__opp_sup__s0__c50a3c79f9,23,gpt_pass_1,2.0,2.0,2.0,3.0,2.0,1.0,2.0,mixed,assert,defend,rebuttal
q1__four_day_workweek__mixed_play__llama3_8b__qwen2_5_3b__opp_sup__s0__c50a3c79f9,24,gpt_pass_1,0.0,4.0,0.0,1.0,2.0,0.0,0.0,mixed,rebut,defend,rebuttal
q1__four_day_workweek__mixed_play__llama3_8b__qwen2_5_3b__opp_sup__s0__c50a3c79f9,25,gpt_pass_1,1.0,2.0,1.0,2.0,2.0,1.0,2.0,mixed,assert,defend,rebuttal
q1__four_day_workweek__mixed_play__llama3_8b__qwen2_5_3b__opp_sup__s0__c50a3c79f9,26,gpt_pass_1,1.0,2.0,1.0,3.0,3.0,1.0,1.0,mixed,assert,challenge,rebuttal
q1__four_day_workweek__mixed_play__llama3_8b__qwen2_5_3b__opp_sup__s0__c50a3c79f9,27,gpt_pass_1,2.0,3.0,2.0,3.0,2.0,1.0,1.0,mixed,synthesize,resolve,synthesis
q1__four_day_workweek__mixed_play__llama3_8b__qwen2_5_3b__opp_sup__s0__c50a3c79f9,28,gpt_pass_1,1.0,4.0,0.0,4.0,2.0,0.0,1.0,mixed,rebut,defend,rebuttal
q1__four_day_workweek__mixed_play__llama3_8b__qwen2_5_3b__opp_sup__s0__c50a3c79f9,29,gpt_pass_1,2.0,3.0,1.0,3.0,2.0,1.0,0.0,mixed,assert,defend,rebuttal
q1__four_day_workweek__mixed_play__llama3_8b__qwen2_5_3b__opp_sup__s0__c50a3c79f9,30,gpt_pass_1,1.0,3.0,1.0,3.0,2.0,0.0,1.0,mixed,rebut,defend,rebuttal
q1__four_day_workweek__mixed_play__llama3_8b__qwen2_5_3b__opp_sup__s0__c50a3c79f9,31,gpt_pass_1,1.0,3.0,1.0,2.0,2.0,1.0,0.0,mixed,assert,defend,rebuttal
q1__four_day_workweek__mixed_play__llama3_8b__qwen2_5_3b__sup_opp__s0__5d1d4f962b,0,gpt_pass_1,2.0,2.0,1.0,3.0,3.0,1.0,2.0,positive,assert,defend,agreement
q1__four_day_workweek__mixed_play__llama3_8b__qwen2_5_3b__sup_opp__s0__5d1d4f962b,1,gpt_pass_1,0.0,4.0,1.0,2.0,3.0,0.0,1.0,negative,rebut,challenge,rebuttal
q1__four_day_workweek__mixed_play__llama3_8b__qwen2_5_3b__sup_opp__s0__5d1d4f962b,2,gpt_pass_1,2.0,3.0,1.0,3.0,3.0,1.0,1.0,mixed,assert,defend,rebuttal
q1__four_day_workweek__mixed_play__llama3_8b__qwen2_5_3b__sup_opp__s0__5d1d4f962b,3,gpt_pass_1,2.0,3.0,1.0,2.0,3.0,1.0,2.0,mixed,rebut,challenge,rebuttal
q1__four_day_workweek__mixed_play__llama3_8b__qwen2_5_3b__sup_opp__s0__5d1d4f962b,4,gpt_pass_1,1.0,2.0,2.0,3.0,2.0,2.0,1.0,mixed,clarify,defend,clarification
q1__four_day_workweek__mixed_play__llama3_8b__qwen2_5_3b__sup_opp__s0__5d1d4f962b,5,gpt_pass_1,1.0,2.0,1.0,2.0,2.0,2.0,2.0,mixed,rebut,challenge,rebuttal
q1__four_day_workweek__mixed_play__llama3_8b__qwen2_5_3b__sup_opp__s0__5d1d4f962b,6,gpt_pass_1,2.0,3.0,2.0,3.0,3.0,2.0,1.0,mixed,assert,defend,rebuttal
q1__four_day_workweek__mixed_play__llama3_8b__qwen2_5_3b__sup_opp__s0__5d1d4f962b,7,gpt_pass_1,1.0,3.0,2.0,3.0,2.0,1.0,2.0,mixed,assert,challenge,rebuttal
q1__four_day_workweek__mixed_play__llama3_8b__qwen2_5_3b__sup_opp__s0__5d1d4f962b,8,gpt_pass_1,2.0,3.0,1.0,2.0,3.0,2.0,1.0,mixed,assert,defend,rebuttal
q1__four_day_workweek__mixed_play__llama3_8b__qwen2_5_3b__sup_opp__s0__5d1d4f962b,9,gpt_pass_1,1.0,2.0,1.0,2.0,2.0,2.0,1.0,mixed,rebut,challenge,rebuttal
q1__four_day_workweek__mixed_play__llama3_8b__qwen2_5_3b__sup_opp__s0__5d1d4f962b,10,gpt_pass_1,1.0,2.0,1.0,3.0,2.0,1.0,1.0,mixed,assert,defend,rebuttal
q1__four_day_workweek__mixed_play__llama3_8b__qwen2_5_3b__sup_opp__s0__5d1d4f962b,11,gpt_pass_1,1.0,3.0,1.0,3.0,2.0,2.0,1.0,mixed,rebut,challenge,rebuttal
q1__four_day_workweek__mixed_play__llama3_8b__qwen2_5_3b__sup_opp__s0__5d1d4f962b,12,gpt_pass_1,1.0,3.0,0.0,2.0,3.0,2.0,1.0,mixed,assert,defend,rebuttal
q1__four_day_workweek__mixed_play__llama3_8b__qwen2_5_3b__sup_opp__s0__5d1d4f962b,13,gpt_pass_1,1.0,2.0,1.0,3.0,3.0,2.0,1.0,mixed,rebut,challenge,rebuttal
q1__four_day_workweek__mixed_play__llama3_8b__qwen2_5_3b__sup_opp__s0__5d1d4f962b,14,gpt_pass_1,1.0,3.0,2.0,2.0,3.0,1.0,2.0,mixed,assert,defend,rebuttal
q1__four_day_workweek__mixed_play__llama3_8b__qwen2_5_3b__sup_opp__s0__5d1d4f962b,15,gpt_pass_1,2.0,3.0,2.0,4.0,2.0,2.0,2.0,mixed,rebut,challenge,rebuttal
q1__four_day_workweek__mixed_play__llama3_8b__qwen2_5_3b__sup_opp__s0__5d1d4f962b,16,gpt_pass_1,1.0,2.0,1.0,2.0,2.0,2.0,1.0,mixed,assert,defend,rebuttal
q1__four_day_workweek__mixed_play__llama3_8b__qwen2_5_3b__sup_opp__s0__5d1d4f962b,17,gpt_pass_1,1.0,2.0,2.0,2.0,2.0,1.0,1.0,mixed,rebut,challenge,rebuttal
q1__four_day_workweek__mixed_play__llama3_8b__qwen2_5_3b__sup_opp__s0__5d1d4f962b,18,gpt_pass_1,1.0,2.0,2.0,3.0,2.0,2.0,1.0,mixed,assert,defend,rebuttal
q1__four_day_workweek__mixed_play__llama3_8b__qwen2_5_3b__sup_opp__s0__5d1d4f962b,19,gpt_pass_1,1.0,3.0,1.0,2.0,2.0,3.0,2.0,mixed,rebut,challenge,rebuttal
q1__four_day_workweek__mixed_play__llama3_8b__qwen2_5_3b__sup_opp__s0__5d1d4f962b,20,gpt_pass_1,1.0,1.0,2.0,2.0,3.0,1.0,1.0,mixed,synthesize,persuade,accommodation
q1__four_day_workweek__mixed_play__llama3_8b__qwen2_5_3b__sup_opp__s0__5d1d4f962b,21,gpt_pass_1,1.0,3.0,1.0,3.0,3.0,1.0,1.0,mixed,rebut,challenge,rebuttal
q1__four_day_workweek__mixed_play__llama3_8b__qwen2_5_3b__sup_opp__s0__5d1d4f962b,22,gpt_pass_1,2.0,3.0,1.0,3.0,2.0,1.0,1.0,mixed,assert,defend,rebuttal
q1__four_day_workweek__mixed_play__llama3_8b__qwen2_5_3b__sup_opp__s0__5d1d4f962b,23,gpt_pass_1,1.0,2.0,2.0,2.0,3.0,2.0,1.0,mixed,rebut,challenge,rebuttal
q1__four_day_workweek__mixed_play__llama3_8b__qwen2_5_3b__sup_opp__s0__5d1d4f962b,24,gpt_pass_1,2.0,2.0,2.0,3.0,3.0,1.0,2.0,mixed,synthesize,resolve,synthesis
q1__four_day_workweek__mixed_play__llama3_8b__qwen2_5_3b__sup_opp__s0__5d1d4f962b,25,gpt_pass_1,2.0,3.0,2.0,3.0,3.0,1.0,2.0,mixed,clarify,explore,clarification
q1__four_day_workweek__mixed_play__llama3_8b__qwen2_5_3b__sup_opp__s0__5d1d4f962b,26,gpt_pass_1,2.0,3.0,1.0,3.0,2.0,1.0,2.0,mixed,assert,defend,rebuttal
q1__four_day_workweek__mixed_play__llama3_8b__qwen2_5_3b__sup_opp__s0__5d1d4f962b,27,gpt_pass_1,2.0,3.0,2.0,3.0,3.0,1.0,1.0,mixed,rebut,challenge,rebuttal
q1__four_day_workweek__mixed_play__llama3_8b__qwen2_5_3b__sup_opp__s0__5d1d4f962b,28,gpt_pass_1,1.0,2.0,1.0,2.0,2.0,1.0,2.0,mixed,clarify,explore,clarification
q1__four_day_workweek__mixed_play__llama3_8b__qwen2_5_3b__sup_opp__s0__5d1d4f962b,29,gpt_pass_1,1.0,3.0,2.0,3.0,3.0,2.0,1.0,mixed,rebut,challenge,rebuttal
q1__four_day_workweek__mixed_play__llama3_8b__qwen2_5_3b__sup_opp__s0__5d1d4f962b,30,gpt_pass_1,2.0,3.0,1.0,3.0,3.0,1.0,1.0,mixed,assert,defend,rebuttal
q1__four_day_workweek__mixed_play__llama3_8b__qwen2_5_3b__sup_opp__s0__5d1d4f962b,31,gpt_pass_1,1.0,3.0,1.0,3.0,2.0,1.0,1.0,mixed,rebut,challenge,escalation
q1__four_day_workweek__self_play__gemma2_9b__gemma2_9b__opp_sup__s0__d0c7acc109,0,gpt_pass_1,1.0,2.0,1.0,3.0,2.0,1.0,1.0,mixed,clarify,challenge,clarification
q1__four_day_workweek__self_play__gemma2_9b__gemma2_9b__opp_sup__s0__d0c7acc109,1,gpt_pass_1,1.0,3.0,2.0,3.0,3.0,1.0,2.0,mixed,assert,defend,agreement
q1__four_day_workweek__self_play__gemma2_9b__gemma2_9b__opp_sup__s0__d0c7acc109,2,gpt_pass_1,2.0,3.0,2.0,2.0,3.0,2.0,2.0,mixed,rebut,defend,rebuttal
q1__four_day_workweek__self_play__gemma2_9b__gemma2_9b__opp_sup__s0__d0c7acc109,3,gpt_pass_1,1.0,2.0,0.0,3.0,2.0,1.0,1.0,mixed,clarify,defend,clarification
q1__four_day_workweek__self_play__gemma2_9b__gemma2_9b__opp_sup__s0__d0c7acc109,4,gpt_pass_1,1.0,3.0,1.0,3.0,3.0,1.0,1.0,mixed,rebut,defend,rebuttal
q1__four_day_workweek__self_play__gemma2_9b__gemma2_9b__opp_sup__s0__d0c7acc109,5,gpt_pass_1,1.0,3.0,1.0,3.0,2.0,1.0,1.0,mixed,assert,defend,rebuttal
q1__four_day_workweek__self_play__gemma2_9b__gemma2_9b__opp_sup__s0__d0c7acc109,6,gpt_pass_1,1.0,2.0,1.0,3.0,2.0,0.0,1.0,mixed,rebut,challenge,rebuttal
q1__four_day_workweek__self_play__gemma2_9b__gemma2_9b__opp_sup__s0__d0c7acc109,7,gpt_pass_1,1.0,3.0,1.0,3.0,2.0,1.0,1.0,mixed,clarify,explore,clarification
q1__four_day_workweek__self_play__gemma2_9b__gemma2_9b__opp_sup__s0__d0c7acc109,8,gpt_pass_1,1.0,2.0,1.0,3.0,2.0,2.0,1.0,mixed,rebut,challenge,rebuttal
q1__four_day_workweek__self_play__gemma2_9b__gemma2_9b__opp_sup__s0__d0c7acc109,9,gpt_pass_1,1.0,2.0,1.0,2.0,2.0,1.0,1.0,mixed,assert,defend,rebuttal
q1__four_day_workweek__self_play__gemma2_9b__gemma2_9b__opp_sup__s0__d0c7acc109,10,gpt_pass_1,1.0,2.0,1.0,2.0,3.0,2.0,2.0,mixed,rebut,challenge,rebuttal
q1__four_day_workweek__self_play__gemma2_9b__gemma2_9b__opp_sup__s0__d0c7acc109,11,gpt_pass_1,2.0,2.0,2.0,2.0,2.0,1.0,2.0,mixed,assert,defend,rebuttal
q1__four_day_workweek__self_play__gemma2_9b__gemma2_9b__opp_sup__s0__d0c7acc109,12,gpt_pass_1,1.0,2.0,1.0,3.0,3.0,1.0,2.0,mixed,assert,defend,rebuttal
q1__four_day_workweek__self_play__gemma2_9b__gemma2_9b__opp_sup__s0__d0c7acc109,13,gpt_pass_1,1.0,2.0,1.0,2.0,3.0,1.0,1.0,mixed,assert,defend,rebuttal
q1__four_day_workweek__self_play__gemma2_9b__gemma2_9b__opp_sup__s0__d0c7acc109,14,gpt_pass_1,1.0,3.0,0.0,2.0,2.0,2.0,1.0,mixed,rebut,defend,rebuttal
q1__four_day_workweek__self_play__gemma2_9b__gemma2_9b__opp_sup__s0__d0c7acc109,15,gpt_pass_1,1.0,2.0,1.0,2.0,3.0,2.0,1.0,mixed,assert,defend,rebuttal
q1__four_day_workweek__self_play__gemma2_9b__gemma2_9b__opp_sup__s0__d0c7acc109,16,gpt_pass_1,2.0,3.0,2.0,2.0,3.0,2.0,1.0,mixed,rebut,challenge,rebuttal
q1__four_day_workweek__self_play__gemma2_9b__gemma2_9b__opp_sup__s0__d0c7acc109,17,gpt_pass_1,1.0,3.0,2.0,3.0,3.0,1.0,2.0,mixed,assert,defend,rebuttal
q1__four_day_workweek__self_play__gemma2_9b__gemma2_9b__opp_sup__s0__d0c7acc109,18,gpt_pass_1,1.0,2.0,1.0,3.0,2.0,2.0,2.0,mixed,rebut,challenge,rebuttal
q1__four_day_workweek__self_play__gemma2_9b__gemma2_9b__opp_sup__s0__d0c7acc109,19,gpt_pass_1,2.0,3.0,1.0,3.0,2.0,1.0,1.0,mixed,assert,defend,uncertain
q1__four_day_workweek__self_play__gemma2_9b__gemma2_9b__opp_sup__s0__d0c7acc109,20,gpt_pass_1,1.0,2.0,1.0,3.0,4.0,1.0,2.0,mixed,rebut,challenge,rebuttal
q1__four_day_workweek__self_play__gemma2_9b__gemma2_9b__opp_sup__s0__d0c7acc109,21,gpt_pass_1,1.0,3.0,1.0,2.0,2.0,1.0,1.0,mixed,assert,persuade,rebuttal
q1__four_day_workweek__self_play__gemma2_9b__gemma2_9b__opp_sup__s0__d0c7acc109,22,gpt_pass_1,1.0,2.0,1.0,3.0,2.0,1.0,0.0,mixed,rebut,challenge,rebuttal
q1__four_day_workweek__self_play__gemma2_9b__gemma2_9b__opp_sup__s0__d0c7acc109,23,gpt_pass_1,1.0,2.0,1.0,2.0,2.0,2.0,1.0,positive,accommodate,accommodate,agreement
q1__four_day_workweek__self_play__gemma2_9b__gemma2_9b__opp_sup__s0__d0c7acc109,24,gpt_pass_1,1.0,3.0,1.0,4.0,3.0,0.0,1.0,mixed,concede,accommodate,accommodation
q1__four_day_workweek__self_play__gemma2_9b__gemma2_9b__opp_sup__s0__d0c7acc109,25,gpt_pass_1,2.0,3.0,1.0,3.0,2.0,1.0,2.0,mixed,assert,defend,rebuttal
q1__four_day_workweek__self_play__gemma2_9b__gemma2_9b__opp_sup__s0__d0c7acc109,26,gpt_pass_1,1.0,3.0,1.0,3.0,3.0,1.0,2.0,mixed,rebut,challenge,rebuttal
q1__four_day_workweek__self_play__gemma2_9b__gemma2_9b__opp_sup__s0__d0c7acc109,27,gpt_pass_1,1.0,2.0,1.0,2.0,2.0,1.0,1.0,mixed,synthesize,accommodate,clarification
q1__four_day_workweek__self_play__gemma2_9b__gemma2_9b__opp_sup__s0__d0c7acc109,28,gpt_pass_1,1.0,3.0,1.0,2.0,3.0,1.0,1.0,mixed,rebut,defend,rebuttal
q1__four_day_workweek__self_play__gemma2_9b__gemma2_9b__opp_sup__s0__d0c7acc109,29,gpt_pass_1,2.0,3.0,1.0,3.0,2.0,1.0,1.0,mixed,assert,defend,rebuttal
q1__four_day_workweek__self_play__gemma2_9b__gemma2_9b__opp_sup__s0__d0c7acc109,30,gpt_pass_1,0.0,2.0,1.0,2.0,2.0,2.0,2.0,mixed,rebut,challenge,rebuttal
q1__four_day_workweek__self_play__gemma2_9b__gemma2_9b__opp_sup__s0__d0c7acc109,31,gpt_pass_1,2.0,2.0,1.0,3.0,2.0,1.0,1.0,mixed,assert,persuade,agreement
q1__four_day_workweek__self_play__gemma2_9b__gemma2_9b__sup_opp__s0__19426fc16d,0,gpt_pass_1,1.0,3.0,0.0,2.0,3.0,1.0,1.0,mixed,assert,defend,rebuttal
q1__four_day_workweek__self_play__gemma2_9b__gemma2_9b__sup_opp__s0__19426fc16d,1,gpt_pass_1,1.0,3.0,1.0,2.0,3.0,2.0,1.0,mixed,rebut,challenge,rebuttal
q1__four_day_workweek__self_play__gemma2_9b__gemma2_9b__sup_opp__s0__19426fc16d,2,gpt_pass_1,2.0,2.0,1.0,2.0,2.0,1.0,2.0,mixed,rebut,defend,rebuttal
q1__four_day_workweek__self_play__gemma2_9b__gemma2_9b__sup_opp__s0__19426fc16d,3,gpt_pass_1,1.0,3.0,2.0,3.0,2.0,3.0,2.0,mixed,rebut,challenge,escalation
q1__four_day_workweek__self_play__gemma2_9b__gemma2_9b__sup_opp__s0__19426fc16d,4,gpt_pass_1,1.0,3.0,2.0,2.0,3.0,1.0,2.0,mixed,assert,defend,rebuttal
q1__four_day_workweek__self_play__gemma2_9b__gemma2_9b__sup_opp__s0__19426fc16d,5,gpt_pass_1,3.0,2.0,3.0,2.0,3.0,2.0,2.0,mixed,rebut,defend,rebuttal
q1__four_day_workweek__self_play__gemma2_9b__gemma2_9b__sup_opp__s0__19426fc16d,6,gpt_pass_1,2.0,3.0,2.0,3.0,3.0,1.0,1.0,mixed,assert,defend,rebuttal
q1__four_day_workweek__self_play__gemma2_9b__gemma2_9b__sup_opp__s0__19426fc16d,7,gpt_pass_1,1.0,2.0,2.0,3.0,3.0,2.0,2.0,negative,rebut,challenge,rebuttal
q1__four_day_workweek__self_play__gemma2_9b__gemma2_9b__sup_opp__s0__19426fc16d,8,gpt_pass_1,1.0,3.0,0.0,2.0,2.0,1.0,1.0,mixed,assert,defend,rebuttal
q1__four_day_workweek__self_play__gemma2_9b__gemma2_9b__sup_opp__s0__19426fc16d,9,gpt_pass_1,1.0,2.0,1.0,3.0,3.0,2.0,2.0,mixed,rebut,challenge,rebuttal
q1__four_day_workweek__self_play__gemma2_9b__gemma2_9b__sup_opp__s0__19426fc16d,10,gpt_pass_1,1.0,2.0,1.0,2.0,3.0,1.0,1.0,mixed,assert,defend,rebuttal
q1__four_day_workweek__self_play__gemma2_9b__gemma2_9b__sup_opp__s0__19426fc16d,11,gpt_pass_1,1.0,2.0,1.0,2.0,3.0,2.0,1.0,mixed,rebut,challenge,rebuttal
q1__four_day_workweek__self_play__gemma2_9b__gemma2_9b__sup_opp__s0__19426fc16d,12,gpt_pass_1,2.0,2.0,2.0,3.0,2.0,1.0,2.0,mixed,assert,defend,rebuttal
q1__four_day_workweek__self_play__gemma2_9b__gemma2_9b__sup_opp__s0__19426fc16d,13,gpt_pass_1,0.0,3.0,1.0,2.0,3.0,0.0,0.0,mixed,rebut,defend,rebuttal
q1__four_day_workweek__self_play__gemma2_9b__gemma2_9b__sup_opp__s0__19426fc16d,14,gpt_pass_1,2.0,2.0,2.0,3.0,3.0,1.0,1.0,mixed,assert,defend,rebuttal
q1__four_day_workweek__self_play__gemma2_9b__gemma2_9b__sup_opp__s0__19426fc16d,15,gpt_pass_1,1.0,3.0,1.0,3.0,2.0,2.0,2.0,mixed,rebut,challenge,rebuttal
q1__four_day_workweek__self_play__gemma2_9b__gemma2_9b__sup_opp__s0__19426fc16d,16,gpt_pass_1,1.0,2.0,2.0,2.0,2.0,2.0,1.0,mixed,assert,defend,rebuttal
q1__four_day_workweek__self_play__gemma2_9b__gemma2_9b__sup_opp__s0__19426fc16d,17,gpt_pass_1,1.0,3.0,1.0,2.0,3.0,3.0,1.0,mixed,rebut,challenge,rebuttal
q1__four_day_workweek__self_play__gemma2_9b__gemma2_9b__sup_opp__s0__19426fc16d,18,gpt_pass_1,2.0,2.0,1.0,3.0,2.0,2.0,1.0,mixed,assert,defend,rebuttal
q1__four_day_workweek__self_play__gemma2_9b__gemma2_9b__sup_opp__s0__19426fc16d,19,gpt_pass_1,1.0,3.0,1.0,3.0,3.0,1.0,2.0,mixed,rebut,challenge,rebuttal
q1__four_day_workweek__self_play__gemma2_9b__gemma2_9b__sup_opp__s0__19426fc16d,20,gpt_pass_1,0.0,3.0,1.0,3.0,3.0,0.0,1.0,negative,assert,defend,rebuttal
q1__four_day_workweek__self_play__gemma2_9b__gemma2_9b__sup_opp__s0__19426fc16d,21,gpt_pass_1,1.0,3.0,0.0,2.0,2.0,1.0,1.0,mixed,assert,defend,rebuttal
q1__four_day_workweek__self_play__gemma2_9b__gemma2_9b__sup_opp__s0__19426fc16d,22,gpt_pass_1,1.0,2.0,1.0,2.0,2.0,1.0,1.0,mixed,assert,defend,rebuttal
q1__four_day_workweek__self_play__gemma2_9b__gemma2_9b__sup_opp__s0__19426fc16d,23,gpt_pass_1,1.0,3.0,1.0,2.0,3.0,2.0,1.0,mixed,assert,defend,agreement
q1__four_day_workweek__self_play__gemma2_9b__gemma2_9b__sup_opp__s0__19426fc16d,24,gpt_pass_1,2.0,2.0,1.0,3.0,3.0,2.0,2.0,mixed,clarify,defend,uncertain
q1__four_day_workweek__self_play__gemma2_9b__gemma2_9b__sup_opp__s0__19426fc16d,25,gpt_pass_1,2.0,3.0,1.0,2.0,3.0,1.0,2.0,mixed,rebut,challenge,rebuttal
q1__four_day_workweek__self_play__gemma2_9b__gemma2_9b__sup_opp__s0__19426fc16d,26,gpt_pass_1,2.0,3.0,2.0,3.0,2.0,2.0,1.0,mixed,assert,defend,rebuttal
q1__four_day_workweek__self_play__gemma2_9b__gemma2_9b__sup_opp__s0__19426fc16d,27,gpt_pass_1,1.0,3.0,1.0,3.0,2.0,2.0,1.0,mixed,rebut,challenge,rebuttal
q1__four_day_workweek__self_play__gemma2_9b__gemma2_9b__sup_opp__s0__19426fc16d,28,gpt_pass_1,2.0,2.0,1.0,3.0,2.0,2.0,2.0,mixed,assert,defend,rebuttal
q1__four_day_workweek__self_play__gemma2_9b__gemma2_9b__sup_opp__s0__19426fc16d,29,gpt_pass_1,1.0,4.0,1.0,2.0,2.0,4.0,1.0,mixed,assert,defend,rebuttal
q1__four_day_workweek__self_play__gemma2_9b__gemma2_9b__sup_opp__s0__19426fc16d,30,gpt_pass_1,3.0,2.0,2.0,3.0,3.0,2.0,2.0,mixed,assert,defend,rebuttal
q1__four_day_workweek__self_play__gemma2_9b__gemma2_9b__sup_opp__s0__19426fc16d,31,gpt_pass_1,1.0,3.0,1.0,1.0,2.0,2.0,1.0,mixed,rebut,defend,rebuttal
q1__four_day_workweek__self_play__llama3_8b__llama3_8b__opp_sup__s0__f9a2614793,0,gpt_pass_1,1.0,3.0,1.0,3.0,2.0,2.0,2.0,negative,rebut,challenge,rebuttal
q1__four_day_workweek__self_play__llama3_8b__llama3_8b__opp_sup__s0__f9a2614793,1,gpt_pass_1,3.0,2.0,2.0,3.0,2.0,2.0,2.0,mixed,synthesize,explore,synthesis
q1__four_day_workweek__self_play__llama3_8b__llama3_8b__opp_sup__s0__f9a2614793,2,gpt_pass_1,2.0,2.0,2.0,3.0,2.0,2.0,3.0,mixed,rebut,challenge,rebuttal
q1__four_day_workweek__self_play__llama3_8b__llama3_8b__opp_sup__s0__f9a2614793,3,gpt_pass_1,1.0,3.0,2.0,3.0,2.0,1.0,2.0,mixed,assert,defend,rebuttal
q1__four_day_workweek__self_play__llama3_8b__llama3_8b__opp_sup__s0__f9a2614793,4,gpt_pass_1,1.0,4.0,1.0,4.0,2.0,0.0,0.0,mixed,rebut,defend,rebuttal
q1__four_day_workweek__self_play__llama3_8b__llama3_8b__opp_sup__s0__f9a2614793,5,gpt_pass_1,2.0,3.0,2.0,3.0,2.0,2.0,2.0,mixed,clarify,explore,clarification
q1__four_day_workweek__self_play__llama3_8b__llama3_8b__opp_sup__s0__f9a2614793,6,gpt_pass_1,1.0,3.0,0.0,3.0,3.0,1.0,1.0,mixed,rebut,challenge,rebuttal
q1__four_day_workweek__self_play__llama3_8b__llama3_8b__opp_sup__s0__f9a2614793,7,gpt_pass_1,1.0,2.0,1.0,3.0,2.0,1.0,1.0,mixed,assert,defend,rebuttal
q1__four_day_workweek__self_play__llama3_8b__llama3_8b__opp_sup__s0__f9a2614793,8,gpt_pass_1,1.0,4.0,1.0,3.0,2.0,0.0,1.0,mixed,rebut,challenge,rebuttal
q1__four_day_workweek__self_play__llama3_8b__llama3_8b__opp_sup__s0__f9a2614793,9,gpt_pass_1,1.0,2.0,2.0,2.0,2.0,1.0,2.0,mixed,assert,defend,rebuttal
q1__four_day_workweek__self_play__llama3_8b__llama3_8b__opp_sup__s0__f9a2614793,10,gpt_pass_1,1.0,2.0,1.0,2.0,2.0,2.0,2.0,mixed,rebut,challenge,rebuttal
q1__four_day_workweek__self_play__llama3_8b__llama3_8b__opp_sup__s0__f9a2614793,11,gpt_pass_1,1.0,2.0,1.0,2.0,2.0,1.0,1.0,mixed,rebut,defend,rebuttal
q1__four_day_workweek__self_play__llama3_8b__llama3_8b__opp_sup__s0__f9a2614793,12,gpt_pass_1,0.0,3.0,1.0,2.0,2.0,2.0,1.0,mixed,rebut,challenge,rebuttal
q1__four_day_workweek__self_play__llama3_8b__llama3_8b__opp_sup__s0__f9a2614793,13,gpt_pass_1,1.0,3.0,1.0,3.0,2.0,1.0,1.0,mixed,assert,defend,rebuttal
q1__four_day_workweek__self_play__llama3_8b__llama3_8b__opp_sup__s0__f9a2614793,14,gpt_pass_1,1.0,3.0,2.0,3.0,2.0,1.0,2.0,mixed,rebut,challenge,rebuttal
q1__four_day_workweek__self_play__llama3_8b__llama3_8b__opp_sup__s0__f9a2614793,15,gpt_pass_1,1.0,2.0,1.0,2.0,2.0,1.0,1.0,mixed,accommodate,persuade,accommodation
q1__four_day_workweek__self_play__llama3_8b__llama3_8b__opp_sup__s0__f9a2614793,16,gpt_pass_1,1.0,4.0,1.0,2.0,3.0,0.0,1.0,mixed,rebut,challenge,rebuttal
q1__four_day_workweek__self_play__llama3_8b__llama3_8b__opp_sup__s0__f9a2614793,17,gpt_pass_1,1.0,2.0,2.0,2.0,2.0,2.0,2.0,mixed,rebut,defend,clarification
q1__four_day_workweek__self_play__llama3_8b__llama3_8b__opp_sup__s0__f9a2614793,18,gpt_pass_1,1.0,3.0,2.0,3.0,2.0,1.0,2.0,mixed,rebut,challenge,rebuttal
q1__four_day_workweek__self_play__llama3_8b__llama3_8b__opp_sup__s0__f9a2614793,19,gpt_pass_1,2.0,2.0,1.0,3.0,2.0,1.0,1.0,mixed,assert,defend,rebuttal
q1__four_day_workweek__self_play__llama3_8b__llama3_8b__opp_sup__s0__f9a2614793,20,gpt_pass_1,0.0,4.0,0.0,3.0,3.0,0.0,1.0,mixed,rebut,challenge,rebuttal
q1__four_day_workweek__self_play__llama3_8b__llama3_8b__opp_sup__s0__f9a2614793,21,gpt_pass_1,2.0,3.0,1.0,3.0,3.0,1.0,1.0,mixed,assert,defend,rebuttal
q1__four_day_workweek__self_play__llama3_8b__llama3_8b__opp_sup__s0__f9a2614793,22,gpt_pass_1,1.0,3.0,1.0,3.0,3.0,1.0,1.0,mixed,rebut,challenge,rebuttal
q1__four_day_workweek__self_play__llama3_8b__llama3_8b__opp_sup__s0__f9a2614793,23,gpt_pass_1,1.0,3.0,2.0,3.0,2.0,1.0,2.0,mixed,assert,defend,rebuttal
q1__four_day_workweek__self_play__llama3_8b__llama3_8b__opp_sup__s0__f9a2614793,24,gpt_pass_1,0.0,4.0,0.0,1.0,2.0,0.0,0.0,mixed,rebut,defend,rebuttal
q1__four_day_workweek__self_play__llama3_8b__llama3_8b__opp_sup__s0__f9a2614793,25,gpt_pass_1,1.0,2.0,1.0,2.0,2.0,1.0,2.0,mixed,assert,defend,rebuttal
q1__four_day_workweek__self_play__llama3_8b__llama3_8b__opp_sup__s0__f9a2614793,26,gpt_pass_1,1.0,3.0,1.0,3.0,3.0,0.0,1.0,negative,assert,defend,rebuttal
q1__four_day_workweek__self_play__llama3_8b__llama3_8b__opp_sup__s0__f9a2614793,27,gpt_pass_1,2.0,3.0,1.0,3.0,2.0,1.0,1.0,mixed,assert,defend,rebuttal
q1__four_day_workweek__self_play__llama3_8b__llama3_8b__opp_sup__s0__f9a2614793,28,gpt_pass_1,1.0,4.0,0.0,4.0,2.0,0.0,1.0,mixed,rebut,defend,rebuttal
q1__four_day_workweek__self_play__llama3_8b__llama3_8b__opp_sup__s0__f9a2614793,29,gpt_pass_1,2.0,3.0,2.0,3.0,2.0,1.0,0.0,mixed,assert,defend,rebuttal
q1__four_day_workweek__self_play__llama3_8b__llama3_8b__opp_sup__s0__f9a2614793,30,gpt_pass_1,1.0,3.0,1.0,3.0,2.0,0.0,1.0,mixed,rebut,defend,rebuttal
q1__four_day_workweek__self_play__llama3_8b__llama3_8b__opp_sup__s0__f9a2614793,31,gpt_pass_1,1.0,3.0,2.0,2.0,2.0,1.0,0.0,mixed,assert,defend,rebuttal
q1__four_day_workweek__self_play__llama3_8b__llama3_8b__sup_opp__s0__7bb8090769,0,gpt_pass_1,2.0,2.0,1.0,3.0,3.0,1.0,2.0,positive,assert,defend,agreement
q1__four_day_workweek__self_play__llama3_8b__llama3_8b__sup_opp__s0__7bb8090769,1,gpt_pass_1,0.0,4.0,1.0,2.0,3.0,0.0,1.0,negative,rebut,challenge,rebuttal
q1__four_day_workweek__self_play__llama3_8b__llama3_8b__sup_opp__s0__7bb8090769,2,gpt_pass_1,2.0,3.0,1.0,3.0,3.0,1.0,1.0,mixed,assert,defend,rebuttal
q1__four_day_workweek__self_play__llama3_8b__llama3_8b__sup_opp__s0__7bb8090769,3,gpt_pass_1,1.0,4.0,1.0,2.0,3.0,0.0,2.0,mixed,rebut,challenge,rebuttal
q1__four_day_workweek__self_play__llama3_8b__llama3_8b__sup_opp__s0__7bb8090769,4,gpt_pass_1,1.0,3.0,2.0,3.0,2.0,2.0,2.0,mixed,clarify,defend,clarification
q1__four_day_workweek__self_play__llama3_8b__llama3_8b__sup_opp__s0__7bb8090769,5,gpt_pass_1,1.0,3.0,1.0,2.0,2.0,2.0,2.0,mixed,rebut,challenge,rebuttal
q1__four_day_workweek__self_play__llama3_8b__llama3_8b__sup_opp__s0__7bb8090769,6,gpt_pass_1,2.0,3.0,2.0,3.0,3.0,2.0,1.0,mixed,assert,defend,rebuttal
q1__four_day_workweek__self_play__llama3_8b__llama3_8b__sup_opp__s0__7bb8090769,7,gpt_pass_1,1.0,3.0,2.0,3.0,2.0,1.0,2.0,mixed,assert,challenge,rebuttal
q1__four_day_workweek__self_play__llama3_8b__llama3_8b__sup_opp__s0__7bb8090769,8,gpt_pass_1,1.0,3.0,1.0,2.0,3.0,2.0,1.0,mixed,assert,defend,rebuttal
q1__four_day_workweek__self_play__llama3_8b__llama3_8b__sup_opp__s0__7bb8090769,9,gpt_pass_1,1.0,2.0,1.0,2.0,2.0,2.0,1.0,mixed,rebut,challenge,rebuttal
q1__four_day_workweek__self_play__llama3_8b__llama3_8b__sup_opp__s0__7bb8090769,10,gpt_pass_1,1.0,2.0,2.0,3.0,2.0,1.0,1.0,mixed,rebut,challenge,rebuttal
q1__four_day_workweek__self_play__llama3_8b__llama3_8b__sup_opp__s0__7bb8090769,11,gpt_pass_1,1.0,3.0,1.0,3.0,2.0,2.0,1.0,mixed,rebut,challenge,rebuttal
q1__four_day_workweek__self_play__llama3_8b__llama3_8b__sup_opp__s0__7bb8090769,12,gpt_pass_1,1.0,3.0,1.0,2.0,3.0,2.0,1.0,mixed,assert,defend,rebuttal
q1__four_day_workweek__self_play__llama3_8b__llama3_8b__sup_opp__s0__7bb8090769,13,gpt_pass_1,1.0,3.0,1.0,3.0,3.0,2.0,2.0,mixed,rebut,challenge,rebuttal
q1__four_day_workweek__self_play__llama3_8b__llama3_8b__sup_opp__s0__7bb8090769,14,gpt_pass_1,1.0,3.0,1.0,2.0,3.0,2.0,2.0,mixed,assert,defend,rebuttal
q1__four_day_workweek__self_play__llama3_8b__llama3_8b__sup_opp__s0__7bb8090769,15,gpt_pass_1,1.0,4.0,1.0,3.0,2.0,2.0,1.0,mixed,rebut,challenge,rebuttal
q1__four_day_workweek__self_play__llama3_8b__llama3_8b__sup_opp__s0__7bb8090769,16,gpt_pass_1,1.0,2.0,1.0,2.0,2.0,2.0,1.0,mixed,assert,defend,rebuttal
q1__four_day_workweek__self_play__llama3_8b__llama3_8b__sup_opp__s0__7bb8090769,17,gpt_pass_1,0.0,3.0,1.0,3.0,3.0,2.0,1.0,mixed,rebut,challenge,rebuttal
q1__four_day_workweek__self_play__llama3_8b__llama3_8b__sup_opp__s0__7bb8090769,18,gpt_pass_1,1.0,3.0,1.0,3.0,2.0,2.0,1.0,mixed,assert,defend,rebuttal
q1__four_day_workweek__self_play__llama3_8b__llama3_8b__sup_opp__s0__7bb8090769,19,gpt_pass_1,1.0,3.0,1.0,2.0,2.0,3.0,2.0,mixed,rebut,challenge,rebuttal
q1__four_day_workweek__self_play__llama3_8b__llama3_8b__sup_opp__s0__7bb8090769,20,gpt_pass_1,1.0,2.0,2.0,3.0,3.0,1.0,1.0,mixed,synthesize,persuade,accommodation
q1__four_day_workweek__self_play__llama3_8b__llama3_8b__sup_opp__s0__7bb8090769,21,gpt_pass_1,1.0,3.0,1.0,3.0,3.0,1.0,1.0,mixed,rebut,challenge,rebuttal
q1__four_day_workweek__self_play__llama3_8b__llama3_8b__sup_opp__s0__7bb8090769,22,gpt_pass_1,2.0,3.0,1.0,3.0,2.0,2.0,1.0,mixed,assert,defend,rebuttal
q1__four_day_workweek__self_play__llama3_8b__llama3_8b__sup_opp__s0__7bb8090769,23,gpt_pass_1,1.0,3.0,0.0,3.0,2.0,4.0,1.0,mixed,rebut,challenge,rebuttal
q1__four_day_workweek__self_play__llama3_8b__llama3_8b__sup_opp__s0__7bb8090769,24,gpt_pass_1,2.0,3.0,2.0,2.0,3.0,1.0,2.0,mixed,assert,defend,rebuttal
q1__four_day_workweek__self_play__llama3_8b__llama3_8b__sup_opp__s0__7bb8090769,25,gpt_pass_1,1.0,4.0,0.0,3.0,3.0,1.0,1.0,mixed,assert,challenge,rebuttal
q1__four_day_workweek__self_play__llama3_8b__llama3_8b__sup_opp__s0__7bb8090769,26,gpt_pass_1,2.0,3.0,1.0,3.0,2.0,1.0,2.0,mixed,assert,defend,rebuttal
q1__four_day_workweek__self_play__llama3_8b__llama3_8b__sup_opp__s0__7bb8090769,27,gpt_pass_1,2.0,3.0,2.0,3.0,3.0,1.0,0.0,mixed,rebut,challenge,rebuttal
q1__four_day_workweek__self_play__llama3_8b__llama3_8b__sup_opp__s0__7bb8090769,28,gpt_pass_1,1.0,2.0,1.0,2.0,2.0,1.0,2.0,mixed,clarify,explore,clarification
q1__four_day_workweek__self_play__llama3_8b__llama3_8b__sup_opp__s0__7bb8090769,29,gpt_pass_1,1.0,4.0,1.0,3.0,3.0,2.0,1.0,mixed,rebut,challenge,rebuttal
q1__four_day_workweek__self_play__llama3_8b__llama3_8b__sup_opp__s0__7bb8090769,30,gpt_pass_1,2.0,3.0,1.0,3.0,3.0,1.0,1.0,mixed,assert,defend,rebuttal
q1__four_day_workweek__self_play__llama3_8b__llama3_8b__sup_opp__s0__7bb8090769,31,gpt_pass_1,1.0,3.0,1.0,3.0,2.0,1.0,1.0,mixed,rebut,challenge,escalation
q1__four_day_workweek__self_play__qwen2_5_3b__qwen2_5_3b__opp_sup__s0__33532607ea,0,gpt_pass_1,1.0,3.0,1.0,3.0,3.0,1.0,2.0,mixed,rebut,challenge,rebuttal
q1__four_day_workweek__self_play__qwen2_5_3b__qwen2_5_3b__opp_sup__s0__33532607ea,1,gpt_pass_1,2.0,3.0,1.0,3.0,2.0,1.0,1.0,positive,assert,persuade,agreement
q1__four_day_workweek__self_play__qwen2_5_3b__qwen2_5_3b__opp_sup__s0__33532607ea,2,gpt_pass_1,1.0,2.0,1.0,2.0,3.0,1.0,1.0,neutral,rebut,challenge,rebuttal
q1__four_day_workweek__self_play__qwen2_5_3b__qwen2_5_3b__opp_sup__s0__33532607ea,3,gpt_pass_1,1.0,3.0,2.0,2.0,3.0,2.0,1.0,neutral,assert,defend,rebuttal
q1__four_day_workweek__self_play__qwen2_5_3b__qwen2_5_3b__opp_sup__s0__33532607ea,4,gpt_pass_1,1.0,2.0,1.0,3.0,2.0,1.0,1.0,mixed,rebut,challenge,escalation
q1__four_day_workweek__self_play__qwen2_5_3b__qwen2_5_3b__opp_sup__s0__33532607ea,5,gpt_pass_1,1.0,2.0,1.0,2.0,3.0,2.0,1.0,mixed,assert,defend,agreement
q1__four_day_workweek__self_play__qwen2_5_3b__qwen2_5_3b__opp_sup__s0__33532607ea,6,gpt_pass_1,1.0,2.0,1.0,2.0,2.0,2.0,1.0,mixed,rebut,challenge,clarification
q1__four_day_workweek__self_play__qwen2_5_3b__qwen2_5_3b__opp_sup__s0__33532607ea,7,gpt_pass_1,1.0,2.0,2.0,2.0,2.0,1.0,1.0,neutral,clarify,defend,clarification
q1__four_day_workweek__self_play__qwen2_5_3b__qwen2_5_3b__opp_sup__s0__33532607ea,8,gpt_pass_1,1.0,2.0,1.0,2.0,3.0,1.0,2.0,negative,rebut,defend,rebuttal
q1__four_day_workweek__self_play__qwen2_5_3b__qwen2_5_3b__opp_sup__s0__33532607ea,9,gpt_pass_1,1.0,2.0,1.0,2.0,2.0,2.0,1.0,neutral,assert,defend,agreement
q1__four_day_workweek__self_play__qwen2_5_3b__qwen2_5_3b__opp_sup__s0__33532607ea,10,gpt_pass_1,1.0,2.0,0.0,2.0,2.0,1.0,2.0,neutral,rebut,challenge,rebuttal
q1__four_day_workweek__self_play__qwen2_5_3b__qwen2_5_3b__opp_sup__s0__33532607ea,11,gpt_pass_1,2.0,3.0,2.0,2.0,2.0,1.0,2.0,mixed,synthesize,defend,synthesis
q1__four_day_workweek__self_play__qwen2_5_3b__qwen2_5_3b__opp_sup__s0__33532607ea,12,gpt_pass_1,1.0,3.0,1.0,3.0,3.0,2.0,2.0,mixed,rebut,challenge,rebuttal
q1__four_day_workweek__self_play__qwen2_5_3b__qwen2_5_3b__opp_sup__s0__33532607ea,13,gpt_pass_1,2.0,3.0,2.0,2.0,2.0,2.0,1.0,mixed,assert,persuade,agreement
q1__four_day_workweek__self_play__qwen2_5_3b__qwen2_5_3b__opp_sup__s0__33532607ea,14,gpt_pass_1,1.0,2.0,2.0,3.0,2.0,2.0,1.0,negative,rebut,challenge,rebuttal
q1__four_day_workweek__self_play__qwen2_5_3b__qwen2_5_3b__opp_sup__s0__33532607ea,15,gpt_pass_1,1.0,2.0,1.0,2.0,2.0,2.0,1.0,mixed,assert,defend,clarification
q1__four_day_workweek__self_play__qwen2_5_3b__qwen2_5_3b__opp_sup__s0__33532607ea,16,gpt_pass_1,1.0,3.0,1.0,2.0,2.0,0.0,2.0,mixed,rebut,defend,rebuttal
q1__four_day_workweek__self_play__qwen2_5_3b__qwen2_5_3b__opp_sup__s0__33532607ea,17,gpt_pass_1,2.0,2.0,1.0,3.0,3.0,2.0,2.0,neutral,clarify,defend,clarification
q1__four_day_workweek__self_play__qwen2_5_3b__qwen2_5_3b__opp_sup__s0__33532607ea,18,gpt_pass_1,2.0,4.0,1.0,2.0,3.0,0.0,1.0,negative,rebut,challenge,rebuttal
q1__four_day_workweek__self_play__qwen2_5_3b__qwen2_5_3b__opp_sup__s0__33532607ea,19,gpt_pass_1,1.0,2.0,2.0,3.0,2.0,2.0,1.0,mixed,assert,defend,rebuttal
q1__four_day_workweek__self_play__qwen2_5_3b__qwen2_5_3b__opp_sup__s0__33532607ea,20,gpt_pass_1,1.0,3.0,2.0,3.0,2.0,1.0,2.0,negative,rebut,challenge,rebuttal
q1__four_day_workweek__self_play__qwen2_5_3b__qwen2_5_3b__opp_sup__s0__33532607ea,21,gpt_pass_1,1.0,2.0,1.0,2.0,3.0,1.0,1.0,neutral,clarify,defend,clarification
q1__four_day_workweek__self_play__qwen2_5_3b__qwen2_5_3b__opp_sup__s0__33532607ea,22,gpt_pass_1,1.0,3.0,1.0,3.0,2.0,2.0,1.0,negative,rebut,challenge,escalation
q1__four_day_workweek__self_play__qwen2_5_3b__qwen2_5_3b__opp_sup__s0__33532607ea,23,gpt_pass_1,1.0,2.0,1.0,2.0,3.0,1.0,1.0,neutral,assert,defend,clarification
q1__four_day_workweek__self_play__qwen2_5_3b__qwen2_5_3b__opp_sup__s0__33532607ea,24,gpt_pass_1,1.0,3.0,1.0,3.0,2.0,2.0,1.0,negative,rebut,challenge,rebuttal
q1__four_day_workweek__self_play__qwen2_5_3b__qwen2_5_3b__opp_sup__s0__33532607ea,25,gpt_pass_1,2.0,3.0,2.0,3.0,4.0,1.0,1.0,positive,synthesize,resolve,synthesis
q1__four_day_workweek__self_play__qwen2_5_3b__qwen2_5_3b__opp_sup__s0__33532607ea,26,gpt_pass_1,1.0,3.0,1.0,3.0,3.0,2.0,2.0,mixed,rebut,challenge,rebuttal
q1__four_day_workweek__self_play__qwen2_5_3b__qwen2_5_3b__opp_sup__s0__33532607ea,27,gpt_pass_1,1.0,2.0,1.0,3.0,2.0,2.0,2.0,mixed,assert,defend,rebuttal
q1__four_day_workweek__self_play__qwen2_5_3b__qwen2_5_3b__opp_sup__s0__33532607ea,28,gpt_pass_1,2.0,3.0,1.0,3.0,3.0,1.0,1.0,mixed,rebut,challenge,rebuttal
q1__four_day_workweek__self_play__qwen2_5_3b__qwen2_5_3b__opp_sup__s0__33532607ea,29,gpt_pass_1,1.0,3.0,1.0,2.0,2.0,1.0,1.0,mixed,assert,defend,rebuttal
q1__four_day_workweek__self_play__qwen2_5_3b__qwen2_5_3b__opp_sup__s0__33532607ea,30,gpt_pass_1,1.0,2.0,1.0,3.0,2.0,2.0,1.0,mixed,rebut,challenge,rebuttal
q1__four_day_workweek__self_play__qwen2_5_3b__qwen2_5_3b__opp_sup__s0__33532607ea,31,gpt_pass_1,2.0,3.0,1.0,3.0,3.0,1.0,2.0,mixed,assert,defend,uncertain
q1__four_day_workweek__self_play__qwen2_5_3b__qwen2_5_3b__sup_opp__s0__3e24f5fca2,0,gpt_pass_1,1.0,2.0,1.0,2.0,2.0,1.0,1.0,positive,assert,defend,agreement
q1__four_day_workweek__self_play__qwen2_5_3b__qwen2_5_3b__sup_opp__s0__3e24f5fca2,1,gpt_pass_1,1.0,3.0,1.0,2.0,3.0,3.0,1.0,negative,rebut,defend,rebuttal
q1__four_day_workweek__self_play__qwen2_5_3b__qwen2_5_3b__sup_opp__s0__3e24f5fca2,2,gpt_pass_1,1.0,2.0,1.0,3.0,2.0,1.0,2.0,mixed,rebut,challenge,rebuttal
q1__four_day_workweek__self_play__qwen2_5_3b__qwen2_5_3b__sup_opp__s0__3e24f5fca2,3,gpt_pass_1,1.0,2.0,1.0,2.0,2.0,1.0,2.0,mixed,assert,challenge,rebuttal
q1__four_day_workweek__self_play__qwen2_5_3b__qwen2_5_3b__sup_opp__s0__3e24f5fca2,4,gpt_pass_1,2.0,2.0,1.0,3.0,2.0,1.0,2.0,mixed,clarify,defend,clarification
q1__four_day_workweek__self_play__qwen2_5_3b__qwen2_5_3b__sup_opp__s0__3e24f5fca2,5,gpt_pass_1,1.0,3.0,1.0,2.0,2.0,1.0,2.0,mixed,rebut,defend,rebuttal
q1__four_day_workweek__self_play__qwen2_5_3b__qwen2_5_3b__sup_opp__s0__3e24f5fca2,6,gpt_pass_1,1.0,2.0,2.0,2.0,2.0,1.0,1.0,mixed,rebut,defend,rebuttal
q1__four_day_workweek__self_play__qwen2_5_3b__qwen2_5_3b__sup_opp__s0__3e24f5fca2,7,gpt_pass_1,1.0,2.0,1.0,2.0,3.0,2.0,2.0,mixed,rebut,challenge,rebuttal
q1__four_day_workweek__self_play__qwen2_5_3b__qwen2_5_3b__sup_opp__s0__3e24f5fca2,8,gpt_pass_1,2.0,2.0,1.0,2.0,3.0,2.0,1.0,mixed,assert,defend,rebuttal
q1__four_day_workweek__self_play__qwen2_5_3b__qwen2_5_3b__sup_opp__s0__3e24f5fca2,9,gpt_pass_1,1.0,3.0,1.0,3.0,2.0,2.0,1.0,negative,rebut,challenge,escalation
q1__four_day_workweek__self_play__qwen2_5_3b__qwen2_5_3b__sup_opp__s0__3e24f5fca2,10,gpt_pass_1,2.0,2.0,1.0,3.0,2.0,1.0,2.0,mixed,assert,challenge,agreement
q1__four_day_workweek__self_play__qwen2_5_3b__qwen2_5_3b__sup_opp__s0__3e24f5fca2,11,gpt_pass_1,1.0,3.0,0.0,1.0,2.0,1.0,1.0,negative,assert,defend,escalation
q1__four_day_workweek__self_play__qwen2_5_3b__qwen2_5_3b__sup_opp__s0__3e24f5fca2,12,gpt_pass_1,1.0,3.0,1.0,2.0,2.0,1.0,1.0,mixed,rebut,defend,rebuttal
q1__four_day_workweek__self_play__qwen2_5_3b__qwen2_5_3b__sup_opp__s0__3e24f5fca2,13,gpt_pass_1,1.0,4.0,0.0,2.0,3.0,4.0,0.0,negative,assert,challenge,escalation
q1__four_day_workweek__self_play__qwen2_5_3b__qwen2_5_3b__sup_opp__s0__3e24f5fca2,14,gpt_pass_1,1.0,3.0,1.0,2.0,2.0,1.0,1.0,mixed,assert,defend,agreement
q1__four_day_workweek__self_play__qwen2_5_3b__qwen2_5_3b__sup_opp__s0__3e24f5fca2,15,gpt_pass_1,1.0,3.0,0.0,2.0,2.0,3.0,0.0,negative,assert,defend,rebuttal
q1__four_day_workweek__self_play__qwen2_5_3b__qwen2_5_3b__sup_opp__s0__3e24f5fca2,16,gpt_pass_1,1.0,2.0,1.0,3.0,3.0,1.0,2.0,mixed,assert,challenge,rebuttal
q1__four_day_workweek__self_play__qwen2_5_3b__qwen2_5_3b__sup_opp__s0__3e24f5fca2,17,gpt_pass_1,1.0,4.0,0.0,2.0,3.0,4.0,0.0,negative,assert,defend,closure
q1__four_day_workweek__self_play__qwen2_5_3b__qwen2_5_3b__sup_opp__s0__3e24f5fca2,18,gpt_pass_1,1.0,2.0,1.0,3.0,2.0,1.0,1.0,mixed,assert,defend,agreement
q1__four_day_workweek__self_play__qwen2_5_3b__qwen2_5_3b__sup_opp__s0__3e24f5fca2,19,gpt_pass_1,1.0,4.0,0.0,1.0,2.0,4.0,0.0,neutral,assert,defend,rebuttal
q1__four_day_workweek__self_play__qwen2_5_3b__qwen2_5_3b__sup_opp__s0__3e24f5fca2,20,gpt_pass_1,2.0,2.0,2.0,2.0,3.0,2.0,1.0,mixed,rebut,challenge,rebuttal
q1__four_day_workweek__self_play__qwen2_5_3b__qwen2_5_3b__sup_opp__s0__3e24f5fca2,21,gpt_pass_1,0.0,4.0,0.0,2.0,3.0,4.0,0.0,negative,rebut,challenge,rebuttal
q1__four_day_workweek__self_play__qwen2_5_3b__qwen2_5_3b__sup_opp__s0__3e24f5fca2,22,gpt_pass_1,1.0,2.0,1.0,2.0,2.0,2.0,1.0,mixed,assert,challenge,rebuttal
q1__four_day_workweek__self_play__qwen2_5_3b__qwen2_5_3b__sup_opp__s0__3e24f5fca2,23,gpt_pass_1,1.0,4.0,0.0,2.0,3.0,4.0,0.0,negative,assert,defend,closure
q1__four_day_workweek__self_play__qwen2_5_3b__qwen2_5_3b__sup_opp__s0__3e24f5fca2,24,gpt_pass_1,1.0,2.0,1.0,1.0,2.0,1.0,1.0,mixed,assert,challenge,rebuttal
q1__four_day_workweek__self_play__qwen2_5_3b__qwen2_5_3b__sup_opp__s0__3e24f5fca2,25,gpt_pass_1,1.0,3.0,0.0,3.0,2.0,1.0,1.0,negative,rebut,challenge,rebuttal
q1__four_day_workweek__self_play__qwen2_5_3b__qwen2_5_3b__sup_opp__s0__3e24f5fca2,26,gpt_pass_1,2.0,2.0,1.0,3.0,3.0,1.0,1.0,mixed,synthesize,resolve,synthesis
q1__four_day_workweek__self_play__qwen2_5_3b__qwen2_5_3b__sup_opp__s0__3e24f5fca2,27,gpt_pass_1,0.0,3.0,0.0,2.0,3.0,3.0,0.0,negative,assert,defend,rebuttal
q1__four_day_workweek__self_play__qwen2_5_3b__qwen2_5_3b__sup_opp__s0__3e24f5fca2,28,gpt_pass_1,1.0,2.0,2.0,2.0,2.0,1.0,1.0,positive,assert,defend,agreement
q1__four_day_workweek__self_play__qwen2_5_3b__qwen2_5_3b__sup_opp__s0__3e24f5fca2,29,gpt_pass_1,0.0,4.0,0.0,1.0,2.0,4.0,1.0,negative,assert,challenge,escalation
q1__four_day_workweek__self_play__qwen2_5_3b__qwen2_5_3b__sup_opp__s0__3e24f5fca2,30,gpt_pass_1,1.0,2.0,1.0,2.0,2.0,1.0,1.0,mixed,assert,challenge,rebuttal
q1__four_day_workweek__self_play__qwen2_5_3b__qwen2_5_3b__sup_opp__s0__3e24f5fca2,31,gpt_pass_1,1.0,3.0,0.0,3.0,3.0,4.0,0.0,negative,assert,defend,agreement
q1__free_college__mixed_play__gemma2_9b__qwen2_5_3b__opp_sup__s0__78c522ee27,0,gpt_pass_1,1.0,2.0,1.0,3.0,2.0,1.0,1.0,mixed,clarify,challenge,clarification
q1__free_college__mixed_play__gemma2_9b__qwen2_5_3b__opp_sup__s0__78c522ee27,1,gpt_pass_1,2.0,2.0,1.0,3.0,3.0,2.0,1.0,mixed,synthesize,explore,clarification
q1__free_college__mixed_play__gemma2_9b__qwen2_5_3b__opp_sup__s0__78c522ee27,2,gpt_pass_1,2.0,3.0,2.0,3.0,3.0,2.0,2.0,mixed,rebut,defend,rebuttal
q1__free_college__mixed_play__gemma2_9b__qwen2_5_3b__opp_sup__s0__78c522ee27,3,gpt_pass_1,1.0,2.0,0.0,3.0,2.0,1.0,1.0,mixed,clarify,defend,clarification
q1__free_college__mixed_play__gemma2_9b__qwen2_5_3b__opp_sup__s0__78c522ee27,4,gpt_pass_1,1.0,3.0,1.0,3.0,3.0,1.0,1.0,mixed,rebut,challenge,rebuttal
q1__free_college__mixed_play__gemma2_9b__qwen2_5_3b__opp_sup__s0__78c522ee27,5,gpt_pass_1,1.0,2.0,1.0,2.0,2.0,1.0,1.0,mixed,clarify,defend,clarification
q1__free_college__mixed_play__gemma2_9b__qwen2_5_3b__opp_sup__s0__78c522ee27,6,gpt_pass_1,1.0,2.0,1.0,3.0,2.0,1.0,1.0,mixed,rebut,challenge,rebuttal
q1__free_college__mixed_play__gemma2_9b__qwen2_5_3b__opp_sup__s0__78c522ee27,7,gpt_pass_1,2.0,3.0,1.0,2.0,2.0,1.0,1.0,mixed,clarify,defend,clarification
q1__free_college__mixed_play__gemma2_9b__qwen2_5_3b__opp_sup__s0__78c522ee27,8,gpt_pass_1,1.0,2.0,1.0,3.0,2.0,2.0,1.0,mixed,rebut,challenge,rebuttal
q1__free_college__mixed_play__gemma2_9b__qwen2_5_3b__opp_sup__s0__78c522ee27,9,gpt_pass_1,1.0,2.0,1.0,2.0,2.0,1.0,1.0,mixed,assert,defend,rebuttal
q1__free_college__mixed_play__gemma2_9b__qwen2_5_3b__opp_sup__s0__78c522ee27,10,gpt_pass_1,2.0,1.0,1.0,2.0,3.0,2.0,2.0,mixed,concede,accommodate,concession
q1__free_college__mixed_play__gemma2_9b__qwen2_5_3b__opp_sup__s0__78c522ee27,11,gpt_pass_1,2.0,2.0,1.0,2.0,2.0,1.0,2.0,mixed,clarify,resolve,clarification
q1__free_college__mixed_play__gemma2_9b__qwen2_5_3b__opp_sup__s0__78c522ee27,12,gpt_pass_1,1.0,2.0,1.0,3.0,3.0,1.0,2.0,mixed,assert,defend,rebuttal
q1__free_college__mixed_play__gemma2_9b__qwen2_5_3b__opp_sup__s0__78c522ee27,13,gpt_pass_1,1.0,2.0,1.0,2.0,2.0,1.0,2.0,mixed,clarify,explore,clarification
q1__free_college__mixed_play__gemma2_9b__qwen2_5_3b__opp_sup__s0__78c522ee27,14,gpt_pass_1,1.0,3.0,0.0,2.0,2.0,2.0,1.0,mixed,rebut,defend,rebuttal
q1__free_college__mixed_play__gemma2_9b__qwen2_5_3b__opp_sup__s0__78c522ee27,15,gpt_pass_1,1.0,2.0,1.0,2.0,3.0,2.0,1.0,mixed,assert,defend,rebuttal
q1__free_college__mixed_play__gemma2_9b__qwen2_5_3b__opp_sup__s0__78c522ee27,16,gpt_pass_1,2.0,3.0,2.0,2.0,3.0,2.0,1.0,mixed,rebut,challenge,rebuttal
q1__free_college__mixed_play__gemma2_9b__qwen2_5_3b__opp_sup__s0__78c522ee27,17,gpt_pass_1,1.0,2.0,1.0,3.0,3.0,1.0,1.0,mixed,assert,defend,rebuttal
q1__free_college__mixed_play__gemma2_9b__qwen2_5_3b__opp_sup__s0__78c522ee27,18,gpt_pass_1,1.0,2.0,1.0,3.0,2.0,2.0,2.0,mixed,rebut,challenge,rebuttal
q1__free_college__mixed_play__gemma2_9b__qwen2_5_3b__opp_sup__s0__78c522ee27,19,gpt_pass_1,2.0,3.0,1.0,3.0,2.0,1.0,1.0,mixed,assert,defend,uncertain
q1__free_college__mixed_play__gemma2_9b__qwen2_5_3b__opp_sup__s0__78c522ee27,20,gpt_pass_1,1.0,2.0,1.0,3.0,4.0,1.0,2.0,mixed,rebut,challenge,rebuttal
q1__free_college__mixed_play__gemma2_9b__qwen2_5_3b__opp_sup__s0__78c522ee27,21,gpt_pass_1,1.0,2.0,2.0,2.0,2.0,1.0,1.0,mixed,clarify,explore,clarification
q1__free_college__mixed_play__gemma2_9b__qwen2_5_3b__opp_sup__s0__78c522ee27,22,gpt_pass_1,1.0,2.0,1.0,3.0,2.0,1.0,0.0,mixed,synthesize,defend,agreement
q1__free_college__mixed_play__gemma2_9b__qwen2_5_3b__opp_sup__s0__78c522ee27,23,gpt_pass_1,1.0,2.0,1.0,2.0,2.0,2.0,1.0,mixed,synthesize,synthesize,synthesis
q1__free_college__mixed_play__gemma2_9b__qwen2_5_3b__opp_sup__s0__78c522ee27,24,gpt_pass_1,1.0,3.0,0.0,4.0,3.0,0.0,1.0,mixed,assert,defend,rebuttal
q1__free_college__mixed_play__gemma2_9b__qwen2_5_3b__opp_sup__s0__78c522ee27,25,gpt_pass_1,2.0,3.0,1.0,3.0,2.0,2.0,1.0,mixed,synthesize,explore,synthesis
q1__free_college__mixed_play__gemma2_9b__qwen2_5_3b__opp_sup__s0__78c522ee27,26,gpt_pass_1,1.0,3.0,1.0,3.0,3.0,1.0,2.0,mixed,synthesize,synthesize,synthesis
q1__free_college__mixed_play__gemma2_9b__qwen2_5_3b__opp_sup__s0__78c522ee27,27,gpt_pass_1,1.0,2.0,1.0,2.0,2.0,1.0,1.0,mixed,synthesize,accommodate,clarification
q1__free_college__mixed_play__gemma2_9b__qwen2_5_3b__opp_sup__s0__78c522ee27,28,gpt_pass_1,1.0,3.0,1.0,2.0,3.0,1.0,1.0,mixed,rebut,defend,rebuttal
q1__free_college__mixed_play__gemma2_9b__qwen2_5_3b__opp_sup__s0__78c522ee27,29,gpt_pass_1,2.0,3.0,2.0,3.0,2.0,1.0,1.0,mixed,assert,defend,rebuttal
q1__free_college__mixed_play__gemma2_9b__qwen2_5_3b__opp_sup__s0__78c522ee27,30,gpt_pass_1,1.0,2.0,1.0,2.0,2.0,2.0,2.0,mixed,rebut,challenge,rebuttal
q1__free_college__mixed_play__gemma2_9b__qwen2_5_3b__opp_sup__s0__78c522ee27,31,gpt_pass_1,1.0,2.0,1.0,3.0,2.0,1.0,1.0,mixed,synthesize,defend,agreement
q1__free_college__mixed_play__gemma2_9b__qwen2_5_3b__sup_opp__s0__5c8241c19d,0,gpt_pass_1,1.0,3.0,0.0,2.0,3.0,1.0,1.0,mixed,assert,defend,rebuttal
q1__free_college__mixed_play__gemma2_9b__qwen2_5_3b__sup_opp__s0__5c8241c19d,1,gpt_pass_1,1.0,2.0,1.0,2.0,2.0,3.0,2.0,mixed,rebut,challenge,rebuttal
q1__free_college__mixed_play__gemma2_9b__qwen2_5_3b__sup_opp__s0__5c8241c19d,2,gpt_pass_1,2.0,3.0,1.0,2.0,3.0,1.0,2.0,mixed,rebut,defend,rebuttal
q1__free_college__mixed_play__gemma2_9b__qwen2_5_3b__sup_opp__s0__5c8241c19d,3,gpt_pass_1,1.0,3.0,2.0,3.0,2.0,2.0,2.0,mixed,rebut,challenge,escalation
q1__free_college__mixed_play__gemma2_9b__qwen2_5_3b__sup_opp__s0__5c8241c19d,4,gpt_pass_1,1.0,3.0,2.0,2.0,3.0,1.0,2.0,mixed,assert,defend,rebuttal
q1__free_college__mixed_play__gemma2_9b__qwen2_5_3b__sup_opp__s0__5c8241c19d,5,gpt_pass_1,2.0,3.0,2.0,3.0,2.0,1.0,2.0,mixed,rebut,challenge,rebuttal
q1__free_college__mixed_play__gemma2_9b__qwen2_5_3b__sup_opp__s0__5c8241c19d,6,gpt_pass_1,2.0,2.0,1.0,3.0,3.0,2.0,1.0,mixed,assert,defend,clarification
q1__free_college__mixed_play__gemma2_9b__qwen2_5_3b__sup_opp__s0__5c8241c19d,7,gpt_pass_1,1.0,2.0,2.0,2.0,3.0,1.0,2.0,mixed,rebut,challenge,rebuttal
q1__free_college__mixed_play__gemma2_9b__qwen2_5_3b__sup_opp__s0__5c8241c19d,8,gpt_pass_1,1.0,2.0,1.0,2.0,2.0,1.0,1.0,mixed,rebut,defend,rebuttal
q1__free_college__mixed_play__gemma2_9b__qwen2_5_3b__sup_opp__s0__5c8241c19d,9,gpt_pass_1,1.0,2.0,1.0,3.0,3.0,2.0,2.0,mixed,rebut,challenge,rebuttal
q1__free_college__mixed_play__gemma2_9b__qwen2_5_3b__sup_opp__s0__5c8241c19d,10,gpt_pass_1,1.0,2.0,0.0,2.0,3.0,1.0,1.0,mixed,assert,defend,rebuttal
q1__free_college__mixed_play__gemma2_9b__qwen2_5_3b__sup_opp__s0__5c8241c19d,11,gpt_pass_1,2.0,2.0,1.0,2.0,3.0,2.0,1.0,mixed,rebut,challenge,rebuttal
q1__free_college__mixed_play__gemma2_9b__qwen2_5_3b__sup_opp__s0__5c8241c19d,12,gpt_pass_1,3.0,1.0,2.0,2.0,2.0,2.0,2.0,positive,accommodate,accommodate,agreement
q1__free_college__mixed_play__gemma2_9b__qwen2_5_3b__sup_opp__s0__5c8241c19d,13,gpt_pass_1,1.0,2.0,2.0,3.0,3.0,1.0,2.0,mixed,synthesize,accommodate,agreement
q1__free_college__mixed_play__gemma2_9b__qwen2_5_3b__sup_opp__s0__5c8241c19d,14,gpt_pass_1,2.0,2.0,2.0,3.0,2.0,1.0,2.0,mixed,assert,defend,rebuttal
q1__free_college__mixed_play__gemma2_9b__qwen2_5_3b__sup_opp__s0__5c8241c19d,15,gpt_pass_1,1.0,3.0,1.0,3.0,2.0,2.0,2.0,mixed,rebut,challenge,rebuttal
q1__free_college__mixed_play__gemma2_9b__qwen2_5_3b__sup_opp__s0__5c8241c19d,16,gpt_pass_1,2.0,1.0,2.0,2.0,2.0,1.0,1.0,mixed,assert,defend,rebuttal
q1__free_college__mixed_play__gemma2_9b__qwen2_5_3b__sup_opp__s0__5c8241c19d,17,gpt_pass_1,2.0,3.0,1.0,3.0,3.0,2.0,1.0,mixed,rebut,challenge,rebuttal
q1__free_college__mixed_play__gemma2_9b__qwen2_5_3b__sup_opp__s0__5c8241c19d,18,gpt_pass_1,2.0,2.0,2.0,3.0,2.0,2.0,2.0,mixed,synthesize,accommodate,agreement
q1__free_college__mixed_play__gemma2_9b__qwen2_5_3b__sup_opp__s0__5c8241c19d,19,gpt_pass_1,1.0,2.0,1.0,3.0,3.0,1.0,2.0,mixed,rebut,challenge,rebuttal
q1__free_college__mixed_play__gemma2_9b__qwen2_5_3b__sup_opp__s0__5c8241c19d,20,gpt_pass_1,1.0,2.0,2.0,3.0,3.0,1.0,1.0,mixed,synthesize,persuade,accommodation
q1__free_college__mixed_play__gemma2_9b__qwen2_5_3b__sup_opp__s0__5c8241c19d,21,gpt_pass_1,1.0,3.0,1.0,2.0,2.0,1.0,1.0,mixed,rebut,challenge,rebuttal
q1__free_college__mixed_play__gemma2_9b__qwen2_5_3b__sup_opp__s0__5c8241c19d,22,gpt_pass_1,1.0,2.0,1.0,2.0,2.0,1.0,1.0,mixed,assert,defend,rebuttal
q1__free_college__mixed_play__gemma2_9b__qwen2_5_3b__sup_opp__s0__5c8241c19d,23,gpt_pass_1,1.0,3.0,1.0,2.0,3.0,2.0,1.0,mixed,rebut,challenge,rebuttal
q1__free_college__mixed_play__gemma2_9b__qwen2_5_3b__sup_opp__s0__5c8241c19d,24,gpt_pass_1,2.0,2.0,1.0,3.0,3.0,2.0,1.0,mixed,assert,persuade,agreement
q1__free_college__mixed_play__gemma2_9b__qwen2_5_3b__sup_opp__s0__5c8241c19d,25,gpt_pass_1,2.0,3.0,1.0,3.0,3.0,1.0,2.0,mixed,rebut,challenge,rebuttal
q1__free_college__mixed_play__gemma2_9b__qwen2_5_3b__sup_opp__s0__5c8241c19d,26,gpt_pass_1,2.0,3.0,2.0,3.0,2.0,2.0,1.0,mixed,assert,defend,rebuttal
q1__free_college__mixed_play__gemma2_9b__qwen2_5_3b__sup_opp__s0__5c8241c19d,27,gpt_pass_1,1.0,3.0,1.0,2.0,2.0,1.0,1.0,mixed,rebut,defend,rebuttal
q1__free_college__mixed_play__gemma2_9b__qwen2_5_3b__sup_opp__s0__5c8241c19d,28,gpt_pass_1,2.0,2.0,1.0,2.0,2.0,2.0,2.0,mixed,assert,defend,rebuttal
q1__free_college__mixed_play__gemma2_9b__qwen2_5_3b__sup_opp__s0__5c8241c19d,29,gpt_pass_1,2.0,2.0,2.0,3.0,2.0,2.0,3.0,mixed,synthesize,resolve,synthesis
q1__free_college__mixed_play__gemma2_9b__qwen2_5_3b__sup_opp__s0__5c8241c19d,30,gpt_pass_1,3.0,2.0,2.0,3.0,3.0,2.0,2.0,mixed,assert,defend,agreement
q1__free_college__mixed_play__gemma2_9b__qwen2_5_3b__sup_opp__s0__5c8241c19d,31,gpt_pass_1,1.0,3.0,1.0,2.0,2.0,2.0,1.0,mixed,rebut,challenge,rebuttal
q1__free_college__mixed_play__llama3_8b__qwen2_5_3b__opp_sup__s0__c8eb0f27dc,0,gpt_pass_1,1.0,3.0,1.0,3.0,2.0,2.0,2.0,negative,rebut,challenge,rebuttal
q1__free_college__mixed_play__llama3_8b__qwen2_5_3b__opp_sup__s0__c8eb0f27dc,1,gpt_pass_1,2.0,3.0,2.0,3.0,2.0,1.0,1.0,mixed,assert,defend,rebuttal
q1__free_college__mixed_play__llama3_8b__qwen2_5_3b__opp_sup__s0__c8eb0f27dc,2,gpt_pass_1,2.0,2.0,2.0,3.0,2.0,2.0,3.0,mixed,rebut,challenge,rebuttal
q1__free_college__mixed_play__llama3_8b__qwen2_5_3b__opp_sup__s0__c8eb0f27dc,3,gpt_pass_1,1.0,3.0,2.0,3.0,2.0,1.0,2.0,mixed,assert,defend,rebuttal
q1__free_college__mixed_play__llama3_8b__qwen2_5_3b__opp_sup__s0__c8eb0f27dc,4,gpt_pass_1,1.0,4.0,1.0,4.0,2.0,0.0,0.0,mixed,rebut,defend,rebuttal
q1__free_college__mixed_play__llama3_8b__qwen2_5_3b__opp_sup__s0__c8eb0f27dc,5,gpt_pass_1,2.0,3.0,2.0,3.0,2.0,2.0,2.0,mixed,assert,defend,rebuttal
q1__free_college__mixed_play__llama3_8b__qwen2_5_3b__opp_sup__s0__c8eb0f27dc,6,gpt_pass_1,1.0,3.0,0.0,2.0,2.0,1.0,1.0,mixed,rebut,challenge,rebuttal
q1__free_college__mixed_play__llama3_8b__qwen2_5_3b__opp_sup__s0__c8eb0f27dc,7,gpt_pass_1,1.0,2.0,1.0,3.0,2.0,1.0,1.0,mixed,assert,defend,rebuttal
q1__free_college__mixed_play__llama3_8b__qwen2_5_3b__opp_sup__s0__c8eb0f27dc,8,gpt_pass_1,1.0,4.0,1.0,3.0,2.0,0.0,1.0,mixed,rebut,challenge,rebuttal
q1__free_college__mixed_play__llama3_8b__qwen2_5_3b__opp_sup__s0__c8eb0f27dc,9,gpt_pass_1,1.0,2.0,2.0,2.0,2.0,1.0,2.0,mixed,assert,defend,rebuttal
q1__free_college__mixed_play__llama3_8b__qwen2_5_3b__opp_sup__s0__c8eb0f27dc,10,gpt_pass_1,1.0,2.0,1.0,2.0,2.0,2.0,2.0,mixed,rebut,challenge,rebuttal
q1__free_college__mixed_play__llama3_8b__qwen2_5_3b__opp_sup__s0__c8eb0f27dc,11,gpt_pass_1,1.0,2.0,1.0,2.0,2.0,1.0,1.0,mixed,rebut,defend,rebuttal
q1__free_college__mixed_play__llama3_8b__qwen2_5_3b__opp_sup__s0__c8eb0f27dc,12,gpt_pass_1,1.0,2.0,1.0,2.0,1.0,2.0,1.0,mixed,rebut,challenge,rebuttal
q1__free_college__mixed_play__llama3_8b__qwen2_5_3b__opp_sup__s0__c8eb0f27dc,13,gpt_pass_1,2.0,2.0,2.0,3.0,2.0,2.0,2.0,mixed,assert,persuade,agreement
q1__free_college__mixed_play__llama3_8b__qwen2_5_3b__opp_sup__s0__c8eb0f27dc,14,gpt_pass_1,1.0,3.0,2.0,3.0,2.0,1.0,2.0,mixed,rebut,challenge,rebuttal
q1__free_college__mixed_play__llama3_8b__qwen2_5_3b__opp_sup__s0__c8eb0f27dc,15,gpt_pass_1,1.0,2.0,1.0,2.0,2.0,1.0,1.0,mixed,accommodate,persuade,accommodation
q1__free_college__mixed_play__llama3_8b__qwen2_5_3b__opp_sup__s0__c8eb0f27dc,16,gpt_pass_1,1.0,4.0,1.0,2.0,3.0,0.0,1.0,mixed,rebut,challenge,rebuttal
q1__free_college__mixed_play__llama3_8b__qwen2_5_3b__opp_sup__s0__c8eb0f27dc,17,gpt_pass_1,1.0,3.0,0.0,2.0,2.0,1.0,1.0,mixed,assert,persuade,escalation
q1__free_college__mixed_play__llama3_8b__qwen2_5_3b__opp_sup__s0__c8eb0f27dc,18,gpt_pass_1,1.0,3.0,2.0,3.0,2.0,1.0,2.0,mixed,rebut,challenge,rebuttal
q1__free_college__mixed_play__llama3_8b__qwen2_5_3b__opp_sup__s0__c8eb0f27dc,19,gpt_pass_1,1.0,2.0,1.0,3.0,2.0,1.0,1.0,mixed,assert,defend,rebuttal
q1__free_college__mixed_play__llama3_8b__qwen2_5_3b__opp_sup__s0__c8eb0f27dc,20,gpt_pass_1,1.0,3.0,1.0,3.0,3.0,1.0,1.0,mixed,rebut,challenge,rebuttal
q1__free_college__mixed_play__llama3_8b__qwen2_5_3b__opp_sup__s0__c8eb0f27dc,21,gpt_pass_1,2.0,3.0,1.0,3.0,3.0,1.0,1.0,mixed,assert,defend,rebuttal
q1__free_college__mixed_play__llama3_8b__qwen2_5_3b__opp_sup__s0__c8eb0f27dc,22,gpt_pass_1,1.0,3.0,1.0,3.0,3.0,1.0,1.0,mixed,rebut,challenge,rebuttal
q1__free_college__mixed_play__llama3_8b__qwen2_5_3b__opp_sup__s0__c8eb0f27dc,23,gpt_pass_1,1.0,3.0,2.0,2.0,2.0,1.0,2.0,mixed,assert,defend,rebuttal
q1__free_college__mixed_play__llama3_8b__qwen2_5_3b__opp_sup__s0__c8eb0f27dc,24,gpt_pass_1,0.0,4.0,0.0,1.0,1.0,0.0,0.0,mixed,rebut,defend,rebuttal
q1__free_college__mixed_play__llama3_8b__qwen2_5_3b__opp_sup__s0__c8eb0f27dc,25,gpt_pass_1,1.0,2.0,1.0,2.0,2.0,1.0,2.0,mixed,assert,defend,rebuttal
q1__free_college__mixed_play__llama3_8b__qwen2_5_3b__opp_sup__s0__c8eb0f27dc,26,gpt_pass_1,1.0,2.0,1.0,3.0,4.0,0.0,1.0,mixed,assert,challenge,rebuttal
q1__free_college__mixed_play__llama3_8b__qwen2_5_3b__opp_sup__s0__c8eb0f27dc,27,gpt_pass_1,2.0,3.0,1.0,3.0,2.0,1.0,1.0,mixed,assert,defend,rebuttal
q1__free_college__mixed_play__llama3_8b__qwen2_5_3b__opp_sup__s0__c8eb0f27dc,28,gpt_pass_1,1.0,4.0,0.0,4.0,2.0,0.0,1.0,mixed,rebut,defend,rebuttal
q1__free_college__mixed_play__llama3_8b__qwen2_5_3b__opp_sup__s0__c8eb0f27dc,29,gpt_pass_1,2.0,3.0,1.0,2.0,2.0,1.0,0.0,mixed,assert,defend,rebuttal
q1__free_college__mixed_play__llama3_8b__qwen2_5_3b__opp_sup__s0__c8eb0f27dc,30,gpt_pass_1,1.0,3.0,1.0,3.0,2.0,0.0,1.0,mixed,rebut,defend,rebuttal
q1__free_college__mixed_play__llama3_8b__qwen2_5_3b__opp_sup__s0__c8eb0f27dc,31,gpt_pass_1,1.0,3.0,1.0,2.0,2.0,1.0,0.0,mixed,assert,defend,rebuttal
q1__free_college__mixed_play__llama3_8b__qwen2_5_3b__sup_opp__s0__0b519a3cb5,0,gpt_pass_1,1.0,3.0,2.0,2.0,3.0,2.0,2.0,mixed,assert,defend,rebuttal
q1__free_college__mixed_play__llama3_8b__qwen2_5_3b__sup_opp__s0__0b519a3cb5,1,gpt_pass_1,1.0,2.0,1.0,2.0,3.0,2.0,1.0,mixed,rebut,challenge,rebuttal
q1__free_college__mixed_play__llama3_8b__qwen2_5_3b__sup_opp__s0__0b519a3cb5,2,gpt_pass_1,2.0,3.0,2.0,3.0,3.0,1.0,1.0,mixed,assert,defend,rebuttal
q1__free_college__mixed_play__llama3_8b__qwen2_5_3b__sup_opp__s0__0b519a3cb5,3,gpt_pass_1,2.0,3.0,1.0,2.0,3.0,1.0,2.0,mixed,synthesize,accommodate,agreement
q1__free_college__mixed_play__llama3_8b__qwen2_5_3b__sup_opp__s0__0b519a3cb5,4,gpt_pass_1,1.0,2.0,2.0,3.0,2.0,2.0,1.0,mixed,clarify,defend,clarification
q1__free_college__mixed_play__llama3_8b__qwen2_5_3b__sup_opp__s0__0b519a3cb5,5,gpt_pass_1,1.0,2.0,1.0,2.0,2.0,2.0,2.0,mixed,rebut,challenge,rebuttal
q1__free_college__mixed_play__llama3_8b__qwen2_5_3b__sup_opp__s0__0b519a3cb5,6,gpt_pass_1,2.0,3.0,2.0,3.0,3.0,2.0,1.0,mixed,assert,defend,rebuttal
q1__free_college__mixed_play__llama3_8b__qwen2_5_3b__sup_opp__s0__0b519a3cb5,7,gpt_pass_1,1.0,3.0,2.0,3.0,2.0,1.0,2.0,mixed,assert,challenge,rebuttal
q1__free_college__mixed_play__llama3_8b__qwen2_5_3b__sup_opp__s0__0b519a3cb5,8,gpt_pass_1,2.0,3.0,1.0,2.0,3.0,2.0,1.0,mixed,assert,defend,rebuttal
q1__free_college__mixed_play__llama3_8b__qwen2_5_3b__sup_opp__s0__0b519a3cb5,9,gpt_pass_1,1.0,2.0,1.0,2.0,2.0,2.0,1.0,mixed,rebut,challenge,rebuttal
q1__free_college__mixed_play__llama3_8b__qwen2_5_3b__sup_opp__s0__0b519a3cb5,10,gpt_pass_1,1.0,2.0,1.0,3.0,2.0,2.0,1.0,mixed,clarify,explore,clarification
q1__free_college__mixed_play__llama3_8b__qwen2_5_3b__sup_opp__s0__0b519a3cb5,11,gpt_pass_1,1.0,3.0,1.0,3.0,2.0,2.0,1.0,mixed,rebut,challenge,rebuttal
q1__free_college__mixed_play__llama3_8b__qwen2_5_3b__sup_opp__s0__0b519a3cb5,12,gpt_pass_1,1.0,3.0,0.0,2.0,3.0,2.0,1.0,mixed,assert,defend,rebuttal
q1__free_college__mixed_play__llama3_8b__qwen2_5_3b__sup_opp__s0__0b519a3cb5,13,gpt_pass_1,1.0,2.0,1.0,3.0,3.0,2.0,1.0,mixed,rebut,challenge,rebuttal
q1__free_college__mixed_play__llama3_8b__qwen2_5_3b__sup_opp__s0__0b519a3cb5,14,gpt_pass_1,1.0,3.0,2.0,2.0,3.0,1.0,2.0,mixed,assert,defend,rebuttal
q1__free_college__mixed_play__llama3_8b__qwen2_5_3b__sup_opp__s0__0b519a3cb5,15,gpt_pass_1,2.0,3.0,2.0,4.0,3.0,2.0,2.0,mixed,rebut,challenge,rebuttal
q1__free_college__mixed_play__llama3_8b__qwen2_5_3b__sup_opp__s0__0b519a3cb5,16,gpt_pass_1,1.0,2.0,1.0,2.0,2.0,2.0,1.0,mixed,assert,defend,rebuttal
q1__free_college__mixed_play__llama3_8b__qwen2_5_3b__sup_opp__s0__0b519a3cb5,17,gpt_pass_1,1.0,2.0,2.0,2.0,2.0,1.0,1.0,mixed,rebut,challenge,rebuttal
q1__free_college__mixed_play__llama3_8b__qwen2_5_3b__sup_opp__s0__0b519a3cb5,18,gpt_pass_1,1.0,2.0,1.0,3.0,2.0,2.0,1.0,mixed,assert,defend,rebuttal
q1__free_college__mixed_play__llama3_8b__qwen2_5_3b__sup_opp__s0__0b519a3cb5,19,gpt_pass_1,1.0,3.0,1.0,2.0,2.0,3.0,2.0,mixed,rebut,challenge,rebuttal
q1__free_college__mixed_play__llama3_8b__qwen2_5_3b__sup_opp__s0__0b519a3cb5,20,gpt_pass_1,1.0,2.0,2.0,3.0,3.0,1.0,1.0,mixed,rebut,defend,rebuttal
q1__free_college__mixed_play__llama3_8b__qwen2_5_3b__sup_opp__s0__0b519a3cb5,21,gpt_pass_1,1.0,3.0,1.0,3.0,3.0,1.0,1.0,mixed,rebut,challenge,rebuttal
q1__free_college__mixed_play__llama3_8b__qwen2_5_3b__sup_opp__s0__0b519a3cb5,22,gpt_pass_1,2.0,3.0,1.0,3.0,2.0,1.0,1.0,mixed,assert,defend,rebuttal
q1__free_college__mixed_play__llama3_8b__qwen2_5_3b__sup_opp__s0__0b519a3cb5,23,gpt_pass_1,1.0,2.0,2.0,2.0,3.0,2.0,1.0,mixed,rebut,challenge,rebuttal
q1__free_college__mixed_play__llama3_8b__qwen2_5_3b__sup_opp__s0__0b519a3cb5,24,gpt_pass_1,2.0,2.0,2.0,3.0,3.0,2.0,2.0,mixed,assert,defend,rebuttal
q1__free_college__mixed_play__llama3_8b__qwen2_5_3b__sup_opp__s0__0b519a3cb5,25,gpt_pass_1,2.0,3.0,2.0,3.0,3.0,1.0,2.0,mixed,clarify,explore,clarification
q1__free_college__mixed_play__llama3_8b__qwen2_5_3b__sup_opp__s0__0b519a3cb5,26,gpt_pass_1,2.0,3.0,1.0,3.0,2.0,1.0,2.0,mixed,assert,defend,rebuttal
q1__free_college__mixed_play__llama3_8b__qwen2_5_3b__sup_opp__s0__0b519a3cb5,27,gpt_pass_1,2.0,3.0,2.0,3.0,3.0,1.0,1.0,mixed,rebut,challenge,rebuttal
q1__free_college__mixed_play__llama3_8b__qwen2_5_3b__sup_opp__s0__0b519a3cb5,28,gpt_pass_1,1.0,2.0,1.0,2.0,2.0,1.0,2.0,mixed,clarify,defend,clarification
q1__free_college__mixed_play__llama3_8b__qwen2_5_3b__sup_opp__s0__0b519a3cb5,29,gpt_pass_1,1.0,3.0,2.0,3.0,3.0,2.0,1.0,mixed,rebut,challenge,rebuttal
q1__free_college__mixed_play__llama3_8b__qwen2_5_3b__sup_opp__s0__0b519a3cb5,30,gpt_pass_1,2.0,3.0,1.0,3.0,3.0,1.0,1.0,mixed,assert,defend,rebuttal
q1__free_college__mixed_play__llama3_8b__qwen2_5_3b__sup_opp__s0__0b519a3cb5,31,gpt_pass_1,1.0,3.0,1.0,3.0,2.0,1.0,1.0,mixed,rebut,challenge,escalation
q1__free_college__self_play__gemma2_9b__gemma2_9b__opp_sup__s0__e3b3736b44,0,gpt_pass_1,1.0,2.0,1.0,3.0,2.0,1.0,1.0,mixed,clarify,challenge,clarification
q1__free_college__self_play__gemma2_9b__gemma2_9b__opp_sup__s0__e3b3736b44,1,gpt_pass_1,1.0,3.0,2.0,3.0,3.0,1.0,2.0,mixed,assert,defend,agreement
q1__free_college__self_play__gemma2_9b__gemma2_9b__opp_sup__s0__e3b3736b44,2,gpt_pass_1,2.0,2.0,2.0,3.0,2.0,2.0,2.0,mixed,clarify,explore,clarification
q1__free_college__self_play__gemma2_9b__gemma2_9b__opp_sup__s0__e3b3736b44,3,gpt_pass_1,1.0,2.0,1.0,3.0,2.0,1.0,1.0,mixed,clarify,defend,clarification
q1__free_college__self_play__gemma2_9b__gemma2_9b__opp_sup__s0__e3b3736b44,4,gpt_pass_1,1.0,3.0,1.0,3.0,3.0,1.0,1.0,mixed,rebut,defend,rebuttal
q1__free_college__self_play__gemma2_9b__gemma2_9b__opp_sup__s0__e3b3736b44,5,gpt_pass_1,1.0,3.0,2.0,3.0,2.0,1.0,1.0,mixed,assert,defend,rebuttal
q1__free_college__self_play__gemma2_9b__gemma2_9b__opp_sup__s0__e3b3736b44,6,gpt_pass_1,1.0,2.0,1.0,3.0,2.0,1.0,1.0,mixed,rebut,challenge,rebuttal
q1__free_college__self_play__gemma2_9b__gemma2_9b__opp_sup__s0__e3b3736b44,7,gpt_pass_1,2.0,3.0,2.0,2.0,2.0,1.0,1.0,mixed,assert,defend,agreement
q1__free_college__self_play__gemma2_9b__gemma2_9b__opp_sup__s0__e3b3736b44,8,gpt_pass_1,1.0,2.0,1.0,3.0,2.0,2.0,1.0,mixed,rebut,challenge,rebuttal
q1__free_college__self_play__gemma2_9b__gemma2_9b__opp_sup__s0__e3b3736b44,9,gpt_pass_1,1.0,2.0,1.0,3.0,2.0,1.0,1.0,mixed,assert,defend,rebuttal
q1__free_college__self_play__gemma2_9b__gemma2_9b__opp_sup__s0__e3b3736b44,10,gpt_pass_1,1.0,2.0,1.0,2.0,3.0,2.0,2.0,mixed,rebut,challenge,rebuttal
q1__free_college__self_play__gemma2_9b__gemma2_9b__opp_sup__s0__e3b3736b44,11,gpt_pass_1,1.0,3.0,1.0,2.0,3.0,1.0,2.0,mixed,assert,defend,rebuttal
q1__free_college__self_play__gemma2_9b__gemma2_9b__opp_sup__s0__e3b3736b44,12,gpt_pass_1,1.0,2.0,1.0,3.0,3.0,1.0,2.0,mixed,assert,defend,rebuttal
q1__free_college__self_play__gemma2_9b__gemma2_9b__opp_sup__s0__e3b3736b44,13,gpt_pass_1,2.0,2.0,2.0,2.0,3.0,1.0,2.0,mixed,clarify,explore,clarification
q1__free_college__self_play__gemma2_9b__gemma2_9b__opp_sup__s0__e3b3736b44,14,gpt_pass_1,1.0,3.0,0.0,2.0,2.0,2.0,1.0,mixed,rebut,defend,rebuttal
q1__free_college__self_play__gemma2_9b__gemma2_9b__opp_sup__s0__e3b3736b44,15,gpt_pass_1,1.0,2.0,1.0,2.0,3.0,2.0,1.0,mixed,assert,defend,rebuttal
q1__free_college__self_play__gemma2_9b__gemma2_9b__opp_sup__s0__e3b3736b44,16,gpt_pass_1,2.0,3.0,2.0,2.0,3.0,2.0,1.0,mixed,rebut,challenge,rebuttal
q1__free_college__self_play__gemma2_9b__gemma2_9b__opp_sup__s0__e3b3736b44,17,gpt_pass_1,1.0,3.0,2.0,3.0,3.0,1.0,2.0,mixed,assert,defend,rebuttal
q1__free_college__self_play__gemma2_9b__gemma2_9b__opp_sup__s0__e3b3736b44,18,gpt_pass_1,1.0,2.0,1.0,3.0,2.0,2.0,2.0,mixed,rebut,challenge,rebuttal
q1__free_college__self_play__gemma2_9b__gemma2_9b__opp_sup__s0__e3b3736b44,19,gpt_pass_1,2.0,3.0,1.0,3.0,2.0,1.0,1.0,mixed,assert,defend,uncertain
q1__free_college__self_play__gemma2_9b__gemma2_9b__opp_sup__s0__e3b3736b44,20,gpt_pass_1,1.0,2.0,1.0,3.0,4.0,1.0,2.0,mixed,rebut,challenge,rebuttal
q1__free_college__self_play__gemma2_9b__gemma2_9b__opp_sup__s0__e3b3736b44,21,gpt_pass_1,1.0,3.0,1.0,2.0,2.0,1.0,1.0,mixed,assert,defend,rebuttal
q1__free_college__self_play__gemma2_9b__gemma2_9b__opp_sup__s0__e3b3736b44,22,gpt_pass_1,1.0,2.0,1.0,3.0,2.0,1.0,0.0,mixed,rebut,challenge,rebuttal
q1__free_college__self_play__gemma2_9b__gemma2_9b__opp_sup__s0__e3b3736b44,23,gpt_pass_1,1.0,2.0,1.0,2.0,2.0,2.0,1.0,mixed,assert,defend,rebuttal
q1__free_college__self_play__gemma2_9b__gemma2_9b__opp_sup__s0__e3b3736b44,24,gpt_pass_1,1.0,3.0,1.0,4.0,3.0,0.0,1.0,mixed,concede,accommodate,accommodation
q1__free_college__self_play__gemma2_9b__gemma2_9b__opp_sup__s0__e3b3736b44,25,gpt_pass_1,2.0,3.0,1.0,3.0,2.0,2.0,1.0,mixed,assert,defend,rebuttal
q1__free_college__self_play__gemma2_9b__gemma2_9b__opp_sup__s0__e3b3736b44,26,gpt_pass_1,1.0,3.0,1.0,3.0,3.0,1.0,2.0,mixed,rebut,challenge,rebuttal
q1__free_college__self_play__gemma2_9b__gemma2_9b__opp_sup__s0__e3b3736b44,27,gpt_pass_1,1.0,2.0,1.0,2.0,2.0,1.0,1.0,mixed,synthesize,accommodate,clarification
q1__free_college__self_play__gemma2_9b__gemma2_9b__opp_sup__s0__e3b3736b44,28,gpt_pass_1,1.0,3.0,1.0,2.0,3.0,1.0,1.0,mixed,rebut,defend,rebuttal
q1__free_college__self_play__gemma2_9b__gemma2_9b__opp_sup__s0__e3b3736b44,29,gpt_pass_1,2.0,3.0,2.0,3.0,2.0,1.0,1.0,mixed,assert,defend,rebuttal
q1__free_college__self_play__gemma2_9b__gemma2_9b__opp_sup__s0__e3b3736b44,30,gpt_pass_1,1.0,2.0,1.0,2.0,2.0,2.0,2.0,mixed,rebut,challenge,rebuttal
q1__free_college__self_play__gemma2_9b__gemma2_9b__opp_sup__s0__e3b3736b44,31,gpt_pass_1,2.0,2.0,1.0,3.0,2.0,1.0,1.0,mixed,assert,defend,concession
q1__free_college__self_play__gemma2_9b__gemma2_9b__sup_opp__s0__500fbdbabe,0,gpt_pass_1,1.0,3.0,0.0,2.0,3.0,1.0,1.0,mixed,assert,defend,rebuttal
q1__free_college__self_play__gemma2_9b__gemma2_9b__sup_opp__s0__500fbdbabe,1,gpt_pass_1,1.0,2.0,1.0,2.0,2.0,3.0,2.0,mixed,rebut,challenge,rebuttal
q1__free_college__self_play__gemma2_9b__gemma2_9b__sup_opp__s0__500fbdbabe,2,gpt_pass_1,2.0,3.0,1.0,2.0,2.0,1.0,2.0,mixed,rebut,defend,rebuttal
q1__free_college__self_play__gemma2_9b__gemma2_9b__sup_opp__s0__500fbdbabe,3,gpt_pass_1,1.0,3.0,2.0,3.0,2.0,2.0,2.0,mixed,rebut,challenge,escalation
q1__free_college__self_play__gemma2_9b__gemma2_9b__sup_opp__s0__500fbdbabe,4,gpt_pass_1,1.0,3.0,2.0,2.0,3.0,1.0,2.0,mixed,assert,defend,rebuttal
q1__free_college__self_play__gemma2_9b__gemma2_9b__sup_opp__s0__500fbdbabe,5,gpt_pass_1,3.0,2.0,3.0,2.0,3.0,2.0,2.0,mixed,rebut,defend,rebuttal
q1__free_college__self_play__gemma2_9b__gemma2_9b__sup_opp__s0__500fbdbabe,6,gpt_pass_1,2.0,3.0,2.0,3.0,3.0,1.0,1.0,mixed,assert,defend,rebuttal
q1__free_college__self_play__gemma2_9b__gemma2_9b__sup_opp__s0__500fbdbabe,7,gpt_pass_1,1.0,2.0,2.0,2.0,3.0,2.0,2.0,mixed,rebut,challenge,rebuttal
q1__free_college__self_play__gemma2_9b__gemma2_9b__sup_opp__s0__500fbdbabe,8,gpt_pass_1,1.0,2.0,1.0,3.0,2.0,1.0,1.0,mixed,concede,accommodate,agreement
q1__free_college__self_play__gemma2_9b__gemma2_9b__sup_opp__s0__500fbdbabe,9,gpt_pass_1,1.0,2.0,1.0,3.0,3.0,2.0,2.0,mixed,rebut,challenge,rebuttal
q1__free_college__self_play__gemma2_9b__gemma2_9b__sup_opp__s0__500fbdbabe,10,gpt_pass_1,1.0,2.0,1.0,2.0,3.0,1.0,1.0,mixed,assert,defend,rebuttal
q1__free_college__self_play__gemma2_9b__gemma2_9b__sup_opp__s0__500fbdbabe,11,gpt_pass_1,1.0,2.0,2.0,2.0,3.0,2.0,1.0,mixed,rebut,challenge,rebuttal
q1__free_college__self_play__gemma2_9b__gemma2_9b__sup_opp__s0__500fbdbabe,12,gpt_pass_1,2.0,2.0,2.0,2.0,2.0,1.0,1.0,mixed,assert,synthesize,uncertain
q1__free_college__self_play__gemma2_9b__gemma2_9b__sup_opp__s0__500fbdbabe,13,gpt_pass_1,1.0,2.0,2.0,3.0,3.0,1.0,1.0,mixed,synthesize,accommodate,agreement
q1__free_college__self_play__gemma2_9b__gemma2_9b__sup_opp__s0__500fbdbabe,14,gpt_pass_1,2.0,2.0,2.0,3.0,2.0,1.0,2.0,mixed,assert,defend,rebuttal
q1__free_college__self_play__gemma2_9b__gemma2_9b__sup_opp__s0__500fbdbabe,15,gpt_pass_1,1.0,3.0,1.0,3.0,2.0,2.0,2.0,mixed,rebut,challenge,rebuttal
q1__free_college__self_play__gemma2_9b__gemma2_9b__sup_opp__s0__500fbdbabe,16,gpt_pass_1,1.0,2.0,2.0,2.0,2.0,1.0,1.0,mixed,assert,defend,rebuttal
q1__free_college__self_play__gemma2_9b__gemma2_9b__sup_opp__s0__500fbdbabe,17,gpt_pass_1,1.0,3.0,1.0,2.0,3.0,3.0,1.0,mixed,rebut,challenge,rebuttal
q1__free_college__self_play__gemma2_9b__gemma2_9b__sup_opp__s0__500fbdbabe,18,gpt_pass_1,1.0,3.0,1.0,3.0,2.0,2.0,1.0,mixed,assert,defend,rebuttal
q1__free_college__self_play__gemma2_9b__gemma2_9b__sup_opp__s0__500fbdbabe,19,gpt_pass_1,1.0,3.0,1.0,3.0,3.0,1.0,2.0,mixed,rebut,challenge,rebuttal
q1__free_college__self_play__gemma2_9b__gemma2_9b__sup_opp__s0__500fbdbabe,20,gpt_pass_1,0.0,3.0,1.0,2.0,3.0,0.0,1.0,negative,assert,defend,rebuttal
q1__free_college__self_play__gemma2_9b__gemma2_9b__sup_opp__s0__500fbdbabe,21,gpt_pass_1,1.0,2.0,1.0,2.0,2.0,1.0,1.0,mixed,rebut,challenge,rebuttal
q1__free_college__self_play__gemma2_9b__gemma2_9b__sup_opp__s0__500fbdbabe,22,gpt_pass_1,1.0,2.0,1.0,2.0,2.0,1.0,1.0,mixed,assert,defend,rebuttal
q1__free_college__self_play__gemma2_9b__gemma2_9b__sup_opp__s0__500fbdbabe,23,gpt_pass_1,1.0,3.0,1.0,2.0,3.0,2.0,1.0,mixed,rebut,challenge,rebuttal
q1__free_college__self_play__gemma2_9b__gemma2_9b__sup_opp__s0__500fbdbabe,24,gpt_pass_1,1.0,3.0,1.0,2.0,2.0,2.0,2.0,negative,rebut,challenge,escalation
q1__free_college__self_play__gemma2_9b__gemma2_9b__sup_opp__s0__500fbdbabe,25,gpt_pass_1,2.0,3.0,1.0,2.0,3.0,1.0,2.0,mixed,rebut,challenge,rebuttal
q1__free_college__self_play__gemma2_9b__gemma2_9b__sup_opp__s0__500fbdbabe,26,gpt_pass_1,2.0,3.0,2.0,3.0,2.0,2.0,1.0,mixed,assert,synthesize,synthesis
q1__free_college__self_play__gemma2_9b__gemma2_9b__sup_opp__s0__500fbdbabe,27,gpt_pass_1,1.0,3.0,1.0,3.0,2.0,2.0,1.0,mixed,rebut,challenge,rebuttal
q1__free_college__self_play__gemma2_9b__gemma2_9b__sup_opp__s0__500fbdbabe,28,gpt_pass_1,2.0,2.0,1.0,2.0,2.0,2.0,2.0,mixed,assert,defend,rebuttal
q1__free_college__self_play__gemma2_9b__gemma2_9b__sup_opp__s0__500fbdbabe,29,gpt_pass_1,2.0,2.0,3.0,3.0,2.0,2.0,3.0,mixed,synthesize,explore,synthesis
q1__free_college__self_play__gemma2_9b__gemma2_9b__sup_opp__s0__500fbdbabe,30,gpt_pass_1,3.0,2.0,2.0,3.0,3.0,2.0,2.0,mixed,assert,defend,agreement
q1__free_college__self_play__gemma2_9b__gemma2_9b__sup_opp__s0__500fbdbabe,31,gpt_pass_1,1.0,3.0,1.0,2.0,2.0,2.0,1.0,mixed,rebut,challenge,rebuttal
q1__free_college__self_play__llama3_8b__llama3_8b__opp_sup__s0__21a04dab92,0,gpt_pass_1,1.0,3.0,1.0,3.0,2.0,2.0,2.0,negative,rebut,challenge,rebuttal
q1__free_college__self_play__llama3_8b__llama3_8b__opp_sup__s0__21a04dab92,1,gpt_pass_1,2.0,3.0,2.0,3.0,2.0,1.0,2.0,mixed,assert,defend,rebuttal
q1__free_college__self_play__llama3_8b__llama3_8b__opp_sup__s0__21a04dab92,2,gpt_pass_1,2.0,2.0,2.0,3.0,2.0,2.0,3.0,mixed,rebut,challenge,rebuttal
q1__free_college__self_play__llama3_8b__llama3_8b__opp_sup__s0__21a04dab92,3,gpt_pass_1,1.0,3.0,2.0,3.0,2.0,1.0,2.0,mixed,assert,defend,rebuttal
q1__free_college__self_play__llama3_8b__llama3_8b__opp_sup__s0__21a04dab92,4,gpt_pass_1,1.0,4.0,1.0,4.0,2.0,0.0,0.0,mixed,rebut,defend,rebuttal
q1__free_college__self_play__llama3_8b__llama3_8b__opp_sup__s0__21a04dab92,5,gpt_pass_1,2.0,3.0,2.0,3.0,2.0,2.0,2.0,mixed,clarify,explore,clarification
q1__free_college__self_play__llama3_8b__llama3_8b__opp_sup__s0__21a04dab92,6,gpt_pass_1,0.0,3.0,1.0,3.0,3.0,1.0,1.0,mixed,rebut,challenge,rebuttal
q1__free_college__self_play__llama3_8b__llama3_8b__opp_sup__s0__21a04dab92,7,gpt_pass_1,1.0,2.0,1.0,3.0,2.0,1.0,1.0,mixed,assert,defend,rebuttal
q1__free_college__self_play__llama3_8b__llama3_8b__opp_sup__s0__21a04dab92,8,gpt_pass_1,1.0,4.0,1.0,3.0,2.0,0.0,1.0,mixed,rebut,challenge,rebuttal
q1__free_college__self_play__llama3_8b__llama3_8b__opp_sup__s0__21a04dab92,9,gpt_pass_1,1.0,2.0,2.0,2.0,2.0,1.0,2.0,mixed,assert,defend,rebuttal
q1__free_college__self_play__llama3_8b__llama3_8b__opp_sup__s0__21a04dab92,10,gpt_pass_1,1.0,2.0,1.0,2.0,2.0,2.0,2.0,mixed,rebut,challenge,rebuttal
q1__free_college__self_play__llama3_8b__llama3_8b__opp_sup__s0__21a04dab92,11,gpt_pass_1,1.0,2.0,1.0,2.0,2.0,1.0,1.0,mixed,rebut,defend,rebuttal
q1__free_college__self_play__llama3_8b__llama3_8b__opp_sup__s0__21a04dab92,12,gpt_pass_1,1.0,2.0,1.0,2.0,1.0,2.0,1.0,mixed,rebut,challenge,rebuttal
q1__free_college__self_play__llama3_8b__llama3_8b__opp_sup__s0__21a04dab92,13,gpt_pass_1,2.0,2.0,2.0,3.0,2.0,2.0,2.0,mixed,assert,defend,rebuttal
q1__free_college__self_play__llama3_8b__llama3_8b__opp_sup__s0__21a04dab92,14,gpt_pass_1,1.0,3.0,2.0,3.0,2.0,1.0,2.0,mixed,rebut,challenge,rebuttal
q1__free_college__self_play__llama3_8b__llama3_8b__opp_sup__s0__21a04dab92,15,gpt_pass_1,1.0,2.0,1.0,2.0,2.0,1.0,1.0,mixed,accommodate,persuade,accommodation
q1__free_college__self_play__llama3_8b__llama3_8b__opp_sup__s0__21a04dab92,16,gpt_pass_1,1.0,4.0,1.0,2.0,3.0,0.0,1.0,mixed,rebut,challenge,rebuttal
q1__free_college__self_play__llama3_8b__llama3_8b__opp_sup__s0__21a04dab92,17,gpt_pass_1,1.0,2.0,2.0,2.0,2.0,2.0,2.0,mixed,clarify,explore,clarification
q1__free_college__self_play__llama3_8b__llama3_8b__opp_sup__s0__21a04dab92,18,gpt_pass_1,1.0,3.0,2.0,3.0,2.0,1.0,2.0,mixed,rebut,challenge,rebuttal
q1__free_college__self_play__llama3_8b__llama3_8b__opp_sup__s0__21a04dab92,19,gpt_pass_1,1.0,2.0,1.0,3.0,2.0,1.0,1.0,mixed,assert,defend,rebuttal
q1__free_college__self_play__llama3_8b__llama3_8b__opp_sup__s0__21a04dab92,20,gpt_pass_1,0.0,4.0,0.0,3.0,3.0,0.0,1.0,mixed,rebut,challenge,rebuttal
q1__free_college__self_play__llama3_8b__llama3_8b__opp_sup__s0__21a04dab92,21,gpt_pass_1,2.0,3.0,1.0,3.0,3.0,1.0,1.0,mixed,assert,defend,rebuttal
q1__free_college__self_play__llama3_8b__llama3_8b__opp_sup__s0__21a04dab92,22,gpt_pass_1,1.0,3.0,1.0,3.0,3.0,1.0,1.0,mixed,rebut,challenge,rebuttal
q1__free_college__self_play__llama3_8b__llama3_8b__opp_sup__s0__21a04dab92,23,gpt_pass_1,2.0,3.0,2.0,3.0,2.0,1.0,2.0,mixed,assert,defend,rebuttal
q1__free_college__self_play__llama3_8b__llama3_8b__opp_sup__s0__21a04dab92,24,gpt_pass_1,0.0,4.0,0.0,1.0,1.0,0.0,0.0,mixed,rebut,defend,rebuttal
q1__free_college__self_play__llama3_8b__llama3_8b__opp_sup__s0__21a04dab92,25,gpt_pass_1,1.0,2.0,1.0,2.0,2.0,1.0,2.0,mixed,assert,defend,rebuttal
q1__free_college__self_play__llama3_8b__llama3_8b__opp_sup__s0__21a04dab92,26,gpt_pass_1,0.0,3.0,1.0,3.0,4.0,0.0,1.0,negative,assert,challenge,rebuttal
q1__free_college__self_play__llama3_8b__llama3_8b__opp_sup__s0__21a04dab92,27,gpt_pass_1,2.0,3.0,1.0,3.0,2.0,1.0,1.0,mixed,assert,defend,rebuttal
q1__free_college__self_play__llama3_8b__llama3_8b__opp_sup__s0__21a04dab92,28,gpt_pass_1,1.0,4.0,0.0,4.0,2.0,0.0,1.0,mixed,rebut,defend,rebuttal
q1__free_college__self_play__llama3_8b__llama3_8b__opp_sup__s0__21a04dab92,29,gpt_pass_1,2.0,3.0,2.0,3.0,2.0,1.0,1.0,mixed,assert,defend,rebuttal
q1__free_college__self_play__llama3_8b__llama3_8b__opp_sup__s0__21a04dab92,30,gpt_pass_1,1.0,3.0,1.0,3.0,2.0,0.0,1.0,mixed,rebut,defend,rebuttal
q1__free_college__self_play__llama3_8b__llama3_8b__opp_sup__s0__21a04dab92,31,gpt_pass_1,1.0,3.0,1.0,2.0,2.0,1.0,0.0,mixed,assert,defend,rebuttal
q1__free_college__self_play__llama3_8b__llama3_8b__sup_opp__s0__98609ad6b7,0,gpt_pass_1,1.0,3.0,2.0,2.0,3.0,2.0,2.0,mixed,assert,defend,rebuttal
q1__free_college__self_play__llama3_8b__llama3_8b__sup_opp__s0__98609ad6b7,1,gpt_pass_1,1.0,3.0,1.0,2.0,3.0,1.0,1.0,mixed,rebut,challenge,rebuttal
q1__free_college__self_play__llama3_8b__llama3_8b__sup_opp__s0__98609ad6b7,2,gpt_pass_1,2.0,3.0,1.0,3.0,3.0,1.0,1.0,mixed,assert,defend,rebuttal
q1__free_college__self_play__llama3_8b__llama3_8b__sup_opp__s0__98609ad6b7,3,gpt_pass_1,1.0,4.0,1.0,2.0,3.0,0.0,2.0,mixed,rebut,challenge,rebuttal
q1__free_college__self_play__llama3_8b__llama3_8b__sup_opp__s0__98609ad6b7,4,gpt_pass_1,1.0,2.0,2.0,3.0,2.0,2.0,1.0,mixed,clarify,defend,clarification
q1__free_college__self_play__llama3_8b__llama3_8b__sup_opp__s0__98609ad6b7,5,gpt_pass_1,1.0,3.0,1.0,2.0,2.0,2.0,2.0,mixed,rebut,challenge,rebuttal
q1__free_college__self_play__llama3_8b__llama3_8b__sup_opp__s0__98609ad6b7,6,gpt_pass_1,2.0,3.0,1.0,3.0,3.0,2.0,1.0,mixed,assert,defend,rebuttal
q1__free_college__self_play__llama3_8b__llama3_8b__sup_opp__s0__98609ad6b7,7,gpt_pass_1,1.0,3.0,2.0,3.0,2.0,1.0,2.0,mixed,assert,challenge,rebuttal
q1__free_college__self_play__llama3_8b__llama3_8b__sup_opp__s0__98609ad6b7,8,gpt_pass_1,2.0,3.0,1.0,2.0,3.0,2.0,1.0,mixed,assert,defend,rebuttal
q1__free_college__self_play__llama3_8b__llama3_8b__sup_opp__s0__98609ad6b7,9,gpt_pass_1,1.0,2.0,1.0,2.0,2.0,2.0,1.0,mixed,rebut,challenge,rebuttal
q1__free_college__self_play__llama3_8b__llama3_8b__sup_opp__s0__98609ad6b7,10,gpt_pass_1,1.0,2.0,1.0,3.0,2.0,1.0,1.0,mixed,rebut,challenge,rebuttal
q1__free_college__self_play__llama3_8b__llama3_8b__sup_opp__s0__98609ad6b7,11,gpt_pass_1,1.0,3.0,1.0,3.0,2.0,2.0,1.0,mixed,rebut,challenge,rebuttal
q1__free_college__self_play__llama3_8b__llama3_8b__sup_opp__s0__98609ad6b7,12,gpt_pass_1,1.0,3.0,1.0,2.0,3.0,2.0,1.0,mixed,assert,defend,rebuttal
q1__free_college__self_play__llama3_8b__llama3_8b__sup_opp__s0__98609ad6b7,13,gpt_pass_1,1.0,3.0,1.0,3.0,2.0,2.0,2.0,mixed,rebut,challenge,rebuttal
q1__free_college__self_play__llama3_8b__llama3_8b__sup_opp__s0__98609ad6b7,14,gpt_pass_1,1.0,3.0,2.0,2.0,3.0,2.0,2.0,mixed,assert,defend,rebuttal
q1__free_college__self_play__llama3_8b__llama3_8b__sup_opp__s0__98609ad6b7,15,gpt_pass_1,1.0,4.0,1.0,3.0,2.0,2.0,1.0,mixed,rebut,challenge,rebuttal
q1__free_college__self_play__llama3_8b__llama3_8b__sup_opp__s0__98609ad6b7,16,gpt_pass_1,1.0,2.0,1.0,2.0,2.0,2.0,1.0,mixed,assert,defend,rebuttal
q1__free_college__self_play__llama3_8b__llama3_8b__sup_opp__s0__98609ad6b7,17,gpt_pass_1,1.0,2.0,3.0,2.0,2.0,1.0,1.0,mixed,rebut,challenge,rebuttal
q1__free_college__self_play__llama3_8b__llama3_8b__sup_opp__s0__98609ad6b7,18,gpt_pass_1,1.0,3.0,1.0,3.0,2.0,2.0,1.0,mixed,assert,defend,rebuttal
q1__free_college__self_play__llama3_8b__llama3_8b__sup_opp__s0__98609ad6b7,19,gpt_pass_1,1.0,3.0,1.0,2.0,2.0,3.0,2.0,mixed,rebut,challenge,rebuttal
q1__free_college__self_play__llama3_8b__llama3_8b__sup_opp__s0__98609ad6b7,20,gpt_pass_1,1.0,2.0,2.0,3.0,3.0,1.0,1.0,mixed,assert,defend,agreement
q1__free_college__self_play__llama3_8b__llama3_8b__sup_opp__s0__98609ad6b7,21,gpt_pass_1,1.0,3.0,1.0,3.0,3.0,1.0,1.0,mixed,rebut,challenge,rebuttal
q1__free_college__self_play__llama3_8b__llama3_8b__sup_opp__s0__98609ad6b7,22,gpt_pass_1,2.0,3.0,1.0,3.0,2.0,1.0,1.0,mixed,assert,defend,rebuttal
q1__free_college__self_play__llama3_8b__llama3_8b__sup_opp__s0__98609ad6b7,23,gpt_pass_1,0.0,3.0,1.0,3.0,2.0,4.0,1.0,negative,rebut,challenge,rebuttal
q1__free_college__self_play__llama3_8b__llama3_8b__sup_opp__s0__98609ad6b7,24,gpt_pass_1,2.0,3.0,2.0,3.0,2.0,1.0,2.0,mixed,assert,defend,rebuttal
q1__free_college__self_play__llama3_8b__llama3_8b__sup_opp__s0__98609ad6b7,25,gpt_pass_1,1.0,4.0,0.0,3.0,3.0,1.0,1.0,mixed,rebut,challenge,rebuttal
q1__free_college__self_play__llama3_8b__llama3_8b__sup_opp__s0__98609ad6b7,26,gpt_pass_1,2.0,3.0,1.0,3.0,2.0,1.0,2.0,mixed,assert,defend,rebuttal
q1__free_college__self_play__llama3_8b__llama3_8b__sup_opp__s0__98609ad6b7,27,gpt_pass_1,1.0,4.0,2.0,3.0,3.0,1.0,0.0,mixed,rebut,challenge,rebuttal
q1__free_college__self_play__llama3_8b__llama3_8b__sup_opp__s0__98609ad6b7,28,gpt_pass_1,1.0,2.0,1.0,2.0,2.0,1.0,2.0,mixed,assert,persuade,agreement
q1__free_college__self_play__llama3_8b__llama3_8b__sup_opp__s0__98609ad6b7,29,gpt_pass_1,1.0,4.0,1.0,3.0,3.0,2.0,1.0,mixed,rebut,challenge,rebuttal
q1__free_college__self_play__llama3_8b__llama3_8b__sup_opp__s0__98609ad6b7,30,gpt_pass_1,2.0,3.0,1.0,3.0,3.0,1.0,1.0,mixed,assert,defend,rebuttal
q1__free_college__self_play__llama3_8b__llama3_8b__sup_opp__s0__98609ad6b7,31,gpt_pass_1,1.0,3.0,1.0,3.0,2.0,1.0,1.0,mixed,rebut,challenge,escalation
q1__free_college__self_play__qwen2_5_3b__qwen2_5_3b__opp_sup__s0__a782e47536,0,gpt_pass_1,1.0,3.0,1.0,3.0,3.0,1.0,2.0,mixed,rebut,challenge,rebuttal
q1__free_college__self_play__qwen2_5_3b__qwen2_5_3b__opp_sup__s0__a782e47536,1,gpt_pass_1,2.0,3.0,1.0,3.0,3.0,2.0,1.0,positive,assert,persuade,agreement
q1__free_college__self_play__qwen2_5_3b__qwen2_5_3b__opp_sup__s0__a782e47536,2,gpt_pass_1,1.0,2.0,1.0,2.0,3.0,1.0,1.0,neutral,rebut,challenge,rebuttal
q1__free_college__self_play__qwen2_5_3b__qwen2_5_3b__opp_sup__s0__a782e47536,3,gpt_pass_1,2.0,3.0,2.0,2.0,3.0,1.0,1.0,mixed,assert,defend,rebuttal
q1__free_college__self_play__qwen2_5_3b__qwen2_5_3b__opp_sup__s0__a782e47536,4,gpt_pass_1,1.0,2.0,1.0,3.0,2.0,1.0,1.0,negative,rebut,challenge,escalation
q1__free_college__self_play__qwen2_5_3b__qwen2_5_3b__opp_sup__s0__a782e47536,5,gpt_pass_1,1.0,2.0,1.0,2.0,3.0,2.0,1.0,mixed,assert,defend,agreement
q1__free_college__self_play__qwen2_5_3b__qwen2_5_3b__opp_sup__s0__a782e47536,6,gpt_pass_1,1.0,3.0,1.0,2.0,2.0,2.0,1.0,mixed,rebut,challenge,clarification
q1__free_college__self_play__qwen2_5_3b__qwen2_5_3b__opp_sup__s0__a782e47536,7,gpt_pass_1,1.0,2.0,1.0,2.0,2.0,1.0,1.0,mixed,rebut,defend,rebuttal
q1__free_college__self_play__qwen2_5_3b__qwen2_5_3b__opp_sup__s0__a782e47536,8,gpt_pass_1,1.0,2.0,1.0,2.0,3.0,1.0,2.0,negative,rebut,defend,rebuttal
q1__free_college__self_play__qwen2_5_3b__qwen2_5_3b__opp_sup__s0__a782e47536,9,gpt_pass_1,1.0,2.0,1.0,2.0,2.0,2.0,1.0,positive,assert,defend,agreement
q1__free_college__self_play__qwen2_5_3b__qwen2_5_3b__opp_sup__s0__a782e47536,10,gpt_pass_1,1.0,2.0,0.0,2.0,2.0,1.0,2.0,neutral,rebut,challenge,rebuttal
q1__free_college__self_play__qwen2_5_3b__qwen2_5_3b__opp_sup__s0__a782e47536,11,gpt_pass_1,2.0,3.0,2.0,3.0,2.0,1.0,2.0,mixed,clarify,defend,clarification
q1__free_college__self_play__qwen2_5_3b__qwen2_5_3b__opp_sup__s0__a782e47536,12,gpt_pass_1,1.0,2.0,2.0,3.0,3.0,2.0,2.0,mixed,rebut,challenge,rebuttal
q1__free_college__self_play__qwen2_5_3b__qwen2_5_3b__opp_sup__s0__a782e47536,13,gpt_pass_1,2.0,3.0,1.0,3.0,2.0,2.0,1.0,mixed,assert,persuade,agreement
q1__free_college__self_play__qwen2_5_3b__qwen2_5_3b__opp_sup__s0__a782e47536,14,gpt_pass_1,1.0,2.0,2.0,3.0,2.0,2.0,1.0,negative,rebut,challenge,rebuttal
q1__free_college__self_play__qwen2_5_3b__qwen2_5_3b__opp_sup__s0__a782e47536,15,gpt_pass_1,1.0,2.0,1.0,2.0,2.0,2.0,1.0,positive,assert,defend,agreement
q1__free_college__self_play__qwen2_5_3b__qwen2_5_3b__opp_sup__s0__a782e47536,16,gpt_pass_1,1.0,3.0,1.0,2.0,2.0,0.0,2.0,mixed,rebut,defend,rebuttal
q1__free_college__self_play__qwen2_5_3b__qwen2_5_3b__opp_sup__s0__a782e47536,17,gpt_pass_1,2.0,2.0,1.0,3.0,2.0,2.0,2.0,positive,assert,persuade,agreement
q1__free_college__self_play__qwen2_5_3b__qwen2_5_3b__opp_sup__s0__a782e47536,18,gpt_pass_1,2.0,4.0,1.0,2.0,3.0,0.0,1.0,negative,rebut,challenge,rebuttal
q1__free_college__self_play__qwen2_5_3b__qwen2_5_3b__opp_sup__s0__a782e47536,19,gpt_pass_1,1.0,2.0,1.0,3.0,2.0,2.0,1.0,mixed,assert,defend,rebuttal
q1__free_college__self_play__qwen2_5_3b__qwen2_5_3b__opp_sup__s0__a782e47536,20,gpt_pass_1,1.0,3.0,2.0,3.0,2.0,1.0,2.0,negative,rebut,challenge,rebuttal
q1__free_college__self_play__qwen2_5_3b__qwen2_5_3b__opp_sup__s0__a782e47536,21,gpt_pass_1,1.0,2.0,1.0,2.0,3.0,1.0,1.0,neutral,clarify,defend,clarification
q1__free_college__self_play__qwen2_5_3b__qwen2_5_3b__opp_sup__s0__a782e47536,22,gpt_pass_1,1.0,3.0,1.0,3.0,2.0,2.0,1.0,negative,rebut,challenge,escalation
q1__free_college__self_play__qwen2_5_3b__qwen2_5_3b__opp_sup__s0__a782e47536,23,gpt_pass_1,1.0,2.0,1.0,2.0,3.0,1.0,1.0,positive,assert,defend,clarification
q1__free_college__self_play__qwen2_5_3b__qwen2_5_3b__opp_sup__s0__a782e47536,24,gpt_pass_1,1.0,3.0,1.0,3.0,2.0,2.0,1.0,negative,rebut,challenge,rebuttal
q1__free_college__self_play__qwen2_5_3b__qwen2_5_3b__opp_sup__s0__a782e47536,25,gpt_pass_1,2.0,2.0,1.0,3.0,3.0,1.0,2.0,positive,assert,defend,agreement
q1__free_college__self_play__qwen2_5_3b__qwen2_5_3b__opp_sup__s0__a782e47536,26,gpt_pass_1,1.0,3.0,1.0,3.0,3.0,2.0,2.0,mixed,rebut,challenge,rebuttal
q1__free_college__self_play__qwen2_5_3b__qwen2_5_3b__opp_sup__s0__a782e47536,27,gpt_pass_1,1.0,2.0,1.0,3.0,2.0,2.0,2.0,mixed,assert,defend,rebuttal
q1__free_college__self_play__qwen2_5_3b__qwen2_5_3b__opp_sup__s0__a782e47536,28,gpt_pass_1,2.0,3.0,1.0,3.0,3.0,1.0,1.0,mixed,rebut,challenge,rebuttal
q1__free_college__self_play__qwen2_5_3b__qwen2_5_3b__opp_sup__s0__a782e47536,29,gpt_pass_1,1.0,3.0,1.0,2.0,2.0,1.0,1.0,mixed,assert,defend,rebuttal
q1__free_college__self_play__qwen2_5_3b__qwen2_5_3b__opp_sup__s0__a782e47536,30,gpt_pass_1,1.0,2.0,1.0,3.0,2.0,2.0,1.0,mixed,rebut,challenge,rebuttal
q1__free_college__self_play__qwen2_5_3b__qwen2_5_3b__opp_sup__s0__a782e47536,31,gpt_pass_1,2.0,3.0,1.0,3.0,3.0,1.0,2.0,mixed,assert,defend,uncertain
q1__free_college__self_play__qwen2_5_3b__qwen2_5_3b__sup_opp__s0__a71a078251,0,gpt_pass_1,1.0,2.0,1.0,2.0,2.0,1.0,1.0,mixed,clarify,explore,clarification
q1__free_college__self_play__qwen2_5_3b__qwen2_5_3b__sup_opp__s0__a71a078251,1,gpt_pass_1,1.0,2.0,1.0,2.0,3.0,2.0,1.0,negative,rebut,challenge,rebuttal
q1__free_college__self_play__qwen2_5_3b__qwen2_5_3b__sup_opp__s0__a71a078251,2,gpt_pass_1,1.0,2.0,2.0,3.0,2.0,1.0,2.0,mixed,clarify,challenge,clarification
q1__free_college__self_play__qwen2_5_3b__qwen2_5_3b__sup_opp__s0__a71a078251,3,gpt_pass_1,1.0,2.0,1.0,2.0,2.0,1.0,2.0,mixed,rebut,challenge,rebuttal
q1__free_college__self_play__qwen2_5_3b__qwen2_5_3b__sup_opp__s0__a71a078251,4,gpt_pass_1,2.0,2.0,1.0,3.0,2.0,1.0,1.0,mixed,rebut,defend,rebuttal
q1__free_college__self_play__qwen2_5_3b__qwen2_5_3b__sup_opp__s0__a71a078251,5,gpt_pass_1,1.0,2.0,1.0,2.0,3.0,1.0,2.0,mixed,rebut,defend,rebuttal
q1__free_college__self_play__qwen2_5_3b__qwen2_5_3b__sup_opp__s0__a71a078251,6,gpt_pass_1,1.0,2.0,1.0,2.0,2.0,1.0,1.0,mixed,rebut,defend,rebuttal
q1__free_college__self_play__qwen2_5_3b__qwen2_5_3b__sup_opp__s0__a71a078251,7,gpt_pass_1,1.0,2.0,1.0,2.0,3.0,2.0,2.0,mixed,rebut,challenge,rebuttal
q1__free_college__self_play__qwen2_5_3b__qwen2_5_3b__sup_opp__s0__a71a078251,8,gpt_pass_1,2.0,2.0,1.0,2.0,3.0,2.0,1.0,mixed,assert,defend,rebuttal
q1__free_college__self_play__qwen2_5_3b__qwen2_5_3b__sup_opp__s0__a71a078251,9,gpt_pass_1,1.0,3.0,1.0,3.0,2.0,2.0,1.0,negative,rebut,challenge,escalation
q1__free_college__self_play__qwen2_5_3b__qwen2_5_3b__sup_opp__s0__a71a078251,10,gpt_pass_1,1.0,1.0,1.0,2.0,2.0,1.0,2.0,mixed,clarify,defend,clarification
q1__free_college__self_play__qwen2_5_3b__qwen2_5_3b__sup_opp__s0__a71a078251,11,gpt_pass_1,1.0,3.0,0.0,2.0,2.0,1.0,2.0,negative,rebut,challenge,rebuttal
q1__free_college__self_play__qwen2_5_3b__qwen2_5_3b__sup_opp__s0__a71a078251,12,gpt_pass_1,2.0,2.0,1.0,3.0,2.0,2.0,1.0,mixed,synthesize,defend,synthesis
q1__free_college__self_play__qwen2_5_3b__qwen2_5_3b__sup_opp__s0__a71a078251,13,gpt_pass_1,2.0,3.0,1.0,3.0,3.0,2.0,1.0,mixed,rebut,challenge,rebuttal
q1__free_college__self_play__qwen2_5_3b__qwen2_5_3b__sup_opp__s0__a71a078251,14,gpt_pass_1,1.0,2.0,1.0,2.0,2.0,1.0,1.0,positive,assert,persuade,agreement
q1__free_college__self_play__qwen2_5_3b__qwen2_5_3b__sup_opp__s0__a71a078251,15,gpt_pass_1,1.0,2.0,1.0,2.0,2.0,2.0,1.0,mixed,rebut,challenge,rebuttal
q1__free_college__self_play__qwen2_5_3b__qwen2_5_3b__sup_opp__s0__a71a078251,16,gpt_pass_1,1.0,2.0,1.0,3.0,3.0,1.0,2.0,mixed,synthesize,defend,clarification
q1__free_college__self_play__qwen2_5_3b__qwen2_5_3b__sup_opp__s0__a71a078251,17,gpt_pass_1,1.0,4.0,0.0,2.0,3.0,4.0,0.0,negative,rebut,challenge,rebuttal
q1__free_college__self_play__qwen2_5_3b__qwen2_5_3b__sup_opp__s0__a71a078251,18,gpt_pass_1,1.0,2.0,1.0,3.0,2.0,1.0,1.0,positive,assert,defend,agreement
q1__free_college__self_play__qwen2_5_3b__qwen2_5_3b__sup_opp__s0__a71a078251,19,gpt_pass_1,2.0,2.0,1.0,2.0,3.0,2.0,2.0,mixed,rebut,challenge,escalation
q1__free_college__self_play__qwen2_5_3b__qwen2_5_3b__sup_opp__s0__a71a078251,20,gpt_pass_1,2.0,2.0,1.0,2.0,3.0,1.0,1.0,mixed,clarify,defend,clarification
q1__free_college__self_play__qwen2_5_3b__qwen2_5_3b__sup_opp__s0__a71a078251,21,gpt_pass_1,1.0,3.0,1.0,3.0,2.0,3.0,2.0,mixed,clarify,challenge,clarification
q1__free_college__self_play__qwen2_5_3b__qwen2_5_3b__sup_opp__s0__a71a078251,22,gpt_pass_1,1.0,2.0,1.0,2.0,2.0,2.0,1.0,mixed,synthesize,accommodate,agreement
q1__free_college__self_play__qwen2_5_3b__qwen2_5_3b__sup_opp__s0__a71a078251,23,gpt_pass_1,2.0,3.0,1.0,3.0,2.0,1.0,2.0,mixed,rebut,challenge,rebuttal
q1__free_college__self_play__qwen2_5_3b__qwen2_5_3b__sup_opp__s0__a71a078251,24,gpt_pass_1,1.0,2.0,1.0,2.0,2.0,1.0,0.0,mixed,assert,defend,rebuttal
q1__free_college__self_play__qwen2_5_3b__qwen2_5_3b__sup_opp__s0__a71a078251,25,gpt_pass_1,1.0,3.0,0.0,3.0,2.0,1.0,1.0,negative,rebut,challenge,rebuttal
q1__free_college__self_play__qwen2_5_3b__qwen2_5_3b__sup_opp__s0__a71a078251,26,gpt_pass_1,2.0,2.0,1.0,3.0,3.0,1.0,1.0,mixed,synthesize,resolve,synthesis
q1__free_college__self_play__qwen2_5_3b__qwen2_5_3b__sup_opp__s0__a71a078251,27,gpt_pass_1,1.0,2.0,1.0,3.0,2.0,2.0,1.0,negative,rebut,challenge,rebuttal
q1__free_college__self_play__qwen2_5_3b__qwen2_5_3b__sup_opp__s0__a71a078251,28,gpt_pass_1,1.0,2.0,1.0,2.0,2.0,1.0,1.0,mixed,clarify,persuade,clarification
q1__free_college__self_play__qwen2_5_3b__qwen2_5_3b__sup_opp__s0__a71a078251,29,gpt_pass_1,1.0,3.0,1.0,2.0,2.0,1.0,2.0,negative,rebut,defend,rebuttal
q1__free_college__self_play__qwen2_5_3b__qwen2_5_3b__sup_opp__s0__a71a078251,30,gpt_pass_1,1.0,1.0,1.0,2.0,2.0,2.0,1.0,positive,assert,defend,agreement
q1__free_college__self_play__qwen2_5_3b__qwen2_5_3b__sup_opp__s0__a71a078251,31,gpt_pass_1,2.0,2.0,1.0,3.0,3.0,2.0,1.0,mixed,rebut,challenge,rebuttal
q1__medical_marijuana__mixed_play__gemma2_9b__qwen2_5_3b__opp_sup__s0__30c5a4c96b,0,gpt_pass_1,1.0,2.0,1.0,3.0,3.0,2.0,1.0,mixed,rebut,challenge,rebuttal
q1__medical_marijuana__mixed_play__gemma2_9b__qwen2_5_3b__opp_sup__s0__30c5a4c96b,1,gpt_pass_1,1.0,2.0,1.0,2.0,2.0,2.0,0.0,mixed,rebut,defend,rebuttal
q1__medical_marijuana__mixed_play__gemma2_9b__qwen2_5_3b__opp_sup__s0__30c5a4c96b,2,gpt_pass_1,1.0,3.0,1.0,2.0,3.0,1.0,0.0,mixed,assert,defend,clarification
q1__medical_marijuana__mixed_play__gemma2_9b__qwen2_5_3b__opp_sup__s0__30c5a4c96b,3,gpt_pass_1,2.0,3.0,1.0,3.0,2.0,1.0,0.0,mixed,rebut,defend,rebuttal
q1__medical_marijuana__mixed_play__gemma2_9b__qwen2_5_3b__opp_sup__s0__30c5a4c96b,4,gpt_pass_1,2.0,2.0,1.0,3.0,3.0,2.0,1.0,mixed,clarify,challenge,clarification
q1__medical_marijuana__mixed_play__gemma2_9b__qwen2_5_3b__opp_sup__s0__30c5a4c96b,5,gpt_pass_1,1.0,2.0,1.0,3.0,2.0,1.0,1.0,mixed,assert,defend,agreement
q1__medical_marijuana__mixed_play__gemma2_9b__qwen2_5_3b__opp_sup__s0__30c5a4c96b,6,gpt_pass_1,1.0,2.0,1.0,2.0,3.0,2.0,2.0,mixed,rebut,defend,rebuttal
q1__medical_marijuana__mixed_play__gemma2_9b__qwen2_5_3b__opp_sup__s0__30c5a4c96b,7,gpt_pass_1,1.0,3.0,1.0,2.0,2.0,1.0,1.0,mixed,rebut,defend,clarification
q1__medical_marijuana__mixed_play__gemma2_9b__qwen2_5_3b__opp_sup__s0__30c5a4c96b,8,gpt_pass_1,1.0,3.0,1.0,3.0,2.0,2.0,1.0,mixed,rebut,defend,rebuttal
q1__medical_marijuana__mixed_play__gemma2_9b__qwen2_5_3b__opp_sup__s0__30c5a4c96b,9,gpt_pass_1,1.0,3.0,2.0,3.0,3.0,1.0,2.0,mixed,clarify,defend,clarification
q1__medical_marijuana__mixed_play__gemma2_9b__qwen2_5_3b__opp_sup__s0__30c5a4c96b,10,gpt_pass_1,2.0,2.0,2.0,2.0,3.0,2.0,1.0,mixed,assert,defend,escalation
q1__medical_marijuana__mixed_play__gemma2_9b__qwen2_5_3b__opp_sup__s0__30c5a4c96b,11,gpt_pass_1,1.0,1.0,1.0,2.0,2.0,1.0,1.0,mixed,assert,defend,clarification
q1__medical_marijuana__mixed_play__gemma2_9b__qwen2_5_3b__opp_sup__s0__30c5a4c96b,12,gpt_pass_1,1.0,2.0,2.0,2.0,2.0,2.0,2.0,mixed,rebut,defend,rebuttal
q1__medical_marijuana__mixed_play__gemma2_9b__qwen2_5_3b__opp_sup__s0__30c5a4c96b,13,gpt_pass_1,1.0,2.0,2.0,2.0,2.0,2.0,2.0,mixed,clarify,challenge,clarification
q1__medical_marijuana__mixed_play__gemma2_9b__qwen2_5_3b__opp_sup__s0__30c5a4c96b,14,gpt_pass_1,1.0,2.0,1.0,2.0,2.0,2.0,1.0,mixed,rebut,defend,rebuttal
q1__medical_marijuana__mixed_play__gemma2_9b__qwen2_5_3b__opp_sup__s0__30c5a4c96b,15,gpt_pass_1,2.0,2.0,3.0,3.0,3.0,2.0,2.0,mixed,synthesize,resolve,synthesis
q1__medical_marijuana__mixed_play__gemma2_9b__qwen2_5_3b__opp_sup__s0__30c5a4c96b,16,gpt_pass_1,1.0,3.0,2.0,4.0,2.0,1.0,0.0,mixed,rebut,defend,uncertain
q1__medical_marijuana__mixed_play__gemma2_9b__qwen2_5_3b__opp_sup__s0__30c5a4c96b,17,gpt_pass_1,2.0,2.0,2.0,2.0,2.0,1.0,2.0,mixed,synthesize,resolve,synthesis
q1__medical_marijuana__mixed_play__gemma2_9b__qwen2_5_3b__opp_sup__s0__30c5a4c96b,18,gpt_pass_1,1.0,2.0,1.0,3.0,2.0,2.0,2.0,mixed,rebut,challenge,rebuttal
q1__medical_marijuana__mixed_play__gemma2_9b__qwen2_5_3b__opp_sup__s0__30c5a4c96b,19,gpt_pass_1,1.0,2.0,2.0,2.0,3.0,1.0,1.0,mixed,clarify,persuade,clarification
q1__medical_marijuana__mixed_play__gemma2_9b__qwen2_5_3b__opp_sup__s0__30c5a4c96b,20,gpt_pass_1,1.0,3.0,1.0,2.0,3.0,1.0,2.0,mixed,assert,defend,rebuttal
q1__medical_marijuana__mixed_play__gemma2_9b__qwen2_5_3b__opp_sup__s0__30c5a4c96b,21,gpt_pass_1,1.0,2.0,1.0,2.0,3.0,3.0,1.0,mixed,clarify,synthesize,clarification
q1__medical_marijuana__mixed_play__gemma2_9b__qwen2_5_3b__opp_sup__s0__30c5a4c96b,22,gpt_pass_1,1.0,2.0,1.0,3.0,3.0,2.0,1.0,mixed,rebut,defend,rebuttal
q1__medical_marijuana__mixed_play__gemma2_9b__qwen2_5_3b__opp_sup__s0__30c5a4c96b,23,gpt_pass_1,1.0,2.0,2.0,2.0,3.0,1.0,1.0,mixed,assert,defend,rebuttal
q1__medical_marijuana__mixed_play__gemma2_9b__qwen2_5_3b__opp_sup__s0__30c5a4c96b,24,gpt_pass_1,1.0,2.0,0.0,2.0,3.0,1.0,1.0,mixed,rebut,defend,rebuttal
q1__medical_marijuana__mixed_play__gemma2_9b__qwen2_5_3b__opp_sup__s0__30c5a4c96b,25,gpt_pass_1,2.0,2.0,2.0,3.0,3.0,2.0,2.0,mixed,synthesize,resolve,synthesis
q1__medical_marijuana__mixed_play__gemma2_9b__qwen2_5_3b__opp_sup__s0__30c5a4c96b,26,gpt_pass_1,1.0,2.0,1.0,2.0,2.0,2.0,1.0,mixed,rebut,defend,rebuttal
q1__medical_marijuana__mixed_play__gemma2_9b__qwen2_5_3b__opp_sup__s0__30c5a4c96b,27,gpt_pass_1,1.0,2.0,1.0,3.0,2.0,1.0,2.0,mixed,clarify,accommodate,clarification
q1__medical_marijuana__mixed_play__gemma2_9b__qwen2_5_3b__opp_sup__s0__30c5a4c96b,28,gpt_pass_1,1.0,2.0,1.0,2.0,3.0,2.0,2.0,mixed,rebut,defend,rebuttal
q1__medical_marijuana__mixed_play__gemma2_9b__qwen2_5_3b__opp_sup__s0__30c5a4c96b,29,gpt_pass_1,2.0,3.0,2.0,3.0,2.0,1.0,1.0,mixed,clarify,clarify,clarification
q1__medical_marijuana__mixed_play__gemma2_9b__qwen2_5_3b__opp_sup__s0__30c5a4c96b,30,gpt_pass_1,1.0,3.0,2.0,3.0,2.0,1.0,2.0,mixed,assert,defend,rebuttal
q1__medical_marijuana__mixed_play__gemma2_9b__qwen2_5_3b__opp_sup__s0__30c5a4c96b,31,gpt_pass_1,1.0,1.0,1.0,2.0,2.0,1.0,1.0,mixed,synthesize,explore,clarification
q1__medical_marijuana__mixed_play__gemma2_9b__qwen2_5_3b__sup_opp__s0__038ccecd29,0,gpt_pass_1,1.0,2.0,1.0,3.0,3.0,2.0,1.0,mixed,assert,defend,rebuttal
q1__medical_marijuana__mixed_play__gemma2_9b__qwen2_5_3b__sup_opp__s0__038ccecd29,1,gpt_pass_1,1.0,3.0,1.0,2.0,2.0,2.0,1.0,mixed,rebut,challenge,rebuttal
q1__medical_marijuana__mixed_play__gemma2_9b__qwen2_5_3b__sup_opp__s0__038ccecd29,2,gpt_pass_1,2.0,2.0,1.0,3.0,3.0,1.0,1.0,mixed,rebut,defend,rebuttal
q1__medical_marijuana__mixed_play__gemma2_9b__qwen2_5_3b__sup_opp__s0__038ccecd29,3,gpt_pass_1,2.0,3.0,1.0,3.0,3.0,1.0,1.0,mixed,rebut,challenge,rebuttal
q1__medical_marijuana__mixed_play__gemma2_9b__qwen2_5_3b__sup_opp__s0__038ccecd29,4,gpt_pass_1,2.0,2.0,2.0,3.0,3.0,2.0,2.0,mixed,rebut,defend,rebuttal
q1__medical_marijuana__mixed_play__gemma2_9b__qwen2_5_3b__sup_opp__s0__038ccecd29,5,gpt_pass_1,1.0,3.0,1.0,2.0,3.0,1.0,2.0,mixed,assert,challenge,rebuttal
q1__medical_marijuana__mixed_play__gemma2_9b__qwen2_5_3b__sup_opp__s0__038ccecd29,6,gpt_pass_1,2.0,2.0,2.0,3.0,3.0,2.0,2.0,mixed,clarify,defend,clarification
q1__medical_marijuana__mixed_play__gemma2_9b__qwen2_5_3b__sup_opp__s0__038ccecd29,7,gpt_pass_1,1.0,3.0,1.0,3.0,2.0,1.0,2.0,mixed,rebut,defend,rebuttal
q1__medical_marijuana__mixed_play__gemma2_9b__qwen2_5_3b__sup_opp__s0__038ccecd29,8,gpt_pass_1,2.0,3.0,1.0,2.0,3.0,1.0,0.0,mixed,assert,defend,clarification
q1__medical_marijuana__mixed_play__gemma2_9b__qwen2_5_3b__sup_opp__s0__038ccecd29,9,gpt_pass_1,2.0,2.0,2.0,2.0,2.0,1.0,2.0,mixed,rebut,challenge,rebuttal
q1__medical_marijuana__mixed_play__gemma2_9b__qwen2_5_3b__sup_opp__s0__038ccecd29,10,gpt_pass_1,1.0,2.0,1.0,2.0,2.0,1.0,1.0,mixed,assert,defend,agreement
q1__medical_marijuana__mixed_play__gemma2_9b__qwen2_5_3b__sup_opp__s0__038ccecd29,11,gpt_pass_1,1.0,2.0,1.0,3.0,2.0,1.0,1.0,mixed,clarify,defend,rebuttal
q1__medical_marijuana__mixed_play__gemma2_9b__qwen2_5_3b__sup_opp__s0__038ccecd29,12,gpt_pass_1,2.0,2.0,2.0,3.0,3.0,1.0,2.0,mixed,assert,defend,agreement
q1__medical_marijuana__mixed_play__gemma2_9b__qwen2_5_3b__sup_opp__s0__038ccecd29,13,gpt_pass_1,2.0,3.0,2.0,3.0,3.0,1.0,2.0,mixed,rebut,challenge,rebuttal
q1__medical_marijuana__mixed_play__gemma2_9b__qwen2_5_3b__sup_opp__s0__038ccecd29,14,gpt_pass_1,2.0,2.0,1.0,3.0,3.0,2.0,1.0,mixed,clarify,defend,clarification
q1__medical_marijuana__mixed_play__gemma2_9b__qwen2_5_3b__sup_opp__s0__038ccecd29,15,gpt_pass_1,2.0,3.0,1.0,4.0,2.0,1.0,2.0,mixed,clarify,challenge,clarification
q1__medical_marijuana__mixed_play__gemma2_9b__qwen2_5_3b__sup_opp__s0__038ccecd29,16,gpt_pass_1,1.0,2.0,1.0,2.0,2.0,1.0,1.0,mixed,accommodate,accommodate,agreement
q1__medical_marijuana__mixed_play__gemma2_9b__qwen2_5_3b__sup_opp__s0__038ccecd29,17,gpt_pass_1,2.0,3.0,1.0,3.0,2.0,2.0,1.0,mixed,rebut,defend,rebuttal
q1__medical_marijuana__mixed_play__gemma2_9b__qwen2_5_3b__sup_opp__s0__038ccecd29,18,gpt_pass_1,2.0,2.0,1.0,2.0,2.0,2.0,1.0,mixed,assert,defend,clarification
q1__medical_marijuana__mixed_play__gemma2_9b__qwen2_5_3b__sup_opp__s0__038ccecd29,19,gpt_pass_1,1.0,3.0,1.0,3.0,2.0,2.0,0.0,mixed,rebut,challenge,rebuttal
q1__medical_marijuana__mixed_play__gemma2_9b__qwen2_5_3b__sup_opp__s0__038ccecd29,20,gpt_pass_1,2.0,3.0,1.0,3.0,2.0,1.0,1.0,mixed,assert,defend,rebuttal
q1__medical_marijuana__mixed_play__gemma2_9b__qwen2_5_3b__sup_opp__s0__038ccecd29,21,gpt_pass_1,1.0,3.0,1.0,3.0,2.0,2.0,1.0,mixed,rebut,challenge,rebuttal
q1__medical_marijuana__mixed_play__gemma2_9b__qwen2_5_3b__sup_opp__s0__038ccecd29,22,gpt_pass_1,2.0,2.0,1.0,2.0,3.0,1.0,1.0,mixed,assert,defend,escalation
q1__medical_marijuana__mixed_play__gemma2_9b__qwen2_5_3b__sup_opp__s0__038ccecd29,23,gpt_pass_1,1.0,3.0,1.0,2.0,3.0,1.0,2.0,mixed,rebut,defend,rebuttal
q1__medical_marijuana__mixed_play__gemma2_9b__qwen2_5_3b__sup_opp__s0__038ccecd29,24,gpt_pass_1,2.0,1.0,1.0,3.0,2.0,1.0,1.0,mixed,assert,defend,agreement
q1__medical_marijuana__mixed_play__gemma2_9b__qwen2_5_3b__sup_opp__s0__038ccecd29,25,gpt_pass_1,2.0,3.0,1.0,3.0,3.0,2.0,2.0,mixed,rebut,defend,rebuttal
q1__medical_marijuana__mixed_play__gemma2_9b__qwen2_5_3b__sup_opp__s0__038ccecd29,26,gpt_pass_1,2.0,2.0,1.0,2.0,3.0,1.0,2.0,mixed,clarify,resolve,clarification
q1__medical_marijuana__mixed_play__gemma2_9b__qwen2_5_3b__sup_opp__s0__038ccecd29,27,gpt_pass_1,2.0,3.0,1.0,3.0,2.0,2.0,2.0,mixed,rebut,challenge,rebuttal
q1__medical_marijuana__mixed_play__gemma2_9b__qwen2_5_3b__sup_opp__s0__038ccecd29,28,gpt_pass_1,2.0,3.0,1.0,3.0,3.0,1.0,1.0,mixed,assert,defend,rebuttal
q1__medical_marijuana__mixed_play__gemma2_9b__qwen2_5_3b__sup_opp__s0__038ccecd29,29,gpt_pass_1,1.0,3.0,1.0,4.0,3.0,2.0,2.0,mixed,assert,challenge,escalation
q1__medical_marijuana__mixed_play__gemma2_9b__qwen2_5_3b__sup_opp__s0__038ccecd29,30,gpt_pass_1,2.0,1.0,1.0,2.0,2.0,1.0,1.0,mixed,synthesize,accommodate,agreement
q1__medical_marijuana__mixed_play__gemma2_9b__qwen2_5_3b__sup_opp__s0__038ccecd29,31,gpt_pass_1,1.0,2.0,1.0,3.0,2.0,2.0,1.0,mixed,rebut,challenge,rebuttal
q1__medical_marijuana__mixed_play__llama3_8b__qwen2_5_3b__opp_sup__s0__bf6e2bbafa,0,gpt_pass_1,1.0,4.0,0.0,3.0,2.0,1.0,0.0,negative,assert,challenge,rebuttal
q1__medical_marijuana__mixed_play__llama3_8b__qwen2_5_3b__opp_sup__s0__bf6e2bbafa,1,gpt_pass_1,1.0,2.0,1.0,2.0,2.0,1.0,1.0,mixed,rebut,defend,uncertain
q1__medical_marijuana__mixed_play__llama3_8b__qwen2_5_3b__opp_sup__s0__bf6e2bbafa,2,gpt_pass_1,1.0,2.0,1.0,3.0,2.0,2.0,2.0,mixed,rebut,challenge,rebuttal
q1__medical_marijuana__mixed_play__llama3_8b__qwen2_5_3b__opp_sup__s0__bf6e2bbafa,3,gpt_pass_1,2.0,2.0,3.0,3.0,2.0,2.0,2.0,mixed,clarify,defend,clarification
q1__medical_marijuana__mixed_play__llama3_8b__qwen2_5_3b__opp_sup__s0__bf6e2bbafa,4,gpt_pass_1,2.0,3.0,2.0,3.0,4.0,1.0,1.0,mixed,rebut,challenge,rebuttal
q1__medical_marijuana__mixed_play__llama3_8b__qwen2_5_3b__opp_sup__s0__bf6e2bbafa,5,gpt_pass_1,1.0,2.0,1.0,2.0,2.0,1.0,1.0,mixed,rebut,defend,rebuttal
q1__medical_marijuana__mixed_play__llama3_8b__qwen2_5_3b__opp_sup__s0__bf6e2bbafa,6,gpt_pass_1,2.0,3.0,1.0,3.0,3.0,2.0,2.0,mixed,rebut,challenge,rebuttal
q1__medical_marijuana__mixed_play__llama3_8b__qwen2_5_3b__opp_sup__s0__bf6e2bbafa,7,gpt_pass_1,2.0,2.0,2.0,2.0,3.0,1.0,2.0,mixed,assert,defend,agreement
q1__medical_marijuana__mixed_play__llama3_8b__qwen2_5_3b__opp_sup__s0__bf6e2bbafa,8,gpt_pass_1,1.0,3.0,1.0,3.0,2.0,1.0,2.0,mixed,rebut,challenge,rebuttal
q1__medical_marijuana__mixed_play__llama3_8b__qwen2_5_3b__opp_sup__s0__bf6e2bbafa,9,gpt_pass_1,1.0,2.0,1.0,2.0,2.0,1.0,1.0,mixed,rebut,defend,clarification
q1__medical_marijuana__mixed_play__llama3_8b__qwen2_5_3b__opp_sup__s0__bf6e2bbafa,10,gpt_pass_1,1.0,3.0,1.0,2.0,3.0,1.0,1.0,mixed,rebut,challenge,rebuttal
q1__medical_marijuana__mixed_play__llama3_8b__qwen2_5_3b__opp_sup__s0__bf6e2bbafa,11,gpt_pass_1,2.0,2.0,1.0,2.0,2.0,2.0,2.0,mixed,assert,defend,accommodation
q1__medical_marijuana__mixed_play__llama3_8b__qwen2_5_3b__opp_sup__s0__bf6e2bbafa,12,gpt_pass_1,1.0,3.0,0.0,4.0,3.0,3.0,1.0,mixed,rebut,defend,rebuttal
q1__medical_marijuana__mixed_play__llama3_8b__qwen2_5_3b__opp_sup__s0__bf6e2bbafa,13,gpt_pass_1,2.0,2.0,1.0,2.0,2.0,2.0,2.0,mixed,synthesize,accommodate,agreement
q1__medical_marijuana__mixed_play__llama3_8b__qwen2_5_3b__opp_sup__s0__bf6e2bbafa,14,gpt_pass_1,2.0,4.0,1.0,3.0,3.0,0.0,1.0,mixed,rebut,defend,rebuttal
q1__medical_marijuana__mixed_play__llama3_8b__qwen2_5_3b__opp_sup__s0__bf6e2bbafa,15,gpt_pass_1,2.0,3.0,1.0,2.0,2.0,1.0,1.0,mixed,synthesize,resolve,synthesis
q1__medical_marijuana__mixed_play__llama3_8b__qwen2_5_3b__opp_sup__s0__bf6e2bbafa,16,gpt_pass_1,1.0,3.0,2.0,4.0,3.0,0.0,2.0,mixed,rebut,challenge,rebuttal
q1__medical_marijuana__mixed_play__llama3_8b__qwen2_5_3b__opp_sup__s0__bf6e2bbafa,17,gpt_pass_1,2.0,3.0,2.0,3.0,3.0,1.0,1.0,mixed,synthesize,resolve,accommodation
q1__medical_marijuana__mixed_play__llama3_8b__qwen2_5_3b__opp_sup__s0__bf6e2bbafa,18,gpt_pass_1,1.0,3.0,1.0,3.0,2.0,1.0,1.0,mixed,rebut,challenge,rebuttal
q1__medical_marijuana__mixed_play__llama3_8b__qwen2_5_3b__opp_sup__s0__bf6e2bbafa,19,gpt_pass_1,2.0,2.0,1.0,3.0,3.0,2.0,1.0,mixed,clarify,resolve,clarification
q1__medical_marijuana__mixed_play__llama3_8b__qwen2_5_3b__opp_sup__s0__bf6e2bbafa,20,gpt_pass_1,1.0,3.0,0.0,2.0,1.0,1.0,1.0,mixed,rebut,challenge,rebuttal
q1__medical_marijuana__mixed_play__llama3_8b__qwen2_5_3b__opp_sup__s0__bf6e2bbafa,21,gpt_pass_1,2.0,2.0,1.0,3.0,2.0,2.0,2.0,mixed,clarify,resolve,clarification
q1__medical_marijuana__mixed_play__llama3_8b__qwen2_5_3b__opp_sup__s0__bf6e2bbafa,22,gpt_pass_1,0.0,4.0,1.0,3.0,3.0,0.0,0.0,mixed,rebut,defend,rebuttal
q1__medical_marijuana__mixed_play__llama3_8b__qwen2_5_3b__opp_sup__s0__bf6e2bbafa,23,gpt_pass_1,2.0,2.0,2.0,2.0,3.0,1.0,1.0,mixed,assert,defend,rebuttal
q1__medical_marijuana__mixed_play__llama3_8b__qwen2_5_3b__opp_sup__s0__bf6e2bbafa,24,gpt_pass_1,1.0,3.0,1.0,2.0,2.0,1.0,1.0,mixed,rebut,challenge,rebuttal
q1__medical_marijuana__mixed_play__llama3_8b__qwen2_5_3b__opp_sup__s0__bf6e2bbafa,25,gpt_pass_1,2.0,2.0,2.0,3.0,3.0,2.0,2.0,mixed,clarify,defend,clarification
q1__medical_marijuana__mixed_play__llama3_8b__qwen2_5_3b__opp_sup__s0__bf6e2bbafa,26,gpt_pass_1,1.0,4.0,2.0,3.0,3.0,0.0,1.0,mixed,rebut,challenge,rebuttal
q1__medical_marijuana__mixed_play__llama3_8b__qwen2_5_3b__opp_sup__s0__bf6e2bbafa,27,gpt_pass_1,1.0,2.0,1.0,1.0,2.0,2.0,2.0,mixed,clarify,defend,clarification
q1__medical_marijuana__mixed_play__llama3_8b__qwen2_5_3b__opp_sup__s0__bf6e2bbafa,28,gpt_pass_1,1.0,3.0,1.0,1.0,2.0,1.0,2.0,mixed,rebut,challenge,rebuttal
q1__medical_marijuana__mixed_play__llama3_8b__qwen2_5_3b__opp_sup__s0__bf6e2bbafa,29,gpt_pass_1,2.0,2.0,2.0,3.0,2.0,1.0,2.0,mixed,synthesize,explore,synthesis
q1__medical_marijuana__mixed_play__llama3_8b__qwen2_5_3b__opp_sup__s0__bf6e2bbafa,30,gpt_pass_1,1.0,3.0,1.0,3.0,3.0,1.0,1.0,mixed,rebut,challenge,rebuttal
q1__medical_marijuana__mixed_play__llama3_8b__qwen2_5_3b__opp_sup__s0__bf6e2bbafa,31,gpt_pass_1,2.0,2.0,2.0,3.0,2.0,2.0,1.0,mixed,assert,defend,clarification
q1__medical_marijuana__mixed_play__llama3_8b__qwen2_5_3b__sup_opp__s0__99ea305899,0,gpt_pass_1,1.0,3.0,0.0,3.0,2.0,1.0,1.0,mixed,assert,defend,rebuttal
q1__medical_marijuana__mixed_play__llama3_8b__qwen2_5_3b__sup_opp__s0__99ea305899,1,gpt_pass_1,1.0,3.0,0.0,2.0,1.0,2.0,1.0,mixed,rebut,challenge,rebuttal
q1__medical_marijuana__mixed_play__llama3_8b__qwen2_5_3b__sup_opp__s0__99ea305899,2,gpt_pass_1,1.0,3.0,1.0,3.0,2.0,1.0,2.0,mixed,assert,defend,escalation
q1__medical_marijuana__mixed_play__llama3_8b__qwen2_5_3b__sup_opp__s0__99ea305899,3,gpt_pass_1,1.0,3.0,0.0,2.0,2.0,1.0,1.0,mixed,rebut,defend,rebuttal
q1__medical_marijuana__mixed_play__llama3_8b__qwen2_5_3b__sup_opp__s0__99ea305899,4,gpt_pass_1,2.0,3.0,1.0,3.0,3.0,1.0,1.0,mixed,rebut,defend,rebuttal
q1__medical_marijuana__mixed_play__llama3_8b__qwen2_5_3b__sup_opp__s0__99ea305899,5,gpt_pass_1,1.0,3.0,0.0,2.0,3.0,2.0,1.0,mixed,rebut,challenge,rebuttal
q1__medical_marijuana__mixed_play__llama3_8b__qwen2_5_3b__sup_opp__s0__99ea305899,6,gpt_pass_1,2.0,2.0,2.0,2.0,3.0,1.0,1.0,mixed,clarify,defend,clarification
q1__medical_marijuana__mixed_play__llama3_8b__qwen2_5_3b__sup_opp__s0__99ea305899,7,gpt_pass_1,2.0,3.0,1.0,3.0,2.0,1.0,1.0,mixed,rebut,defend,rebuttal
q1__medical_marijuana__mixed_play__llama3_8b__qwen2_5_3b__sup_opp__s0__99ea305899,8,gpt_pass_1,2.0,2.0,1.0,3.0,3.0,2.0,2.0,mixed,rebut,defend,rebuttal
q1__medical_marijuana__mixed_play__llama3_8b__qwen2_5_3b__sup_opp__s0__99ea305899,9,gpt_pass_1,1.0,3.0,1.0,2.0,3.0,1.0,1.0,mixed,rebut,challenge,rebuttal
q1__medical_marijuana__mixed_play__llama3_8b__qwen2_5_3b__sup_opp__s0__99ea305899,10,gpt_pass_1,2.0,2.0,1.0,3.0,2.0,1.0,1.0,mixed,clarify,defend,clarification
q1__medical_marijuana__mixed_play__llama3_8b__qwen2_5_3b__sup_opp__s0__99ea305899,11,gpt_pass_1,1.0,3.0,1.0,3.0,2.0,1.0,2.0,mixed,rebut,challenge,rebuttal
q1__medical_marijuana__mixed_play__llama3_8b__qwen2_5_3b__sup_opp__s0__99ea305899,12,gpt_pass_1,2.0,3.0,2.0,3.0,3.0,1.0,1.0,mixed,rebut,defend,rebuttal
q1__medical_marijuana__mixed_play__llama3_8b__qwen2_5_3b__sup_opp__s0__99ea305899,13,gpt_pass_1,1.0,3.0,0.0,3.0,2.0,1.0,1.0,mixed,rebut,challenge,rebuttal
q1__medical_marijuana__mixed_play__llama3_8b__qwen2_5_3b__sup_opp__s0__99ea305899,14,gpt_pass_1,3.0,2.0,2.0,2.0,3.0,1.0,2.0,mixed,clarify,defend,clarification
q1__medical_marijuana__mixed_play__llama3_8b__qwen2_5_3b__sup_opp__s0__99ea305899,15,gpt_pass_1,2.0,3.0,1.0,3.0,2.0,2.0,2.0,mixed,assert,defend,rebuttal
q1__medical_marijuana__mixed_play__llama3_8b__qwen2_5_3b__sup_opp__s0__99ea305899,16,gpt_pass_1,2.0,3.0,1.0,2.0,3.0,1.0,1.0,mixed,rebut,defend,rebuttal
q1__medical_marijuana__mixed_play__llama3_8b__qwen2_5_3b__sup_opp__s0__99ea305899,17,gpt_pass_1,1.0,4.0,1.0,3.0,3.0,0.0,1.0,mixed,rebut,challenge,rebuttal
q1__medical_marijuana__mixed_play__llama3_8b__qwen2_5_3b__sup_opp__s0__99ea305899,18,gpt_pass_1,2.0,2.0,1.0,3.0,2.0,2.0,1.0,mixed,assert,defend,clarification
q1__medical_marijuana__mixed_play__llama3_8b__qwen2_5_3b__sup_opp__s0__99ea305899,19,gpt_pass_1,1.0,2.0,1.0,2.0,3.0,2.0,1.0,mixed,assert,defend,rebuttal
q1__medical_marijuana__mixed_play__llama3_8b__qwen2_5_3b__sup_opp__s0__99ea305899,20,gpt_pass_1,2.0,2.0,2.0,2.0,2.0,2.0,2.0,mixed,assert,defend,agreement
q1__medical_marijuana__mixed_play__llama3_8b__qwen2_5_3b__sup_opp__s0__99ea305899,21,gpt_pass_1,1.0,3.0,1.0,3.0,2.0,1.0,1.0,mixed,rebut,challenge,escalation
q1__medical_marijuana__mixed_play__llama3_8b__qwen2_5_3b__sup_opp__s0__99ea305899,22,gpt_pass_1,2.0,2.0,2.0,3.0,3.0,1.0,1.0,mixed,rebut,defend,rebuttal
q1__medical_marijuana__mixed_play__llama3_8b__qwen2_5_3b__sup_opp__s0__99ea305899,23,gpt_pass_1,1.0,3.0,1.0,2.0,2.0,1.0,1.0,mixed,clarify,challenge,uncertain
q1__medical_marijuana__mixed_play__llama3_8b__qwen2_5_3b__sup_opp__s0__99ea305899,24,gpt_pass_1,2.0,2.0,1.0,3.0,2.0,1.0,2.0,mixed,clarify,resolve,clarification
q1__medical_marijuana__mixed_play__llama3_8b__qwen2_5_3b__sup_opp__s0__99ea305899,25,gpt_pass_1,1.0,2.0,1.0,3.0,2.0,1.0,1.0,mixed,clarify,challenge,clarification
q1__medical_marijuana__mixed_play__llama3_8b__qwen2_5_3b__sup_opp__s0__99ea305899,26,gpt_pass_1,2.0,2.0,2.0,3.0,3.0,1.0,1.0,mixed,clarify,defend,agreement
q1__medical_marijuana__mixed_play__llama3_8b__qwen2_5_3b__sup_opp__s0__99ea305899,27,gpt_pass_1,2.0,3.0,1.0,3.0,3.0,2.0,1.0,mixed,rebut,defend,rebuttal
q1__medical_marijuana__mixed_play__llama3_8b__qwen2_5_3b__sup_opp__s0__99ea305899,28,gpt_pass_1,1.0,3.0,2.0,3.0,2.0,2.0,1.0,mixed,rebut,defend,rebuttal
q1__medical_marijuana__mixed_play__llama3_8b__qwen2_5_3b__sup_opp__s0__99ea305899,29,gpt_pass_1,1.0,3.0,1.0,2.0,2.0,1.0,1.0,mixed,rebut,challenge,rebuttal
q1__medical_marijuana__mixed_play__llama3_8b__qwen2_5_3b__sup_opp__s0__99ea305899,30,gpt_pass_1,2.0,3.0,1.0,3.0,3.0,1.0,2.0,mixed,assert,defend,rebuttal
q1__medical_marijuana__mixed_play__llama3_8b__qwen2_5_3b__sup_opp__s0__99ea305899,31,gpt_pass_1,1.0,3.0,1.0,3.0,2.0,2.0,2.0,mixed,rebut,challenge,rebuttal
q1__medical_marijuana__self_play__gemma2_9b__gemma2_9b__opp_sup__s0__d50c849f73,0,gpt_pass_1,1.0,2.0,1.0,3.0,3.0,2.0,1.0,mixed,rebut,challenge,rebuttal
q1__medical_marijuana__self_play__gemma2_9b__gemma2_9b__opp_sup__s0__d50c849f73,1,gpt_pass_1,2.0,2.0,2.0,2.0,2.0,2.0,1.0,mixed,assert,defend,agreement
q1__medical_marijuana__self_play__gemma2_9b__gemma2_9b__opp_sup__s0__d50c849f73,2,gpt_pass_1,1.0,3.0,1.0,2.0,3.0,1.0,0.0,mixed,assert,defend,clarification
q1__medical_marijuana__self_play__gemma2_9b__gemma2_9b__opp_sup__s0__d50c849f73,3,gpt_pass_1,2.0,3.0,2.0,2.0,3.0,1.0,1.0,mixed,assert,defend,rebuttal
q1__medical_marijuana__self_play__gemma2_9b__gemma2_9b__opp_sup__s0__d50c849f73,4,gpt_pass_1,1.0,3.0,2.0,2.0,3.0,2.0,1.0,mixed,rebut,defend,rebuttal
q1__medical_marijuana__self_play__gemma2_9b__gemma2_9b__opp_sup__s0__d50c849f73,5,gpt_pass_1,1.0,2.0,1.0,3.0,2.0,1.0,1.0,mixed,assert,defend,agreement
q1__medical_marijuana__self_play__gemma2_9b__gemma2_9b__opp_sup__s0__d50c849f73,6,gpt_pass_1,1.0,2.0,1.0,2.0,3.0,2.0,2.0,mixed,rebut,defend,rebuttal
q1__medical_marijuana__self_play__gemma2_9b__gemma2_9b__opp_sup__s0__d50c849f73,7,gpt_pass_1,1.0,3.0,1.0,2.0,2.0,1.0,1.0,mixed,rebut,defend,clarification
q1__medical_marijuana__self_play__gemma2_9b__gemma2_9b__opp_sup__s0__d50c849f73,8,gpt_pass_1,1.0,3.0,1.0,3.0,2.0,2.0,1.0,mixed,rebut,defend,rebuttal
q1__medical_marijuana__self_play__gemma2_9b__gemma2_9b__opp_sup__s0__d50c849f73,9,gpt_pass_1,1.0,3.0,2.0,3.0,3.0,1.0,2.0,mixed,assert,defend,agreement
q1__medical_marijuana__self_play__gemma2_9b__gemma2_9b__opp_sup__s0__d50c849f73,10,gpt_pass_1,2.0,2.0,2.0,2.0,3.0,2.0,1.0,mixed,concede,challenge,concession
q1__medical_marijuana__self_play__gemma2_9b__gemma2_9b__opp_sup__s0__d50c849f73,11,gpt_pass_1,1.0,1.0,1.0,2.0,2.0,1.0,1.0,mixed,assert,defend,clarification
q1__medical_marijuana__self_play__gemma2_9b__gemma2_9b__opp_sup__s0__d50c849f73,12,gpt_pass_1,1.0,2.0,2.0,1.0,2.0,2.0,2.0,mixed,rebut,defend,rebuttal
q1__medical_marijuana__self_play__gemma2_9b__gemma2_9b__opp_sup__s0__d50c849f73,13,gpt_pass_1,2.0,1.0,2.0,2.0,3.0,1.0,1.0,mixed,synthesize,explore,synthesis
q1__medical_marijuana__self_play__gemma2_9b__gemma2_9b__opp_sup__s0__d50c849f73,14,gpt_pass_1,0.0,2.0,1.0,2.0,2.0,2.0,1.0,mixed,rebut,defend,rebuttal
q1__medical_marijuana__self_play__gemma2_9b__gemma2_9b__opp_sup__s0__d50c849f73,15,gpt_pass_1,2.0,1.0,3.0,4.0,2.0,2.0,2.0,mixed,clarify,explore,clarification
q1__medical_marijuana__self_play__gemma2_9b__gemma2_9b__opp_sup__s0__d50c849f73,16,gpt_pass_1,1.0,3.0,1.0,3.0,2.0,2.0,0.0,mixed,rebut,defend,rebuttal
q1__medical_marijuana__self_play__gemma2_9b__gemma2_9b__opp_sup__s0__d50c849f73,17,gpt_pass_1,2.0,2.0,2.0,2.0,2.0,1.0,2.0,mixed,synthesize,resolve,synthesis
q1__medical_marijuana__self_play__gemma2_9b__gemma2_9b__opp_sup__s0__d50c849f73,18,gpt_pass_1,1.0,2.0,1.0,3.0,2.0,2.0,2.0,mixed,rebut,challenge,rebuttal
q1__medical_marijuana__self_play__gemma2_9b__gemma2_9b__opp_sup__s0__d50c849f73,19,gpt_pass_1,1.0,2.0,2.0,2.0,4.0,1.0,1.0,mixed,clarify,defend,clarification
q1__medical_marijuana__self_play__gemma2_9b__gemma2_9b__opp_sup__s0__d50c849f73,20,gpt_pass_1,1.0,3.0,1.0,2.0,3.0,1.0,2.0,mixed,assert,defend,rebuttal
q1__medical_marijuana__self_play__gemma2_9b__gemma2_9b__opp_sup__s0__d50c849f73,21,gpt_pass_1,1.0,2.0,1.0,2.0,3.0,3.0,1.0,mixed,assert,defend,rebuttal
q1__medical_marijuana__self_play__gemma2_9b__gemma2_9b__opp_sup__s0__d50c849f73,22,gpt_pass_1,1.0,2.0,1.0,3.0,3.0,2.0,1.0,mixed,rebut,defend,rebuttal
q1__medical_marijuana__self_play__gemma2_9b__gemma2_9b__opp_sup__s0__d50c849f73,23,gpt_pass_1,1.0,2.0,1.0,2.0,3.0,1.0,1.0,mixed,assert,defend,rebuttal
q1__medical_marijuana__self_play__gemma2_9b__gemma2_9b__opp_sup__s0__d50c849f73,24,gpt_pass_1,1.0,2.0,1.0,2.0,3.0,1.0,1.0,mixed,concede,clarify,clarification
q1__medical_marijuana__self_play__gemma2_9b__gemma2_9b__opp_sup__s0__d50c849f73,25,gpt_pass_1,2.0,2.0,2.0,3.0,3.0,2.0,2.0,mixed,synthesize,resolve,synthesis
q1__medical_marijuana__self_play__gemma2_9b__gemma2_9b__opp_sup__s0__d50c849f73,26,gpt_pass_1,1.0,2.0,1.0,2.0,2.0,2.0,1.0,mixed,rebut,defend,rebuttal
q1__medical_marijuana__self_play__gemma2_9b__gemma2_9b__opp_sup__s0__d50c849f73,27,gpt_pass_1,1.0,2.0,1.0,3.0,2.0,1.0,2.0,mixed,clarify,defend,agreement
q1__medical_marijuana__self_play__gemma2_9b__gemma2_9b__opp_sup__s0__d50c849f73,28,gpt_pass_1,1.0,2.0,2.0,2.0,3.0,2.0,2.0,mixed,rebut,defend,rebuttal
q1__medical_marijuana__self_play__gemma2_9b__gemma2_9b__opp_sup__s0__d50c849f73,29,gpt_pass_1,2.0,3.0,1.0,3.0,2.0,2.0,1.0,mixed,clarify,defend,agreement
q1__medical_marijuana__self_play__gemma2_9b__gemma2_9b__opp_sup__s0__d50c849f73,30,gpt_pass_1,1.0,3.0,1.0,2.0,3.0,1.0,2.0,mixed,assert,defend,rebuttal
q1__medical_marijuana__self_play__gemma2_9b__gemma2_9b__opp_sup__s0__d50c849f73,31,gpt_pass_1,1.0,2.0,1.0,2.0,2.0,1.0,1.0,mixed,assert,defend,clarification
q1__medical_marijuana__self_play__gemma2_9b__gemma2_9b__sup_opp__s0__086b81987a,0,gpt_pass_1,1.0,2.0,1.0,3.0,3.0,2.0,1.0,mixed,assert,defend,rebuttal
q1__medical_marijuana__self_play__gemma2_9b__gemma2_9b__sup_opp__s0__086b81987a,1,gpt_pass_1,1.0,3.0,1.0,2.0,2.0,2.0,1.0,mixed,rebut,challenge,rebuttal
q1__medical_marijuana__self_play__gemma2_9b__gemma2_9b__sup_opp__s0__086b81987a,2,gpt_pass_1,2.0,1.0,1.0,3.0,3.0,1.0,2.0,mixed,concede,accommodate,accommodation
q1__medical_marijuana__self_play__gemma2_9b__gemma2_9b__sup_opp__s0__086b81987a,3,gpt_pass_1,2.0,2.0,0.0,2.0,3.0,1.0,2.0,mixed,rebut,defend,rebuttal
q1__medical_marijuana__self_play__gemma2_9b__gemma2_9b__sup_opp__s0__086b81987a,4,gpt_pass_1,1.0,2.0,2.0,3.0,3.0,2.0,1.0,mixed,rebut,defend,rebuttal
q1__medical_marijuana__self_play__gemma2_9b__gemma2_9b__sup_opp__s0__086b81987a,5,gpt_pass_1,1.0,3.0,1.0,2.0,3.0,2.0,2.0,mixed,assert,challenge,rebuttal
q1__medical_marijuana__self_play__gemma2_9b__gemma2_9b__sup_opp__s0__086b81987a,6,gpt_pass_1,2.0,2.0,2.0,3.0,3.0,2.0,2.0,mixed,assert,defend,agreement
q1__medical_marijuana__self_play__gemma2_9b__gemma2_9b__sup_opp__s0__086b81987a,7,gpt_pass_1,0.0,3.0,1.0,3.0,2.0,1.0,2.0,mixed,clarify,defend,clarification
q1__medical_marijuana__self_play__gemma2_9b__gemma2_9b__sup_opp__s0__086b81987a,8,gpt_pass_1,2.0,2.0,2.0,2.0,2.0,1.0,1.0,mixed,concede,accommodate,agreement
q1__medical_marijuana__self_play__gemma2_9b__gemma2_9b__sup_opp__s0__086b81987a,9,gpt_pass_1,2.0,2.0,2.0,2.0,2.0,2.0,2.0,neutral,clarify,defend,clarification
q1__medical_marijuana__self_play__gemma2_9b__gemma2_9b__sup_opp__s0__086b81987a,10,gpt_pass_1,1.0,2.0,1.0,2.0,2.0,1.0,1.0,mixed,concede,accommodate,concession
q1__medical_marijuana__self_play__gemma2_9b__gemma2_9b__sup_opp__s0__086b81987a,11,gpt_pass_1,1.0,2.0,1.0,3.0,2.0,2.0,1.0,mixed,clarify,defend,rebuttal
q1__medical_marijuana__self_play__gemma2_9b__gemma2_9b__sup_opp__s0__086b81987a,12,gpt_pass_1,2.0,2.0,2.0,3.0,3.0,1.0,2.0,mixed,assert,defend,agreement
q1__medical_marijuana__self_play__gemma2_9b__gemma2_9b__sup_opp__s0__086b81987a,13,gpt_pass_1,1.0,3.0,1.0,2.0,3.0,0.0,1.0,mixed,rebut,defend,rebuttal
q1__medical_marijuana__self_play__gemma2_9b__gemma2_9b__sup_opp__s0__086b81987a,14,gpt_pass_1,2.0,2.0,1.0,3.0,3.0,2.0,1.0,mixed,rebut,defend,rebuttal
q1__medical_marijuana__self_play__gemma2_9b__gemma2_9b__sup_opp__s0__086b81987a,15,gpt_pass_1,1.0,4.0,2.0,3.0,2.0,0.0,1.0,mixed,rebut,defend,escalation
q1__medical_marijuana__self_play__gemma2_9b__gemma2_9b__sup_opp__s0__086b81987a,16,gpt_pass_1,1.0,1.0,1.0,2.0,2.0,1.0,1.0,mixed,assert,defend,clarification
q1__medical_marijuana__self_play__gemma2_9b__gemma2_9b__sup_opp__s0__086b81987a,17,gpt_pass_1,1.0,3.0,1.0,3.0,2.0,2.0,1.0,mixed,rebut,defend,rebuttal
q1__medical_marijuana__self_play__gemma2_9b__gemma2_9b__sup_opp__s0__086b81987a,18,gpt_pass_1,2.0,1.0,2.0,2.0,2.0,1.0,2.0,mixed,assert,defend,agreement
q1__medical_marijuana__self_play__gemma2_9b__gemma2_9b__sup_opp__s0__086b81987a,19,gpt_pass_1,1.0,3.0,0.0,3.0,3.0,1.0,0.0,mixed,rebut,defend,rebuttal
q1__medical_marijuana__self_play__gemma2_9b__gemma2_9b__sup_opp__s0__086b81987a,20,gpt_pass_1,2.0,2.0,2.0,3.0,3.0,1.0,1.0,mixed,assert,defend,rebuttal
q1__medical_marijuana__self_play__gemma2_9b__gemma2_9b__sup_opp__s0__086b81987a,21,gpt_pass_1,1.0,3.0,1.0,3.0,2.0,2.0,1.0,mixed,rebut,challenge,rebuttal
q1__medical_marijuana__self_play__gemma2_9b__gemma2_9b__sup_opp__s0__086b81987a,22,gpt_pass_1,3.0,1.0,2.0,2.0,3.0,1.0,2.0,mixed,concede,accommodate,agreement
q1__medical_marijuana__self_play__gemma2_9b__gemma2_9b__sup_opp__s0__086b81987a,23,gpt_pass_1,2.0,3.0,1.0,2.0,2.0,1.0,2.0,mixed,rebut,defend,rebuttal
q1__medical_marijuana__self_play__gemma2_9b__gemma2_9b__sup_opp__s0__086b81987a,24,gpt_pass_1,2.0,1.0,1.0,3.0,2.0,1.0,1.0,mixed,assert,defend,agreement
q1__medical_marijuana__self_play__gemma2_9b__gemma2_9b__sup_opp__s0__086b81987a,25,gpt_pass_1,1.0,4.0,0.0,2.0,3.0,3.0,1.0,mixed,rebut,defend,rebuttal
q1__medical_marijuana__self_play__gemma2_9b__gemma2_9b__sup_opp__s0__086b81987a,26,gpt_pass_1,2.0,2.0,1.0,3.0,3.0,1.0,2.0,mixed,assert,defend,agreement
q1__medical_marijuana__self_play__gemma2_9b__gemma2_9b__sup_opp__s0__086b81987a,27,gpt_pass_1,2.0,3.0,1.0,3.0,2.0,2.0,2.0,mixed,rebut,challenge,rebuttal
q1__medical_marijuana__self_play__gemma2_9b__gemma2_9b__sup_opp__s0__086b81987a,28,gpt_pass_1,2.0,2.0,1.0,2.0,3.0,1.0,2.0,mixed,assert,defend,rebuttal
q1__medical_marijuana__self_play__gemma2_9b__gemma2_9b__sup_opp__s0__086b81987a,29,gpt_pass_1,1.0,2.0,1.0,2.0,2.0,2.0,1.0,mixed,clarify,challenge,clarification
q1__medical_marijuana__self_play__gemma2_9b__gemma2_9b__sup_opp__s0__086b81987a,30,gpt_pass_1,2.0,1.0,1.0,2.0,2.0,1.0,1.0,mixed,synthesize,accommodate,agreement
q1__medical_marijuana__self_play__gemma2_9b__gemma2_9b__sup_opp__s0__086b81987a,31,gpt_pass_1,0.0,3.0,0.0,2.0,2.0,1.0,0.0,mixed,assert,defend,escalation
q1__medical_marijuana__self_play__llama3_8b__llama3_8b__opp_sup__s0__3aa940f007,0,gpt_pass_1,1.0,4.0,0.0,3.0,2.0,1.0,0.0,negative,assert,challenge,rebuttal
q1__medical_marijuana__self_play__llama3_8b__llama3_8b__opp_sup__s0__3aa940f007,1,gpt_pass_1,1.0,2.0,1.0,2.0,2.0,1.0,1.0,mixed,clarify,defend,uncertain
q1__medical_marijuana__self_play__llama3_8b__llama3_8b__opp_sup__s0__3aa940f007,2,gpt_pass_1,1.0,2.0,1.0,3.0,2.0,2.0,2.0,mixed,rebut,challenge,rebuttal
q1__medical_marijuana__self_play__llama3_8b__llama3_8b__opp_sup__s0__3aa940f007,3,gpt_pass_1,2.0,2.0,3.0,3.0,2.0,2.0,2.0,mixed,assert,defend,agreement
q1__medical_marijuana__self_play__llama3_8b__llama3_8b__opp_sup__s0__3aa940f007,4,gpt_pass_1,2.0,3.0,1.0,3.0,4.0,2.0,2.0,mixed,rebut,challenge,rebuttal
q1__medical_marijuana__self_play__llama3_8b__llama3_8b__opp_sup__s0__3aa940f007,5,gpt_pass_1,2.0,2.0,2.0,2.0,2.0,1.0,2.0,mixed,synthesize,explore,synthesis
q1__medical_marijuana__self_play__llama3_8b__llama3_8b__opp_sup__s0__3aa940f007,6,gpt_pass_1,2.0,3.0,1.0,3.0,3.0,2.0,2.0,mixed,rebut,challenge,rebuttal
q1__medical_marijuana__self_play__llama3_8b__llama3_8b__opp_sup__s0__3aa940f007,7,gpt_pass_1,2.0,2.0,2.0,2.0,3.0,1.0,2.0,mixed,assert,defend,agreement
q1__medical_marijuana__self_play__llama3_8b__llama3_8b__opp_sup__s0__3aa940f007,8,gpt_pass_1,1.0,3.0,1.0,3.0,2.0,1.0,2.0,mixed,rebut,challenge,rebuttal
q1__medical_marijuana__self_play__llama3_8b__llama3_8b__opp_sup__s0__3aa940f007,9,gpt_pass_1,1.0,2.0,2.0,2.0,2.0,1.0,2.0,mixed,clarify,accommodate,agreement
q1__medical_marijuana__self_play__llama3_8b__llama3_8b__opp_sup__s0__3aa940f007,10,gpt_pass_1,1.0,3.0,1.0,2.0,3.0,1.0,1.0,mixed,rebut,challenge,rebuttal
q1__medical_marijuana__self_play__llama3_8b__llama3_8b__opp_sup__s0__3aa940f007,11,gpt_pass_1,2.0,1.0,1.0,2.0,2.0,2.0,3.0,mixed,clarify,challenge,clarification
q1__medical_marijuana__self_play__llama3_8b__llama3_8b__opp_sup__s0__3aa940f007,12,gpt_pass_1,1.0,3.0,0.0,4.0,3.0,3.0,1.0,mixed,rebut,defend,rebuttal
q1__medical_marijuana__self_play__llama3_8b__llama3_8b__opp_sup__s0__3aa940f007,13,gpt_pass_1,2.0,2.0,1.0,2.0,2.0,2.0,2.0,mixed,assert,defend,accommodation
q1__medical_marijuana__self_play__llama3_8b__llama3_8b__opp_sup__s0__3aa940f007,14,gpt_pass_1,1.0,4.0,1.0,4.0,3.0,0.0,2.0,mixed,assert,defend,rebuttal
q1__medical_marijuana__self_play__llama3_8b__llama3_8b__opp_sup__s0__3aa940f007,15,gpt_pass_1,2.0,3.0,2.0,2.0,2.0,1.0,1.0,mixed,synthesize,synthesize,synthesis
q1__medical_marijuana__self_play__llama3_8b__llama3_8b__opp_sup__s0__3aa940f007,16,gpt_pass_1,1.0,3.0,1.0,4.0,3.0,1.0,2.0,mixed,rebut,challenge,rebuttal
q1__medical_marijuana__self_play__llama3_8b__llama3_8b__opp_sup__s0__3aa940f007,17,gpt_pass_1,1.0,3.0,2.0,3.0,3.0,1.0,1.0,mixed,rebut,defend,rebuttal
q1__medical_marijuana__self_play__llama3_8b__llama3_8b__opp_sup__s0__3aa940f007,18,gpt_pass_1,1.0,3.0,1.0,3.0,2.0,1.0,1.0,mixed,rebut,challenge,rebuttal
q1__medical_marijuana__self_play__llama3_8b__llama3_8b__opp_sup__s0__3aa940f007,19,gpt_pass_1,2.0,2.0,1.0,3.0,3.0,2.0,1.0,mixed,clarify,synthesize,agreement
q1__medical_marijuana__self_play__llama3_8b__llama3_8b__opp_sup__s0__3aa940f007,20,gpt_pass_1,1.0,2.0,0.0,2.0,2.0,2.0,2.0,mixed,rebut,challenge,rebuttal
q1__medical_marijuana__self_play__llama3_8b__llama3_8b__opp_sup__s0__3aa940f007,21,gpt_pass_1,2.0,3.0,1.0,3.0,2.0,2.0,2.0,mixed,assert,persuade,agreement
q1__medical_marijuana__self_play__llama3_8b__llama3_8b__opp_sup__s0__3aa940f007,22,gpt_pass_1,0.0,4.0,1.0,3.0,3.0,0.0,0.0,mixed,rebut,defend,rebuttal
q1__medical_marijuana__self_play__llama3_8b__llama3_8b__opp_sup__s0__3aa940f007,23,gpt_pass_1,1.0,2.0,2.0,3.0,3.0,1.0,1.0,mixed,assert,defend,rebuttal
q1__medical_marijuana__self_play__llama3_8b__llama3_8b__opp_sup__s0__3aa940f007,24,gpt_pass_1,1.0,3.0,1.0,2.0,2.0,1.0,1.0,mixed,rebut,challenge,rebuttal
q1__medical_marijuana__self_play__llama3_8b__llama3_8b__opp_sup__s0__3aa940f007,25,gpt_pass_1,2.0,2.0,3.0,3.0,3.0,2.0,2.0,mixed,synthesize,explore,synthesis
q1__medical_marijuana__self_play__llama3_8b__llama3_8b__opp_sup__s0__3aa940f007,26,gpt_pass_1,1.0,4.0,2.0,3.0,3.0,0.0,1.0,mixed,rebut,challenge,rebuttal
q1__medical_marijuana__self_play__llama3_8b__llama3_8b__opp_sup__s0__3aa940f007,27,gpt_pass_1,1.0,2.0,1.0,2.0,2.0,2.0,2.0,mixed,clarify,defend,clarification
q1__medical_marijuana__self_play__llama3_8b__llama3_8b__opp_sup__s0__3aa940f007,28,gpt_pass_1,1.0,3.0,1.0,2.0,2.0,1.0,2.0,mixed,rebut,challenge,rebuttal
q1__medical_marijuana__self_play__llama3_8b__llama3_8b__opp_sup__s0__3aa940f007,29,gpt_pass_1,1.0,1.0,2.0,3.0,2.0,1.0,2.0,mixed,clarify,synthesize,clarification
q1__medical_marijuana__self_play__llama3_8b__llama3_8b__opp_sup__s0__3aa940f007,30,gpt_pass_1,1.0,3.0,1.0,3.0,3.0,1.0,1.0,mixed,rebut,challenge,rebuttal
q1__medical_marijuana__self_play__llama3_8b__llama3_8b__opp_sup__s0__3aa940f007,31,gpt_pass_1,2.0,2.0,1.0,3.0,1.0,1.0,1.0,mixed,assert,defend,clarification
q1__medical_marijuana__self_play__llama3_8b__llama3_8b__sup_opp__s0__4de5274e66,0,gpt_pass_1,1.0,3.0,0.0,3.0,2.0,1.0,1.0,mixed,assert,defend,rebuttal
q1__medical_marijuana__self_play__llama3_8b__llama3_8b__sup_opp__s0__4de5274e66,1,gpt_pass_1,1.0,3.0,1.0,3.0,2.0,2.0,1.0,mixed,rebut,challenge,rebuttal
q1__medical_marijuana__self_play__llama3_8b__llama3_8b__sup_opp__s0__4de5274e66,2,gpt_pass_1,2.0,2.0,1.0,2.0,2.0,2.0,3.0,neutral,clarify,clarify,clarification
q1__medical_marijuana__self_play__llama3_8b__llama3_8b__sup_opp__s0__4de5274e66,3,gpt_pass_1,1.0,3.0,0.0,3.0,2.0,1.0,1.0,mixed,rebut,defend,rebuttal
q1__medical_marijuana__self_play__llama3_8b__llama3_8b__sup_opp__s0__4de5274e66,4,gpt_pass_1,2.0,3.0,1.0,3.0,3.0,1.0,1.0,mixed,rebut,defend,rebuttal
q1__medical_marijuana__self_play__llama3_8b__llama3_8b__sup_opp__s0__4de5274e66,5,gpt_pass_1,0.0,4.0,0.0,2.0,2.0,1.0,1.0,mixed,rebut,challenge,rebuttal
q1__medical_marijuana__self_play__llama3_8b__llama3_8b__sup_opp__s0__4de5274e66,6,gpt_pass_1,1.0,3.0,1.0,2.0,3.0,1.0,2.0,mixed,clarify,defend,clarification
q1__medical_marijuana__self_play__llama3_8b__llama3_8b__sup_opp__s0__4de5274e66,7,gpt_pass_1,1.0,3.0,1.0,3.0,2.0,2.0,1.0,mixed,rebut,defend,rebuttal
q1__medical_marijuana__self_play__llama3_8b__llama3_8b__sup_opp__s0__4de5274e66,8,gpt_pass_1,2.0,2.0,2.0,3.0,3.0,1.0,2.0,mixed,rebut,defend,rebuttal
q1__medical_marijuana__self_play__llama3_8b__llama3_8b__sup_opp__s0__4de5274e66,9,gpt_pass_1,1.0,3.0,1.0,3.0,3.0,1.0,1.0,mixed,rebut,challenge,rebuttal
q1__medical_marijuana__self_play__llama3_8b__llama3_8b__sup_opp__s0__4de5274e66,10,gpt_pass_1,2.0,2.0,2.0,2.0,2.0,1.0,1.0,mixed,rebut,defend,rebuttal
q1__medical_marijuana__self_play__llama3_8b__llama3_8b__sup_opp__s0__4de5274e66,11,gpt_pass_1,0.0,4.0,1.0,3.0,2.0,2.0,1.0,mixed,rebut,challenge,rebuttal
q1__medical_marijuana__self_play__llama3_8b__llama3_8b__sup_opp__s0__4de5274e66,12,gpt_pass_1,2.0,2.0,2.0,3.0,3.0,1.0,1.0,mixed,rebut,defend,rebuttal
q1__medical_marijuana__self_play__llama3_8b__llama3_8b__sup_opp__s0__4de5274e66,13,gpt_pass_1,1.0,2.0,1.0,3.0,2.0,2.0,2.0,mixed,rebut,defend,rebuttal
q1__medical_marijuana__self_play__llama3_8b__llama3_8b__sup_opp__s0__4de5274e66,14,gpt_pass_1,3.0,2.0,2.0,2.0,3.0,2.0,2.0,mixed,assert,defend,clarification
q1__medical_marijuana__self_play__llama3_8b__llama3_8b__sup_opp__s0__4de5274e66,15,gpt_pass_1,2.0,3.0,1.0,3.0,2.0,2.0,2.0,mixed,assert,defend,rebuttal
q1__medical_marijuana__self_play__llama3_8b__llama3_8b__sup_opp__s0__4de5274e66,16,gpt_pass_1,2.0,3.0,2.0,2.0,3.0,1.0,1.0,mixed,assert,defend,agreement
q1__medical_marijuana__self_play__llama3_8b__llama3_8b__sup_opp__s0__4de5274e66,17,gpt_pass_1,1.0,4.0,1.0,3.0,3.0,0.0,1.0,mixed,rebut,challenge,rebuttal
q1__medical_marijuana__self_play__llama3_8b__llama3_8b__sup_opp__s0__4de5274e66,18,gpt_pass_1,2.0,2.0,1.0,3.0,2.0,2.0,1.0,mixed,assert,defend,clarification
q1__medical_marijuana__self_play__llama3_8b__llama3_8b__sup_opp__s0__4de5274e66,19,gpt_pass_1,1.0,2.0,0.0,2.0,3.0,2.0,1.0,mixed,assert,defend,rebuttal
q1__medical_marijuana__self_play__llama3_8b__llama3_8b__sup_opp__s0__4de5274e66,20,gpt_pass_1,3.0,2.0,3.0,2.0,2.0,2.0,2.0,mixed,assert,defend,agreement
q1__medical_marijuana__self_play__llama3_8b__llama3_8b__sup_opp__s0__4de5274e66,21,gpt_pass_1,1.0,3.0,1.0,3.0,2.0,1.0,1.0,mixed,rebut,challenge,escalation
q1__medical_marijuana__self_play__llama3_8b__llama3_8b__sup_opp__s0__4de5274e66,22,gpt_pass_1,3.0,2.0,2.0,3.0,2.0,2.0,2.0,mixed,rebut,defend,rebuttal
q1__medical_marijuana__self_play__llama3_8b__llama3_8b__sup_opp__s0__4de5274e66,23,gpt_pass_1,1.0,3.0,1.0,2.0,2.0,1.0,1.0,mixed,clarify,challenge,uncertain
q1__medical_marijuana__self_play__llama3_8b__llama3_8b__sup_opp__s0__4de5274e66,24,gpt_pass_1,2.0,2.0,1.0,3.0,2.0,1.0,2.0,mixed,clarify,resolve,clarification
q1__medical_marijuana__self_play__llama3_8b__llama3_8b__sup_opp__s0__4de5274e66,25,gpt_pass_1,1.0,3.0,1.0,3.0,2.0,1.0,1.0,mixed,rebut,defend,rebuttal
q1__medical_marijuana__self_play__llama3_8b__llama3_8b__sup_opp__s0__4de5274e66,26,gpt_pass_1,1.0,2.0,1.0,3.0,2.0,2.0,2.0,mixed,assert,challenge,clarification
q1__medical_marijuana__self_play__llama3_8b__llama3_8b__sup_opp__s0__4de5274e66,27,gpt_pass_1,1.0,3.0,0.0,3.0,3.0,3.0,1.0,mixed,rebut,defend,rebuttal
q1__medical_marijuana__self_play__llama3_8b__llama3_8b__sup_opp__s0__4de5274e66,28,gpt_pass_1,1.0,3.0,2.0,3.0,2.0,2.0,1.0,mixed,rebut,defend,rebuttal
q1__medical_marijuana__self_play__llama3_8b__llama3_8b__sup_opp__s0__4de5274e66,29,gpt_pass_1,0.0,4.0,0.0,3.0,3.0,0.0,0.0,mixed,assert,defend,escalation
q1__medical_marijuana__self_play__llama3_8b__llama3_8b__sup_opp__s0__4de5274e66,30,gpt_pass_1,3.0,2.0,2.0,2.0,2.0,1.0,3.0,mixed,clarify,defend,clarification
q1__medical_marijuana__self_play__llama3_8b__llama3_8b__sup_opp__s0__4de5274e66,31,gpt_pass_1,1.0,3.0,0.0,3.0,2.0,2.0,2.0,mixed,rebut,challenge,rebuttal
q1__medical_marijuana__self_play__qwen2_5_3b__qwen2_5_3b__opp_sup__s0__6f9a00d75c,0,gpt_pass_1,1.0,3.0,1.0,3.0,3.0,1.0,2.0,mixed,rebut,challenge,rebuttal
q1__medical_marijuana__self_play__qwen2_5_3b__qwen2_5_3b__opp_sup__s0__6f9a00d75c,1,gpt_pass_1,2.0,3.0,1.0,3.0,2.0,1.0,1.0,mixed,assert,defend,rebuttal
q1__medical_marijuana__self_play__qwen2_5_3b__qwen2_5_3b__opp_sup__s0__6f9a00d75c,2,gpt_pass_1,1.0,2.0,1.0,2.0,3.0,1.0,1.0,neutral,rebut,challenge,rebuttal
q1__medical_marijuana__self_play__qwen2_5_3b__qwen2_5_3b__opp_sup__s0__6f9a00d75c,3,gpt_pass_1,1.0,3.0,2.0,2.0,3.0,2.0,2.0,neutral,assert,defend,rebuttal
q1__medical_marijuana__self_play__qwen2_5_3b__qwen2_5_3b__opp_sup__s0__6f9a00d75c,4,gpt_pass_1,1.0,2.0,1.0,3.0,2.0,1.0,1.0,negative,rebut,challenge,escalation
q1__medical_marijuana__self_play__qwen2_5_3b__qwen2_5_3b__opp_sup__s0__6f9a00d75c,5,gpt_pass_1,1.0,2.0,1.0,2.0,3.0,2.0,1.0,mixed,assert,defend,agreement
q1__medical_marijuana__self_play__qwen2_5_3b__qwen2_5_3b__opp_sup__s0__6f9a00d75c,6,gpt_pass_1,1.0,2.0,1.0,2.0,2.0,2.0,1.0,mixed,rebut,challenge,clarification
q1__medical_marijuana__self_play__qwen2_5_3b__qwen2_5_3b__opp_sup__s0__6f9a00d75c,7,gpt_pass_1,1.0,2.0,1.0,2.0,2.0,1.0,1.0,mixed,assert,defend,agreement
q1__medical_marijuana__self_play__qwen2_5_3b__qwen2_5_3b__opp_sup__s0__6f9a00d75c,8,gpt_pass_1,1.0,2.0,1.0,2.0,3.0,1.0,2.0,negative,rebut,defend,rebuttal
q1__medical_marijuana__self_play__qwen2_5_3b__qwen2_5_3b__opp_sup__s0__6f9a00d75c,9,gpt_pass_1,1.0,2.0,1.0,2.0,2.0,2.0,2.0,neutral,assert,defend,agreement
q1__medical_marijuana__self_play__qwen2_5_3b__qwen2_5_3b__opp_sup__s0__6f9a00d75c,10,gpt_pass_1,1.0,2.0,0.0,2.0,2.0,1.0,2.0,neutral,rebut,challenge,rebuttal
q1__medical_marijuana__self_play__qwen2_5_3b__qwen2_5_3b__opp_sup__s0__6f9a00d75c,11,gpt_pass_1,2.0,3.0,2.0,2.0,2.0,1.0,2.0,mixed,assert,defend,agreement
q1__medical_marijuana__self_play__qwen2_5_3b__qwen2_5_3b__opp_sup__s0__6f9a00d75c,12,gpt_pass_1,1.0,2.0,1.0,2.0,3.0,2.0,2.0,mixed,rebut,challenge,rebuttal
q1__medical_marijuana__self_play__qwen2_5_3b__qwen2_5_3b__opp_sup__s0__6f9a00d75c,13,gpt_pass_1,2.0,2.0,2.0,2.0,2.0,2.0,1.0,positive,assert,defend,agreement
q1__medical_marijuana__self_play__qwen2_5_3b__qwen2_5_3b__opp_sup__s0__6f9a00d75c,14,gpt_pass_1,1.0,2.0,2.0,3.0,2.0,2.0,1.0,negative,rebut,challenge,rebuttal
q1__medical_marijuana__self_play__qwen2_5_3b__qwen2_5_3b__opp_sup__s0__6f9a00d75c,15,gpt_pass_1,1.0,2.0,1.0,2.0,2.0,2.0,1.0,mixed,assert,defend,clarification
q1__medical_marijuana__self_play__qwen2_5_3b__qwen2_5_3b__opp_sup__s0__6f9a00d75c,16,gpt_pass_1,1.0,3.0,1.0,2.0,2.0,0.0,2.0,mixed,rebut,defend,rebuttal
q1__medical_marijuana__self_play__qwen2_5_3b__qwen2_5_3b__opp_sup__s0__6f9a00d75c,17,gpt_pass_1,2.0,2.0,1.0,3.0,2.0,2.0,2.0,positive,assert,defend,agreement
q1__medical_marijuana__self_play__qwen2_5_3b__qwen2_5_3b__opp_sup__s0__6f9a00d75c,18,gpt_pass_1,2.0,4.0,1.0,2.0,3.0,0.0,1.0,negative,rebut,challenge,rebuttal
q1__medical_marijuana__self_play__qwen2_5_3b__qwen2_5_3b__opp_sup__s0__6f9a00d75c,19,gpt_pass_1,1.0,2.0,2.0,3.0,2.0,2.0,1.0,mixed,assert,defend,rebuttal
q1__medical_marijuana__self_play__qwen2_5_3b__qwen2_5_3b__opp_sup__s0__6f9a00d75c,20,gpt_pass_1,1.0,3.0,2.0,3.0,2.0,1.0,2.0,negative,rebut,challenge,rebuttal
q1__medical_marijuana__self_play__qwen2_5_3b__qwen2_5_3b__opp_sup__s0__6f9a00d75c,21,gpt_pass_1,1.0,2.0,1.0,2.0,3.0,1.0,1.0,neutral,clarify,defend,clarification
q1__medical_marijuana__self_play__qwen2_5_3b__qwen2_5_3b__opp_sup__s0__6f9a00d75c,22,gpt_pass_1,1.0,3.0,1.0,3.0,2.0,2.0,1.0,negative,rebut,challenge,escalation
q1__medical_marijuana__self_play__qwen2_5_3b__qwen2_5_3b__opp_sup__s0__6f9a00d75c,23,gpt_pass_1,1.0,2.0,1.0,2.0,3.0,1.0,1.0,mixed,assert,defend,clarification
q1__medical_marijuana__self_play__qwen2_5_3b__qwen2_5_3b__opp_sup__s0__6f9a00d75c,24,gpt_pass_1,1.0,3.0,1.0,3.0,2.0,2.0,1.0,negative,rebut,challenge,rebuttal
q1__medical_marijuana__self_play__qwen2_5_3b__qwen2_5_3b__opp_sup__s0__6f9a00d75c,25,gpt_pass_1,2.0,2.0,1.0,3.0,3.0,1.0,2.0,mixed,assert,defend,agreement
q1__medical_marijuana__self_play__qwen2_5_3b__qwen2_5_3b__opp_sup__s0__6f9a00d75c,26,gpt_pass_1,1.0,3.0,1.0,3.0,3.0,2.0,2.0,mixed,rebut,challenge,rebuttal
q1__medical_marijuana__self_play__qwen2_5_3b__qwen2_5_3b__opp_sup__s0__6f9a00d75c,27,gpt_pass_1,1.0,2.0,1.0,3.0,2.0,2.0,2.0,mixed,assert,defend,rebuttal
q1__medical_marijuana__self_play__qwen2_5_3b__qwen2_5_3b__opp_sup__s0__6f9a00d75c,28,gpt_pass_1,2.0,3.0,1.0,3.0,3.0,1.0,1.0,mixed,rebut,challenge,rebuttal
q1__medical_marijuana__self_play__qwen2_5_3b__qwen2_5_3b__opp_sup__s0__6f9a00d75c,29,gpt_pass_1,1.0,3.0,1.0,2.0,2.0,1.0,1.0,mixed,assert,defend,rebuttal
q1__medical_marijuana__self_play__qwen2_5_3b__qwen2_5_3b__opp_sup__s0__6f9a00d75c,30,gpt_pass_1,1.0,2.0,1.0,3.0,2.0,2.0,1.0,mixed,rebut,challenge,rebuttal
q1__medical_marijuana__self_play__qwen2_5_3b__qwen2_5_3b__opp_sup__s0__6f9a00d75c,31,gpt_pass_1,2.0,3.0,1.0,3.0,3.0,1.0,2.0,mixed,assert,defend,uncertain
q1__medical_marijuana__self_play__qwen2_5_3b__qwen2_5_3b__sup_opp__s0__b183f628dd,0,gpt_pass_1,1.0,2.0,1.0,2.0,2.0,1.0,1.0,positive,assert,defend,agreement
q1__medical_marijuana__self_play__qwen2_5_3b__qwen2_5_3b__sup_opp__s0__b183f628dd,1,gpt_pass_1,1.0,3.0,1.0,2.0,3.0,3.0,1.0,negative,rebut,defend,rebuttal
q1__medical_marijuana__self_play__qwen2_5_3b__qwen2_5_3b__sup_opp__s0__b183f628dd,2,gpt_pass_1,1.0,2.0,1.0,2.0,2.0,1.0,1.0,mixed,assert,defend,rebuttal
q1__medical_marijuana__self_play__qwen2_5_3b__qwen2_5_3b__sup_opp__s0__b183f628dd,3,gpt_pass_1,1.0,2.0,1.0,2.0,2.0,1.0,2.0,mixed,assert,challenge,rebuttal
q1__medical_marijuana__self_play__qwen2_5_3b__qwen2_5_3b__sup_opp__s0__b183f628dd,4,gpt_pass_1,2.0,2.0,2.0,3.0,2.0,1.0,1.0,mixed,synthesize,explore,synthesis
q1__medical_marijuana__self_play__qwen2_5_3b__qwen2_5_3b__sup_opp__s0__b183f628dd,5,gpt_pass_1,1.0,2.0,1.0,2.0,2.0,1.0,2.0,mixed,rebut,defend,rebuttal
q1__medical_marijuana__self_play__qwen2_5_3b__qwen2_5_3b__sup_opp__s0__b183f628dd,6,gpt_pass_1,1.0,2.0,1.0,2.0,2.0,1.0,1.0,mixed,rebut,defend,rebuttal
q1__medical_marijuana__self_play__qwen2_5_3b__qwen2_5_3b__sup_opp__s0__b183f628dd,7,gpt_pass_1,1.0,2.0,1.0,2.0,3.0,2.0,2.0,mixed,rebut,challenge,rebuttal
q1__medical_marijuana__self_play__qwen2_5_3b__qwen2_5_3b__sup_opp__s0__b183f628dd,8,gpt_pass_1,1.0,2.0,1.0,2.0,3.0,1.0,1.0,mixed,assert,defend,rebuttal
q1__medical_marijuana__self_play__qwen2_5_3b__qwen2_5_3b__sup_opp__s0__b183f628dd,9,gpt_pass_1,1.0,3.0,1.0,2.0,2.0,2.0,1.0,mixed,rebut,challenge,escalation
q1__medical_marijuana__self_play__qwen2_5_3b__qwen2_5_3b__sup_opp__s0__b183f628dd,10,gpt_pass_1,1.0,2.0,1.0,2.0,2.0,1.0,2.0,mixed,synthesize,resolve,synthesis
q1__medical_marijuana__self_play__qwen2_5_3b__qwen2_5_3b__sup_opp__s0__b183f628dd,11,gpt_pass_1,1.0,3.0,0.0,2.0,2.0,1.0,2.0,negative,rebut,challenge,rebuttal
q1__medical_marijuana__self_play__qwen2_5_3b__qwen2_5_3b__sup_opp__s0__b183f628dd,12,gpt_pass_1,2.0,2.0,1.0,3.0,2.0,1.0,1.0,mixed,clarify,explore,clarification
q1__medical_marijuana__self_play__qwen2_5_3b__qwen2_5_3b__sup_opp__s0__b183f628dd,13,gpt_pass_1,1.0,3.0,1.0,2.0,3.0,3.0,2.0,mixed,rebut,challenge,rebuttal
q1__medical_marijuana__self_play__qwen2_5_3b__qwen2_5_3b__sup_opp__s0__b183f628dd,14,gpt_pass_1,1.0,2.0,2.0,2.0,2.0,1.0,1.0,mixed,synthesize,challenge,agreement
q1__medical_marijuana__self_play__qwen2_5_3b__qwen2_5_3b__sup_opp__s0__b183f628dd,15,gpt_pass_1,1.0,2.0,1.0,2.0,2.0,2.0,1.0,mixed,rebut,challenge,rebuttal
q1__medical_marijuana__self_play__qwen2_5_3b__qwen2_5_3b__sup_opp__s0__b183f628dd,16,gpt_pass_1,1.0,2.0,1.0,3.0,3.0,1.0,2.0,mixed,assert,defend,rebuttal
q1__medical_marijuana__self_play__qwen2_5_3b__qwen2_5_3b__sup_opp__s0__b183f628dd,17,gpt_pass_1,1.0,3.0,1.0,3.0,3.0,3.0,2.0,negative,rebut,challenge,rebuttal
q1__medical_marijuana__self_play__qwen2_5_3b__qwen2_5_3b__sup_opp__s0__b183f628dd,18,gpt_pass_1,1.0,2.0,1.0,3.0,2.0,1.0,1.0,mixed,assert,defend,agreement
q1__medical_marijuana__self_play__qwen2_5_3b__qwen2_5_3b__sup_opp__s0__b183f628dd,19,gpt_pass_1,1.0,3.0,1.0,2.0,2.0,2.0,1.0,mixed,rebut,challenge,escalation
q1__medical_marijuana__self_play__qwen2_5_3b__qwen2_5_3b__sup_opp__s0__b183f628dd,20,gpt_pass_1,1.0,2.0,0.0,3.0,3.0,1.0,1.0,mixed,assert,defend,rebuttal
q1__medical_marijuana__self_play__qwen2_5_3b__qwen2_5_3b__sup_opp__s0__b183f628dd,21,gpt_pass_1,1.0,3.0,1.0,3.0,2.0,3.0,2.0,negative,rebut,challenge,rebuttal
q1__medical_marijuana__self_play__qwen2_5_3b__qwen2_5_3b__sup_opp__s0__b183f628dd,22,gpt_pass_1,1.0,2.0,1.0,2.0,2.0,2.0,1.0,mixed,clarify,defend,clarification
q1__medical_marijuana__self_play__qwen2_5_3b__qwen2_5_3b__sup_opp__s0__b183f628dd,23,gpt_pass_1,1.0,4.0,1.0,3.0,3.0,4.0,0.0,negative,assert,defend,closure
q1__medical_marijuana__self_play__qwen2_5_3b__qwen2_5_3b__sup_opp__s0__b183f628dd,24,gpt_pass_1,1.0,3.0,0.0,2.0,2.0,1.0,0.0,mixed,assert,defend,rebuttal
q1__medical_marijuana__self_play__qwen2_5_3b__qwen2_5_3b__sup_opp__s0__b183f628dd,25,gpt_pass_1,1.0,3.0,0.0,3.0,2.0,1.0,1.0,negative,rebut,challenge,rebuttal
q1__medical_marijuana__self_play__qwen2_5_3b__qwen2_5_3b__sup_opp__s0__b183f628dd,26,gpt_pass_1,2.0,2.0,1.0,3.0,3.0,1.0,1.0,mixed,synthesize,resolve,synthesis
q1__medical_marijuana__self_play__qwen2_5_3b__qwen2_5_3b__sup_opp__s0__b183f628dd,27,gpt_pass_1,1.0,2.0,1.0,3.0,2.0,2.0,1.0,mixed,clarify,explore,clarification
q1__medical_marijuana__self_play__qwen2_5_3b__qwen2_5_3b__sup_opp__s0__b183f628dd,28,gpt_pass_1,1.0,2.0,1.0,2.0,2.0,1.0,1.0,mixed,synthesize,explore,synthesis
q1__medical_marijuana__self_play__qwen2_5_3b__qwen2_5_3b__sup_opp__s0__b183f628dd,29,gpt_pass_1,1.0,2.0,1.0,2.0,2.0,2.0,2.0,negative,rebut,defend,rebuttal
q1__medical_marijuana__self_play__qwen2_5_3b__qwen2_5_3b__sup_opp__s0__b183f628dd,30,gpt_pass_1,1.0,1.0,0.0,2.0,2.0,1.0,1.0,neutral,assert,defend,rebuttal
q1__medical_marijuana__self_play__qwen2_5_3b__qwen2_5_3b__sup_opp__s0__b183f628dd,31,gpt_pass_1,1.0,2.0,1.0,3.0,3.0,2.0,0.0,mixed,rebut,challenge,rebuttal
q1__school_uniforms__mixed_play__gemma2_9b__qwen2_5_3b__opp_sup__s0__e5de748bc3,0,gpt_pass_1,1.0,2.0,1.0,3.0,3.0,2.0,2.0,mixed,rebut,challenge,rebuttal
q1__school_uniforms__mixed_play__gemma2_9b__qwen2_5_3b__opp_sup__s0__e5de748bc3,1,gpt_pass_1,1.0,2.0,1.0,2.0,2.0,2.0,0.0,mixed,rebut,defend,rebuttal
q1__school_uniforms__mixed_play__gemma2_9b__qwen2_5_3b__opp_sup__s0__e5de748bc3,2,gpt_pass_1,1.0,3.0,1.0,2.0,3.0,1.0,0.0,mixed,assert,challenge,clarification
q1__school_uniforms__mixed_play__gemma2_9b__qwen2_5_3b__opp_sup__s0__e5de748bc3,3,gpt_pass_1,2.0,3.0,1.0,2.0,2.0,1.0,1.0,mixed,rebut,defend,rebuttal
q1__school_uniforms__mixed_play__gemma2_9b__qwen2_5_3b__opp_sup__s0__e5de748bc3,4,gpt_pass_1,1.0,2.0,2.0,3.0,3.0,2.0,1.0,mixed,rebut,challenge,rebuttal
q1__school_uniforms__mixed_play__gemma2_9b__qwen2_5_3b__opp_sup__s0__e5de748bc3,5,gpt_pass_1,1.0,2.0,1.0,3.0,2.0,1.0,1.0,mixed,assert,defend,agreement
q1__school_uniforms__mixed_play__gemma2_9b__qwen2_5_3b__opp_sup__s0__e5de748bc3,6,gpt_pass_1,1.0,2.0,1.0,2.0,3.0,2.0,2.0,mixed,rebut,defend,rebuttal
q1__school_uniforms__mixed_play__gemma2_9b__qwen2_5_3b__opp_sup__s0__e5de748bc3,7,gpt_pass_1,1.0,2.0,1.0,2.0,2.0,1.0,1.0,mixed,rebut,defend,clarification
q1__school_uniforms__mixed_play__gemma2_9b__qwen2_5_3b__opp_sup__s0__e5de748bc3,8,gpt_pass_1,1.0,3.0,1.0,3.0,2.0,2.0,1.0,mixed,rebut,defend,rebuttal
q1__school_uniforms__mixed_play__gemma2_9b__qwen2_5_3b__opp_sup__s0__e5de748bc3,9,gpt_pass_1,1.0,3.0,1.0,3.0,3.0,1.0,2.0,mixed,clarify,defend,agreement
q1__school_uniforms__mixed_play__gemma2_9b__qwen2_5_3b__opp_sup__s0__e5de748bc3,10,gpt_pass_1,2.0,2.0,2.0,2.0,3.0,2.0,1.0,mixed,assert,defend,escalation
q1__school_uniforms__mixed_play__gemma2_9b__qwen2_5_3b__opp_sup__s0__e5de748bc3,11,gpt_pass_1,1.0,1.0,2.0,1.0,2.0,1.0,1.0,mixed,clarify,synthesize,synthesis
q1__school_uniforms__mixed_play__gemma2_9b__qwen2_5_3b__opp_sup__s0__e5de748bc3,12,gpt_pass_1,2.0,2.0,2.0,2.0,2.0,2.0,2.0,mixed,rebut,defend,rebuttal
q1__school_uniforms__mixed_play__gemma2_9b__qwen2_5_3b__opp_sup__s0__e5de748bc3,13,gpt_pass_1,1.0,2.0,1.0,2.0,2.0,2.0,2.0,mixed,clarify,accommodate,agreement
q1__school_uniforms__mixed_play__gemma2_9b__qwen2_5_3b__opp_sup__s0__e5de748bc3,14,gpt_pass_1,1.0,3.0,1.0,2.0,2.0,2.0,1.0,mixed,rebut,defend,rebuttal
q1__school_uniforms__mixed_play__gemma2_9b__qwen2_5_3b__opp_sup__s0__e5de748bc3,15,gpt_pass_1,2.0,2.0,2.0,3.0,3.0,1.0,2.0,mixed,synthesize,resolve,synthesis
q1__school_uniforms__mixed_play__gemma2_9b__qwen2_5_3b__opp_sup__s0__e5de748bc3,16,gpt_pass_1,1.0,3.0,2.0,4.0,2.0,1.0,0.0,mixed,rebut,defend,uncertain
q1__school_uniforms__mixed_play__gemma2_9b__qwen2_5_3b__opp_sup__s0__e5de748bc3,17,gpt_pass_1,2.0,2.0,2.0,2.0,2.0,2.0,2.0,mixed,synthesize,resolve,synthesis
q1__school_uniforms__mixed_play__gemma2_9b__qwen2_5_3b__opp_sup__s0__e5de748bc3,18,gpt_pass_1,1.0,2.0,1.0,3.0,2.0,2.0,2.0,mixed,rebut,challenge,rebuttal
q1__school_uniforms__mixed_play__gemma2_9b__qwen2_5_3b__opp_sup__s0__e5de748bc3,19,gpt_pass_1,1.0,2.0,2.0,2.0,3.0,1.0,1.0,mixed,clarify,persuade,clarification
q1__school_uniforms__mixed_play__gemma2_9b__qwen2_5_3b__opp_sup__s0__e5de748bc3,20,gpt_pass_1,1.0,3.0,1.0,2.0,3.0,1.0,2.0,mixed,assert,defend,rebuttal
q1__school_uniforms__mixed_play__gemma2_9b__qwen2_5_3b__opp_sup__s0__e5de748bc3,21,gpt_pass_1,1.0,2.0,1.0,2.0,3.0,3.0,1.0,mixed,clarify,synthesize,clarification
q1__school_uniforms__mixed_play__gemma2_9b__qwen2_5_3b__opp_sup__s0__e5de748bc3,22,gpt_pass_1,1.0,2.0,1.0,3.0,3.0,2.0,1.0,mixed,rebut,defend,rebuttal
q1__school_uniforms__mixed_play__gemma2_9b__qwen2_5_3b__opp_sup__s0__e5de748bc3,23,gpt_pass_1,1.0,2.0,1.0,2.0,3.0,1.0,1.0,mixed,assert,defend,rebuttal
q1__school_uniforms__mixed_play__gemma2_9b__qwen2_5_3b__opp_sup__s0__e5de748bc3,24,gpt_pass_1,1.0,2.0,1.0,2.0,3.0,1.0,1.0,mixed,rebut,defend,rebuttal
q1__school_uniforms__mixed_play__gemma2_9b__qwen2_5_3b__opp_sup__s0__e5de748bc3,25,gpt_pass_1,2.0,2.0,1.0,3.0,3.0,2.0,2.0,mixed,synthesize,resolve,synthesis
q1__school_uniforms__mixed_play__gemma2_9b__qwen2_5_3b__opp_sup__s0__e5de748bc3,26,gpt_pass_1,1.0,2.0,1.0,2.0,2.0,2.0,1.0,mixed,rebut,defend,rebuttal
q1__school_uniforms__mixed_play__gemma2_9b__qwen2_5_3b__opp_sup__s0__e5de748bc3,27,gpt_pass_1,1.0,2.0,2.0,3.0,2.0,1.0,2.0,mixed,clarify,accommodate,clarification
q1__school_uniforms__mixed_play__gemma2_9b__qwen2_5_3b__opp_sup__s0__e5de748bc3,28,gpt_pass_1,1.0,2.0,2.0,2.0,3.0,2.0,2.0,mixed,rebut,defend,rebuttal
q1__school_uniforms__mixed_play__gemma2_9b__qwen2_5_3b__opp_sup__s0__e5de748bc3,29,gpt_pass_1,2.0,3.0,1.0,3.0,2.0,2.0,1.0,mixed,clarify,defend,agreement
q1__school_uniforms__mixed_play__gemma2_9b__qwen2_5_3b__opp_sup__s0__e5de748bc3,30,gpt_pass_1,2.0,2.0,1.0,3.0,3.0,1.0,2.0,mixed,assert,defend,rebuttal
q1__school_uniforms__mixed_play__gemma2_9b__qwen2_5_3b__opp_sup__s0__e5de748bc3,31,gpt_pass_1,1.0,1.0,1.0,2.0,2.0,1.0,1.0,mixed,synthesize,explore,clarification
q1__school_uniforms__mixed_play__gemma2_9b__qwen2_5_3b__sup_opp__s0__177930e0b1,0,gpt_pass_1,1.0,2.0,1.0,3.0,3.0,2.0,1.0,mixed,assert,defend,rebuttal
q1__school_uniforms__mixed_play__gemma2_9b__qwen2_5_3b__sup_opp__s0__177930e0b1,1,gpt_pass_1,2.0,2.0,1.0,2.0,3.0,2.0,1.0,mixed,synthesize,synthesize,synthesis
q1__school_uniforms__mixed_play__gemma2_9b__qwen2_5_3b__sup_opp__s0__177930e0b1,2,gpt_pass_1,1.0,2.0,1.0,3.0,3.0,1.0,1.0,mixed,rebut,defend,rebuttal
q1__school_uniforms__mixed_play__gemma2_9b__qwen2_5_3b__sup_opp__s0__177930e0b1,3,gpt_pass_1,2.0,2.0,1.0,2.0,3.0,1.0,1.0,mixed,rebut,challenge,rebuttal
q1__school_uniforms__mixed_play__gemma2_9b__qwen2_5_3b__sup_opp__s0__177930e0b1,4,gpt_pass_1,2.0,2.0,2.0,3.0,3.0,2.0,2.0,mixed,rebut,defend,rebuttal
q1__school_uniforms__mixed_play__gemma2_9b__qwen2_5_3b__sup_opp__s0__177930e0b1,5,gpt_pass_1,1.0,3.0,1.0,2.0,3.0,2.0,2.0,mixed,assert,challenge,rebuttal
q1__school_uniforms__mixed_play__gemma2_9b__qwen2_5_3b__sup_opp__s0__177930e0b1,6,gpt_pass_1,2.0,2.0,2.0,3.0,3.0,2.0,2.0,mixed,clarify,defend,clarification
q1__school_uniforms__mixed_play__gemma2_9b__qwen2_5_3b__sup_opp__s0__177930e0b1,7,gpt_pass_1,1.0,3.0,1.0,3.0,2.0,1.0,2.0,mixed,rebut,challenge,rebuttal
q1__school_uniforms__mixed_play__gemma2_9b__qwen2_5_3b__sup_opp__s0__177930e0b1,8,gpt_pass_1,2.0,3.0,1.0,3.0,3.0,1.0,0.0,mixed,assert,defend,rebuttal
q1__school_uniforms__mixed_play__gemma2_9b__qwen2_5_3b__sup_opp__s0__177930e0b1,9,gpt_pass_1,2.0,2.0,2.0,2.0,2.0,2.0,2.0,mixed,rebut,challenge,rebuttal
q1__school_uniforms__mixed_play__gemma2_9b__qwen2_5_3b__sup_opp__s0__177930e0b1,10,gpt_pass_1,1.0,2.0,1.0,2.0,2.0,1.0,1.0,mixed,assert,defend,agreement
q1__school_uniforms__mixed_play__gemma2_9b__qwen2_5_3b__sup_opp__s0__177930e0b1,11,gpt_pass_1,1.0,2.0,1.0,3.0,2.0,1.0,1.0,mixed,rebut,defend,rebuttal
q1__school_uniforms__mixed_play__gemma2_9b__qwen2_5_3b__sup_opp__s0__177930e0b1,12,gpt_pass_1,2.0,2.0,2.0,3.0,3.0,1.0,2.0,mixed,assert,defend,agreement
q1__school_uniforms__mixed_play__gemma2_9b__qwen2_5_3b__sup_opp__s0__177930e0b1,13,gpt_pass_1,2.0,3.0,2.0,3.0,3.0,1.0,2.0,mixed,rebut,challenge,rebuttal
q1__school_uniforms__mixed_play__gemma2_9b__qwen2_5_3b__sup_opp__s0__177930e0b1,14,gpt_pass_1,2.0,2.0,1.0,3.0,3.0,2.0,1.0,mixed,clarify,defend,clarification
q1__school_uniforms__mixed_play__gemma2_9b__qwen2_5_3b__sup_opp__s0__177930e0b1,15,gpt_pass_1,2.0,3.0,1.0,4.0,2.0,1.0,2.0,mixed,clarify,challenge,clarification
q1__school_uniforms__mixed_play__gemma2_9b__qwen2_5_3b__sup_opp__s0__177930e0b1,16,gpt_pass_1,1.0,2.0,1.0,2.0,2.0,1.0,1.0,mixed,assert,defend,agreement
q1__school_uniforms__mixed_play__gemma2_9b__qwen2_5_3b__sup_opp__s0__177930e0b1,17,gpt_pass_1,2.0,2.0,1.0,3.0,2.0,2.0,2.0,mixed,rebut,defend,rebuttal
q1__school_uniforms__mixed_play__gemma2_9b__qwen2_5_3b__sup_opp__s0__177930e0b1,18,gpt_pass_1,2.0,2.0,1.0,2.0,2.0,2.0,1.0,mixed,assert,defend,clarification
q1__school_uniforms__mixed_play__gemma2_9b__qwen2_5_3b__sup_opp__s0__177930e0b1,19,gpt_pass_1,1.0,3.0,1.0,3.0,2.0,1.0,0.0,mixed,rebut,challenge,rebuttal
q1__school_uniforms__mixed_play__gemma2_9b__qwen2_5_3b__sup_opp__s0__177930e0b1,20,gpt_pass_1,2.0,3.0,1.0,3.0,3.0,1.0,1.0,mixed,assert,defend,rebuttal
q1__school_uniforms__mixed_play__gemma2_9b__qwen2_5_3b__sup_opp__s0__177930e0b1,21,gpt_pass_1,1.0,3.0,1.0,3.0,2.0,2.0,1.0,mixed,rebut,challenge,rebuttal
q1__school_uniforms__mixed_play__gemma2_9b__qwen2_5_3b__sup_opp__s0__177930e0b1,22,gpt_pass_1,2.0,2.0,1.0,3.0,3.0,1.0,1.0,mixed,assert,defend,escalation
q1__school_uniforms__mixed_play__gemma2_9b__qwen2_5_3b__sup_opp__s0__177930e0b1,23,gpt_pass_1,1.0,3.0,1.0,2.0,3.0,1.0,2.0,mixed,rebut,defend,rebuttal
q1__school_uniforms__mixed_play__gemma2_9b__qwen2_5_3b__sup_opp__s0__177930e0b1,24,gpt_pass_1,2.0,1.0,1.0,3.0,2.0,1.0,1.0,mixed,assert,defend,agreement
q1__school_uniforms__mixed_play__gemma2_9b__qwen2_5_3b__sup_opp__s0__177930e0b1,25,gpt_pass_1,2.0,2.0,1.0,3.0,3.0,2.0,2.0,mixed,rebut,defend,rebuttal
q1__school_uniforms__mixed_play__gemma2_9b__qwen2_5_3b__sup_opp__s0__177930e0b1,26,gpt_pass_1,2.0,2.0,1.0,3.0,3.0,2.0,2.0,mixed,clarify,synthesize,clarification
q1__school_uniforms__mixed_play__gemma2_9b__qwen2_5_3b__sup_opp__s0__177930e0b1,27,gpt_pass_1,2.0,3.0,1.0,2.0,2.0,2.0,2.0,mixed,rebut,challenge,rebuttal
q1__school_uniforms__mixed_play__gemma2_9b__qwen2_5_3b__sup_opp__s0__177930e0b1,28,gpt_pass_1,2.0,3.0,1.0,3.0,3.0,1.0,1.0,mixed,assert,defend,rebuttal
q1__school_uniforms__mixed_play__gemma2_9b__qwen2_5_3b__sup_opp__s0__177930e0b1,29,gpt_pass_1,1.0,2.0,1.0,1.0,1.0,2.0,1.0,mixed,assert,defend,rebuttal
q1__school_uniforms__mixed_play__gemma2_9b__qwen2_5_3b__sup_opp__s0__177930e0b1,30,gpt_pass_1,2.0,1.0,1.0,2.0,2.0,1.0,1.0,mixed,synthesize,accommodate,agreement
q1__school_uniforms__mixed_play__gemma2_9b__qwen2_5_3b__sup_opp__s0__177930e0b1,31,gpt_pass_1,1.0,2.0,1.0,3.0,2.0,2.0,1.0,mixed,rebut,challenge,rebuttal
q1__school_uniforms__mixed_play__llama3_8b__qwen2_5_3b__opp_sup__s0__bcd0356a12,0,gpt_pass_1,2.0,3.0,1.0,3.0,2.0,1.0,1.0,mixed,clarify,challenge,agreement
q1__school_uniforms__mixed_play__llama3_8b__qwen2_5_3b__opp_sup__s0__bcd0356a12,1,gpt_pass_1,2.0,2.0,1.0,2.0,2.0,1.0,1.0,mixed,rebut,defend,uncertain
q1__school_uniforms__mixed_play__llama3_8b__qwen2_5_3b__opp_sup__s0__bcd0356a12,2,gpt_pass_1,1.0,2.0,1.0,3.0,2.0,2.0,2.0,mixed,rebut,challenge,rebuttal
q1__school_uniforms__mixed_play__llama3_8b__qwen2_5_3b__opp_sup__s0__bcd0356a12,3,gpt_pass_1,2.0,2.0,2.0,3.0,3.0,2.0,2.0,mixed,clarify,defend,agreement
q1__school_uniforms__mixed_play__llama3_8b__qwen2_5_3b__opp_sup__s0__bcd0356a12,4,gpt_pass_1,2.0,3.0,1.0,3.0,4.0,1.0,1.0,mixed,rebut,challenge,rebuttal
q1__school_uniforms__mixed_play__llama3_8b__qwen2_5_3b__opp_sup__s0__bcd0356a12,5,gpt_pass_1,1.0,2.0,1.0,2.0,2.0,1.0,1.0,mixed,rebut,defend,rebuttal
q1__school_uniforms__mixed_play__llama3_8b__qwen2_5_3b__opp_sup__s0__bcd0356a12,6,gpt_pass_1,2.0,3.0,1.0,3.0,3.0,2.0,2.0,mixed,rebut,challenge,rebuttal
q1__school_uniforms__mixed_play__llama3_8b__qwen2_5_3b__opp_sup__s0__bcd0356a12,7,gpt_pass_1,1.0,3.0,2.0,3.0,3.0,2.0,1.0,mixed,assert,defend,agreement
q1__school_uniforms__mixed_play__llama3_8b__qwen2_5_3b__opp_sup__s0__bcd0356a12,8,gpt_pass_1,1.0,3.0,1.0,3.0,2.0,1.0,2.0,mixed,rebut,challenge,rebuttal
q1__school_uniforms__mixed_play__llama3_8b__qwen2_5_3b__opp_sup__s0__bcd0356a12,9,gpt_pass_1,0.0,2.0,1.0,2.0,2.0,1.0,1.0,mixed,rebut,defend,clarification
q1__school_uniforms__mixed_play__llama3_8b__qwen2_5_3b__opp_sup__s0__bcd0356a12,10,gpt_pass_1,1.0,3.0,1.0,2.0,3.0,1.0,1.0,mixed,rebut,challenge,rebuttal
q1__school_uniforms__mixed_play__llama3_8b__qwen2_5_3b__opp_sup__s0__bcd0356a12,11,gpt_pass_1,2.0,2.0,1.0,2.0,2.0,2.0,2.0,mixed,synthesize,defend,accommodation
q1__school_uniforms__mixed_play__llama3_8b__qwen2_5_3b__opp_sup__s0__bcd0356a12,12,gpt_pass_1,1.0,3.0,0.0,4.0,3.0,3.0,1.0,mixed,rebut,defend,rebuttal
q1__school_uniforms__mixed_play__llama3_8b__qwen2_5_3b__opp_sup__s0__bcd0356a12,13,gpt_pass_1,2.0,2.0,1.0,3.0,2.0,2.0,1.0,mixed,assert,defend,agreement
q1__school_uniforms__mixed_play__llama3_8b__qwen2_5_3b__opp_sup__s0__bcd0356a12,14,gpt_pass_1,2.0,2.0,3.0,3.0,3.0,1.0,1.0,mixed,synthesize,explore,clarification
q1__school_uniforms__mixed_play__llama3_8b__qwen2_5_3b__opp_sup__s0__bcd0356a12,15,gpt_pass_1,2.0,3.0,1.0,2.0,2.0,1.0,1.0,mixed,synthesize,synthesize,synthesis
q1__school_uniforms__mixed_play__llama3_8b__qwen2_5_3b__opp_sup__s0__bcd0356a12,16,gpt_pass_1,1.0,3.0,2.0,4.0,3.0,0.0,2.0,mixed,rebut,challenge,rebuttal
q1__school_uniforms__mixed_play__llama3_8b__qwen2_5_3b__opp_sup__s0__bcd0356a12,17,gpt_pass_1,2.0,3.0,2.0,3.0,3.0,1.0,1.0,mixed,synthesize,resolve,accommodation
q1__school_uniforms__mixed_play__llama3_8b__qwen2_5_3b__opp_sup__s0__bcd0356a12,18,gpt_pass_1,1.0,3.0,1.0,3.0,2.0,1.0,1.0,mixed,rebut,challenge,rebuttal
q1__school_uniforms__mixed_play__llama3_8b__qwen2_5_3b__opp_sup__s0__bcd0356a12,19,gpt_pass_1,2.0,2.0,1.0,3.0,2.0,2.0,1.0,mixed,rebut,defend,rebuttal
q1__school_uniforms__mixed_play__llama3_8b__qwen2_5_3b__opp_sup__s0__bcd0356a12,20,gpt_pass_1,1.0,3.0,0.0,2.0,1.0,1.0,1.0,mixed,rebut,challenge,rebuttal
q1__school_uniforms__mixed_play__llama3_8b__qwen2_5_3b__opp_sup__s0__bcd0356a12,21,gpt_pass_1,2.0,2.0,1.0,3.0,2.0,2.0,2.0,mixed,synthesize,explore,synthesis
q1__school_uniforms__mixed_play__llama3_8b__qwen2_5_3b__opp_sup__s0__bcd0356a12,22,gpt_pass_1,0.0,4.0,1.0,3.0,3.0,0.0,0.0,mixed,rebut,defend,rebuttal
q1__school_uniforms__mixed_play__llama3_8b__qwen2_5_3b__opp_sup__s0__bcd0356a12,23,gpt_pass_1,2.0,1.0,2.0,2.0,2.0,2.0,2.0,mixed,assert,defend,rebuttal
q1__school_uniforms__mixed_play__llama3_8b__qwen2_5_3b__opp_sup__s0__bcd0356a12,24,gpt_pass_1,1.0,3.0,1.0,2.0,2.0,1.0,1.0,mixed,rebut,challenge,rebuttal
q1__school_uniforms__mixed_play__llama3_8b__qwen2_5_3b__opp_sup__s0__bcd0356a12,25,gpt_pass_1,2.0,2.0,2.0,3.0,3.0,2.0,2.0,mixed,clarify,defend,clarification
q1__school_uniforms__mixed_play__llama3_8b__qwen2_5_3b__opp_sup__s0__bcd0356a12,26,gpt_pass_1,1.0,4.0,2.0,3.0,3.0,0.0,1.0,mixed,rebut,challenge,rebuttal
q1__school_uniforms__mixed_play__llama3_8b__qwen2_5_3b__opp_sup__s0__bcd0356a12,27,gpt_pass_1,1.0,2.0,1.0,1.0,2.0,2.0,2.0,mixed,clarify,defend,clarification
q1__school_uniforms__mixed_play__llama3_8b__qwen2_5_3b__opp_sup__s0__bcd0356a12,28,gpt_pass_1,1.0,3.0,1.0,1.0,2.0,1.0,2.0,mixed,rebut,challenge,rebuttal
q1__school_uniforms__mixed_play__llama3_8b__qwen2_5_3b__opp_sup__s0__bcd0356a12,29,gpt_pass_1,1.0,1.0,2.0,3.0,2.0,1.0,2.0,mixed,clarify,defend,rebuttal
q1__school_uniforms__mixed_play__llama3_8b__qwen2_5_3b__opp_sup__s0__bcd0356a12,30,gpt_pass_1,1.0,3.0,1.0,3.0,3.0,1.0,1.0,mixed,rebut,challenge,rebuttal
q1__school_uniforms__mixed_play__llama3_8b__qwen2_5_3b__opp_sup__s0__bcd0356a12,31,gpt_pass_1,2.0,2.0,2.0,3.0,2.0,2.0,2.0,mixed,assert,defend,clarification
q1__school_uniforms__mixed_play__llama3_8b__qwen2_5_3b__sup_opp__s0__57eac05014,0,gpt_pass_1,1.0,3.0,0.0,3.0,2.0,1.0,1.0,mixed,assert,defend,rebuttal
q1__school_uniforms__mixed_play__llama3_8b__qwen2_5_3b__sup_opp__s0__57eac05014,1,gpt_pass_1,1.0,3.0,1.0,2.0,1.0,2.0,1.0,mixed,rebut,challenge,rebuttal
q1__school_uniforms__mixed_play__llama3_8b__qwen2_5_3b__sup_opp__s0__57eac05014,2,gpt_pass_1,1.0,3.0,1.0,3.0,2.0,1.0,2.0,mixed,assert,defend,escalation
q1__school_uniforms__mixed_play__llama3_8b__qwen2_5_3b__sup_opp__s0__57eac05014,3,gpt_pass_1,1.0,3.0,1.0,2.0,2.0,1.0,1.0,mixed,rebut,defend,rebuttal
q1__school_uniforms__mixed_play__llama3_8b__qwen2_5_3b__sup_opp__s0__57eac05014,4,gpt_pass_1,2.0,3.0,1.0,3.0,3.0,1.0,1.0,mixed,rebut,defend,rebuttal
q1__school_uniforms__mixed_play__llama3_8b__qwen2_5_3b__sup_opp__s0__57eac05014,5,gpt_pass_1,1.0,2.0,1.0,2.0,3.0,2.0,1.0,mixed,rebut,challenge,rebuttal
q1__school_uniforms__mixed_play__llama3_8b__qwen2_5_3b__sup_opp__s0__57eac05014,6,gpt_pass_1,2.0,2.0,2.0,2.0,3.0,1.0,1.0,mixed,clarify,defend,clarification
q1__school_uniforms__mixed_play__llama3_8b__qwen2_5_3b__sup_opp__s0__57eac05014,7,gpt_pass_1,1.0,3.0,1.0,3.0,2.0,2.0,1.0,mixed,rebut,defend,rebuttal
q1__school_uniforms__mixed_play__llama3_8b__qwen2_5_3b__sup_opp__s0__57eac05014,8,gpt_pass_1,2.0,2.0,3.0,3.0,3.0,1.0,2.0,mixed,synthesize,accommodate,agreement
q1__school_uniforms__mixed_play__llama3_8b__qwen2_5_3b__sup_opp__s0__57eac05014,9,gpt_pass_1,1.0,3.0,1.0,2.0,3.0,1.0,1.0,mixed,rebut,challenge,rebuttal
q1__school_uniforms__mixed_play__llama3_8b__qwen2_5_3b__sup_opp__s0__57eac05014,10,gpt_pass_1,2.0,2.0,1.0,3.0,2.0,1.0,1.0,mixed,clarify,defend,clarification
q1__school_uniforms__mixed_play__llama3_8b__qwen2_5_3b__sup_opp__s0__57eac05014,11,gpt_pass_1,1.0,3.0,1.0,3.0,2.0,1.0,2.0,mixed,rebut,challenge,rebuttal
q1__school_uniforms__mixed_play__llama3_8b__qwen2_5_3b__sup_opp__s0__57eac05014,12,gpt_pass_1,2.0,3.0,3.0,3.0,3.0,1.0,1.0,mixed,rebut,defend,rebuttal
q1__school_uniforms__mixed_play__llama3_8b__qwen2_5_3b__sup_opp__s0__57eac05014,13,gpt_pass_1,0.0,3.0,1.0,3.0,2.0,1.0,0.0,mixed,rebut,challenge,rebuttal
q1__school_uniforms__mixed_play__llama3_8b__qwen2_5_3b__sup_opp__s0__57eac05014,14,gpt_pass_1,3.0,2.0,2.0,2.0,3.0,1.0,2.0,mixed,clarify,defend,clarification
q1__school_uniforms__mixed_play__llama3_8b__qwen2_5_3b__sup_opp__s0__57eac05014,15,gpt_pass_1,2.0,3.0,1.0,3.0,2.0,2.0,2.0,mixed,assert,defend,rebuttal
q1__school_uniforms__mixed_play__llama3_8b__qwen2_5_3b__sup_opp__s0__57eac05014,16,gpt_pass_1,2.0,3.0,2.0,2.0,3.0,2.0,1.0,mixed,rebut,defend,rebuttal
q1__school_uniforms__mixed_play__llama3_8b__qwen2_5_3b__sup_opp__s0__57eac05014,17,gpt_pass_1,1.0,4.0,1.0,3.0,3.0,0.0,1.0,mixed,rebut,challenge,rebuttal
q1__school_uniforms__mixed_play__llama3_8b__qwen2_5_3b__sup_opp__s0__57eac05014,18,gpt_pass_1,2.0,2.0,1.0,3.0,2.0,2.0,1.0,mixed,assert,defend,clarification
q1__school_uniforms__mixed_play__llama3_8b__qwen2_5_3b__sup_opp__s0__57eac05014,19,gpt_pass_1,1.0,2.0,1.0,2.0,3.0,2.0,1.0,neutral,clarify,challenge,clarification
q1__school_uniforms__mixed_play__llama3_8b__qwen2_5_3b__sup_opp__s0__57eac05014,20,gpt_pass_1,2.0,2.0,2.0,2.0,2.0,2.0,2.0,mixed,assert,defend,agreement
q1__school_uniforms__mixed_play__llama3_8b__qwen2_5_3b__sup_opp__s0__57eac05014,21,gpt_pass_1,1.0,3.0,1.0,3.0,2.0,1.0,1.0,mixed,rebut,challenge,escalation
q1__school_uniforms__mixed_play__llama3_8b__qwen2_5_3b__sup_opp__s0__57eac05014,22,gpt_pass_1,2.0,2.0,2.0,3.0,3.0,1.0,1.0,mixed,clarify,defend,clarification
q1__school_uniforms__mixed_play__llama3_8b__qwen2_5_3b__sup_opp__s0__57eac05014,23,gpt_pass_1,1.0,3.0,2.0,2.0,2.0,1.0,1.0,mixed,clarify,challenge,uncertain
q1__school_uniforms__mixed_play__llama3_8b__qwen2_5_3b__sup_opp__s0__57eac05014,24,gpt_pass_1,2.0,2.0,1.0,3.0,2.0,1.0,2.0,mixed,rebut,challenge,rebuttal
q1__school_uniforms__mixed_play__llama3_8b__qwen2_5_3b__sup_opp__s0__57eac05014,25,gpt_pass_1,1.0,2.0,1.0,3.0,2.0,1.0,1.0,mixed,clarify,challenge,clarification
q1__school_uniforms__mixed_play__llama3_8b__qwen2_5_3b__sup_opp__s0__57eac05014,26,gpt_pass_1,3.0,2.0,1.0,3.0,3.0,1.0,1.0,mixed,assert,defend,agreement
q1__school_uniforms__mixed_play__llama3_8b__qwen2_5_3b__sup_opp__s0__57eac05014,27,gpt_pass_1,1.0,3.0,1.0,3.0,3.0,3.0,1.0,mixed,rebut,defend,rebuttal
q1__school_uniforms__mixed_play__llama3_8b__qwen2_5_3b__sup_opp__s0__57eac05014,28,gpt_pass_1,1.0,3.0,1.0,3.0,2.0,2.0,1.0,mixed,rebut,defend,rebuttal
q1__school_uniforms__mixed_play__llama3_8b__qwen2_5_3b__sup_opp__s0__57eac05014,29,gpt_pass_1,1.0,3.0,1.0,2.0,2.0,1.0,1.0,mixed,rebut,challenge,rebuttal
q1__school_uniforms__mixed_play__llama3_8b__qwen2_5_3b__sup_opp__s0__57eac05014,30,gpt_pass_1,2.0,3.0,1.0,3.0,2.0,1.0,1.0,mixed,assert,defend,rebuttal
q1__school_uniforms__mixed_play__llama3_8b__qwen2_5_3b__sup_opp__s0__57eac05014,31,gpt_pass_1,1.0,3.0,1.0,3.0,2.0,2.0,2.0,mixed,rebut,challenge,rebuttal
q1__school_uniforms__self_play__gemma2_9b__gemma2_9b__opp_sup__s0__ba312bf85e,0,gpt_pass_1,1.0,2.0,1.0,3.0,3.0,2.0,2.0,mixed,rebut,challenge,rebuttal
q1__school_uniforms__self_play__gemma2_9b__gemma2_9b__opp_sup__s0__ba312bf85e,1,gpt_pass_1,2.0,2.0,2.0,2.0,2.0,2.0,1.0,mixed,assert,defend,agreement
q1__school_uniforms__self_play__gemma2_9b__gemma2_9b__opp_sup__s0__ba312bf85e,2,gpt_pass_1,1.0,3.0,1.0,2.0,3.0,1.0,0.0,mixed,assert,challenge,clarification
q1__school_uniforms__self_play__gemma2_9b__gemma2_9b__opp_sup__s0__ba312bf85e,3,gpt_pass_1,2.0,3.0,2.0,2.0,3.0,1.0,1.0,mixed,rebut,defend,rebuttal
q1__school_uniforms__self_play__gemma2_9b__gemma2_9b__opp_sup__s0__ba312bf85e,4,gpt_pass_1,2.0,1.0,2.0,3.0,3.0,2.0,1.0,mixed,clarify,challenge,clarification
q1__school_uniforms__self_play__gemma2_9b__gemma2_9b__opp_sup__s0__ba312bf85e,5,gpt_pass_1,1.0,2.0,2.0,3.0,2.0,1.0,1.0,mixed,assert,defend,agreement
q1__school_uniforms__self_play__gemma2_9b__gemma2_9b__opp_sup__s0__ba312bf85e,6,gpt_pass_1,1.0,2.0,1.0,2.0,3.0,2.0,2.0,mixed,rebut,defend,rebuttal
q1__school_uniforms__self_play__gemma2_9b__gemma2_9b__opp_sup__s0__ba312bf85e,7,gpt_pass_1,1.0,2.0,1.0,2.0,2.0,1.0,1.0,mixed,rebut,defend,clarification
q1__school_uniforms__self_play__gemma2_9b__gemma2_9b__opp_sup__s0__ba312bf85e,8,gpt_pass_1,1.0,3.0,1.0,3.0,2.0,2.0,1.0,mixed,rebut,defend,rebuttal
q1__school_uniforms__self_play__gemma2_9b__gemma2_9b__opp_sup__s0__ba312bf85e,9,gpt_pass_1,1.0,3.0,2.0,3.0,3.0,1.0,2.0,mixed,assert,defend,agreement
q1__school_uniforms__self_play__gemma2_9b__gemma2_9b__opp_sup__s0__ba312bf85e,10,gpt_pass_1,2.0,2.0,2.0,2.0,3.0,2.0,1.0,mixed,assert,defend,escalation
q1__school_uniforms__self_play__gemma2_9b__gemma2_9b__opp_sup__s0__ba312bf85e,11,gpt_pass_1,1.0,2.0,2.0,2.0,2.0,1.0,1.0,mixed,assert,defend,clarification
q1__school_uniforms__self_play__gemma2_9b__gemma2_9b__opp_sup__s0__ba312bf85e,12,gpt_pass_1,1.0,2.0,2.0,2.0,2.0,2.0,2.0,mixed,rebut,defend,rebuttal
q1__school_uniforms__self_play__gemma2_9b__gemma2_9b__opp_sup__s0__ba312bf85e,13,gpt_pass_1,1.0,2.0,1.0,2.0,2.0,1.0,2.0,mixed,assert,defend,rebuttal
q1__school_uniforms__self_play__gemma2_9b__gemma2_9b__opp_sup__s0__ba312bf85e,14,gpt_pass_1,0.0,2.0,1.0,2.0,2.0,2.0,1.0,mixed,rebut,defend,rebuttal
q1__school_uniforms__self_play__gemma2_9b__gemma2_9b__opp_sup__s0__ba312bf85e,15,gpt_pass_1,1.0,2.0,2.0,3.0,3.0,1.0,2.0,mixed,clarify,defend,clarification
q1__school_uniforms__self_play__gemma2_9b__gemma2_9b__opp_sup__s0__ba312bf85e,16,gpt_pass_1,1.0,3.0,1.0,3.0,2.0,2.0,0.0,mixed,rebut,defend,rebuttal
q1__school_uniforms__self_play__gemma2_9b__gemma2_9b__opp_sup__s0__ba312bf85e,17,gpt_pass_1,2.0,2.0,2.0,2.0,2.0,2.0,2.0,mixed,synthesize,resolve,synthesis
q1__school_uniforms__self_play__gemma2_9b__gemma2_9b__opp_sup__s0__ba312bf85e,18,gpt_pass_1,1.0,2.0,1.0,3.0,2.0,2.0,2.0,mixed,rebut,challenge,rebuttal
q1__school_uniforms__self_play__gemma2_9b__gemma2_9b__opp_sup__s0__ba312bf85e,19,gpt_pass_1,1.0,2.0,2.0,2.0,4.0,1.0,1.0,mixed,assert,defend,clarification
q1__school_uniforms__self_play__gemma2_9b__gemma2_9b__opp_sup__s0__ba312bf85e,20,gpt_pass_1,1.0,3.0,1.0,2.0,3.0,1.0,2.0,mixed,assert,defend,rebuttal
q1__school_uniforms__self_play__gemma2_9b__gemma2_9b__opp_sup__s0__ba312bf85e,21,gpt_pass_1,1.0,2.0,1.0,2.0,3.0,3.0,1.0,mixed,assert,defend,rebuttal
q1__school_uniforms__self_play__gemma2_9b__gemma2_9b__opp_sup__s0__ba312bf85e,22,gpt_pass_1,1.0,2.0,1.0,3.0,3.0,2.0,1.0,mixed,rebut,defend,rebuttal
q1__school_uniforms__self_play__gemma2_9b__gemma2_9b__opp_sup__s0__ba312bf85e,23,gpt_pass_1,1.0,2.0,1.0,2.0,3.0,1.0,1.0,mixed,assert,defend,rebuttal
q1__school_uniforms__self_play__gemma2_9b__gemma2_9b__opp_sup__s0__ba312bf85e,24,gpt_pass_1,1.0,2.0,1.0,2.0,3.0,1.0,1.0,mixed,rebut,defend,rebuttal
q1__school_uniforms__self_play__gemma2_9b__gemma2_9b__opp_sup__s0__ba312bf85e,25,gpt_pass_1,2.0,2.0,1.0,3.0,3.0,2.0,2.0,mixed,synthesize,resolve,synthesis
q1__school_uniforms__self_play__gemma2_9b__gemma2_9b__opp_sup__s0__ba312bf85e,26,gpt_pass_1,1.0,2.0,1.0,2.0,2.0,2.0,1.0,mixed,rebut,defend,rebuttal
q1__school_uniforms__self_play__gemma2_9b__gemma2_9b__opp_sup__s0__ba312bf85e,27,gpt_pass_1,1.0,2.0,1.0,3.0,2.0,1.0,2.0,mixed,clarify,defend,agreement
q1__school_uniforms__self_play__gemma2_9b__gemma2_9b__opp_sup__s0__ba312bf85e,28,gpt_pass_1,1.0,2.0,2.0,2.0,3.0,2.0,2.0,mixed,rebut,defend,rebuttal
q1__school_uniforms__self_play__gemma2_9b__gemma2_9b__opp_sup__s0__ba312bf85e,29,gpt_pass_1,2.0,3.0,1.0,3.0,2.0,2.0,1.0,mixed,clarify,defend,agreement
q1__school_uniforms__self_play__gemma2_9b__gemma2_9b__opp_sup__s0__ba312bf85e,30,gpt_pass_1,2.0,2.0,1.0,3.0,3.0,1.0,2.0,mixed,assert,defend,rebuttal
q1__school_uniforms__self_play__gemma2_9b__gemma2_9b__opp_sup__s0__ba312bf85e,31,gpt_pass_1,1.0,1.0,1.0,2.0,2.0,1.0,1.0,mixed,synthesize,explore,clarification
q1__school_uniforms__self_play__gemma2_9b__gemma2_9b__sup_opp__s0__f22df68aaa,0,gpt_pass_1,1.0,2.0,1.0,3.0,3.0,2.0,1.0,mixed,assert,defend,rebuttal
q1__school_uniforms__self_play__gemma2_9b__gemma2_9b__sup_opp__s0__f22df68aaa,1,gpt_pass_1,1.0,3.0,1.0,2.0,3.0,2.0,1.0,mixed,rebut,challenge,rebuttal
q1__school_uniforms__self_play__gemma2_9b__gemma2_9b__sup_opp__s0__f22df68aaa,2,gpt_pass_1,2.0,1.0,2.0,3.0,3.0,1.0,2.0,mixed,synthesize,accommodate,accommodation
q1__school_uniforms__self_play__gemma2_9b__gemma2_9b__sup_opp__s0__f22df68aaa,3,gpt_pass_1,2.0,2.0,1.0,2.0,3.0,1.0,1.0,mixed,rebut,defend,rebuttal
q1__school_uniforms__self_play__gemma2_9b__gemma2_9b__sup_opp__s0__f22df68aaa,4,gpt_pass_1,1.0,2.0,2.0,3.0,3.0,2.0,1.0,mixed,rebut,defend,rebuttal
q1__school_uniforms__self_play__gemma2_9b__gemma2_9b__sup_opp__s0__f22df68aaa,5,gpt_pass_1,1.0,3.0,1.0,2.0,3.0,2.0,2.0,mixed,assert,challenge,rebuttal
q1__school_uniforms__self_play__gemma2_9b__gemma2_9b__sup_opp__s0__f22df68aaa,6,gpt_pass_1,2.0,2.0,2.0,3.0,3.0,2.0,2.0,mixed,assert,defend,agreement
q1__school_uniforms__self_play__gemma2_9b__gemma2_9b__sup_opp__s0__f22df68aaa,7,gpt_pass_1,1.0,3.0,1.0,3.0,2.0,1.0,2.0,mixed,rebut,challenge,rebuttal
q1__school_uniforms__self_play__gemma2_9b__gemma2_9b__sup_opp__s0__f22df68aaa,8,gpt_pass_1,2.0,2.0,1.0,2.0,2.0,1.0,1.0,mixed,clarify,explore,clarification
q1__school_uniforms__self_play__gemma2_9b__gemma2_9b__sup_opp__s0__f22df68aaa,9,gpt_pass_1,2.0,2.0,2.0,2.0,2.0,2.0,2.0,neutral,clarify,defend,clarification
q1__school_uniforms__self_play__gemma2_9b__gemma2_9b__sup_opp__s0__f22df68aaa,10,gpt_pass_1,1.0,2.0,1.0,2.0,2.0,1.0,1.0,mixed,assert,defend,agreement
q1__school_uniforms__self_play__gemma2_9b__gemma2_9b__sup_opp__s0__f22df68aaa,11,gpt_pass_1,1.0,2.0,1.0,3.0,2.0,1.0,1.0,mixed,rebut,defend,rebuttal
q1__school_uniforms__self_play__gemma2_9b__gemma2_9b__sup_opp__s0__f22df68aaa,12,gpt_pass_1,2.0,2.0,2.0,3.0,3.0,1.0,2.0,mixed,assert,defend,agreement
q1__school_uniforms__self_play__gemma2_9b__gemma2_9b__sup_opp__s0__f22df68aaa,13,gpt_pass_1,1.0,3.0,1.0,2.0,3.0,0.0,1.0,mixed,rebut,defend,rebuttal
q1__school_uniforms__self_play__gemma2_9b__gemma2_9b__sup_opp__s0__f22df68aaa,14,gpt_pass_1,2.0,2.0,1.0,3.0,3.0,2.0,1.0,mixed,rebut,defend,rebuttal
q1__school_uniforms__self_play__gemma2_9b__gemma2_9b__sup_opp__s0__f22df68aaa,15,gpt_pass_1,1.0,4.0,2.0,3.0,2.0,0.0,1.0,mixed,rebut,defend,escalation
q1__school_uniforms__self_play__gemma2_9b__gemma2_9b__sup_opp__s0__f22df68aaa,16,gpt_pass_1,1.0,2.0,1.0,2.0,2.0,1.0,1.0,mixed,assert,defend,agreement
q1__school_uniforms__self_play__gemma2_9b__gemma2_9b__sup_opp__s0__f22df68aaa,17,gpt_pass_1,3.0,2.0,1.0,3.0,2.0,2.0,2.0,mixed,rebut,defend,rebuttal
q1__school_uniforms__self_play__gemma2_9b__gemma2_9b__sup_opp__s0__f22df68aaa,18,gpt_pass_1,2.0,2.0,1.0,2.0,2.0,2.0,1.0,mixed,assert,defend,clarification
q1__school_uniforms__self_play__gemma2_9b__gemma2_9b__sup_opp__s0__f22df68aaa,19,gpt_pass_1,1.0,3.0,1.0,3.0,2.0,1.0,1.0,mixed,rebut,defend,rebuttal
q1__school_uniforms__self_play__gemma2_9b__gemma2_9b__sup_opp__s0__f22df68aaa,20,gpt_pass_1,1.0,3.0,1.0,3.0,3.0,1.0,1.0,mixed,assert,defend,rebuttal
q1__school_uniforms__self_play__gemma2_9b__gemma2_9b__sup_opp__s0__f22df68aaa,21,gpt_pass_1,1.0,3.0,1.0,3.0,2.0,2.0,1.0,mixed,rebut,challenge,rebuttal
q1__school_uniforms__self_play__gemma2_9b__gemma2_9b__sup_opp__s0__f22df68aaa,22,gpt_pass_1,2.0,2.0,1.0,3.0,3.0,1.0,1.0,mixed,assert,defend,escalation
q1__school_uniforms__self_play__gemma2_9b__gemma2_9b__sup_opp__s0__f22df68aaa,23,gpt_pass_1,1.0,3.0,1.0,2.0,3.0,1.0,2.0,mixed,rebut,defend,rebuttal
q1__school_uniforms__self_play__gemma2_9b__gemma2_9b__sup_opp__s0__f22df68aaa,24,gpt_pass_1,2.0,1.0,1.0,3.0,2.0,1.0,1.0,mixed,assert,defend,agreement
q1__school_uniforms__self_play__gemma2_9b__gemma2_9b__sup_opp__s0__f22df68aaa,25,gpt_pass_1,1.0,3.0,1.0,3.0,2.0,3.0,2.0,mixed,rebut,defend,rebuttal
q1__school_uniforms__self_play__gemma2_9b__gemma2_9b__sup_opp__s0__f22df68aaa,26,gpt_pass_1,2.0,2.0,1.0,3.0,3.0,2.0,2.0,mixed,assert,defend,agreement
q1__school_uniforms__self_play__gemma2_9b__gemma2_9b__sup_opp__s0__f22df68aaa,27,gpt_pass_1,2.0,3.0,1.0,2.0,2.0,2.0,2.0,mixed,rebut,challenge,rebuttal
q1__school_uniforms__self_play__gemma2_9b__gemma2_9b__sup_opp__s0__f22df68aaa,28,gpt_pass_1,2.0,3.0,1.0,3.0,3.0,1.0,2.0,mixed,assert,defend,rebuttal
q1__school_uniforms__self_play__gemma2_9b__gemma2_9b__sup_opp__s0__f22df68aaa,29,gpt_pass_1,1.0,2.0,1.0,1.0,2.0,3.0,1.0,mixed,clarify,challenge,clarification
q1__school_uniforms__self_play__gemma2_9b__gemma2_9b__sup_opp__s0__f22df68aaa,30,gpt_pass_1,2.0,1.0,1.0,2.0,2.0,1.0,1.0,mixed,synthesize,accommodate,agreement
q1__school_uniforms__self_play__gemma2_9b__gemma2_9b__sup_opp__s0__f22df68aaa,31,gpt_pass_1,0.0,3.0,0.0,2.0,2.0,0.0,1.0,negative,assert,challenge,escalation
q1__school_uniforms__self_play__llama3_8b__llama3_8b__opp_sup__s0__aa585a357d,0,gpt_pass_1,2.0,3.0,1.0,3.0,2.0,1.0,1.0,mixed,clarify,challenge,agreement
q1__school_uniforms__self_play__llama3_8b__llama3_8b__opp_sup__s0__aa585a357d,1,gpt_pass_1,1.0,2.0,1.0,2.0,2.0,1.0,1.0,mixed,rebut,defend,uncertain
q1__school_uniforms__self_play__llama3_8b__llama3_8b__opp_sup__s0__aa585a357d,2,gpt_pass_1,1.0,2.0,1.0,3.0,2.0,2.0,2.0,mixed,rebut,challenge,rebuttal
q1__school_uniforms__self_play__llama3_8b__llama3_8b__opp_sup__s0__aa585a357d,3,gpt_pass_1,2.0,2.0,2.0,3.0,3.0,3.0,3.0,mixed,assert,defend,clarification
q1__school_uniforms__self_play__llama3_8b__llama3_8b__opp_sup__s0__aa585a357d,4,gpt_pass_1,2.0,3.0,2.0,3.0,4.0,1.0,1.0,mixed,rebut,challenge,rebuttal
q1__school_uniforms__self_play__llama3_8b__llama3_8b__opp_sup__s0__aa585a357d,5,gpt_pass_1,1.0,2.0,2.0,2.0,2.0,1.0,1.0,mixed,rebut,defend,rebuttal
q1__school_uniforms__self_play__llama3_8b__llama3_8b__opp_sup__s0__aa585a357d,6,gpt_pass_1,2.0,3.0,1.0,3.0,3.0,2.0,2.0,mixed,rebut,challenge,rebuttal
q1__school_uniforms__self_play__llama3_8b__llama3_8b__opp_sup__s0__aa585a357d,7,gpt_pass_1,1.0,2.0,2.0,2.0,3.0,2.0,2.0,mixed,assert,defend,agreement
q1__school_uniforms__self_play__llama3_8b__llama3_8b__opp_sup__s0__aa585a357d,8,gpt_pass_1,1.0,3.0,1.0,3.0,2.0,1.0,2.0,mixed,rebut,challenge,rebuttal
q1__school_uniforms__self_play__llama3_8b__llama3_8b__opp_sup__s0__aa585a357d,9,gpt_pass_1,1.0,2.0,2.0,1.0,2.0,2.0,2.0,mixed,synthesize,accommodate,agreement
q1__school_uniforms__self_play__llama3_8b__llama3_8b__opp_sup__s0__aa585a357d,10,gpt_pass_1,1.0,3.0,1.0,2.0,3.0,1.0,1.0,mixed,rebut,challenge,rebuttal
q1__school_uniforms__self_play__llama3_8b__llama3_8b__opp_sup__s0__aa585a357d,11,gpt_pass_1,2.0,2.0,2.0,2.0,2.0,2.0,1.0,mixed,rebut,defend,rebuttal
q1__school_uniforms__self_play__llama3_8b__llama3_8b__opp_sup__s0__aa585a357d,12,gpt_pass_1,1.0,3.0,0.0,4.0,3.0,3.0,1.0,mixed,rebut,defend,rebuttal
q1__school_uniforms__self_play__llama3_8b__llama3_8b__opp_sup__s0__aa585a357d,13,gpt_pass_1,2.0,2.0,1.0,2.0,2.0,2.0,2.0,mixed,synthesize,accommodate,clarification
q1__school_uniforms__self_play__llama3_8b__llama3_8b__opp_sup__s0__aa585a357d,14,gpt_pass_1,1.0,4.0,1.0,4.0,3.0,0.0,2.0,mixed,rebut,challenge,rebuttal
q1__school_uniforms__self_play__llama3_8b__llama3_8b__opp_sup__s0__aa585a357d,15,gpt_pass_1,2.0,3.0,1.0,2.0,2.0,1.0,1.0,mixed,synthesize,synthesize,synthesis
q1__school_uniforms__self_play__llama3_8b__llama3_8b__opp_sup__s0__aa585a357d,16,gpt_pass_1,1.0,3.0,2.0,4.0,3.0,0.0,2.0,mixed,rebut,challenge,rebuttal
q1__school_uniforms__self_play__llama3_8b__llama3_8b__opp_sup__s0__aa585a357d,17,gpt_pass_1,1.0,3.0,2.0,3.0,3.0,1.0,1.0,mixed,rebut,defend,rebuttal
q1__school_uniforms__self_play__llama3_8b__llama3_8b__opp_sup__s0__aa585a357d,18,gpt_pass_1,1.0,3.0,1.0,3.0,2.0,1.0,1.0,mixed,rebut,challenge,rebuttal
q1__school_uniforms__self_play__llama3_8b__llama3_8b__opp_sup__s0__aa585a357d,19,gpt_pass_1,2.0,2.0,1.0,3.0,3.0,2.0,1.0,mixed,clarify,explore,clarification
q1__school_uniforms__self_play__llama3_8b__llama3_8b__opp_sup__s0__aa585a357d,20,gpt_pass_1,1.0,3.0,0.0,3.0,1.0,1.0,1.0,mixed,rebut,challenge,rebuttal
q1__school_uniforms__self_play__llama3_8b__llama3_8b__opp_sup__s0__aa585a357d,21,gpt_pass_1,1.0,2.0,1.0,3.0,2.0,2.0,2.0,mixed,clarify,synthesize,synthesis
q1__school_uniforms__self_play__llama3_8b__llama3_8b__opp_sup__s0__aa585a357d,22,gpt_pass_1,0.0,4.0,1.0,3.0,3.0,0.0,0.0,mixed,rebut,defend,rebuttal
q1__school_uniforms__self_play__llama3_8b__llama3_8b__opp_sup__s0__aa585a357d,23,gpt_pass_1,1.0,2.0,2.0,3.0,3.0,1.0,1.0,mixed,assert,defend,rebuttal
q1__school_uniforms__self_play__llama3_8b__llama3_8b__opp_sup__s0__aa585a357d,24,gpt_pass_1,1.0,3.0,1.0,2.0,2.0,1.0,1.0,mixed,rebut,challenge,rebuttal
q1__school_uniforms__self_play__llama3_8b__llama3_8b__opp_sup__s0__aa585a357d,25,gpt_pass_1,2.0,1.0,2.0,3.0,3.0,2.0,2.0,mixed,assert,defend,agreement
q1__school_uniforms__self_play__llama3_8b__llama3_8b__opp_sup__s0__aa585a357d,26,gpt_pass_1,1.0,4.0,2.0,3.0,3.0,0.0,1.0,mixed,rebut,challenge,rebuttal
q1__school_uniforms__self_play__llama3_8b__llama3_8b__opp_sup__s0__aa585a357d,27,gpt_pass_1,1.0,2.0,1.0,2.0,2.0,2.0,2.0,mixed,clarify,defend,clarification
q1__school_uniforms__self_play__llama3_8b__llama3_8b__opp_sup__s0__aa585a357d,28,gpt_pass_1,1.0,3.0,1.0,2.0,2.0,1.0,2.0,mixed,rebut,challenge,rebuttal
q1__school_uniforms__self_play__llama3_8b__llama3_8b__opp_sup__s0__aa585a357d,29,gpt_pass_1,1.0,2.0,2.0,2.0,2.0,1.0,2.0,mixed,clarify,explore,synthesis
q1__school_uniforms__self_play__llama3_8b__llama3_8b__opp_sup__s0__aa585a357d,30,gpt_pass_1,1.0,3.0,1.0,3.0,3.0,1.0,1.0,mixed,rebut,challenge,rebuttal
q1__school_uniforms__self_play__llama3_8b__llama3_8b__opp_sup__s0__aa585a357d,31,gpt_pass_1,3.0,2.0,1.0,2.0,2.0,2.0,1.0,mixed,assert,defend,clarification
q1__school_uniforms__self_play__llama3_8b__llama3_8b__sup_opp__s0__2df45ea76d,0,gpt_pass_1,1.0,3.0,0.0,3.0,2.0,1.0,1.0,mixed,assert,defend,rebuttal
q1__school_uniforms__self_play__llama3_8b__llama3_8b__sup_opp__s0__2df45ea76d,1,gpt_pass_1,1.0,3.0,1.0,3.0,2.0,2.0,1.0,mixed,rebut,challenge,rebuttal
q1__school_uniforms__self_play__llama3_8b__llama3_8b__sup_opp__s0__2df45ea76d,2,gpt_pass_1,2.0,2.0,1.0,2.0,2.0,2.0,3.0,neutral,clarify,clarify,clarification
q1__school_uniforms__self_play__llama3_8b__llama3_8b__sup_opp__s0__2df45ea76d,3,gpt_pass_1,1.0,3.0,2.0,2.0,2.0,2.0,1.0,mixed,rebut,defend,rebuttal
q1__school_uniforms__self_play__llama3_8b__llama3_8b__sup_opp__s0__2df45ea76d,4,gpt_pass_1,2.0,3.0,1.0,3.0,3.0,1.0,1.0,mixed,rebut,defend,rebuttal
q1__school_uniforms__self_play__llama3_8b__llama3_8b__sup_opp__s0__2df45ea76d,5,gpt_pass_1,0.0,4.0,1.0,2.0,2.0,1.0,1.0,mixed,rebut,challenge,rebuttal
q1__school_uniforms__self_play__llama3_8b__llama3_8b__sup_opp__s0__2df45ea76d,6,gpt_pass_1,2.0,1.0,2.0,2.0,3.0,1.0,2.0,mixed,clarify,defend,clarification
q1__school_uniforms__self_play__llama3_8b__llama3_8b__sup_opp__s0__2df45ea76d,7,gpt_pass_1,1.0,3.0,1.0,3.0,2.0,2.0,1.0,mixed,rebut,defend,rebuttal
q1__school_uniforms__self_play__llama3_8b__llama3_8b__sup_opp__s0__2df45ea76d,8,gpt_pass_1,3.0,1.0,3.0,3.0,3.0,1.0,3.0,mixed,rebut,defend,rebuttal
q1__school_uniforms__self_play__llama3_8b__llama3_8b__sup_opp__s0__2df45ea76d,9,gpt_pass_1,1.0,3.0,1.0,2.0,3.0,1.0,1.0,mixed,rebut,challenge,rebuttal
q1__school_uniforms__self_play__llama3_8b__llama3_8b__sup_opp__s0__2df45ea76d,10,gpt_pass_1,2.0,2.0,1.0,2.0,2.0,1.0,1.0,mixed,clarify,defend,clarification
q1__school_uniforms__self_play__llama3_8b__llama3_8b__sup_opp__s0__2df45ea76d,11,gpt_pass_1,1.0,3.0,2.0,2.0,2.0,0.0,1.0,mixed,rebut,challenge,rebuttal
q1__school_uniforms__self_play__llama3_8b__llama3_8b__sup_opp__s0__2df45ea76d,12,gpt_pass_1,2.0,3.0,2.0,3.0,3.0,1.0,1.0,mixed,rebut,defend,rebuttal
q1__school_uniforms__self_play__llama3_8b__llama3_8b__sup_opp__s0__2df45ea76d,13,gpt_pass_1,1.0,2.0,1.0,3.0,2.0,2.0,2.0,mixed,rebut,challenge,rebuttal
q1__school_uniforms__self_play__llama3_8b__llama3_8b__sup_opp__s0__2df45ea76d,14,gpt_pass_1,3.0,2.0,2.0,2.0,3.0,1.0,2.0,mixed,assert,defend,clarification
q1__school_uniforms__self_play__llama3_8b__llama3_8b__sup_opp__s0__2df45ea76d,15,gpt_pass_1,2.0,3.0,1.0,3.0,2.0,2.0,2.0,mixed,assert,defend,rebuttal
q1__school_uniforms__self_play__llama3_8b__llama3_8b__sup_opp__s0__2df45ea76d,16,gpt_pass_1,2.0,3.0,1.0,2.0,3.0,2.0,1.0,mixed,assert,defend,agreement
q1__school_uniforms__self_play__llama3_8b__llama3_8b__sup_opp__s0__2df45ea76d,17,gpt_pass_1,1.0,4.0,1.0,3.0,3.0,0.0,1.0,mixed,rebut,challenge,rebuttal
q1__school_uniforms__self_play__llama3_8b__llama3_8b__sup_opp__s0__2df45ea76d,18,gpt_pass_1,2.0,2.0,2.0,3.0,3.0,2.0,2.0,mixed,assert,defend,clarification
q1__school_uniforms__self_play__llama3_8b__llama3_8b__sup_opp__s0__2df45ea76d,19,gpt_pass_1,1.0,3.0,0.0,2.0,2.0,3.0,1.0,mixed,assert,challenge,rebuttal
q1__school_uniforms__self_play__llama3_8b__llama3_8b__sup_opp__s0__2df45ea76d,20,gpt_pass_1,3.0,1.0,3.0,2.0,2.0,2.0,2.0,mixed,assert,defend,agreement
q1__school_uniforms__self_play__llama3_8b__llama3_8b__sup_opp__s0__2df45ea76d,21,gpt_pass_1,1.0,3.0,1.0,3.0,2.0,1.0,1.0,mixed,rebut,challenge,escalation
q1__school_uniforms__self_play__llama3_8b__llama3_8b__sup_opp__s0__2df45ea76d,22,gpt_pass_1,2.0,2.0,2.0,3.0,3.0,1.0,2.0,mixed,rebut,defend,rebuttal
q1__school_uniforms__self_play__llama3_8b__llama3_8b__sup_opp__s0__2df45ea76d,23,gpt_pass_1,1.0,3.0,1.0,2.0,2.0,1.0,1.0,mixed,clarify,challenge,uncertain
q1__school_uniforms__self_play__llama3_8b__llama3_8b__sup_opp__s0__2df45ea76d,24,gpt_pass_1,2.0,2.0,1.0,3.0,2.0,1.0,2.0,mixed,clarify,defend,clarification
q1__school_uniforms__self_play__llama3_8b__llama3_8b__sup_opp__s0__2df45ea76d,25,gpt_pass_1,1.0,2.0,1.0,3.0,2.0,1.0,1.0,mixed,rebut,challenge,rebuttal
q1__school_uniforms__self_play__llama3_8b__llama3_8b__sup_opp__s0__2df45ea76d,26,gpt_pass_1,2.0,3.0,1.0,2.0,3.0,1.0,1.0,mixed,assert,defend,agreement
q1__school_uniforms__self_play__llama3_8b__llama3_8b__sup_opp__s0__2df45ea76d,27,gpt_pass_1,1.0,3.0,1.0,3.0,3.0,3.0,1.0,mixed,rebut,defend,rebuttal
q1__school_uniforms__self_play__llama3_8b__llama3_8b__sup_opp__s0__2df45ea76d,28,gpt_pass_1,1.0,3.0,1.0,3.0,2.0,2.0,1.0,mixed,rebut,defend,rebuttal
q1__school_uniforms__self_play__llama3_8b__llama3_8b__sup_opp__s0__2df45ea76d,29,gpt_pass_1,0.0,4.0,0.0,3.0,3.0,0.0,1.0,mixed,assert,defend,escalation
q1__school_uniforms__self_play__llama3_8b__llama3_8b__sup_opp__s0__2df45ea76d,30,gpt_pass_1,2.0,3.0,1.0,2.0,2.0,1.0,3.0,mixed,clarify,defend,clarification
q1__school_uniforms__self_play__llama3_8b__llama3_8b__sup_opp__s0__2df45ea76d,31,gpt_pass_1,1.0,3.0,1.0,3.0,1.0,2.0,2.0,negative,rebut,challenge,rebuttal
q1__school_uniforms__self_play__qwen2_5_3b__qwen2_5_3b__opp_sup__s0__347662a25e,0,gpt_pass_1,1.0,3.0,1.0,3.0,3.0,1.0,2.0,mixed,rebut,challenge,rebuttal
q1__school_uniforms__self_play__qwen2_5_3b__qwen2_5_3b__opp_sup__s0__347662a25e,1,gpt_pass_1,2.0,3.0,1.0,3.0,3.0,2.0,1.0,positive,assert,persuade,agreement
q1__school_uniforms__self_play__qwen2_5_3b__qwen2_5_3b__opp_sup__s0__347662a25e,2,gpt_pass_1,1.0,2.0,1.0,2.0,3.0,1.0,1.0,neutral,rebut,challenge,rebuttal
q1__school_uniforms__self_play__qwen2_5_3b__qwen2_5_3b__opp_sup__s0__347662a25e,3,gpt_pass_1,2.0,2.0,2.0,2.0,3.0,2.0,1.0,neutral,assert,defend,rebuttal
q1__school_uniforms__self_play__qwen2_5_3b__qwen2_5_3b__opp_sup__s0__347662a25e,4,gpt_pass_1,1.0,2.0,1.0,3.0,2.0,1.0,1.0,mixed,rebut,challenge,escalation
q1__school_uniforms__self_play__qwen2_5_3b__qwen2_5_3b__opp_sup__s0__347662a25e,5,gpt_pass_1,1.0,2.0,1.0,2.0,3.0,2.0,1.0,mixed,assert,defend,agreement
q1__school_uniforms__self_play__qwen2_5_3b__qwen2_5_3b__opp_sup__s0__347662a25e,6,gpt_pass_1,1.0,2.0,1.0,2.0,2.0,2.0,1.0,mixed,rebut,challenge,clarification
q1__school_uniforms__self_play__qwen2_5_3b__qwen2_5_3b__opp_sup__s0__347662a25e,7,gpt_pass_1,1.0,2.0,1.0,2.0,2.0,1.0,1.0,neutral,assert,persuade,agreement
q1__school_uniforms__self_play__qwen2_5_3b__qwen2_5_3b__opp_sup__s0__347662a25e,8,gpt_pass_1,1.0,2.0,1.0,2.0,3.0,1.0,2.0,negative,rebut,defend,rebuttal
q1__school_uniforms__self_play__qwen2_5_3b__qwen2_5_3b__opp_sup__s0__347662a25e,9,gpt_pass_1,1.0,2.0,1.0,2.0,2.0,2.0,1.0,positive,assert,persuade,agreement
q1__school_uniforms__self_play__qwen2_5_3b__qwen2_5_3b__opp_sup__s0__347662a25e,10,gpt_pass_1,1.0,2.0,0.0,2.0,2.0,1.0,2.0,neutral,rebut,challenge,rebuttal
q1__school_uniforms__self_play__qwen2_5_3b__qwen2_5_3b__opp_sup__s0__347662a25e,11,gpt_pass_1,2.0,3.0,2.0,2.0,2.0,1.0,2.0,mixed,synthesize,defend,synthesis
q1__school_uniforms__self_play__qwen2_5_3b__qwen2_5_3b__opp_sup__s0__347662a25e,12,gpt_pass_1,1.0,2.0,1.0,3.0,3.0,2.0,2.0,mixed,rebut,challenge,rebuttal
q1__school_uniforms__self_play__qwen2_5_3b__qwen2_5_3b__opp_sup__s0__347662a25e,13,gpt_pass_1,2.0,2.0,2.0,3.0,2.0,2.0,1.0,mixed,assert,defend,agreement
q1__school_uniforms__self_play__qwen2_5_3b__qwen2_5_3b__opp_sup__s0__347662a25e,14,gpt_pass_1,1.0,2.0,2.0,3.0,2.0,2.0,1.0,negative,rebut,challenge,rebuttal
q1__school_uniforms__self_play__qwen2_5_3b__qwen2_5_3b__opp_sup__s0__347662a25e,15,gpt_pass_1,1.0,2.0,1.0,2.0,2.0,2.0,1.0,positive,assert,defend,agreement
q1__school_uniforms__self_play__qwen2_5_3b__qwen2_5_3b__opp_sup__s0__347662a25e,16,gpt_pass_1,1.0,3.0,1.0,2.0,2.0,0.0,2.0,mixed,rebut,defend,rebuttal
q1__school_uniforms__self_play__qwen2_5_3b__qwen2_5_3b__opp_sup__s0__347662a25e,17,gpt_pass_1,2.0,2.0,1.0,3.0,2.0,2.0,2.0,positive,assert,persuade,agreement
q1__school_uniforms__self_play__qwen2_5_3b__qwen2_5_3b__opp_sup__s0__347662a25e,18,gpt_pass_1,2.0,4.0,1.0,2.0,3.0,0.0,1.0,negative,rebut,challenge,rebuttal
q1__school_uniforms__self_play__qwen2_5_3b__qwen2_5_3b__opp_sup__s0__347662a25e,19,gpt_pass_1,1.0,2.0,2.0,3.0,2.0,2.0,1.0,mixed,assert,defend,rebuttal
q1__school_uniforms__self_play__qwen2_5_3b__qwen2_5_3b__opp_sup__s0__347662a25e,20,gpt_pass_1,1.0,3.0,2.0,3.0,2.0,1.0,2.0,negative,rebut,challenge,rebuttal
q1__school_uniforms__self_play__qwen2_5_3b__qwen2_5_3b__opp_sup__s0__347662a25e,21,gpt_pass_1,1.0,2.0,1.0,2.0,3.0,1.0,1.0,neutral,clarify,defend,clarification
q1__school_uniforms__self_play__qwen2_5_3b__qwen2_5_3b__opp_sup__s0__347662a25e,22,gpt_pass_1,1.0,3.0,1.0,3.0,2.0,2.0,1.0,negative,rebut,challenge,escalation
q1__school_uniforms__self_play__qwen2_5_3b__qwen2_5_3b__opp_sup__s0__347662a25e,23,gpt_pass_1,1.0,2.0,1.0,2.0,3.0,1.0,1.0,positive,assert,defend,clarification
q1__school_uniforms__self_play__qwen2_5_3b__qwen2_5_3b__opp_sup__s0__347662a25e,24,gpt_pass_1,1.0,3.0,1.0,3.0,2.0,2.0,1.0,negative,rebut,challenge,rebuttal
q1__school_uniforms__self_play__qwen2_5_3b__qwen2_5_3b__opp_sup__s0__347662a25e,25,gpt_pass_1,2.0,2.0,1.0,3.0,3.0,1.0,1.0,positive,synthesize,resolve,synthesis
q1__school_uniforms__self_play__qwen2_5_3b__qwen2_5_3b__opp_sup__s0__347662a25e,26,gpt_pass_1,1.0,3.0,1.0,3.0,3.0,1.0,2.0,mixed,rebut,challenge,rebuttal
q1__school_uniforms__self_play__qwen2_5_3b__qwen2_5_3b__opp_sup__s0__347662a25e,27,gpt_pass_1,1.0,2.0,1.0,3.0,2.0,2.0,2.0,mixed,assert,defend,rebuttal
q1__school_uniforms__self_play__qwen2_5_3b__qwen2_5_3b__opp_sup__s0__347662a25e,28,gpt_pass_1,2.0,3.0,1.0,3.0,3.0,1.0,1.0,mixed,rebut,challenge,rebuttal
q1__school_uniforms__self_play__qwen2_5_3b__qwen2_5_3b__opp_sup__s0__347662a25e,29,gpt_pass_1,1.0,3.0,1.0,2.0,2.0,1.0,1.0,mixed,assert,defend,rebuttal
q1__school_uniforms__self_play__qwen2_5_3b__qwen2_5_3b__opp_sup__s0__347662a25e,30,gpt_pass_1,1.0,2.0,1.0,3.0,2.0,2.0,1.0,mixed,rebut,challenge,rebuttal
q1__school_uniforms__self_play__qwen2_5_3b__qwen2_5_3b__opp_sup__s0__347662a25e,31,gpt_pass_1,2.0,3.0,1.0,3.0,3.0,1.0,2.0,mixed,assert,defend,uncertain
q1__school_uniforms__self_play__qwen2_5_3b__qwen2_5_3b__sup_opp__s0__d036827e7a,0,gpt_pass_1,1.0,2.0,1.0,2.0,2.0,1.0,1.0,positive,assert,defend,agreement
q1__school_uniforms__self_play__qwen2_5_3b__qwen2_5_3b__sup_opp__s0__d036827e7a,1,gpt_pass_1,1.0,3.0,1.0,2.0,3.0,3.0,1.0,negative,rebut,challenge,rebuttal
q1__school_uniforms__self_play__qwen2_5_3b__qwen2_5_3b__sup_opp__s0__d036827e7a,2,gpt_pass_1,1.0,2.0,1.0,2.0,2.0,1.0,1.0,mixed,rebut,challenge,rebuttal
q1__school_uniforms__self_play__qwen2_5_3b__qwen2_5_3b__sup_opp__s0__d036827e7a,3,gpt_pass_1,1.0,2.0,1.0,2.0,2.0,1.0,2.0,mixed,rebut,challenge,rebuttal
q1__school_uniforms__self_play__qwen2_5_3b__qwen2_5_3b__sup_opp__s0__d036827e7a,4,gpt_pass_1,2.0,2.0,1.0,3.0,2.0,1.0,1.0,mixed,rebut,defend,rebuttal
q1__school_uniforms__self_play__qwen2_5_3b__qwen2_5_3b__sup_opp__s0__d036827e7a,5,gpt_pass_1,1.0,2.0,1.0,2.0,2.0,2.0,2.0,mixed,rebut,defend,rebuttal
q1__school_uniforms__self_play__qwen2_5_3b__qwen2_5_3b__sup_opp__s0__d036827e7a,6,gpt_pass_1,1.0,2.0,1.0,2.0,2.0,1.0,1.0,mixed,rebut,defend,rebuttal
q1__school_uniforms__self_play__qwen2_5_3b__qwen2_5_3b__sup_opp__s0__d036827e7a,7,gpt_pass_1,1.0,2.0,1.0,2.0,3.0,2.0,2.0,mixed,rebut,challenge,rebuttal
q1__school_uniforms__self_play__qwen2_5_3b__qwen2_5_3b__sup_opp__s0__d036827e7a,8,gpt_pass_1,1.0,2.0,1.0,2.0,3.0,1.0,1.0,mixed,assert,defend,rebuttal
q1__school_uniforms__self_play__qwen2_5_3b__qwen2_5_3b__sup_opp__s0__d036827e7a,9,gpt_pass_1,1.0,3.0,1.0,2.0,2.0,2.0,1.0,negative,rebut,challenge,escalation
q1__school_uniforms__self_play__qwen2_5_3b__qwen2_5_3b__sup_opp__s0__d036827e7a,10,gpt_pass_1,1.0,2.0,1.0,2.0,2.0,1.0,2.0,mixed,assert,defend,rebuttal
q1__school_uniforms__self_play__qwen2_5_3b__qwen2_5_3b__sup_opp__s0__d036827e7a,11,gpt_pass_1,1.0,3.0,0.0,2.0,2.0,1.0,2.0,negative,rebut,challenge,rebuttal
q1__school_uniforms__self_play__qwen2_5_3b__qwen2_5_3b__sup_opp__s0__d036827e7a,12,gpt_pass_1,1.0,3.0,1.0,2.0,2.0,1.0,1.0,negative,assert,defend,rebuttal
q1__school_uniforms__self_play__qwen2_5_3b__qwen2_5_3b__sup_opp__s0__d036827e7a,13,gpt_pass_1,1.0,3.0,1.0,3.0,3.0,3.0,2.0,negative,rebut,challenge,escalation
q1__school_uniforms__self_play__qwen2_5_3b__qwen2_5_3b__sup_opp__s0__d036827e7a,14,gpt_pass_1,1.0,2.0,1.0,2.0,2.0,1.0,1.0,mixed,assert,defend,synthesis
q1__school_uniforms__self_play__qwen2_5_3b__qwen2_5_3b__sup_opp__s0__d036827e7a,15,gpt_pass_1,1.0,2.0,1.0,2.0,2.0,2.0,1.0,negative,rebut,defend,rebuttal
q1__school_uniforms__self_play__qwen2_5_3b__qwen2_5_3b__sup_opp__s0__d036827e7a,16,gpt_pass_1,1.0,2.0,1.0,3.0,3.0,1.0,2.0,mixed,assert,challenge,rebuttal
q1__school_uniforms__self_play__qwen2_5_3b__qwen2_5_3b__sup_opp__s0__d036827e7a,17,gpt_pass_1,1.0,4.0,0.0,2.0,3.0,4.0,0.0,negative,rebut,challenge,rebuttal
q1__school_uniforms__self_play__qwen2_5_3b__qwen2_5_3b__sup_opp__s0__d036827e7a,18,gpt_pass_1,1.0,2.0,1.0,3.0,2.0,1.0,1.0,mixed,assert,defend,agreement
q1__school_uniforms__self_play__qwen2_5_3b__qwen2_5_3b__sup_opp__s0__d036827e7a,19,gpt_pass_1,1.0,3.0,1.0,2.0,2.0,2.0,1.0,mixed,rebut,challenge,escalation
q1__school_uniforms__self_play__qwen2_5_3b__qwen2_5_3b__sup_opp__s0__d036827e7a,20,gpt_pass_1,1.0,2.0,1.0,3.0,3.0,2.0,1.0,mixed,assert,defend,clarification
q1__school_uniforms__self_play__qwen2_5_3b__qwen2_5_3b__sup_opp__s0__d036827e7a,21,gpt_pass_1,0.0,4.0,0.0,2.0,3.0,4.0,0.0,negative,rebut,challenge,rebuttal
q1__school_uniforms__self_play__qwen2_5_3b__qwen2_5_3b__sup_opp__s0__d036827e7a,22,gpt_pass_1,1.0,2.0,1.0,2.0,2.0,2.0,1.0,mixed,assert,defend,agreement
q1__school_uniforms__self_play__qwen2_5_3b__qwen2_5_3b__sup_opp__s0__d036827e7a,23,gpt_pass_1,2.0,3.0,2.0,3.0,2.0,1.0,1.0,neutral,rebut,challenge,rebuttal
q1__school_uniforms__self_play__qwen2_5_3b__qwen2_5_3b__sup_opp__s0__d036827e7a,24,gpt_pass_1,1.0,2.0,1.0,1.0,2.0,1.0,0.0,mixed,assert,defend,rebuttal
q1__school_uniforms__self_play__qwen2_5_3b__qwen2_5_3b__sup_opp__s0__d036827e7a,25,gpt_pass_1,1.0,3.0,0.0,3.0,2.0,1.0,1.0,negative,rebut,challenge,rebuttal
q1__school_uniforms__self_play__qwen2_5_3b__qwen2_5_3b__sup_opp__s0__d036827e7a,26,gpt_pass_1,2.0,2.0,1.0,3.0,3.0,1.0,1.0,mixed,synthesize,resolve,synthesis
q1__school_uniforms__self_play__qwen2_5_3b__qwen2_5_3b__sup_opp__s0__d036827e7a,27,gpt_pass_1,0.0,2.0,0.0,2.0,3.0,3.0,0.0,negative,rebut,challenge,rebuttal
q1__school_uniforms__self_play__qwen2_5_3b__qwen2_5_3b__sup_opp__s0__d036827e7a,28,gpt_pass_1,1.0,2.0,1.0,2.0,2.0,1.0,1.0,mixed,assert,defend,agreement
q1__school_uniforms__self_play__qwen2_5_3b__qwen2_5_3b__sup_opp__s0__d036827e7a,29,gpt_pass_1,0.0,4.0,0.0,1.0,2.0,4.0,1.0,negative,rebut,challenge,escalation
q1__school_uniforms__self_play__qwen2_5_3b__qwen2_5_3b__sup_opp__s0__d036827e7a,30,gpt_pass_1,1.0,2.0,1.0,2.0,2.0,1.0,1.0,positive,assert,defend,agreement
q1__school_uniforms__self_play__qwen2_5_3b__qwen2_5_3b__sup_opp__s0__d036827e7a,31,gpt_pass_1,1.0,3.0,1.0,3.0,3.0,4.0,0.0,negative,assert,defend,agreement
q1__social_media__mixed_play__gemma2_9b__qwen2_5_3b__opp_sup__s0__8fec08c84a,0,gpt_pass_1,1.0,2.0,1.0,3.0,3.0,2.0,2.0,mixed,rebut,challenge,rebuttal
q1__social_media__mixed_play__gemma2_9b__qwen2_5_3b__opp_sup__s0__8fec08c84a,1,gpt_pass_1,1.0,2.0,1.0,2.0,2.0,2.0,0.0,mixed,rebut,defend,rebuttal
q1__social_media__mixed_play__gemma2_9b__qwen2_5_3b__opp_sup__s0__8fec08c84a,2,gpt_pass_1,1.0,3.0,1.0,2.0,3.0,1.0,0.0,mixed,assert,defend,clarification
q1__social_media__mixed_play__gemma2_9b__qwen2_5_3b__opp_sup__s0__8fec08c84a,3,gpt_pass_1,2.0,3.0,1.0,2.0,2.0,1.0,0.0,mixed,assert,defend,rebuttal
q1__social_media__mixed_play__gemma2_9b__qwen2_5_3b__opp_sup__s0__8fec08c84a,4,gpt_pass_1,1.0,2.0,2.0,3.0,3.0,2.0,1.0,mixed,rebut,challenge,rebuttal
q1__social_media__mixed_play__gemma2_9b__qwen2_5_3b__opp_sup__s0__8fec08c84a,5,gpt_pass_1,1.0,2.0,1.0,2.0,2.0,1.0,1.0,mixed,assert,defend,agreement
q1__social_media__mixed_play__gemma2_9b__qwen2_5_3b__opp_sup__s0__8fec08c84a,6,gpt_pass_1,1.0,2.0,1.0,2.0,3.0,2.0,2.0,mixed,rebut,defend,rebuttal
q1__social_media__mixed_play__gemma2_9b__qwen2_5_3b__opp_sup__s0__8fec08c84a,7,gpt_pass_1,1.0,2.0,1.0,2.0,2.0,1.0,1.0,mixed,rebut,defend,clarification
q1__social_media__mixed_play__gemma2_9b__qwen2_5_3b__opp_sup__s0__8fec08c84a,8,gpt_pass_1,1.0,3.0,1.0,3.0,2.0,2.0,1.0,mixed,rebut,defend,rebuttal
q1__social_media__mixed_play__gemma2_9b__qwen2_5_3b__opp_sup__s0__8fec08c84a,9,gpt_pass_1,1.0,3.0,2.0,3.0,3.0,1.0,2.0,mixed,clarify,defend,clarification
q1__social_media__mixed_play__gemma2_9b__qwen2_5_3b__opp_sup__s0__8fec08c84a,10,gpt_pass_1,2.0,2.0,2.0,2.0,3.0,2.0,1.0,mixed,assert,challenge,escalation
q1__social_media__mixed_play__gemma2_9b__qwen2_5_3b__opp_sup__s0__8fec08c84a,11,gpt_pass_1,1.0,1.0,1.0,2.0,2.0,1.0,1.0,mixed,assert,defend,clarification
q1__social_media__mixed_play__gemma2_9b__qwen2_5_3b__opp_sup__s0__8fec08c84a,12,gpt_pass_1,1.0,2.0,1.0,1.0,1.0,2.0,1.0,mixed,rebut,defend,rebuttal
q1__social_media__mixed_play__gemma2_9b__qwen2_5_3b__opp_sup__s0__8fec08c84a,13,gpt_pass_1,1.0,2.0,2.0,2.0,2.0,2.0,2.0,mixed,clarify,challenge,clarification
q1__social_media__mixed_play__gemma2_9b__qwen2_5_3b__opp_sup__s0__8fec08c84a,14,gpt_pass_1,0.0,2.0,1.0,2.0,2.0,2.0,1.0,mixed,rebut,defend,rebuttal
q1__social_media__mixed_play__gemma2_9b__qwen2_5_3b__opp_sup__s0__8fec08c84a,15,gpt_pass_1,2.0,2.0,2.0,3.0,3.0,2.0,2.0,mixed,question,challenge,clarification
q1__social_media__mixed_play__gemma2_9b__qwen2_5_3b__opp_sup__s0__8fec08c84a,16,gpt_pass_1,1.0,3.0,2.0,4.0,2.0,1.0,0.0,mixed,rebut,defend,uncertain
q1__social_media__mixed_play__gemma2_9b__qwen2_5_3b__opp_sup__s0__8fec08c84a,17,gpt_pass_1,2.0,2.0,2.0,2.0,2.0,2.0,2.0,mixed,synthesize,resolve,synthesis
q1__social_media__mixed_play__gemma2_9b__qwen2_5_3b__opp_sup__s0__8fec08c84a,18,gpt_pass_1,1.0,2.0,1.0,3.0,2.0,2.0,2.0,mixed,rebut,challenge,rebuttal
q1__social_media__mixed_play__gemma2_9b__qwen2_5_3b__opp_sup__s0__8fec08c84a,19,gpt_pass_1,1.0,2.0,2.0,2.0,3.0,1.0,1.0,mixed,clarify,persuade,clarification
q1__social_media__mixed_play__gemma2_9b__qwen2_5_3b__opp_sup__s0__8fec08c84a,20,gpt_pass_1,1.0,3.0,1.0,2.0,3.0,1.0,2.0,mixed,assert,defend,rebuttal
q1__social_media__mixed_play__gemma2_9b__qwen2_5_3b__opp_sup__s0__8fec08c84a,21,gpt_pass_1,1.0,2.0,1.0,2.0,3.0,3.0,1.0,mixed,clarify,synthesize,clarification
q1__social_media__mixed_play__gemma2_9b__qwen2_5_3b__opp_sup__s0__8fec08c84a,22,gpt_pass_1,1.0,2.0,1.0,3.0,3.0,2.0,1.0,mixed,rebut,defend,rebuttal
q1__social_media__mixed_play__gemma2_9b__qwen2_5_3b__opp_sup__s0__8fec08c84a,23,gpt_pass_1,1.0,2.0,1.0,2.0,3.0,1.0,1.0,mixed,assert,defend,rebuttal
q1__social_media__mixed_play__gemma2_9b__qwen2_5_3b__opp_sup__s0__8fec08c84a,24,gpt_pass_1,1.0,2.0,0.0,2.0,3.0,1.0,1.0,mixed,rebut,defend,rebuttal
q1__social_media__mixed_play__gemma2_9b__qwen2_5_3b__opp_sup__s0__8fec08c84a,25,gpt_pass_1,2.0,2.0,2.0,3.0,3.0,2.0,2.0,mixed,synthesize,resolve,synthesis
q1__social_media__mixed_play__gemma2_9b__qwen2_5_3b__opp_sup__s0__8fec08c84a,26,gpt_pass_1,1.0,2.0,1.0,2.0,2.0,2.0,1.0,mixed,rebut,defend,rebuttal
q1__social_media__mixed_play__gemma2_9b__qwen2_5_3b__opp_sup__s0__8fec08c84a,27,gpt_pass_1,1.0,2.0,2.0,3.0,2.0,1.0,2.0,mixed,clarify,accommodate,clarification
q1__social_media__mixed_play__gemma2_9b__qwen2_5_3b__opp_sup__s0__8fec08c84a,28,gpt_pass_1,1.0,2.0,1.0,3.0,3.0,2.0,1.0,mixed,rebut,defend,rebuttal
q1__social_media__mixed_play__gemma2_9b__qwen2_5_3b__opp_sup__s0__8fec08c84a,29,gpt_pass_1,2.0,3.0,2.0,3.0,2.0,1.0,1.0,mixed,clarify,defend,clarification
q1__social_media__mixed_play__gemma2_9b__qwen2_5_3b__opp_sup__s0__8fec08c84a,30,gpt_pass_1,1.0,3.0,2.0,2.0,3.0,1.0,1.0,mixed,assert,defend,rebuttal
q1__social_media__mixed_play__gemma2_9b__qwen2_5_3b__opp_sup__s0__8fec08c84a,31,gpt_pass_1,1.0,1.0,1.0,1.0,1.0,1.0,1.0,mixed,clarify,explore,clarification
q1__social_media__mixed_play__gemma2_9b__qwen2_5_3b__sup_opp__s0__916d35463c,0,gpt_pass_1,1.0,2.0,1.0,3.0,3.0,2.0,1.0,mixed,assert,defend,rebuttal
q1__social_media__mixed_play__gemma2_9b__qwen2_5_3b__sup_opp__s0__916d35463c,1,gpt_pass_1,1.0,3.0,1.0,2.0,2.0,2.0,1.0,mixed,rebut,challenge,rebuttal
q1__social_media__mixed_play__gemma2_9b__qwen2_5_3b__sup_opp__s0__916d35463c,2,gpt_pass_1,2.0,1.0,2.0,3.0,3.0,1.0,1.0,mixed,rebut,defend,rebuttal
q1__social_media__mixed_play__gemma2_9b__qwen2_5_3b__sup_opp__s0__916d35463c,3,gpt_pass_1,2.0,3.0,1.0,3.0,3.0,1.0,1.0,mixed,rebut,challenge,rebuttal
q1__social_media__mixed_play__gemma2_9b__qwen2_5_3b__sup_opp__s0__916d35463c,4,gpt_pass_1,1.0,2.0,2.0,3.0,3.0,2.0,2.0,mixed,rebut,defend,rebuttal
q1__social_media__mixed_play__gemma2_9b__qwen2_5_3b__sup_opp__s0__916d35463c,5,gpt_pass_1,1.0,3.0,1.0,2.0,3.0,2.0,2.0,mixed,assert,challenge,rebuttal
q1__social_media__mixed_play__gemma2_9b__qwen2_5_3b__sup_opp__s0__916d35463c,6,gpt_pass_1,2.0,2.0,2.0,3.0,3.0,2.0,3.0,mixed,clarify,defend,clarification
q1__social_media__mixed_play__gemma2_9b__qwen2_5_3b__sup_opp__s0__916d35463c,7,gpt_pass_1,0.0,3.0,1.0,3.0,2.0,1.0,2.0,mixed,rebut,challenge,rebuttal
q1__social_media__mixed_play__gemma2_9b__qwen2_5_3b__sup_opp__s0__916d35463c,8,gpt_pass_1,1.0,3.0,1.0,2.0,3.0,1.0,0.0,mixed,rebut,challenge,rebuttal
q1__social_media__mixed_play__gemma2_9b__qwen2_5_3b__sup_opp__s0__916d35463c,9,gpt_pass_1,2.0,2.0,2.0,2.0,2.0,1.0,1.0,mixed,rebut,challenge,rebuttal
q1__social_media__mixed_play__gemma2_9b__qwen2_5_3b__sup_opp__s0__916d35463c,10,gpt_pass_1,1.0,2.0,1.0,2.0,2.0,1.0,1.0,mixed,assert,defend,agreement
q1__social_media__mixed_play__gemma2_9b__qwen2_5_3b__sup_opp__s0__916d35463c,11,gpt_pass_1,1.0,2.0,1.0,3.0,2.0,1.0,1.0,mixed,rebut,defend,rebuttal
q1__social_media__mixed_play__gemma2_9b__qwen2_5_3b__sup_opp__s0__916d35463c,12,gpt_pass_1,2.0,2.0,2.0,3.0,3.0,1.0,2.0,mixed,assert,defend,agreement
q1__social_media__mixed_play__gemma2_9b__qwen2_5_3b__sup_opp__s0__916d35463c,13,gpt_pass_1,2.0,3.0,2.0,3.0,3.0,1.0,2.0,mixed,rebut,challenge,rebuttal
q1__social_media__mixed_play__gemma2_9b__qwen2_5_3b__sup_opp__s0__916d35463c,14,gpt_pass_1,2.0,2.0,1.0,3.0,3.0,2.0,1.0,mixed,rebut,defend,rebuttal
q1__social_media__mixed_play__gemma2_9b__qwen2_5_3b__sup_opp__s0__916d35463c,15,gpt_pass_1,2.0,3.0,1.0,4.0,2.0,1.0,2.0,mixed,rebut,challenge,clarification
q1__social_media__mixed_play__gemma2_9b__qwen2_5_3b__sup_opp__s0__916d35463c,16,gpt_pass_1,1.0,2.0,1.0,2.0,2.0,1.0,1.0,mixed,accommodate,accommodate,agreement
q1__social_media__mixed_play__gemma2_9b__qwen2_5_3b__sup_opp__s0__916d35463c,17,gpt_pass_1,1.0,3.0,1.0,3.0,2.0,2.0,1.0,mixed,rebut,defend,rebuttal
q1__social_media__mixed_play__gemma2_9b__qwen2_5_3b__sup_opp__s0__916d35463c,18,gpt_pass_1,2.0,2.0,1.0,2.0,2.0,2.0,1.0,mixed,assert,defend,rebuttal
q1__social_media__mixed_play__gemma2_9b__qwen2_5_3b__sup_opp__s0__916d35463c,19,gpt_pass_1,1.0,3.0,0.0,2.0,2.0,1.0,0.0,mixed,rebut,challenge,rebuttal
q1__social_media__mixed_play__gemma2_9b__qwen2_5_3b__sup_opp__s0__916d35463c,20,gpt_pass_1,2.0,3.0,1.0,3.0,3.0,1.0,2.0,mixed,assert,defend,rebuttal
q1__social_media__mixed_play__gemma2_9b__qwen2_5_3b__sup_opp__s0__916d35463c,21,gpt_pass_1,1.0,3.0,1.0,3.0,2.0,2.0,1.0,mixed,rebut,challenge,rebuttal
q1__social_media__mixed_play__gemma2_9b__qwen2_5_3b__sup_opp__s0__916d35463c,22,gpt_pass_1,2.0,2.0,1.0,3.0,3.0,1.0,1.0,mixed,assert,defend,escalation
q1__social_media__mixed_play__gemma2_9b__qwen2_5_3b__sup_opp__s0__916d35463c,23,gpt_pass_1,1.0,3.0,1.0,2.0,3.0,1.0,2.0,mixed,rebut,defend,rebuttal
q1__social_media__mixed_play__gemma2_9b__qwen2_5_3b__sup_opp__s0__916d35463c,24,gpt_pass_1,2.0,1.0,1.0,3.0,2.0,1.0,1.0,mixed,assert,defend,agreement
q1__social_media__mixed_play__gemma2_9b__qwen2_5_3b__sup_opp__s0__916d35463c,25,gpt_pass_1,1.0,3.0,0.0,2.0,3.0,3.0,1.0,mixed,rebut,defend,rebuttal
q1__social_media__mixed_play__gemma2_9b__qwen2_5_3b__sup_opp__s0__916d35463c,26,gpt_pass_1,2.0,2.0,1.0,3.0,3.0,2.0,2.0,mixed,assert,defend,agreement
q1__social_media__mixed_play__gemma2_9b__qwen2_5_3b__sup_opp__s0__916d35463c,27,gpt_pass_1,2.0,3.0,1.0,3.0,2.0,2.0,2.0,mixed,rebut,challenge,rebuttal
q1__social_media__mixed_play__gemma2_9b__qwen2_5_3b__sup_opp__s0__916d35463c,28,gpt_pass_1,2.0,3.0,1.0,3.0,3.0,1.0,1.0,mixed,assert,defend,rebuttal
q1__social_media__mixed_play__gemma2_9b__qwen2_5_3b__sup_opp__s0__916d35463c,29,gpt_pass_1,1.0,2.0,1.0,1.0,2.0,2.0,1.0,mixed,clarify,challenge,rebuttal
q1__social_media__mixed_play__gemma2_9b__qwen2_5_3b__sup_opp__s0__916d35463c,30,gpt_pass_1,2.0,1.0,1.0,2.0,2.0,1.0,1.0,mixed,synthesize,accommodate,agreement
q1__social_media__mixed_play__gemma2_9b__qwen2_5_3b__sup_opp__s0__916d35463c,31,gpt_pass_1,1.0,2.0,1.0,3.0,2.0,2.0,1.0,mixed,rebut,challenge,rebuttal
q1__social_media__mixed_play__llama3_8b__qwen2_5_3b__opp_sup__s0__0b29ec5473,0,gpt_pass_1,1.0,4.0,0.0,3.0,2.0,1.0,0.0,negative,assert,challenge,rebuttal
q1__social_media__mixed_play__llama3_8b__qwen2_5_3b__opp_sup__s0__0b29ec5473,1,gpt_pass_1,2.0,3.0,1.0,2.0,2.0,1.0,1.0,negative,assert,challenge,rebuttal
q1__social_media__mixed_play__llama3_8b__qwen2_5_3b__opp_sup__s0__0b29ec5473,2,gpt_pass_1,1.0,2.0,1.0,3.0,2.0,2.0,2.0,mixed,rebut,challenge,rebuttal
q1__social_media__mixed_play__llama3_8b__qwen2_5_3b__opp_sup__s0__0b29ec5473,3,gpt_pass_1,2.0,3.0,2.0,3.0,2.0,2.0,2.0,mixed,clarify,defend,clarification
q1__social_media__mixed_play__llama3_8b__qwen2_5_3b__opp_sup__s0__0b29ec5473,4,gpt_pass_1,2.0,3.0,2.0,3.0,4.0,1.0,1.0,mixed,rebut,challenge,rebuttal
q1__social_media__mixed_play__llama3_8b__qwen2_5_3b__opp_sup__s0__0b29ec5473,5,gpt_pass_1,1.0,2.0,1.0,2.0,2.0,1.0,1.0,mixed,rebut,defend,rebuttal
q1__social_media__mixed_play__llama3_8b__qwen2_5_3b__opp_sup__s0__0b29ec5473,6,gpt_pass_1,2.0,3.0,1.0,3.0,3.0,1.0,2.0,mixed,rebut,challenge,rebuttal
q1__social_media__mixed_play__llama3_8b__qwen2_5_3b__opp_sup__s0__0b29ec5473,7,gpt_pass_1,2.0,2.0,2.0,2.0,3.0,1.0,2.0,mixed,assert,defend,agreement
q1__social_media__mixed_play__llama3_8b__qwen2_5_3b__opp_sup__s0__0b29ec5473,8,gpt_pass_1,1.0,3.0,1.0,3.0,2.0,1.0,2.0,mixed,rebut,challenge,rebuttal
q1__social_media__mixed_play__llama3_8b__qwen2_5_3b__opp_sup__s0__0b29ec5473,9,gpt_pass_1,1.0,2.0,1.0,2.0,2.0,1.0,1.0,mixed,rebut,defend,clarification
q1__social_media__mixed_play__llama3_8b__qwen2_5_3b__opp_sup__s0__0b29ec5473,10,gpt_pass_1,1.0,3.0,1.0,2.0,3.0,1.0,1.0,mixed,rebut,challenge,rebuttal
q1__social_media__mixed_play__llama3_8b__qwen2_5_3b__opp_sup__s0__0b29ec5473,11,gpt_pass_1,1.0,3.0,2.0,2.0,2.0,1.0,2.0,mixed,assert,defend,rebuttal
q1__social_media__mixed_play__llama3_8b__qwen2_5_3b__opp_sup__s0__0b29ec5473,12,gpt_pass_1,1.0,3.0,0.0,4.0,3.0,3.0,1.0,mixed,rebut,challenge,rebuttal
q1__social_media__mixed_play__llama3_8b__qwen2_5_3b__opp_sup__s0__0b29ec5473,13,gpt_pass_1,2.0,3.0,1.0,3.0,2.0,2.0,1.0,mixed,clarify,challenge,rebuttal
q1__social_media__mixed_play__llama3_8b__qwen2_5_3b__opp_sup__s0__0b29ec5473,14,gpt_pass_1,1.0,4.0,1.0,3.0,3.0,0.0,1.0,mixed,rebut,challenge,rebuttal
q1__social_media__mixed_play__llama3_8b__qwen2_5_3b__opp_sup__s0__0b29ec5473,15,gpt_pass_1,2.0,3.0,1.0,2.0,2.0,1.0,1.0,mixed,synthesize,synthesize,synthesis
q1__social_media__mixed_play__llama3_8b__qwen2_5_3b__opp_sup__s0__0b29ec5473,16,gpt_pass_1,1.0,3.0,1.0,4.0,3.0,0.0,2.0,mixed,rebut,challenge,rebuttal
q1__social_media__mixed_play__llama3_8b__qwen2_5_3b__opp_sup__s0__0b29ec5473,17,gpt_pass_1,2.0,3.0,2.0,3.0,3.0,1.0,1.0,mixed,synthesize,resolve,accommodation
q1__social_media__mixed_play__llama3_8b__qwen2_5_3b__opp_sup__s0__0b29ec5473,18,gpt_pass_1,1.0,3.0,1.0,3.0,2.0,1.0,1.0,mixed,rebut,challenge,rebuttal
q1__social_media__mixed_play__llama3_8b__qwen2_5_3b__opp_sup__s0__0b29ec5473,19,gpt_pass_1,2.0,2.0,1.0,3.0,2.0,2.0,1.0,mixed,clarify,explore,clarification
q1__social_media__mixed_play__llama3_8b__qwen2_5_3b__opp_sup__s0__0b29ec5473,20,gpt_pass_1,1.0,3.0,0.0,2.0,1.0,1.0,1.0,mixed,rebut,challenge,rebuttal
q1__social_media__mixed_play__llama3_8b__qwen2_5_3b__opp_sup__s0__0b29ec5473,21,gpt_pass_1,2.0,1.0,1.0,3.0,2.0,2.0,2.0,mixed,assert,defend,clarification
q1__social_media__mixed_play__llama3_8b__qwen2_5_3b__opp_sup__s0__0b29ec5473,22,gpt_pass_1,0.0,4.0,0.0,3.0,3.0,0.0,0.0,mixed,rebut,defend,rebuttal
q1__social_media__mixed_play__llama3_8b__qwen2_5_3b__opp_sup__s0__0b29ec5473,23,gpt_pass_1,2.0,2.0,2.0,2.0,3.0,1.0,1.0,mixed,assert,defend,rebuttal
q1__social_media__mixed_play__llama3_8b__qwen2_5_3b__opp_sup__s0__0b29ec5473,24,gpt_pass_1,1.0,3.0,1.0,2.0,2.0,1.0,1.0,mixed,rebut,challenge,rebuttal
q1__social_media__mixed_play__llama3_8b__qwen2_5_3b__opp_sup__s0__0b29ec5473,25,gpt_pass_1,2.0,2.0,2.0,3.0,3.0,2.0,2.0,mixed,synthesize,explore,synthesis
q1__social_media__mixed_play__llama3_8b__qwen2_5_3b__opp_sup__s0__0b29ec5473,26,gpt_pass_1,1.0,4.0,2.0,3.0,3.0,0.0,1.0,mixed,rebut,challenge,rebuttal
q1__social_media__mixed_play__llama3_8b__qwen2_5_3b__opp_sup__s0__0b29ec5473,27,gpt_pass_1,1.0,2.0,1.0,1.0,2.0,2.0,2.0,mixed,clarify,defend,clarification
q1__social_media__mixed_play__llama3_8b__qwen2_5_3b__opp_sup__s0__0b29ec5473,28,gpt_pass_1,1.0,3.0,1.0,2.0,2.0,1.0,2.0,mixed,rebut,challenge,rebuttal
q1__social_media__mixed_play__llama3_8b__qwen2_5_3b__opp_sup__s0__0b29ec5473,29,gpt_pass_1,1.0,1.0,2.0,3.0,2.0,1.0,2.0,mixed,clarify,defend,synthesis
q1__social_media__mixed_play__llama3_8b__qwen2_5_3b__opp_sup__s0__0b29ec5473,30,gpt_pass_1,1.0,3.0,1.0,3.0,3.0,1.0,1.0,mixed,rebut,challenge,rebuttal
q1__social_media__mixed_play__llama3_8b__qwen2_5_3b__opp_sup__s0__0b29ec5473,31,gpt_pass_1,2.0,2.0,1.0,3.0,2.0,2.0,1.0,mixed,assert,defend,clarification
q1__social_media__mixed_play__llama3_8b__qwen2_5_3b__sup_opp__s0__b49187f9ec,0,gpt_pass_1,1.0,3.0,0.0,3.0,2.0,1.0,1.0,mixed,assert,defend,rebuttal
q1__social_media__mixed_play__llama3_8b__qwen2_5_3b__sup_opp__s0__b49187f9ec,1,gpt_pass_1,1.0,3.0,1.0,2.0,1.0,2.0,1.0,mixed,rebut,challenge,rebuttal
q1__social_media__mixed_play__llama3_8b__qwen2_5_3b__sup_opp__s0__b49187f9ec,2,gpt_pass_1,1.0,3.0,1.0,3.0,2.0,1.0,2.0,mixed,assert,defend,escalation
q1__social_media__mixed_play__llama3_8b__qwen2_5_3b__sup_opp__s0__b49187f9ec,3,gpt_pass_1,1.0,3.0,1.0,2.0,2.0,1.0,1.0,mixed,rebut,defend,rebuttal
q1__social_media__mixed_play__llama3_8b__qwen2_5_3b__sup_opp__s0__b49187f9ec,4,gpt_pass_1,2.0,3.0,1.0,3.0,3.0,1.0,1.0,mixed,rebut,defend,rebuttal
q1__social_media__mixed_play__llama3_8b__qwen2_5_3b__sup_opp__s0__b49187f9ec,5,gpt_pass_1,1.0,2.0,1.0,2.0,3.0,2.0,1.0,mixed,rebut,challenge,rebuttal
q1__social_media__mixed_play__llama3_8b__qwen2_5_3b__sup_opp__s0__b49187f9ec,6,gpt_pass_1,1.0,3.0,2.0,2.0,3.0,2.0,1.0,mixed,assert,defend,rebuttal
q1__social_media__mixed_play__llama3_8b__qwen2_5_3b__sup_opp__s0__b49187f9ec,7,gpt_pass_1,2.0,3.0,1.0,3.0,2.0,1.0,1.0,mixed,rebut,defend,rebuttal
q1__social_media__mixed_play__llama3_8b__qwen2_5_3b__sup_opp__s0__b49187f9ec,8,gpt_pass_1,2.0,2.0,3.0,3.0,3.0,1.0,2.0,mixed,rebut,defend,rebuttal
q1__social_media__mixed_play__llama3_8b__qwen2_5_3b__sup_opp__s0__b49187f9ec,9,gpt_pass_1,1.0,3.0,1.0,3.0,3.0,1.0,1.0,mixed,rebut,challenge,rebuttal
q1__social_media__mixed_play__llama3_8b__qwen2_5_3b__sup_opp__s0__b49187f9ec,10,gpt_pass_1,2.0,2.0,2.0,3.0,2.0,1.0,1.0,mixed,clarify,defend,clarification
q1__social_media__mixed_play__llama3_8b__qwen2_5_3b__sup_opp__s0__b49187f9ec,11,gpt_pass_1,1.0,3.0,2.0,3.0,2.0,1.0,2.0,mixed,rebut,challenge,rebuttal
q1__social_media__mixed_play__llama3_8b__qwen2_5_3b__sup_opp__s0__b49187f9ec,12,gpt_pass_1,2.0,2.0,3.0,3.0,3.0,1.0,1.0,mixed,rebut,defend,rebuttal
q1__social_media__mixed_play__llama3_8b__qwen2_5_3b__sup_opp__s0__b49187f9ec,13,gpt_pass_1,1.0,3.0,1.0,3.0,2.0,0.0,1.0,mixed,rebut,challenge,rebuttal
q1__social_media__mixed_play__llama3_8b__qwen2_5_3b__sup_opp__s0__b49187f9ec,14,gpt_pass_1,2.0,2.0,1.0,2.0,2.0,2.0,1.0,mixed,assert,defend,rebuttal
q1__social_media__mixed_play__llama3_8b__qwen2_5_3b__sup_opp__s0__b49187f9ec,15,gpt_pass_1,2.0,3.0,1.0,3.0,2.0,2.0,2.0,mixed,assert,defend,rebuttal
q1__social_media__mixed_play__llama3_8b__qwen2_5_3b__sup_opp__s0__b49187f9ec,16,gpt_pass_1,2.0,3.0,2.0,2.0,3.0,2.0,1.0,mixed,rebut,defend,rebuttal
q1__social_media__mixed_play__llama3_8b__qwen2_5_3b__sup_opp__s0__b49187f9ec,17,gpt_pass_1,1.0,4.0,1.0,3.0,3.0,0.0,1.0,mixed,rebut,challenge,rebuttal
q1__social_media__mixed_play__llama3_8b__qwen2_5_3b__sup_opp__s0__b49187f9ec,18,gpt_pass_1,2.0,2.0,1.0,3.0,2.0,2.0,1.0,mixed,assert,defend,clarification
q1__social_media__mixed_play__llama3_8b__qwen2_5_3b__sup_opp__s0__b49187f9ec,19,gpt_pass_1,1.0,2.0,1.0,2.0,3.0,2.0,1.0,mixed,assert,challenge,rebuttal
q1__social_media__mixed_play__llama3_8b__qwen2_5_3b__sup_opp__s0__b49187f9ec,20,gpt_pass_1,2.0,2.0,3.0,2.0,2.0,2.0,2.0,mixed,assert,defend,agreement
q1__social_media__mixed_play__llama3_8b__qwen2_5_3b__sup_opp__s0__b49187f9ec,21,gpt_pass_1,1.0,3.0,1.0,3.0,2.0,1.0,1.0,mixed,rebut,challenge,escalation
q1__social_media__mixed_play__llama3_8b__qwen2_5_3b__sup_opp__s0__b49187f9ec,22,gpt_pass_1,2.0,2.0,3.0,3.0,3.0,1.0,2.0,mixed,clarify,defend,clarification
q1__social_media__mixed_play__llama3_8b__qwen2_5_3b__sup_opp__s0__b49187f9ec,23,gpt_pass_1,1.0,3.0,1.0,2.0,2.0,1.0,1.0,mixed,clarify,challenge,uncertain
q1__social_media__mixed_play__llama3_8b__qwen2_5_3b__sup_opp__s0__b49187f9ec,24,gpt_pass_1,2.0,2.0,1.0,3.0,2.0,1.0,2.0,mixed,synthesize,explore,synthesis
q1__social_media__mixed_play__llama3_8b__qwen2_5_3b__sup_opp__s0__b49187f9ec,25,gpt_pass_1,1.0,2.0,1.0,3.0,2.0,1.0,1.0,mixed,rebut,challenge,rebuttal
q1__social_media__mixed_play__llama3_8b__qwen2_5_3b__sup_opp__s0__b49187f9ec,26,gpt_pass_1,2.0,3.0,1.0,3.0,3.0,1.0,1.0,mixed,assert,defend,agreement
q1__social_media__mixed_play__llama3_8b__qwen2_5_3b__sup_opp__s0__b49187f9ec,27,gpt_pass_1,2.0,3.0,1.0,3.0,3.0,2.0,1.0,mixed,rebut,defend,rebuttal
q1__social_media__mixed_play__llama3_8b__qwen2_5_3b__sup_opp__s0__b49187f9ec,28,gpt_pass_1,1.0,3.0,2.0,3.0,2.0,2.0,1.0,mixed,rebut,defend,rebuttal
q1__social_media__mixed_play__llama3_8b__qwen2_5_3b__sup_opp__s0__b49187f9ec,29,gpt_pass_1,1.0,3.0,1.0,2.0,2.0,1.0,1.0,mixed,rebut,challenge,rebuttal
q1__social_media__mixed_play__llama3_8b__qwen2_5_3b__sup_opp__s0__b49187f9ec,30,gpt_pass_1,1.0,3.0,1.0,2.0,2.0,1.0,1.0,mixed,assert,defend,rebuttal
q1__social_media__mixed_play__llama3_8b__qwen2_5_3b__sup_opp__s0__b49187f9ec,31,gpt_pass_1,1.0,3.0,1.0,3.0,2.0,2.0,2.0,mixed,rebut,challenge,rebuttal
q1__social_media__self_play__gemma2_9b__gemma2_9b__opp_sup__s0__1dbd111ff5,0,gpt_pass_1,1.0,2.0,1.0,3.0,3.0,2.0,2.0,mixed,rebut,challenge,rebuttal
q1__social_media__self_play__gemma2_9b__gemma2_9b__opp_sup__s0__1dbd111ff5,1,gpt_pass_1,2.0,2.0,2.0,2.0,2.0,2.0,1.0,mixed,assert,defend,agreement
q1__social_media__self_play__gemma2_9b__gemma2_9b__opp_sup__s0__1dbd111ff5,2,gpt_pass_1,1.0,3.0,1.0,2.0,3.0,1.0,0.0,mixed,assert,defend,clarification
q1__social_media__self_play__gemma2_9b__gemma2_9b__opp_sup__s0__1dbd111ff5,3,gpt_pass_1,2.0,3.0,2.0,2.0,3.0,1.0,1.0,mixed,clarify,defend,synthesis
q1__social_media__self_play__gemma2_9b__gemma2_9b__opp_sup__s0__1dbd111ff5,4,gpt_pass_1,2.0,2.0,2.0,3.0,3.0,2.0,1.0,mixed,rebut,challenge,rebuttal
q1__social_media__self_play__gemma2_9b__gemma2_9b__opp_sup__s0__1dbd111ff5,5,gpt_pass_1,1.0,2.0,2.0,3.0,1.0,1.0,1.0,mixed,assert,defend,agreement
q1__social_media__self_play__gemma2_9b__gemma2_9b__opp_sup__s0__1dbd111ff5,6,gpt_pass_1,1.0,2.0,1.0,2.0,3.0,2.0,2.0,mixed,rebut,defend,rebuttal
q1__social_media__self_play__gemma2_9b__gemma2_9b__opp_sup__s0__1dbd111ff5,7,gpt_pass_1,1.0,2.0,1.0,2.0,2.0,1.0,1.0,mixed,rebut,defend,clarification
q1__social_media__self_play__gemma2_9b__gemma2_9b__opp_sup__s0__1dbd111ff5,8,gpt_pass_1,1.0,3.0,1.0,3.0,2.0,2.0,1.0,mixed,rebut,defend,rebuttal
q1__social_media__self_play__gemma2_9b__gemma2_9b__opp_sup__s0__1dbd111ff5,9,gpt_pass_1,1.0,3.0,2.0,3.0,3.0,1.0,2.0,mixed,assert,defend,agreement
q1__social_media__self_play__gemma2_9b__gemma2_9b__opp_sup__s0__1dbd111ff5,10,gpt_pass_1,2.0,2.0,2.0,2.0,3.0,2.0,1.0,mixed,concede,challenge,concession
q1__social_media__self_play__gemma2_9b__gemma2_9b__opp_sup__s0__1dbd111ff5,11,gpt_pass_1,1.0,1.0,1.0,2.0,2.0,1.0,1.0,mixed,assert,defend,clarification
q1__social_media__self_play__gemma2_9b__gemma2_9b__opp_sup__s0__1dbd111ff5,12,gpt_pass_1,1.0,2.0,1.0,2.0,1.0,2.0,1.0,mixed,rebut,defend,rebuttal
q1__social_media__self_play__gemma2_9b__gemma2_9b__opp_sup__s0__1dbd111ff5,13,gpt_pass_1,2.0,1.0,2.0,2.0,3.0,1.0,1.0,mixed,synthesize,explore,synthesis
q1__social_media__self_play__gemma2_9b__gemma2_9b__opp_sup__s0__1dbd111ff5,14,gpt_pass_1,1.0,0.0,2.0,1.0,2.0,1.0,1.0,positive,close,close,closure
q1__social_media__self_play__gemma2_9b__gemma2_9b__opp_sup__s0__1dbd111ff5,15,gpt_pass_1,2.0,1.0,3.0,3.0,3.0,2.0,2.0,positive,synthesize,explore,synthesis
q1__social_media__self_play__gemma2_9b__gemma2_9b__opp_sup__s0__1dbd111ff5,16,gpt_pass_1,1.0,2.0,3.0,3.0,2.0,0.0,1.0,positive,clarify,explore,clarification
q1__social_media__self_play__gemma2_9b__gemma2_9b__opp_sup__s0__1dbd111ff5,17,gpt_pass_1,2.0,2.0,2.0,2.0,2.0,2.0,2.0,neutral,other,explore,clarification
q1__social_media__self_play__gemma2_9b__gemma2_9b__opp_sup__s0__1dbd111ff5,18,gpt_pass_1,1.0,2.0,1.0,3.0,2.0,2.0,2.0,mixed,rebut,challenge,rebuttal
q1__social_media__self_play__gemma2_9b__gemma2_9b__opp_sup__s0__1dbd111ff5,19,gpt_pass_1,1.0,2.0,2.0,2.0,4.0,1.0,1.0,mixed,clarify,defend,clarification
q1__social_media__self_play__gemma2_9b__gemma2_9b__opp_sup__s0__1dbd111ff5,20,gpt_pass_1,1.0,3.0,1.0,2.0,3.0,1.0,2.0,mixed,assert,defend,rebuttal
q1__social_media__self_play__gemma2_9b__gemma2_9b__opp_sup__s0__1dbd111ff5,21,gpt_pass_1,1.0,2.0,1.0,2.0,3.0,3.0,1.0,mixed,assert,defend,rebuttal
q1__social_media__self_play__gemma2_9b__gemma2_9b__opp_sup__s0__1dbd111ff5,22,gpt_pass_1,1.0,2.0,1.0,3.0,3.0,2.0,1.0,mixed,rebut,defend,rebuttal
q1__social_media__self_play__gemma2_9b__gemma2_9b__opp_sup__s0__1dbd111ff5,23,gpt_pass_1,1.0,2.0,1.0,2.0,3.0,1.0,1.0,mixed,assert,defend,rebuttal
q1__social_media__self_play__gemma2_9b__gemma2_9b__opp_sup__s0__1dbd111ff5,24,gpt_pass_1,1.0,2.0,0.0,2.0,3.0,1.0,1.0,mixed,rebut,defend,rebuttal
q1__social_media__self_play__gemma2_9b__gemma2_9b__opp_sup__s0__1dbd111ff5,25,gpt_pass_1,2.0,1.0,2.0,2.0,3.0,2.0,2.0,mixed,synthesize,explore,synthesis
q1__social_media__self_play__gemma2_9b__gemma2_9b__opp_sup__s0__1dbd111ff5,26,gpt_pass_1,2.0,1.0,2.0,2.0,3.0,2.0,2.0,positive,accommodate,accommodate,accommodation
q1__social_media__self_play__gemma2_9b__gemma2_9b__opp_sup__s0__1dbd111ff5,27,gpt_pass_1,1.0,1.0,2.0,2.0,2.0,1.0,2.0,positive,close,explore,closure
q1__social_media__self_play__gemma2_9b__gemma2_9b__opp_sup__s0__1dbd111ff5,28,gpt_pass_1,2.0,1.0,2.0,2.0,3.0,1.0,2.0,positive,accommodate,accommodate,agreement
q1__social_media__self_play__gemma2_9b__gemma2_9b__opp_sup__s0__1dbd111ff5,29,gpt_pass_1,2.0,1.0,2.0,1.0,2.0,2.0,1.0,positive,close,close,closure
q1__social_media__self_play__gemma2_9b__gemma2_9b__opp_sup__s0__1dbd111ff5,30,gpt_pass_1,2.0,1.0,1.0,1.0,3.0,2.0,2.0,positive,close,close,closure
q1__social_media__self_play__gemma2_9b__gemma2_9b__opp_sup__s0__1dbd111ff5,31,gpt_pass_1,1.0,0.0,0.0,0.0,1.0,0.0,0.0,neutral,close,close,closure
q1__social_media__self_play__gemma2_9b__gemma2_9b__sup_opp__s0__e0512fe0ec,0,gpt_pass_1,1.0,2.0,1.0,3.0,3.0,2.0,1.0,mixed,assert,defend,rebuttal
q1__social_media__self_play__gemma2_9b__gemma2_9b__sup_opp__s0__e0512fe0ec,1,gpt_pass_1,1.0,3.0,1.0,2.0,2.0,2.0,1.0,mixed,rebut,challenge,rebuttal
q1__social_media__self_play__gemma2_9b__gemma2_9b__sup_opp__s0__e0512fe0ec,2,gpt_pass_1,2.0,1.0,2.0,3.0,3.0,1.0,1.0,mixed,clarify,explore,clarification
q1__social_media__self_play__gemma2_9b__gemma2_9b__sup_opp__s0__e0512fe0ec,3,gpt_pass_1,2.0,3.0,1.0,3.0,3.0,1.0,1.0,mixed,rebut,defend,rebuttal
q1__social_media__self_play__gemma2_9b__gemma2_9b__sup_opp__s0__e0512fe0ec,4,gpt_pass_1,1.0,2.0,2.0,3.0,2.0,2.0,2.0,mixed,rebut,defend,rebuttal
q1__social_media__self_play__gemma2_9b__gemma2_9b__sup_opp__s0__e0512fe0ec,5,gpt_pass_1,1.0,3.0,1.0,2.0,3.0,2.0,2.0,mixed,assert,challenge,rebuttal
q1__social_media__self_play__gemma2_9b__gemma2_9b__sup_opp__s0__e0512fe0ec,6,gpt_pass_1,2.0,2.0,2.0,3.0,3.0,2.0,2.0,mixed,assert,defend,agreement
q1__social_media__self_play__gemma2_9b__gemma2_9b__sup_opp__s0__e0512fe0ec,7,gpt_pass_1,1.0,3.0,1.0,3.0,2.0,1.0,2.0,mixed,rebut,defend,rebuttal
q1__social_media__self_play__gemma2_9b__gemma2_9b__sup_opp__s0__e0512fe0ec,8,gpt_pass_1,2.0,2.0,2.0,2.0,3.0,1.0,1.0,mixed,concede,accommodate,agreement
q1__social_media__self_play__gemma2_9b__gemma2_9b__sup_opp__s0__e0512fe0ec,9,gpt_pass_1,2.0,2.0,2.0,2.0,2.0,2.0,1.0,neutral,rebut,challenge,rebuttal
q1__social_media__self_play__gemma2_9b__gemma2_9b__sup_opp__s0__e0512fe0ec,10,gpt_pass_1,1.0,2.0,1.0,2.0,2.0,1.0,1.0,mixed,assert,defend,agreement
q1__social_media__self_play__gemma2_9b__gemma2_9b__sup_opp__s0__e0512fe0ec,11,gpt_pass_1,1.0,2.0,1.0,3.0,2.0,1.0,1.0,mixed,rebut,defend,rebuttal
q1__social_media__self_play__gemma2_9b__gemma2_9b__sup_opp__s0__e0512fe0ec,12,gpt_pass_1,2.0,2.0,2.0,3.0,3.0,1.0,2.0,mixed,assert,defend,agreement
q1__social_media__self_play__gemma2_9b__gemma2_9b__sup_opp__s0__e0512fe0ec,13,gpt_pass_1,1.0,3.0,1.0,2.0,3.0,0.0,1.0,mixed,rebut,defend,rebuttal
q1__social_media__self_play__gemma2_9b__gemma2_9b__sup_opp__s0__e0512fe0ec,14,gpt_pass_1,2.0,2.0,1.0,3.0,3.0,2.0,1.0,mixed,rebut,defend,rebuttal
q1__social_media__self_play__gemma2_9b__gemma2_9b__sup_opp__s0__e0512fe0ec,15,gpt_pass_1,1.0,4.0,2.0,3.0,2.0,0.0,1.0,mixed,rebut,defend,escalation
q1__social_media__self_play__gemma2_9b__gemma2_9b__sup_opp__s0__e0512fe0ec,16,gpt_pass_1,1.0,1.0,1.0,2.0,2.0,1.0,1.0,mixed,assert,defend,clarification
q1__social_media__self_play__gemma2_9b__gemma2_9b__sup_opp__s0__e0512fe0ec,17,gpt_pass_1,1.0,3.0,1.0,3.0,2.0,2.0,1.0,mixed,rebut,defend,rebuttal
q1__social_media__self_play__gemma2_9b__gemma2_9b__sup_opp__s0__e0512fe0ec,18,gpt_pass_1,2.0,2.0,1.0,2.0,2.0,2.0,1.0,mixed,assert,defend,rebuttal
q1__social_media__self_play__gemma2_9b__gemma2_9b__sup_opp__s0__e0512fe0ec,19,gpt_pass_1,1.0,3.0,0.0,2.0,2.0,1.0,0.0,mixed,rebut,defend,rebuttal
q1__social_media__self_play__gemma2_9b__gemma2_9b__sup_opp__s0__e0512fe0ec,20,gpt_pass_1,1.0,3.0,1.0,3.0,3.0,1.0,2.0,mixed,assert,defend,rebuttal
q1__social_media__self_play__gemma2_9b__gemma2_9b__sup_opp__s0__e0512fe0ec,21,gpt_pass_1,1.0,3.0,1.0,3.0,2.0,2.0,1.0,mixed,rebut,challenge,rebuttal
q1__social_media__self_play__gemma2_9b__gemma2_9b__sup_opp__s0__e0512fe0ec,22,gpt_pass_1,2.0,2.0,1.0,3.0,3.0,1.0,1.0,mixed,assert,defend,escalation
q1__social_media__self_play__gemma2_9b__gemma2_9b__sup_opp__s0__e0512fe0ec,23,gpt_pass_1,1.0,3.0,1.0,2.0,3.0,1.0,2.0,negative,rebut,defend,rebuttal
q1__social_media__self_play__gemma2_9b__gemma2_9b__sup_opp__s0__e0512fe0ec,24,gpt_pass_1,2.0,1.0,1.0,3.0,2.0,1.0,1.0,mixed,assert,defend,agreement
q1__social_media__self_play__gemma2_9b__gemma2_9b__sup_opp__s0__e0512fe0ec,25,gpt_pass_1,1.0,3.0,0.0,2.0,3.0,3.0,1.0,mixed,rebut,defend,rebuttal
q1__social_media__self_play__gemma2_9b__gemma2_9b__sup_opp__s0__e0512fe0ec,26,gpt_pass_1,2.0,2.0,1.0,3.0,3.0,2.0,2.0,mixed,assert,defend,agreement
q1__social_media__self_play__gemma2_9b__gemma2_9b__sup_opp__s0__e0512fe0ec,27,gpt_pass_1,2.0,3.0,1.0,2.0,2.0,2.0,2.0,negative,rebut,challenge,rebuttal
q1__social_media__self_play__gemma2_9b__gemma2_9b__sup_opp__s0__e0512fe0ec,28,gpt_pass_1,2.0,2.0,1.0,2.0,3.0,1.0,2.0,mixed,assert,defend,rebuttal
q1__social_media__self_play__gemma2_9b__gemma2_9b__sup_opp__s0__e0512fe0ec,29,gpt_pass_1,1.0,2.0,1.0,1.0,2.0,2.0,1.0,negative,rebut,challenge,rebuttal
q1__social_media__self_play__gemma2_9b__gemma2_9b__sup_opp__s0__e0512fe0ec,30,gpt_pass_1,2.0,1.0,1.0,2.0,2.0,1.0,1.0,mixed,synthesize,accommodate,agreement
q1__social_media__self_play__gemma2_9b__gemma2_9b__sup_opp__s0__e0512fe0ec,31,gpt_pass_1,0.0,4.0,0.0,2.0,2.0,1.0,1.0,negative,assert,challenge,escalation
q1__social_media__self_play__llama3_8b__llama3_8b__opp_sup__s0__de775c4b2e,0,gpt_pass_1,1.0,4.0,0.0,3.0,2.0,1.0,0.0,negative,assert,challenge,rebuttal
q1__social_media__self_play__llama3_8b__llama3_8b__opp_sup__s0__de775c4b2e,1,gpt_pass_1,1.0,3.0,1.0,2.0,2.0,1.0,1.0,mixed,rebut,defend,rebuttal
q1__social_media__self_play__llama3_8b__llama3_8b__opp_sup__s0__de775c4b2e,2,gpt_pass_1,1.0,2.0,1.0,3.0,2.0,2.0,2.0,mixed,rebut,challenge,rebuttal
q1__social_media__self_play__llama3_8b__llama3_8b__opp_sup__s0__de775c4b2e,3,gpt_pass_1,2.0,2.0,2.0,3.0,3.0,2.0,3.0,mixed,assert,defend,clarification
q1__social_media__self_play__llama3_8b__llama3_8b__opp_sup__s0__de775c4b2e,4,gpt_pass_1,2.0,3.0,2.0,2.0,4.0,1.0,1.0,mixed,rebut,challenge,rebuttal
q1__social_media__self_play__llama3_8b__llama3_8b__opp_sup__s0__de775c4b2e,5,gpt_pass_1,1.0,2.0,2.0,2.0,2.0,1.0,1.0,mixed,rebut,defend,rebuttal
q1__social_media__self_play__llama3_8b__llama3_8b__opp_sup__s0__de775c4b2e,6,gpt_pass_1,2.0,3.0,1.0,3.0,3.0,1.0,2.0,mixed,rebut,challenge,rebuttal
q1__social_media__self_play__llama3_8b__llama3_8b__opp_sup__s0__de775c4b2e,7,gpt_pass_1,2.0,2.0,2.0,2.0,3.0,1.0,2.0,mixed,assert,defend,agreement
q1__social_media__self_play__llama3_8b__llama3_8b__opp_sup__s0__de775c4b2e,8,gpt_pass_1,1.0,3.0,1.0,3.0,2.0,1.0,2.0,mixed,rebut,challenge,rebuttal
q1__social_media__self_play__llama3_8b__llama3_8b__opp_sup__s0__de775c4b2e,9,gpt_pass_1,1.0,2.0,2.0,2.0,2.0,1.0,1.0,mixed,rebut,defend,clarification
q1__social_media__self_play__llama3_8b__llama3_8b__opp_sup__s0__de775c4b2e,10,gpt_pass_1,1.0,3.0,1.0,2.0,3.0,1.0,1.0,mixed,rebut,challenge,rebuttal
q1__social_media__self_play__llama3_8b__llama3_8b__opp_sup__s0__de775c4b2e,11,gpt_pass_1,2.0,1.0,2.0,2.0,2.0,2.0,2.0,mixed,clarify,explore,accommodation
q1__social_media__self_play__llama3_8b__llama3_8b__opp_sup__s0__de775c4b2e,12,gpt_pass_1,1.0,3.0,0.0,4.0,3.0,3.0,1.0,mixed,rebut,challenge,rebuttal
q1__social_media__self_play__llama3_8b__llama3_8b__opp_sup__s0__de775c4b2e,13,gpt_pass_1,2.0,2.0,1.0,2.0,2.0,2.0,2.0,mixed,assert,defend,clarification
q1__social_media__self_play__llama3_8b__llama3_8b__opp_sup__s0__de775c4b2e,14,gpt_pass_1,1.0,4.0,1.0,4.0,3.0,0.0,2.0,mixed,rebut,challenge,rebuttal
q1__social_media__self_play__llama3_8b__llama3_8b__opp_sup__s0__de775c4b2e,15,gpt_pass_1,2.0,3.0,1.0,2.0,2.0,1.0,1.0,mixed,synthesize,synthesize,synthesis
q1__social_media__self_play__llama3_8b__llama3_8b__opp_sup__s0__de775c4b2e,16,gpt_pass_1,1.0,3.0,1.0,4.0,3.0,0.0,2.0,mixed,rebut,challenge,rebuttal
q1__social_media__self_play__llama3_8b__llama3_8b__opp_sup__s0__de775c4b2e,17,gpt_pass_1,2.0,3.0,2.0,3.0,3.0,1.0,1.0,mixed,synthesize,resolve,accommodation
q1__social_media__self_play__llama3_8b__llama3_8b__opp_sup__s0__de775c4b2e,18,gpt_pass_1,1.0,3.0,1.0,3.0,2.0,1.0,1.0,mixed,rebut,challenge,rebuttal
q1__social_media__self_play__llama3_8b__llama3_8b__opp_sup__s0__de775c4b2e,19,gpt_pass_1,2.0,2.0,1.0,3.0,3.0,2.0,1.0,mixed,rebut,defend,rebuttal
q1__social_media__self_play__llama3_8b__llama3_8b__opp_sup__s0__de775c4b2e,20,gpt_pass_1,1.0,3.0,0.0,3.0,1.0,1.0,1.0,mixed,rebut,challenge,rebuttal
q1__social_media__self_play__llama3_8b__llama3_8b__opp_sup__s0__de775c4b2e,21,gpt_pass_1,2.0,1.0,1.0,3.0,2.0,2.0,2.0,mixed,assert,defend,clarification
q1__social_media__self_play__llama3_8b__llama3_8b__opp_sup__s0__de775c4b2e,22,gpt_pass_1,0.0,4.0,0.0,3.0,3.0,0.0,0.0,mixed,rebut,defend,rebuttal
q1__social_media__self_play__llama3_8b__llama3_8b__opp_sup__s0__de775c4b2e,23,gpt_pass_1,2.0,2.0,2.0,2.0,3.0,1.0,1.0,mixed,assert,defend,rebuttal
q1__social_media__self_play__llama3_8b__llama3_8b__opp_sup__s0__de775c4b2e,24,gpt_pass_1,1.0,3.0,1.0,2.0,2.0,1.0,1.0,mixed,rebut,challenge,rebuttal
q1__social_media__self_play__llama3_8b__llama3_8b__opp_sup__s0__de775c4b2e,25,gpt_pass_1,2.0,2.0,2.0,3.0,3.0,2.0,2.0,mixed,assert,defend,agreement
q1__social_media__self_play__llama3_8b__llama3_8b__opp_sup__s0__de775c4b2e,26,gpt_pass_1,1.0,4.0,2.0,3.0,3.0,0.0,1.0,mixed,rebut,challenge,rebuttal
q1__social_media__self_play__llama3_8b__llama3_8b__opp_sup__s0__de775c4b2e,27,gpt_pass_1,1.0,2.0,1.0,2.0,2.0,2.0,2.0,mixed,clarify,defend,clarification
q1__social_media__self_play__llama3_8b__llama3_8b__opp_sup__s0__de775c4b2e,28,gpt_pass_1,1.0,3.0,1.0,2.0,2.0,1.0,2.0,mixed,rebut,challenge,rebuttal
q1__social_media__self_play__llama3_8b__llama3_8b__opp_sup__s0__de775c4b2e,29,gpt_pass_1,1.0,1.0,2.0,3.0,2.0,1.0,2.0,mixed,clarify,defend,synthesis
q1__social_media__self_play__llama3_8b__llama3_8b__opp_sup__s0__de775c4b2e,30,gpt_pass_1,1.0,3.0,1.0,3.0,3.0,1.0,1.0,mixed,rebut,challenge,rebuttal
q1__social_media__self_play__llama3_8b__llama3_8b__opp_sup__s0__de775c4b2e,31,gpt_pass_1,2.0,2.0,1.0,3.0,1.0,1.0,1.0,mixed,assert,defend,rebuttal
q1__social_media__self_play__llama3_8b__llama3_8b__sup_opp__s0__7c7d84d19b,0,gpt_pass_1,1.0,3.0,0.0,3.0,2.0,1.0,1.0,mixed,assert,defend,rebuttal
q1__social_media__self_play__llama3_8b__llama3_8b__sup_opp__s0__7c7d84d19b,1,gpt_pass_1,1.0,3.0,1.0,3.0,2.0,2.0,1.0,mixed,rebut,challenge,rebuttal
q1__social_media__self_play__llama3_8b__llama3_8b__sup_opp__s0__7c7d84d19b,2,gpt_pass_1,2.0,2.0,1.0,2.0,2.0,2.0,3.0,neutral,clarify,clarify,clarification
q1__social_media__self_play__llama3_8b__llama3_8b__sup_opp__s0__7c7d84d19b,3,gpt_pass_1,1.0,3.0,1.0,2.0,2.0,1.0,1.0,mixed,rebut,defend,rebuttal
q1__social_media__self_play__llama3_8b__llama3_8b__sup_opp__s0__7c7d84d19b,4,gpt_pass_1,2.0,3.0,1.0,3.0,3.0,1.0,1.0,mixed,rebut,defend,rebuttal
q1__social_media__self_play__llama3_8b__llama3_8b__sup_opp__s0__7c7d84d19b,5,gpt_pass_1,0.0,4.0,1.0,2.0,2.0,1.0,1.0,mixed,rebut,challenge,rebuttal
q1__social_media__self_play__llama3_8b__llama3_8b__sup_opp__s0__7c7d84d19b,6,gpt_pass_1,1.0,3.0,2.0,2.0,3.0,2.0,1.0,mixed,assert,defend,rebuttal
q1__social_media__self_play__llama3_8b__llama3_8b__sup_opp__s0__7c7d84d19b,7,gpt_pass_1,0.0,4.0,0.0,3.0,2.0,2.0,1.0,mixed,rebut,defend,rebuttal
q1__social_media__self_play__llama3_8b__llama3_8b__sup_opp__s0__7c7d84d19b,8,gpt_pass_1,2.0,1.0,2.0,3.0,3.0,1.0,3.0,mixed,rebut,defend,rebuttal
q1__social_media__self_play__llama3_8b__llama3_8b__sup_opp__s0__7c7d84d19b,9,gpt_pass_1,1.0,3.0,1.0,3.0,3.0,1.0,1.0,mixed,rebut,challenge,rebuttal
q1__social_media__self_play__llama3_8b__llama3_8b__sup_opp__s0__7c7d84d19b,10,gpt_pass_1,2.0,2.0,1.0,2.0,2.0,1.0,1.0,mixed,clarify,defend,clarification
q1__social_media__self_play__llama3_8b__llama3_8b__sup_opp__s0__7c7d84d19b,11,gpt_pass_1,0.0,4.0,1.0,3.0,2.0,2.0,1.0,mixed,rebut,challenge,rebuttal
q1__social_media__self_play__llama3_8b__llama3_8b__sup_opp__s0__7c7d84d19b,12,gpt_pass_1,2.0,2.0,2.0,3.0,3.0,1.0,1.0,mixed,rebut,defend,rebuttal
q1__social_media__self_play__llama3_8b__llama3_8b__sup_opp__s0__7c7d84d19b,13,gpt_pass_1,0.0,3.0,0.0,3.0,2.0,0.0,0.0,mixed,rebut,challenge,rebuttal
q1__social_media__self_play__llama3_8b__llama3_8b__sup_opp__s0__7c7d84d19b,14,gpt_pass_1,2.0,2.0,1.0,2.0,2.0,2.0,1.0,mixed,assert,defend,rebuttal
q1__social_media__self_play__llama3_8b__llama3_8b__sup_opp__s0__7c7d84d19b,15,gpt_pass_1,2.0,3.0,1.0,3.0,2.0,2.0,2.0,mixed,assert,defend,rebuttal
q1__social_media__self_play__llama3_8b__llama3_8b__sup_opp__s0__7c7d84d19b,16,gpt_pass_1,2.0,3.0,2.0,2.0,3.0,2.0,1.0,mixed,synthesize,explore,agreement
q1__social_media__self_play__llama3_8b__llama3_8b__sup_opp__s0__7c7d84d19b,17,gpt_pass_1,1.0,4.0,1.0,3.0,3.0,0.0,1.0,mixed,rebut,challenge,rebuttal
q1__social_media__self_play__llama3_8b__llama3_8b__sup_opp__s0__7c7d84d19b,18,gpt_pass_1,1.0,3.0,1.0,3.0,2.0,2.0,1.0,mixed,rebut,challenge,rebuttal
q1__social_media__self_play__llama3_8b__llama3_8b__sup_opp__s0__7c7d84d19b,19,gpt_pass_1,1.0,3.0,0.0,2.0,2.0,3.0,1.0,negative,assert,defend,rebuttal
q1__social_media__self_play__llama3_8b__llama3_8b__sup_opp__s0__7c7d84d19b,20,gpt_pass_1,3.0,1.0,3.0,2.0,2.0,1.0,2.0,mixed,assert,defend,agreement
q1__social_media__self_play__llama3_8b__llama3_8b__sup_opp__s0__7c7d84d19b,21,gpt_pass_1,1.0,3.0,1.0,3.0,2.0,1.0,1.0,mixed,rebut,challenge,escalation
q1__social_media__self_play__llama3_8b__llama3_8b__sup_opp__s0__7c7d84d19b,22,gpt_pass_1,2.0,2.0,2.0,3.0,3.0,1.0,2.0,mixed,clarify,defend,clarification
q1__social_media__self_play__llama3_8b__llama3_8b__sup_opp__s0__7c7d84d19b,23,gpt_pass_1,1.0,3.0,1.0,2.0,2.0,1.0,1.0,mixed,clarify,challenge,uncertain
q1__social_media__self_play__llama3_8b__llama3_8b__sup_opp__s0__7c7d84d19b,24,gpt_pass_1,2.0,2.0,1.0,3.0,2.0,1.0,2.0,mixed,rebut,defend,rebuttal
q1__social_media__self_play__llama3_8b__llama3_8b__sup_opp__s0__7c7d84d19b,25,gpt_pass_1,1.0,2.0,1.0,3.0,2.0,1.0,1.0,negative,rebut,challenge,rebuttal
q1__social_media__self_play__llama3_8b__llama3_8b__sup_opp__s0__7c7d84d19b,26,gpt_pass_1,2.0,2.0,2.0,3.0,3.0,1.0,2.0,mixed,clarify,clarify,synthesis
q1__social_media__self_play__llama3_8b__llama3_8b__sup_opp__s0__7c7d84d19b,27,gpt_pass_1,1.0,3.0,0.0,3.0,3.0,3.0,1.0,negative,rebut,defend,rebuttal
q1__social_media__self_play__llama3_8b__llama3_8b__sup_opp__s0__7c7d84d19b,28,gpt_pass_1,1.0,3.0,2.0,3.0,2.0,2.0,1.0,mixed,rebut,defend,rebuttal
q1__social_media__self_play__llama3_8b__llama3_8b__sup_opp__s0__7c7d84d19b,29,gpt_pass_1,0.0,4.0,0.0,3.0,3.0,0.0,0.0,mixed,assert,challenge,escalation
q1__social_media__self_play__llama3_8b__llama3_8b__sup_opp__s0__7c7d84d19b,30,gpt_pass_1,2.0,2.0,2.0,2.0,2.0,1.0,3.0,mixed,clarify,defend,clarification
q1__social_media__self_play__llama3_8b__llama3_8b__sup_opp__s0__7c7d84d19b,31,gpt_pass_1,1.0,3.0,1.0,3.0,1.0,2.0,2.0,negative,rebut,challenge,rebuttal
q1__social_media__self_play__qwen2_5_3b__qwen2_5_3b__opp_sup__s0__53010ab7a4,0,gpt_pass_1,1.0,3.0,1.0,3.0,3.0,1.0,2.0,mixed,rebut,challenge,rebuttal
q1__social_media__self_play__qwen2_5_3b__qwen2_5_3b__opp_sup__s0__53010ab7a4,1,gpt_pass_1,2.0,2.0,1.0,3.0,2.0,1.0,1.0,mixed,clarify,explore,clarification
q1__social_media__self_play__qwen2_5_3b__qwen2_5_3b__opp_sup__s0__53010ab7a4,2,gpt_pass_1,1.0,2.0,1.0,2.0,3.0,1.0,1.0,neutral,rebut,challenge,rebuttal
q1__social_media__self_play__qwen2_5_3b__qwen2_5_3b__opp_sup__s0__53010ab7a4,3,gpt_pass_1,2.0,2.0,2.0,3.0,3.0,2.0,1.0,mixed,assert,defend,rebuttal
q1__social_media__self_play__qwen2_5_3b__qwen2_5_3b__opp_sup__s0__53010ab7a4,4,gpt_pass_1,1.0,2.0,1.0,3.0,2.0,1.0,1.0,negative,rebut,challenge,escalation
q1__social_media__self_play__qwen2_5_3b__qwen2_5_3b__opp_sup__s0__53010ab7a4,5,gpt_pass_1,1.0,2.0,1.0,2.0,3.0,2.0,1.0,mixed,assert,defend,agreement
q1__social_media__self_play__qwen2_5_3b__qwen2_5_3b__opp_sup__s0__53010ab7a4,6,gpt_pass_1,1.0,2.0,1.0,2.0,2.0,2.0,1.0,mixed,rebut,challenge,clarification
q1__social_media__self_play__qwen2_5_3b__qwen2_5_3b__opp_sup__s0__53010ab7a4,7,gpt_pass_1,1.0,2.0,2.0,2.0,2.0,1.0,1.0,mixed,synthesize,explore,synthesis
q1__social_media__self_play__qwen2_5_3b__qwen2_5_3b__opp_sup__s0__53010ab7a4,8,gpt_pass_1,1.0,2.0,1.0,2.0,3.0,1.0,2.0,negative,rebut,defend,rebuttal
q1__social_media__self_play__qwen2_5_3b__qwen2_5_3b__opp_sup__s0__53010ab7a4,9,gpt_pass_1,1.0,2.0,2.0,2.0,2.0,2.0,1.0,mixed,synthesize,explore,synthesis
q1__social_media__self_play__qwen2_5_3b__qwen2_5_3b__opp_sup__s0__53010ab7a4,10,gpt_pass_1,1.0,2.0,0.0,2.0,2.0,1.0,2.0,neutral,rebut,challenge,rebuttal
q1__social_media__self_play__qwen2_5_3b__qwen2_5_3b__opp_sup__s0__53010ab7a4,11,gpt_pass_1,1.0,2.0,2.0,2.0,2.0,2.0,2.0,mixed,clarify,challenge,clarification
q1__social_media__self_play__qwen2_5_3b__qwen2_5_3b__opp_sup__s0__53010ab7a4,12,gpt_pass_1,1.0,2.0,1.0,3.0,3.0,2.0,2.0,mixed,rebut,challenge,rebuttal
q1__social_media__self_play__qwen2_5_3b__qwen2_5_3b__opp_sup__s0__53010ab7a4,13,gpt_pass_1,1.0,2.0,2.0,2.0,2.0,2.0,1.0,mixed,clarify,explore,clarification
q1__social_media__self_play__qwen2_5_3b__qwen2_5_3b__opp_sup__s0__53010ab7a4,14,gpt_pass_1,1.0,2.0,2.0,3.0,2.0,2.0,1.0,negative,rebut,challenge,rebuttal
q1__social_media__self_play__qwen2_5_3b__qwen2_5_3b__opp_sup__s0__53010ab7a4,15,gpt_pass_1,1.0,2.0,1.0,2.0,2.0,2.0,1.0,mixed,assert,defend,clarification
q1__social_media__self_play__qwen2_5_3b__qwen2_5_3b__opp_sup__s0__53010ab7a4,16,gpt_pass_1,1.0,3.0,1.0,2.0,2.0,0.0,2.0,mixed,rebut,defend,rebuttal
q1__social_media__self_play__qwen2_5_3b__qwen2_5_3b__opp_sup__s0__53010ab7a4,17,gpt_pass_1,1.0,2.0,1.0,3.0,3.0,2.0,1.0,mixed,clarify,explore,clarification
q1__social_media__self_play__qwen2_5_3b__qwen2_5_3b__opp_sup__s0__53010ab7a4,18,gpt_pass_1,2.0,4.0,1.0,2.0,3.0,0.0,1.0,negative,rebut,challenge,rebuttal
q1__social_media__self_play__qwen2_5_3b__qwen2_5_3b__opp_sup__s0__53010ab7a4,19,gpt_pass_1,1.0,2.0,1.0,3.0,2.0,2.0,1.0,mixed,assert,defend,rebuttal
q1__social_media__self_play__qwen2_5_3b__qwen2_5_3b__opp_sup__s0__53010ab7a4,20,gpt_pass_1,1.0,3.0,2.0,3.0,2.0,1.0,2.0,negative,rebut,challenge,rebuttal
q1__social_media__self_play__qwen2_5_3b__qwen2_5_3b__opp_sup__s0__53010ab7a4,21,gpt_pass_1,1.0,2.0,1.0,2.0,3.0,1.0,1.0,neutral,clarify,defend,clarification
q1__social_media__self_play__qwen2_5_3b__qwen2_5_3b__opp_sup__s0__53010ab7a4,22,gpt_pass_1,1.0,3.0,1.0,3.0,2.0,2.0,1.0,negative,rebut,challenge,escalation
q1__social_media__self_play__qwen2_5_3b__qwen2_5_3b__opp_sup__s0__53010ab7a4,23,gpt_pass_1,2.0,2.0,1.0,2.0,3.0,2.0,1.0,mixed,assert,defend,clarification
q1__social_media__self_play__qwen2_5_3b__qwen2_5_3b__opp_sup__s0__53010ab7a4,24,gpt_pass_1,1.0,3.0,1.0,3.0,2.0,2.0,1.0,negative,rebut,challenge,rebuttal
q1__social_media__self_play__qwen2_5_3b__qwen2_5_3b__opp_sup__s0__53010ab7a4,25,gpt_pass_1,2.0,2.0,1.0,2.0,2.0,1.0,1.0,mixed,clarify,challenge,clarification
q1__social_media__self_play__qwen2_5_3b__qwen2_5_3b__opp_sup__s0__53010ab7a4,26,gpt_pass_1,1.0,3.0,1.0,3.0,2.0,1.0,2.0,mixed,rebut,challenge,rebuttal
q1__social_media__self_play__qwen2_5_3b__qwen2_5_3b__opp_sup__s0__53010ab7a4,27,gpt_pass_1,1.0,1.0,1.0,3.0,2.0,2.0,2.0,mixed,assert,defend,rebuttal
q1__social_media__self_play__qwen2_5_3b__qwen2_5_3b__opp_sup__s0__53010ab7a4,28,gpt_pass_1,2.0,3.0,1.0,3.0,3.0,1.0,1.0,mixed,rebut,challenge,rebuttal
q1__social_media__self_play__qwen2_5_3b__qwen2_5_3b__opp_sup__s0__53010ab7a4,29,gpt_pass_1,1.0,3.0,1.0,2.0,2.0,1.0,1.0,mixed,assert,defend,rebuttal
q1__social_media__self_play__qwen2_5_3b__qwen2_5_3b__opp_sup__s0__53010ab7a4,30,gpt_pass_1,1.0,2.0,1.0,3.0,2.0,2.0,1.0,mixed,rebut,challenge,rebuttal
q1__social_media__self_play__qwen2_5_3b__qwen2_5_3b__opp_sup__s0__53010ab7a4,31,gpt_pass_1,2.0,3.0,1.0,3.0,3.0,1.0,2.0,mixed,assert,defend,uncertain
q1__social_media__self_play__qwen2_5_3b__qwen2_5_3b__sup_opp__s0__c424c76bff,0,gpt_pass_1,1.0,2.0,1.0,2.0,2.0,1.0,1.0,positive,assert,defend,agreement
q1__social_media__self_play__qwen2_5_3b__qwen2_5_3b__sup_opp__s0__c424c76bff,1,gpt_pass_1,1.0,2.0,1.0,2.0,3.0,2.0,1.0,negative,rebut,challenge,rebuttal
q1__social_media__self_play__qwen2_5_3b__qwen2_5_3b__sup_opp__s0__c424c76bff,2,gpt_pass_1,1.0,2.0,1.0,3.0,2.0,1.0,1.0,mixed,assert,defend,rebuttal
q1__social_media__self_play__qwen2_5_3b__qwen2_5_3b__sup_opp__s0__c424c76bff,3,gpt_pass_1,1.0,2.0,1.0,2.0,2.0,1.0,2.0,mixed,assert,challenge,rebuttal
q1__social_media__self_play__qwen2_5_3b__qwen2_5_3b__sup_opp__s0__c424c76bff,4,gpt_pass_1,2.0,2.0,2.0,3.0,2.0,1.0,1.0,mixed,synthesize,defend,synthesis
q1__social_media__self_play__qwen2_5_3b__qwen2_5_3b__sup_opp__s0__c424c76bff,5,gpt_pass_1,1.0,2.0,1.0,2.0,2.0,1.0,2.0,mixed,rebut,defend,rebuttal
q1__social_media__self_play__qwen2_5_3b__qwen2_5_3b__sup_opp__s0__c424c76bff,6,gpt_pass_1,1.0,1.0,1.0,1.0,2.0,1.0,1.0,neutral,other,explore,clarification
q1__social_media__self_play__qwen2_5_3b__qwen2_5_3b__sup_opp__s0__c424c76bff,7,gpt_pass_1,1.0,2.0,1.0,2.0,3.0,2.0,2.0,mixed,rebut,challenge,rebuttal
q1__social_media__self_play__qwen2_5_3b__qwen2_5_3b__sup_opp__s0__c424c76bff,8,gpt_pass_1,1.0,1.0,0.0,1.0,3.0,0.0,1.0,positive,assert,defend,rebuttal
q1__social_media__self_play__qwen2_5_3b__qwen2_5_3b__sup_opp__s0__c424c76bff,9,gpt_pass_1,1.0,3.0,1.0,3.0,2.0,2.0,1.0,mixed,rebut,challenge,escalation
q1__social_media__self_play__qwen2_5_3b__qwen2_5_3b__sup_opp__s0__c424c76bff,10,gpt_pass_1,1.0,2.0,1.0,2.0,2.0,1.0,2.0,mixed,synthesize,persuade,synthesis
q1__social_media__self_play__qwen2_5_3b__qwen2_5_3b__sup_opp__s0__c424c76bff,11,gpt_pass_1,1.0,3.0,0.0,2.0,2.0,1.0,2.0,negative,rebut,challenge,rebuttal
q1__social_media__self_play__qwen2_5_3b__qwen2_5_3b__sup_opp__s0__c424c76bff,12,gpt_pass_1,2.0,2.0,1.0,2.0,2.0,2.0,1.0,positive,assert,defend,agreement
q1__social_media__self_play__qwen2_5_3b__qwen2_5_3b__sup_opp__s0__c424c76bff,13,gpt_pass_1,1.0,3.0,0.0,2.0,3.0,4.0,1.0,mixed,rebut,challenge,escalation
q1__social_media__self_play__qwen2_5_3b__qwen2_5_3b__sup_opp__s0__c424c76bff,14,gpt_pass_1,1.0,1.0,2.0,1.0,2.0,1.0,1.0,positive,clarify,explore,agreement
q1__social_media__self_play__qwen2_5_3b__qwen2_5_3b__sup_opp__s0__c424c76bff,15,gpt_pass_1,1.0,2.0,1.0,3.0,3.0,2.0,1.0,negative,rebut,challenge,rebuttal
q1__social_media__self_play__qwen2_5_3b__qwen2_5_3b__sup_opp__s0__c424c76bff,16,gpt_pass_1,1.0,2.0,1.0,3.0,3.0,1.0,2.0,mixed,assert,defend,agreement
q1__social_media__self_play__qwen2_5_3b__qwen2_5_3b__sup_opp__s0__c424c76bff,17,gpt_pass_1,1.0,4.0,0.0,2.0,3.0,4.0,0.0,negative,rebut,challenge,rebuttal
q1__social_media__self_play__qwen2_5_3b__qwen2_5_3b__sup_opp__s0__c424c76bff,18,gpt_pass_1,1.0,2.0,1.0,3.0,2.0,1.0,1.0,neutral,assert,defend,agreement
q1__social_media__self_play__qwen2_5_3b__qwen2_5_3b__sup_opp__s0__c424c76bff,19,gpt_pass_1,1.0,3.0,1.0,2.0,2.0,2.0,1.0,mixed,rebut,challenge,escalation
q1__social_media__self_play__qwen2_5_3b__qwen2_5_3b__sup_opp__s0__c424c76bff,20,gpt_pass_1,2.0,1.0,1.0,1.0,2.0,1.0,1.0,positive,assert,defend,agreement
q1__social_media__self_play__qwen2_5_3b__qwen2_5_3b__sup_opp__s0__c424c76bff,21,gpt_pass_1,1.0,3.0,1.0,3.0,2.0,3.0,2.0,negative,rebut,challenge,rebuttal
q1__social_media__self_play__qwen2_5_3b__qwen2_5_3b__sup_opp__s0__c424c76bff,22,gpt_pass_1,1.0,2.0,1.0,2.0,2.0,2.0,1.0,mixed,assert,persuade,agreement
q1__social_media__self_play__qwen2_5_3b__qwen2_5_3b__sup_opp__s0__c424c76bff,23,gpt_pass_1,1.0,3.0,1.0,3.0,2.0,1.0,1.0,mixed,rebut,challenge,rebuttal
q1__social_media__self_play__qwen2_5_3b__qwen2_5_3b__sup_opp__s0__c424c76bff,24,gpt_pass_1,1.0,1.0,1.0,2.0,2.0,1.0,1.0,mixed,assert,defend,rebuttal
q1__social_media__self_play__qwen2_5_3b__qwen2_5_3b__sup_opp__s0__c424c76bff,25,gpt_pass_1,1.0,3.0,0.0,3.0,2.0,1.0,1.0,negative,rebut,challenge,rebuttal
q1__social_media__self_play__qwen2_5_3b__qwen2_5_3b__sup_opp__s0__c424c76bff,26,gpt_pass_1,2.0,2.0,1.0,3.0,3.0,1.0,1.0,mixed,synthesize,resolve,synthesis
q1__social_media__self_play__qwen2_5_3b__qwen2_5_3b__sup_opp__s0__c424c76bff,27,gpt_pass_1,1.0,2.0,1.0,3.0,2.0,2.0,1.0,mixed,rebut,challenge,rebuttal
q1__social_media__self_play__qwen2_5_3b__qwen2_5_3b__sup_opp__s0__c424c76bff,28,gpt_pass_1,1.0,2.0,1.0,2.0,2.0,1.0,1.0,positive,assert,defend,agreement
q1__social_media__self_play__qwen2_5_3b__qwen2_5_3b__sup_opp__s0__c424c76bff,29,gpt_pass_1,1.0,2.0,2.0,2.0,2.0,2.0,1.0,negative,rebut,defend,rebuttal
q1__social_media__self_play__qwen2_5_3b__qwen2_5_3b__sup_opp__s0__c424c76bff,30,gpt_pass_1,1.0,1.0,1.0,1.0,2.0,1.0,1.0,positive,assert,defend,agreement
q1__social_media__self_play__qwen2_5_3b__qwen2_5_3b__sup_opp__s0__c424c76bff,31,gpt_pass_1,2.0,2.0,1.0,3.0,3.0,2.0,1.0,mixed,rebut,challenge,rebuttal
q1__zoos__mixed_play__gemma2_9b__qwen2_5_3b__opp_sup__s0__3eb23a4715,0,gpt_pass_1,1.0,2.0,1.0,3.0,3.0,2.0,1.0,mixed,rebut,challenge,rebuttal
q1__zoos__mixed_play__gemma2_9b__qwen2_5_3b__opp_sup__s0__3eb23a4715,1,gpt_pass_1,1.0,2.0,1.0,2.0,2.0,2.0,0.0,mixed,rebut,defend,rebuttal
q1__zoos__mixed_play__gemma2_9b__qwen2_5_3b__opp_sup__s0__3eb23a4715,2,gpt_pass_1,1.0,3.0,1.0,2.0,3.0,1.0,0.0,mixed,assert,defend,clarification
q1__zoos__mixed_play__gemma2_9b__qwen2_5_3b__opp_sup__s0__3eb23a4715,3,gpt_pass_1,2.0,3.0,1.0,3.0,2.0,1.0,1.0,mixed,assert,defend,rebuttal
q1__zoos__mixed_play__gemma2_9b__qwen2_5_3b__opp_sup__s0__3eb23a4715,4,gpt_pass_1,1.0,2.0,1.0,3.0,3.0,2.0,1.0,mixed,rebut,challenge,rebuttal
q1__zoos__mixed_play__gemma2_9b__qwen2_5_3b__opp_sup__s0__3eb23a4715,5,gpt_pass_1,1.0,2.0,1.0,3.0,2.0,1.0,1.0,mixed,assert,defend,agreement
q1__zoos__mixed_play__gemma2_9b__qwen2_5_3b__opp_sup__s0__3eb23a4715,6,gpt_pass_1,1.0,2.0,1.0,2.0,3.0,2.0,2.0,mixed,rebut,defend,rebuttal
q1__zoos__mixed_play__gemma2_9b__qwen2_5_3b__opp_sup__s0__3eb23a4715,7,gpt_pass_1,1.0,3.0,1.0,2.0,2.0,1.0,1.0,mixed,rebut,defend,clarification
q1__zoos__mixed_play__gemma2_9b__qwen2_5_3b__opp_sup__s0__3eb23a4715,8,gpt_pass_1,1.0,3.0,1.0,3.0,2.0,2.0,1.0,mixed,rebut,defend,rebuttal
q1__zoos__mixed_play__gemma2_9b__qwen2_5_3b__opp_sup__s0__3eb23a4715,9,gpt_pass_1,1.0,3.0,2.0,4.0,3.0,1.0,2.0,mixed,clarify,defend,clarification
q1__zoos__mixed_play__gemma2_9b__qwen2_5_3b__opp_sup__s0__3eb23a4715,10,gpt_pass_1,2.0,2.0,2.0,2.0,3.0,2.0,1.0,mixed,assert,defend,escalation
q1__zoos__mixed_play__gemma2_9b__qwen2_5_3b__opp_sup__s0__3eb23a4715,11,gpt_pass_1,1.0,1.0,1.0,2.0,2.0,1.0,1.0,mixed,assert,defend,clarification
q1__zoos__mixed_play__gemma2_9b__qwen2_5_3b__opp_sup__s0__3eb23a4715,12,gpt_pass_1,1.0,2.0,2.0,2.0,2.0,2.0,1.0,mixed,rebut,defend,rebuttal
q1__zoos__mixed_play__gemma2_9b__qwen2_5_3b__opp_sup__s0__3eb23a4715,13,gpt_pass_1,1.0,2.0,1.0,2.0,2.0,2.0,2.0,mixed,clarify,challenge,clarification
q1__zoos__mixed_play__gemma2_9b__qwen2_5_3b__opp_sup__s0__3eb23a4715,14,gpt_pass_1,1.0,3.0,1.0,2.0,2.0,2.0,1.0,mixed,rebut,defend,rebuttal
q1__zoos__mixed_play__gemma2_9b__qwen2_5_3b__opp_sup__s0__3eb23a4715,15,gpt_pass_1,2.0,2.0,2.0,3.0,3.0,2.0,2.0,mixed,synthesize,resolve,synthesis
q1__zoos__mixed_play__gemma2_9b__qwen2_5_3b__opp_sup__s0__3eb23a4715,16,gpt_pass_1,1.0,3.0,2.0,4.0,2.0,1.0,1.0,mixed,rebut,defend,uncertain
q1__zoos__mixed_play__gemma2_9b__qwen2_5_3b__opp_sup__s0__3eb23a4715,17,gpt_pass_1,2.0,2.0,2.0,2.0,2.0,2.0,2.0,mixed,synthesize,resolve,synthesis
q1__zoos__mixed_play__gemma2_9b__qwen2_5_3b__opp_sup__s0__3eb23a4715,18,gpt_pass_1,1.0,2.0,1.0,3.0,2.0,2.0,2.0,mixed,rebut,challenge,rebuttal
q1__zoos__mixed_play__gemma2_9b__qwen2_5_3b__opp_sup__s0__3eb23a4715,19,gpt_pass_1,1.0,2.0,2.0,2.0,3.0,1.0,1.0,mixed,clarify,persuade,clarification
q1__zoos__mixed_play__gemma2_9b__qwen2_5_3b__opp_sup__s0__3eb23a4715,20,gpt_pass_1,1.0,3.0,1.0,2.0,3.0,1.0,2.0,mixed,assert,defend,rebuttal
q1__zoos__mixed_play__gemma2_9b__qwen2_5_3b__opp_sup__s0__3eb23a4715,21,gpt_pass_1,1.0,2.0,1.0,2.0,3.0,3.0,1.0,mixed,clarify,synthesize,clarification
q1__zoos__mixed_play__gemma2_9b__qwen2_5_3b__opp_sup__s0__3eb23a4715,22,gpt_pass_1,1.0,2.0,1.0,3.0,3.0,2.0,1.0,mixed,rebut,defend,rebuttal
q1__zoos__mixed_play__gemma2_9b__qwen2_5_3b__opp_sup__s0__3eb23a4715,23,gpt_pass_1,1.0,2.0,1.0,2.0,3.0,1.0,1.0,mixed,assert,defend,rebuttal
q1__zoos__mixed_play__gemma2_9b__qwen2_5_3b__opp_sup__s0__3eb23a4715,24,gpt_pass_1,1.0,2.0,1.0,2.0,3.0,1.0,1.0,mixed,rebut,defend,rebuttal
q1__zoos__mixed_play__gemma2_9b__qwen2_5_3b__opp_sup__s0__3eb23a4715,25,gpt_pass_1,2.0,2.0,2.0,3.0,3.0,2.0,2.0,mixed,synthesize,resolve,synthesis
q1__zoos__mixed_play__gemma2_9b__qwen2_5_3b__opp_sup__s0__3eb23a4715,26,gpt_pass_1,1.0,2.0,1.0,2.0,2.0,2.0,1.0,mixed,rebut,defend,rebuttal
q1__zoos__mixed_play__gemma2_9b__qwen2_5_3b__opp_sup__s0__3eb23a4715,27,gpt_pass_1,1.0,2.0,2.0,3.0,2.0,1.0,2.0,mixed,clarify,accommodate,clarification
q1__zoos__mixed_play__gemma2_9b__qwen2_5_3b__opp_sup__s0__3eb23a4715,28,gpt_pass_1,1.0,2.0,1.0,2.0,3.0,2.0,2.0,mixed,rebut,defend,rebuttal
q1__zoos__mixed_play__gemma2_9b__qwen2_5_3b__opp_sup__s0__3eb23a4715,29,gpt_pass_1,2.0,3.0,2.0,3.0,2.0,1.0,1.0,mixed,clarify,defend,clarification
q1__zoos__mixed_play__gemma2_9b__qwen2_5_3b__opp_sup__s0__3eb23a4715,30,gpt_pass_1,1.0,3.0,1.0,2.0,2.0,1.0,1.0,mixed,assert,defend,rebuttal
q1__zoos__mixed_play__gemma2_9b__qwen2_5_3b__opp_sup__s0__3eb23a4715,31,gpt_pass_1,1.0,1.0,2.0,1.0,2.0,1.0,1.0,mixed,clarify,defend,rebuttal
q1__zoos__mixed_play__gemma2_9b__qwen2_5_3b__sup_opp__s0__f60e660fa6,0,gpt_pass_1,1.0,2.0,1.0,3.0,3.0,2.0,1.0,mixed,assert,defend,rebuttal
q1__zoos__mixed_play__gemma2_9b__qwen2_5_3b__sup_opp__s0__f60e660fa6,1,gpt_pass_1,1.0,3.0,1.0,2.0,2.0,2.0,1.0,mixed,rebut,challenge,rebuttal
q1__zoos__mixed_play__gemma2_9b__qwen2_5_3b__sup_opp__s0__f60e660fa6,2,gpt_pass_1,2.0,3.0,1.0,3.0,3.0,2.0,1.0,mixed,rebut,defend,rebuttal
q1__zoos__mixed_play__gemma2_9b__qwen2_5_3b__sup_opp__s0__f60e660fa6,3,gpt_pass_1,2.0,3.0,1.0,2.0,3.0,1.0,1.0,mixed,rebut,challenge,rebuttal
q1__zoos__mixed_play__gemma2_9b__qwen2_5_3b__sup_opp__s0__f60e660fa6,4,gpt_pass_1,2.0,2.0,2.0,3.0,3.0,2.0,2.0,mixed,rebut,defend,rebuttal
q1__zoos__mixed_play__gemma2_9b__qwen2_5_3b__sup_opp__s0__f60e660fa6,5,gpt_pass_1,1.0,3.0,1.0,2.0,3.0,2.0,2.0,mixed,assert,challenge,rebuttal
q1__zoos__mixed_play__gemma2_9b__qwen2_5_3b__sup_opp__s0__f60e660fa6,6,gpt_pass_1,2.0,2.0,2.0,3.0,3.0,2.0,2.0,mixed,assert,defend,agreement
q1__zoos__mixed_play__gemma2_9b__qwen2_5_3b__sup_opp__s0__f60e660fa6,7,gpt_pass_1,1.0,3.0,1.0,3.0,2.0,1.0,2.0,mixed,rebut,challenge,rebuttal
q1__zoos__mixed_play__gemma2_9b__qwen2_5_3b__sup_opp__s0__f60e660fa6,8,gpt_pass_1,2.0,3.0,1.0,2.0,2.0,1.0,0.0,mixed,assert,defend,rebuttal
q1__zoos__mixed_play__gemma2_9b__qwen2_5_3b__sup_opp__s0__f60e660fa6,9,gpt_pass_1,2.0,2.0,2.0,2.0,2.0,1.0,2.0,mixed,rebut,challenge,rebuttal
q1__zoos__mixed_play__gemma2_9b__qwen2_5_3b__sup_opp__s0__f60e660fa6,10,gpt_pass_1,1.0,2.0,1.0,2.0,2.0,1.0,1.0,mixed,assert,defend,agreement
q1__zoos__mixed_play__gemma2_9b__qwen2_5_3b__sup_opp__s0__f60e660fa6,11,gpt_pass_1,1.0,2.0,1.0,3.0,2.0,1.0,1.0,mixed,rebut,defend,rebuttal
q1__zoos__mixed_play__gemma2_9b__qwen2_5_3b__sup_opp__s0__f60e660fa6,12,gpt_pass_1,2.0,2.0,2.0,3.0,3.0,1.0,2.0,mixed,assert,defend,agreement
q1__zoos__mixed_play__gemma2_9b__qwen2_5_3b__sup_opp__s0__f60e660fa6,13,gpt_pass_1,2.0,3.0,2.0,3.0,3.0,1.0,2.0,mixed,rebut,challenge,rebuttal
q1__zoos__mixed_play__gemma2_9b__qwen2_5_3b__sup_opp__s0__f60e660fa6,14,gpt_pass_1,2.0,2.0,1.0,3.0,3.0,2.0,1.0,mixed,clarify,defend,clarification
q1__zoos__mixed_play__gemma2_9b__qwen2_5_3b__sup_opp__s0__f60e660fa6,15,gpt_pass_1,2.0,3.0,1.0,4.0,2.0,1.0,2.0,mixed,rebut,challenge,clarification
q1__zoos__mixed_play__gemma2_9b__qwen2_5_3b__sup_opp__s0__f60e660fa6,16,gpt_pass_1,1.0,2.0,1.0,2.0,2.0,1.0,1.0,mixed,accommodate,accommodate,agreement
q1__zoos__mixed_play__gemma2_9b__qwen2_5_3b__sup_opp__s0__f60e660fa6,17,gpt_pass_1,2.0,3.0,1.0,3.0,2.0,2.0,2.0,mixed,rebut,defend,rebuttal
q1__zoos__mixed_play__gemma2_9b__qwen2_5_3b__sup_opp__s0__f60e660fa6,18,gpt_pass_1,2.0,2.0,1.0,2.0,2.0,2.0,1.0,mixed,assert,defend,clarification
q1__zoos__mixed_play__gemma2_9b__qwen2_5_3b__sup_opp__s0__f60e660fa6,19,gpt_pass_1,1.0,3.0,1.0,3.0,2.0,1.0,0.0,mixed,rebut,challenge,rebuttal
q1__zoos__mixed_play__gemma2_9b__qwen2_5_3b__sup_opp__s0__f60e660fa6,20,gpt_pass_1,2.0,3.0,1.0,3.0,2.0,1.0,1.0,mixed,assert,defend,rebuttal
q1__zoos__mixed_play__gemma2_9b__qwen2_5_3b__sup_opp__s0__f60e660fa6,21,gpt_pass_1,1.0,3.0,1.0,3.0,2.0,2.0,1.0,mixed,rebut,challenge,rebuttal
q1__zoos__mixed_play__gemma2_9b__qwen2_5_3b__sup_opp__s0__f60e660fa6,22,gpt_pass_1,2.0,2.0,1.0,3.0,3.0,1.0,1.0,mixed,assert,defend,escalation
q1__zoos__mixed_play__gemma2_9b__qwen2_5_3b__sup_opp__s0__f60e660fa6,23,gpt_pass_1,1.0,3.0,1.0,2.0,3.0,1.0,2.0,mixed,rebut,defend,rebuttal
q1__zoos__mixed_play__gemma2_9b__qwen2_5_3b__sup_opp__s0__f60e660fa6,24,gpt_pass_1,2.0,1.0,1.0,3.0,2.0,1.0,1.0,mixed,assert,defend,agreement
q1__zoos__mixed_play__gemma2_9b__qwen2_5_3b__sup_opp__s0__f60e660fa6,25,gpt_pass_1,2.0,3.0,1.0,3.0,3.0,1.0,2.0,mixed,rebut,defend,rebuttal
q1__zoos__mixed_play__gemma2_9b__qwen2_5_3b__sup_opp__s0__f60e660fa6,26,gpt_pass_1,2.0,2.0,1.0,3.0,3.0,2.0,2.0,mixed,assert,defend,agreement
q1__zoos__mixed_play__gemma2_9b__qwen2_5_3b__sup_opp__s0__f60e660fa6,27,gpt_pass_1,2.0,3.0,1.0,3.0,2.0,2.0,1.0,mixed,rebut,challenge,rebuttal
q1__zoos__mixed_play__gemma2_9b__qwen2_5_3b__sup_opp__s0__f60e660fa6,28,gpt_pass_1,2.0,3.0,1.0,3.0,3.0,1.0,1.0,mixed,assert,defend,rebuttal
q1__zoos__mixed_play__gemma2_9b__qwen2_5_3b__sup_opp__s0__f60e660fa6,29,gpt_pass_1,1.0,2.0,1.0,1.0,2.0,2.0,1.0,mixed,rebut,challenge,rebuttal
q1__zoos__mixed_play__gemma2_9b__qwen2_5_3b__sup_opp__s0__f60e660fa6,30,gpt_pass_1,2.0,1.0,1.0,2.0,2.0,1.0,1.0,mixed,synthesize,accommodate,agreement
q1__zoos__mixed_play__gemma2_9b__qwen2_5_3b__sup_opp__s0__f60e660fa6,31,gpt_pass_1,1.0,2.0,1.0,3.0,2.0,2.0,1.0,mixed,rebut,challenge,rebuttal
q1__zoos__mixed_play__llama3_8b__qwen2_5_3b__opp_sup__s0__5f0b934f74,0,gpt_pass_1,1.0,4.0,0.0,3.0,2.0,1.0,0.0,negative,assert,challenge,rebuttal
q1__zoos__mixed_play__llama3_8b__qwen2_5_3b__opp_sup__s0__5f0b934f74,1,gpt_pass_1,2.0,2.0,1.0,2.0,2.0,1.0,1.0,mixed,assert,defend,clarification
q1__zoos__mixed_play__llama3_8b__qwen2_5_3b__opp_sup__s0__5f0b934f74,2,gpt_pass_1,1.0,2.0,1.0,3.0,2.0,2.0,2.0,mixed,rebut,challenge,rebuttal
q1__zoos__mixed_play__llama3_8b__qwen2_5_3b__opp_sup__s0__5f0b934f74,3,gpt_pass_1,2.0,2.0,2.0,3.0,3.0,2.0,2.0,mixed,assert,defend,agreement
q1__zoos__mixed_play__llama3_8b__qwen2_5_3b__opp_sup__s0__5f0b934f74,4,gpt_pass_1,2.0,3.0,1.0,3.0,4.0,1.0,1.0,mixed,rebut,challenge,rebuttal
q1__zoos__mixed_play__llama3_8b__qwen2_5_3b__opp_sup__s0__5f0b934f74,5,gpt_pass_1,1.0,2.0,1.0,2.0,2.0,1.0,1.0,mixed,rebut,defend,rebuttal
q1__zoos__mixed_play__llama3_8b__qwen2_5_3b__opp_sup__s0__5f0b934f74,6,gpt_pass_1,2.0,3.0,1.0,3.0,3.0,2.0,2.0,mixed,rebut,challenge,rebuttal
q1__zoos__mixed_play__llama3_8b__qwen2_5_3b__opp_sup__s0__5f0b934f74,7,gpt_pass_1,2.0,2.0,2.0,2.0,3.0,1.0,2.0,mixed,assert,defend,agreement
q1__zoos__mixed_play__llama3_8b__qwen2_5_3b__opp_sup__s0__5f0b934f74,8,gpt_pass_1,1.0,3.0,1.0,3.0,2.0,1.0,2.0,mixed,rebut,challenge,rebuttal
q1__zoos__mixed_play__llama3_8b__qwen2_5_3b__opp_sup__s0__5f0b934f74,9,gpt_pass_1,1.0,2.0,1.0,2.0,2.0,1.0,1.0,mixed,rebut,defend,clarification
q1__zoos__mixed_play__llama3_8b__qwen2_5_3b__opp_sup__s0__5f0b934f74,10,gpt_pass_1,1.0,3.0,1.0,2.0,3.0,1.0,1.0,mixed,rebut,challenge,rebuttal
q1__zoos__mixed_play__llama3_8b__qwen2_5_3b__opp_sup__s0__5f0b934f74,11,gpt_pass_1,2.0,2.0,2.0,2.0,2.0,2.0,2.0,mixed,assert,defend,accommodation
q1__zoos__mixed_play__llama3_8b__qwen2_5_3b__opp_sup__s0__5f0b934f74,12,gpt_pass_1,1.0,3.0,0.0,4.0,3.0,3.0,1.0,mixed,rebut,defend,rebuttal
q1__zoos__mixed_play__llama3_8b__qwen2_5_3b__opp_sup__s0__5f0b934f74,13,gpt_pass_1,2.0,3.0,1.0,3.0,2.0,2.0,1.0,mixed,assert,defend,rebuttal
q1__zoos__mixed_play__llama3_8b__qwen2_5_3b__opp_sup__s0__5f0b934f74,14,gpt_pass_1,1.0,4.0,1.0,3.0,3.0,0.0,1.0,mixed,rebut,challenge,rebuttal
q1__zoos__mixed_play__llama3_8b__qwen2_5_3b__opp_sup__s0__5f0b934f74,15,gpt_pass_1,2.0,3.0,1.0,2.0,2.0,1.0,1.0,mixed,synthesize,synthesize,synthesis
q1__zoos__mixed_play__llama3_8b__qwen2_5_3b__opp_sup__s0__5f0b934f74,16,gpt_pass_1,1.0,3.0,1.0,4.0,3.0,0.0,2.0,mixed,rebut,challenge,rebuttal
q1__zoos__mixed_play__llama3_8b__qwen2_5_3b__opp_sup__s0__5f0b934f74,17,gpt_pass_1,2.0,3.0,2.0,3.0,3.0,1.0,1.0,mixed,synthesize,resolve,accommodation
q1__zoos__mixed_play__llama3_8b__qwen2_5_3b__opp_sup__s0__5f0b934f74,18,gpt_pass_1,1.0,3.0,1.0,3.0,2.0,1.0,1.0,mixed,rebut,challenge,rebuttal
q1__zoos__mixed_play__llama3_8b__qwen2_5_3b__opp_sup__s0__5f0b934f74,19,gpt_pass_1,2.0,2.0,1.0,3.0,2.0,2.0,1.0,mixed,assert,defend,rebuttal
q1__zoos__mixed_play__llama3_8b__qwen2_5_3b__opp_sup__s0__5f0b934f74,20,gpt_pass_1,1.0,3.0,0.0,2.0,1.0,1.0,1.0,mixed,rebut,challenge,rebuttal
q1__zoos__mixed_play__llama3_8b__qwen2_5_3b__opp_sup__s0__5f0b934f74,21,gpt_pass_1,2.0,2.0,1.0,3.0,2.0,2.0,2.0,mixed,clarify,defend,clarification
q1__zoos__mixed_play__llama3_8b__qwen2_5_3b__opp_sup__s0__5f0b934f74,22,gpt_pass_1,0.0,4.0,1.0,3.0,3.0,0.0,0.0,mixed,rebut,defend,rebuttal
q1__zoos__mixed_play__llama3_8b__qwen2_5_3b__opp_sup__s0__5f0b934f74,23,gpt_pass_1,2.0,2.0,1.0,2.0,3.0,1.0,1.0,mixed,assert,defend,rebuttal
q1__zoos__mixed_play__llama3_8b__qwen2_5_3b__opp_sup__s0__5f0b934f74,24,gpt_pass_1,1.0,3.0,1.0,2.0,2.0,1.0,1.0,mixed,rebut,challenge,rebuttal
q1__zoos__mixed_play__llama3_8b__qwen2_5_3b__opp_sup__s0__5f0b934f74,25,gpt_pass_1,2.0,2.0,2.0,3.0,3.0,2.0,2.0,mixed,clarify,defend,clarification
q1__zoos__mixed_play__llama3_8b__qwen2_5_3b__opp_sup__s0__5f0b934f74,26,gpt_pass_1,1.0,4.0,2.0,3.0,3.0,0.0,1.0,mixed,rebut,challenge,rebuttal
q1__zoos__mixed_play__llama3_8b__qwen2_5_3b__opp_sup__s0__5f0b934f74,27,gpt_pass_1,1.0,2.0,1.0,1.0,2.0,2.0,2.0,mixed,clarify,defend,clarification
q1__zoos__mixed_play__llama3_8b__qwen2_5_3b__opp_sup__s0__5f0b934f74,28,gpt_pass_1,1.0,3.0,1.0,1.0,2.0,1.0,2.0,mixed,rebut,challenge,rebuttal
q1__zoos__mixed_play__llama3_8b__qwen2_5_3b__opp_sup__s0__5f0b934f74,29,gpt_pass_1,1.0,1.0,2.0,3.0,2.0,1.0,2.0,mixed,clarify,defend,clarification
q1__zoos__mixed_play__llama3_8b__qwen2_5_3b__opp_sup__s0__5f0b934f74,30,gpt_pass_1,1.0,3.0,1.0,3.0,3.0,1.0,1.0,mixed,rebut,challenge,rebuttal
q1__zoos__mixed_play__llama3_8b__qwen2_5_3b__opp_sup__s0__5f0b934f74,31,gpt_pass_1,2.0,2.0,2.0,3.0,2.0,2.0,1.0,mixed,assert,defend,clarification
q1__zoos__mixed_play__llama3_8b__qwen2_5_3b__sup_opp__s0__9cd1abc3ad,0,gpt_pass_1,1.0,3.0,0.0,3.0,2.0,1.0,1.0,mixed,assert,defend,rebuttal
q1__zoos__mixed_play__llama3_8b__qwen2_5_3b__sup_opp__s0__9cd1abc3ad,1,gpt_pass_1,1.0,3.0,1.0,2.0,1.0,2.0,1.0,mixed,rebut,challenge,rebuttal
q1__zoos__mixed_play__llama3_8b__qwen2_5_3b__sup_opp__s0__9cd1abc3ad,2,gpt_pass_1,1.0,3.0,1.0,3.0,2.0,1.0,2.0,mixed,assert,defend,escalation
q1__zoos__mixed_play__llama3_8b__qwen2_5_3b__sup_opp__s0__9cd1abc3ad,3,gpt_pass_1,1.0,3.0,1.0,2.0,2.0,1.0,1.0,mixed,rebut,defend,rebuttal
q1__zoos__mixed_play__llama3_8b__qwen2_5_3b__sup_opp__s0__9cd1abc3ad,4,gpt_pass_1,2.0,3.0,1.0,3.0,3.0,1.0,1.0,mixed,rebut,defend,rebuttal
q1__zoos__mixed_play__llama3_8b__qwen2_5_3b__sup_opp__s0__9cd1abc3ad,5,gpt_pass_1,1.0,2.0,1.0,2.0,3.0,2.0,1.0,mixed,rebut,challenge,rebuttal
q1__zoos__mixed_play__llama3_8b__qwen2_5_3b__sup_opp__s0__9cd1abc3ad,6,gpt_pass_1,2.0,2.0,2.0,2.0,3.0,2.0,1.0,mixed,clarify,defend,clarification
q1__zoos__mixed_play__llama3_8b__qwen2_5_3b__sup_opp__s0__9cd1abc3ad,7,gpt_pass_1,1.0,3.0,1.0,3.0,2.0,2.0,1.0,mixed,rebut,defend,rebuttal
q1__zoos__mixed_play__llama3_8b__qwen2_5_3b__sup_opp__s0__9cd1abc3ad,8,gpt_pass_1,3.0,2.0,2.0,3.0,3.0,2.0,2.0,mixed,rebut,defend,rebuttal
q1__zoos__mixed_play__llama3_8b__qwen2_5_3b__sup_opp__s0__9cd1abc3ad,9,gpt_pass_1,1.0,3.0,1.0,2.0,3.0,1.0,1.0,mixed,rebut,challenge,rebuttal
q1__zoos__mixed_play__llama3_8b__qwen2_5_3b__sup_opp__s0__9cd1abc3ad,10,gpt_pass_1,2.0,2.0,1.0,3.0,2.0,1.0,1.0,mixed,clarify,defend,clarification
q1__zoos__mixed_play__llama3_8b__qwen2_5_3b__sup_opp__s0__9cd1abc3ad,11,gpt_pass_1,1.0,3.0,1.0,3.0,2.0,1.0,2.0,mixed,rebut,challenge,rebuttal
q1__zoos__mixed_play__llama3_8b__qwen2_5_3b__sup_opp__s0__9cd1abc3ad,12,gpt_pass_1,2.0,3.0,2.0,3.0,3.0,1.0,1.0,mixed,rebut,defend,rebuttal
q1__zoos__mixed_play__llama3_8b__qwen2_5_3b__sup_opp__s0__9cd1abc3ad,13,gpt_pass_1,1.0,3.0,1.0,3.0,2.0,1.0,1.0,mixed,rebut,challenge,rebuttal
q1__zoos__mixed_play__llama3_8b__qwen2_5_3b__sup_opp__s0__9cd1abc3ad,14,gpt_pass_1,3.0,2.0,2.0,2.0,3.0,1.0,2.0,mixed,assert,defend,clarification
q1__zoos__mixed_play__llama3_8b__qwen2_5_3b__sup_opp__s0__9cd1abc3ad,15,gpt_pass_1,2.0,3.0,1.0,3.0,2.0,2.0,2.0,mixed,assert,defend,rebuttal
q1__zoos__mixed_play__llama3_8b__qwen2_5_3b__sup_opp__s0__9cd1abc3ad,16,gpt_pass_1,2.0,3.0,2.0,2.0,3.0,2.0,1.0,mixed,rebut,defend,rebuttal
q1__zoos__mixed_play__llama3_8b__qwen2_5_3b__sup_opp__s0__9cd1abc3ad,17,gpt_pass_1,1.0,4.0,1.0,3.0,3.0,0.0,1.0,mixed,rebut,challenge,rebuttal
q1__zoos__mixed_play__llama3_8b__qwen2_5_3b__sup_opp__s0__9cd1abc3ad,18,gpt_pass_1,2.0,2.0,1.0,3.0,2.0,2.0,1.0,mixed,assert,defend,clarification
q1__zoos__mixed_play__llama3_8b__qwen2_5_3b__sup_opp__s0__9cd1abc3ad,19,gpt_pass_1,1.0,2.0,1.0,2.0,3.0,2.0,1.0,mixed,assert,challenge,rebuttal
q1__zoos__mixed_play__llama3_8b__qwen2_5_3b__sup_opp__s0__9cd1abc3ad,20,gpt_pass_1,2.0,3.0,2.0,2.0,2.0,2.0,2.0,mixed,assert,defend,agreement
q1__zoos__mixed_play__llama3_8b__qwen2_5_3b__sup_opp__s0__9cd1abc3ad,21,gpt_pass_1,1.0,3.0,1.0,3.0,2.0,1.0,1.0,mixed,rebut,challenge,escalation
q1__zoos__mixed_play__llama3_8b__qwen2_5_3b__sup_opp__s0__9cd1abc3ad,22,gpt_pass_1,2.0,2.0,2.0,3.0,3.0,1.0,2.0,mixed,rebut,defend,rebuttal
q1__zoos__mixed_play__llama3_8b__qwen2_5_3b__sup_opp__s0__9cd1abc3ad,23,gpt_pass_1,1.0,3.0,1.0,2.0,2.0,1.0,1.0,mixed,clarify,challenge,uncertain
q1__zoos__mixed_play__llama3_8b__qwen2_5_3b__sup_opp__s0__9cd1abc3ad,24,gpt_pass_1,2.0,2.0,1.0,3.0,2.0,1.0,2.0,mixed,assert,defend,agreement
q1__zoos__mixed_play__llama3_8b__qwen2_5_3b__sup_opp__s0__9cd1abc3ad,25,gpt_pass_1,1.0,2.0,1.0,3.0,2.0,1.0,1.0,mixed,rebut,challenge,rebuttal
q1__zoos__mixed_play__llama3_8b__qwen2_5_3b__sup_opp__s0__9cd1abc3ad,26,gpt_pass_1,3.0,2.0,1.0,3.0,2.0,1.0,1.0,mixed,assert,defend,agreement
q1__zoos__mixed_play__llama3_8b__qwen2_5_3b__sup_opp__s0__9cd1abc3ad,27,gpt_pass_1,1.0,3.0,1.0,3.0,3.0,2.0,1.0,mixed,rebut,defend,rebuttal
q1__zoos__mixed_play__llama3_8b__qwen2_5_3b__sup_opp__s0__9cd1abc3ad,28,gpt_pass_1,1.0,3.0,2.0,3.0,2.0,2.0,1.0,mixed,rebut,defend,rebuttal
q1__zoos__mixed_play__llama3_8b__qwen2_5_3b__sup_opp__s0__9cd1abc3ad,29,gpt_pass_1,1.0,3.0,1.0,2.0,2.0,1.0,1.0,mixed,rebut,challenge,rebuttal
q1__zoos__mixed_play__llama3_8b__qwen2_5_3b__sup_opp__s0__9cd1abc3ad,30,gpt_pass_1,2.0,3.0,1.0,3.0,2.0,1.0,1.0,mixed,assert,defend,rebuttal
q1__zoos__mixed_play__llama3_8b__qwen2_5_3b__sup_opp__s0__9cd1abc3ad,31,gpt_pass_1,1.0,3.0,1.0,3.0,2.0,2.0,2.0,mixed,rebut,challenge,rebuttal
q1__zoos__self_play__gemma2_9b__gemma2_9b__opp_sup__s0__3d77968ccc,0,gpt_pass_1,1.0,2.0,1.0,3.0,3.0,2.0,1.0,mixed,rebut,challenge,rebuttal
q1__zoos__self_play__gemma2_9b__gemma2_9b__opp_sup__s0__3d77968ccc,1,gpt_pass_1,2.0,2.0,2.0,2.0,2.0,2.0,1.0,mixed,assert,defend,agreement
q1__zoos__self_play__gemma2_9b__gemma2_9b__opp_sup__s0__3d77968ccc,2,gpt_pass_1,1.0,3.0,1.0,2.0,3.0,1.0,0.0,mixed,assert,defend,clarification
q1__zoos__self_play__gemma2_9b__gemma2_9b__opp_sup__s0__3d77968ccc,3,gpt_pass_1,2.0,2.0,2.0,2.0,3.0,1.0,1.0,mixed,clarify,defend,synthesis
q1__zoos__self_play__gemma2_9b__gemma2_9b__opp_sup__s0__3d77968ccc,4,gpt_pass_1,1.0,2.0,2.0,3.0,3.0,2.0,1.0,mixed,rebut,challenge,rebuttal
q1__zoos__self_play__gemma2_9b__gemma2_9b__opp_sup__s0__3d77968ccc,5,gpt_pass_1,1.0,2.0,2.0,3.0,2.0,1.0,1.0,mixed,assert,defend,agreement
q1__zoos__self_play__gemma2_9b__gemma2_9b__opp_sup__s0__3d77968ccc,6,gpt_pass_1,1.0,2.0,1.0,2.0,3.0,2.0,2.0,mixed,rebut,defend,rebuttal
q1__zoos__self_play__gemma2_9b__gemma2_9b__opp_sup__s0__3d77968ccc,7,gpt_pass_1,1.0,3.0,1.0,2.0,2.0,1.0,1.0,mixed,rebut,defend,clarification
q1__zoos__self_play__gemma2_9b__gemma2_9b__opp_sup__s0__3d77968ccc,8,gpt_pass_1,1.0,3.0,1.0,3.0,2.0,2.0,1.0,mixed,rebut,defend,rebuttal
q1__zoos__self_play__gemma2_9b__gemma2_9b__opp_sup__s0__3d77968ccc,9,gpt_pass_1,1.0,3.0,2.0,3.0,3.0,1.0,2.0,mixed,assert,defend,agreement
q1__zoos__self_play__gemma2_9b__gemma2_9b__opp_sup__s0__3d77968ccc,10,gpt_pass_1,2.0,2.0,2.0,2.0,3.0,2.0,1.0,mixed,assert,challenge,escalation
q1__zoos__self_play__gemma2_9b__gemma2_9b__opp_sup__s0__3d77968ccc,11,gpt_pass_1,1.0,1.0,1.0,2.0,2.0,1.0,1.0,mixed,assert,defend,clarification
q1__zoos__self_play__gemma2_9b__gemma2_9b__opp_sup__s0__3d77968ccc,12,gpt_pass_1,1.0,2.0,2.0,2.0,2.0,2.0,1.0,mixed,rebut,defend,rebuttal
q1__zoos__self_play__gemma2_9b__gemma2_9b__opp_sup__s0__3d77968ccc,13,gpt_pass_1,1.0,2.0,2.0,2.0,3.0,2.0,2.0,mixed,clarify,challenge,clarification
q1__zoos__self_play__gemma2_9b__gemma2_9b__opp_sup__s0__3d77968ccc,14,gpt_pass_1,0.0,3.0,1.0,2.0,2.0,2.0,1.0,mixed,rebut,defend,rebuttal
q1__zoos__self_play__gemma2_9b__gemma2_9b__opp_sup__s0__3d77968ccc,15,gpt_pass_1,2.0,2.0,3.0,4.0,3.0,2.0,2.0,mixed,clarify,explore,clarification
q1__zoos__self_play__gemma2_9b__gemma2_9b__opp_sup__s0__3d77968ccc,16,gpt_pass_1,1.0,3.0,2.0,4.0,2.0,1.0,1.0,mixed,rebut,defend,uncertain
q1__zoos__self_play__gemma2_9b__gemma2_9b__opp_sup__s0__3d77968ccc,17,gpt_pass_1,2.0,2.0,2.0,2.0,2.0,2.0,2.0,mixed,synthesize,resolve,synthesis
q1__zoos__self_play__gemma2_9b__gemma2_9b__opp_sup__s0__3d77968ccc,18,gpt_pass_1,1.0,2.0,1.0,3.0,2.0,2.0,2.0,mixed,rebut,challenge,rebuttal
q1__zoos__self_play__gemma2_9b__gemma2_9b__opp_sup__s0__3d77968ccc,19,gpt_pass_1,1.0,2.0,2.0,2.0,4.0,1.0,1.0,mixed,assert,defend,clarification
q1__zoos__self_play__gemma2_9b__gemma2_9b__opp_sup__s0__3d77968ccc,20,gpt_pass_1,1.0,3.0,1.0,2.0,3.0,1.0,2.0,mixed,assert,defend,rebuttal
q1__zoos__self_play__gemma2_9b__gemma2_9b__opp_sup__s0__3d77968ccc,21,gpt_pass_1,1.0,2.0,1.0,2.0,3.0,3.0,1.0,mixed,assert,defend,rebuttal
q1__zoos__self_play__gemma2_9b__gemma2_9b__opp_sup__s0__3d77968ccc,22,gpt_pass_1,1.0,2.0,1.0,3.0,3.0,2.0,1.0,mixed,rebut,defend,rebuttal
q1__zoos__self_play__gemma2_9b__gemma2_9b__opp_sup__s0__3d77968ccc,23,gpt_pass_1,1.0,2.0,1.0,2.0,3.0,1.0,1.0,mixed,assert,defend,rebuttal
q1__zoos__self_play__gemma2_9b__gemma2_9b__opp_sup__s0__3d77968ccc,24,gpt_pass_1,1.0,2.0,1.0,2.0,3.0,1.0,1.0,mixed,rebut,defend,rebuttal
q1__zoos__self_play__gemma2_9b__gemma2_9b__opp_sup__s0__3d77968ccc,25,gpt_pass_1,2.0,2.0,1.0,2.0,3.0,2.0,2.0,mixed,synthesize,resolve,synthesis
q1__zoos__self_play__gemma2_9b__gemma2_9b__opp_sup__s0__3d77968ccc,26,gpt_pass_1,1.0,2.0,1.0,2.0,2.0,2.0,1.0,mixed,rebut,defend,rebuttal
q1__zoos__self_play__gemma2_9b__gemma2_9b__opp_sup__s0__3d77968ccc,27,gpt_pass_1,1.0,2.0,1.0,3.0,2.0,1.0,2.0,mixed,clarify,defend,agreement
q1__zoos__self_play__gemma2_9b__gemma2_9b__opp_sup__s0__3d77968ccc,28,gpt_pass_1,1.0,2.0,1.0,2.0,3.0,2.0,2.0,mixed,rebut,defend,rebuttal
q1__zoos__self_play__gemma2_9b__gemma2_9b__opp_sup__s0__3d77968ccc,29,gpt_pass_1,2.0,3.0,1.0,3.0,2.0,2.0,1.0,mixed,clarify,defend,clarification
q1__zoos__self_play__gemma2_9b__gemma2_9b__opp_sup__s0__3d77968ccc,30,gpt_pass_1,1.0,3.0,1.0,2.0,3.0,1.0,2.0,mixed,assert,defend,rebuttal
q1__zoos__self_play__gemma2_9b__gemma2_9b__opp_sup__s0__3d77968ccc,31,gpt_pass_1,1.0,1.0,1.0,2.0,2.0,2.0,1.0,mixed,synthesize,explore,clarification
q1__zoos__self_play__gemma2_9b__gemma2_9b__sup_opp__s0__4be4b25e1e,0,gpt_pass_1,1.0,2.0,1.0,3.0,3.0,2.0,1.0,mixed,assert,defend,rebuttal
q1__zoos__self_play__gemma2_9b__gemma2_9b__sup_opp__s0__4be4b25e1e,1,gpt_pass_1,1.0,3.0,1.0,2.0,2.0,2.0,1.0,mixed,rebut,challenge,rebuttal
q1__zoos__self_play__gemma2_9b__gemma2_9b__sup_opp__s0__4be4b25e1e,2,gpt_pass_1,2.0,1.0,1.0,3.0,3.0,2.0,2.0,mixed,concede,accommodate,accommodation
q1__zoos__self_play__gemma2_9b__gemma2_9b__sup_opp__s0__4be4b25e1e,3,gpt_pass_1,2.0,3.0,1.0,2.0,3.0,1.0,1.0,mixed,rebut,defend,rebuttal
q1__zoos__self_play__gemma2_9b__gemma2_9b__sup_opp__s0__4be4b25e1e,4,gpt_pass_1,1.0,2.0,2.0,3.0,3.0,2.0,1.0,mixed,rebut,defend,rebuttal
q1__zoos__self_play__gemma2_9b__gemma2_9b__sup_opp__s0__4be4b25e1e,5,gpt_pass_1,1.0,3.0,1.0,2.0,3.0,2.0,2.0,mixed,assert,challenge,rebuttal
q1__zoos__self_play__gemma2_9b__gemma2_9b__sup_opp__s0__4be4b25e1e,6,gpt_pass_1,2.0,2.0,2.0,3.0,3.0,2.0,2.0,mixed,assert,defend,agreement
q1__zoos__self_play__gemma2_9b__gemma2_9b__sup_opp__s0__4be4b25e1e,7,gpt_pass_1,0.0,3.0,1.0,3.0,2.0,1.0,2.0,mixed,rebut,challenge,rebuttal
q1__zoos__self_play__gemma2_9b__gemma2_9b__sup_opp__s0__4be4b25e1e,8,gpt_pass_1,2.0,2.0,1.0,2.0,2.0,1.0,1.0,mixed,concede,accommodate,agreement
q1__zoos__self_play__gemma2_9b__gemma2_9b__sup_opp__s0__4be4b25e1e,9,gpt_pass_1,2.0,2.0,2.0,2.0,2.0,1.0,2.0,mixed,rebut,challenge,rebuttal
q1__zoos__self_play__gemma2_9b__gemma2_9b__sup_opp__s0__4be4b25e1e,10,gpt_pass_1,1.0,2.0,1.0,2.0,2.0,1.0,1.0,mixed,assert,defend,agreement
q1__zoos__self_play__gemma2_9b__gemma2_9b__sup_opp__s0__4be4b25e1e,11,gpt_pass_1,1.0,2.0,1.0,3.0,2.0,1.0,1.0,mixed,rebut,defend,rebuttal
q1__zoos__self_play__gemma2_9b__gemma2_9b__sup_opp__s0__4be4b25e1e,12,gpt_pass_1,2.0,2.0,2.0,3.0,3.0,1.0,2.0,mixed,assert,defend,agreement
q1__zoos__self_play__gemma2_9b__gemma2_9b__sup_opp__s0__4be4b25e1e,13,gpt_pass_1,1.0,3.0,1.0,2.0,3.0,0.0,1.0,mixed,rebut,defend,rebuttal
q1__zoos__self_play__gemma2_9b__gemma2_9b__sup_opp__s0__4be4b25e1e,14,gpt_pass_1,2.0,2.0,1.0,3.0,3.0,2.0,1.0,mixed,rebut,defend,rebuttal
q1__zoos__self_play__gemma2_9b__gemma2_9b__sup_opp__s0__4be4b25e1e,15,gpt_pass_1,1.0,4.0,2.0,3.0,2.0,0.0,1.0,mixed,rebut,defend,escalation
q1__zoos__self_play__gemma2_9b__gemma2_9b__sup_opp__s0__4be4b25e1e,16,gpt_pass_1,1.0,2.0,1.0,2.0,2.0,1.0,1.0,mixed,assert,defend,clarification
q1__zoos__self_play__gemma2_9b__gemma2_9b__sup_opp__s0__4be4b25e1e,17,gpt_pass_1,2.0,3.0,1.0,3.0,2.0,2.0,1.0,mixed,rebut,defend,rebuttal
q1__zoos__self_play__gemma2_9b__gemma2_9b__sup_opp__s0__4be4b25e1e,18,gpt_pass_1,2.0,2.0,1.0,2.0,2.0,2.0,1.0,mixed,assert,defend,agreement
q1__zoos__self_play__gemma2_9b__gemma2_9b__sup_opp__s0__4be4b25e1e,19,gpt_pass_1,1.0,3.0,1.0,3.0,2.0,1.0,0.0,mixed,rebut,defend,rebuttal
q1__zoos__self_play__gemma2_9b__gemma2_9b__sup_opp__s0__4be4b25e1e,20,gpt_pass_1,2.0,3.0,1.0,3.0,2.0,1.0,1.0,mixed,assert,defend,rebuttal
q1__zoos__self_play__gemma2_9b__gemma2_9b__sup_opp__s0__4be4b25e1e,21,gpt_pass_1,1.0,3.0,1.0,3.0,2.0,2.0,1.0,mixed,rebut,challenge,rebuttal
q1__zoos__self_play__gemma2_9b__gemma2_9b__sup_opp__s0__4be4b25e1e,22,gpt_pass_1,2.0,2.0,1.0,3.0,3.0,1.0,1.0,mixed,assert,defend,escalation
q1__zoos__self_play__gemma2_9b__gemma2_9b__sup_opp__s0__4be4b25e1e,23,gpt_pass_1,1.0,3.0,1.0,2.0,3.0,1.0,2.0,negative,rebut,defend,rebuttal
q1__zoos__self_play__gemma2_9b__gemma2_9b__sup_opp__s0__4be4b25e1e,24,gpt_pass_1,2.0,1.0,1.0,3.0,2.0,1.0,1.0,mixed,assert,defend,agreement
q1__zoos__self_play__gemma2_9b__gemma2_9b__sup_opp__s0__4be4b25e1e,25,gpt_pass_1,1.0,3.0,0.0,3.0,3.0,2.0,1.0,mixed,rebut,defend,rebuttal
q1__zoos__self_play__gemma2_9b__gemma2_9b__sup_opp__s0__4be4b25e1e,26,gpt_pass_1,2.0,2.0,1.0,3.0,3.0,2.0,2.0,mixed,assert,defend,agreement
q1__zoos__self_play__gemma2_9b__gemma2_9b__sup_opp__s0__4be4b25e1e,27,gpt_pass_1,2.0,3.0,1.0,3.0,2.0,2.0,1.0,mixed,rebut,challenge,rebuttal
q1__zoos__self_play__gemma2_9b__gemma2_9b__sup_opp__s0__4be4b25e1e,28,gpt_pass_1,2.0,2.0,1.0,2.0,3.0,1.0,2.0,mixed,assert,defend,rebuttal
q1__zoos__self_play__gemma2_9b__gemma2_9b__sup_opp__s0__4be4b25e1e,29,gpt_pass_1,1.0,2.0,1.0,2.0,2.0,3.0,1.0,mixed,clarify,challenge,clarification
q1__zoos__self_play__gemma2_9b__gemma2_9b__sup_opp__s0__4be4b25e1e,30,gpt_pass_1,2.0,1.0,1.0,2.0,2.0,1.0,1.0,mixed,synthesize,accommodate,agreement
q1__zoos__self_play__gemma2_9b__gemma2_9b__sup_opp__s0__4be4b25e1e,31,gpt_pass_1,0.0,3.0,0.0,1.0,2.0,0.0,1.0,negative,assert,challenge,escalation
q1__zoos__self_play__llama3_8b__llama3_8b__opp_sup__s0__f20252ce9d,0,gpt_pass_1,1.0,4.0,0.0,3.0,2.0,1.0,0.0,negative,assert,challenge,rebuttal
q1__zoos__self_play__llama3_8b__llama3_8b__opp_sup__s0__f20252ce9d,1,gpt_pass_1,1.0,2.0,1.0,2.0,2.0,1.0,1.0,mixed,clarify,defend,synthesis
q1__zoos__self_play__llama3_8b__llama3_8b__opp_sup__s0__f20252ce9d,2,gpt_pass_1,1.0,2.0,1.0,3.0,2.0,2.0,2.0,mixed,rebut,challenge,rebuttal
q1__zoos__self_play__llama3_8b__llama3_8b__opp_sup__s0__f20252ce9d,3,gpt_pass_1,2.0,2.0,3.0,3.0,3.0,2.0,2.0,mixed,clarify,defend,clarification
q1__zoos__self_play__llama3_8b__llama3_8b__opp_sup__s0__f20252ce9d,4,gpt_pass_1,2.0,3.0,1.0,3.0,4.0,1.0,1.0,mixed,rebut,challenge,rebuttal
q1__zoos__self_play__llama3_8b__llama3_8b__opp_sup__s0__f20252ce9d,5,gpt_pass_1,1.0,2.0,1.0,2.0,2.0,1.0,1.0,mixed,rebut,defend,rebuttal
q1__zoos__self_play__llama3_8b__llama3_8b__opp_sup__s0__f20252ce9d,6,gpt_pass_1,2.0,3.0,1.0,3.0,3.0,2.0,2.0,mixed,rebut,challenge,rebuttal
q1__zoos__self_play__llama3_8b__llama3_8b__opp_sup__s0__f20252ce9d,7,gpt_pass_1,2.0,2.0,2.0,2.0,3.0,1.0,2.0,mixed,assert,defend,agreement
q1__zoos__self_play__llama3_8b__llama3_8b__opp_sup__s0__f20252ce9d,8,gpt_pass_1,1.0,3.0,1.0,3.0,2.0,1.0,2.0,mixed,rebut,challenge,rebuttal
q1__zoos__self_play__llama3_8b__llama3_8b__opp_sup__s0__f20252ce9d,9,gpt_pass_1,1.0,2.0,1.0,2.0,2.0,1.0,1.0,mixed,rebut,defend,clarification
q1__zoos__self_play__llama3_8b__llama3_8b__opp_sup__s0__f20252ce9d,10,gpt_pass_1,1.0,3.0,1.0,2.0,3.0,1.0,1.0,mixed,rebut,challenge,rebuttal
q1__zoos__self_play__llama3_8b__llama3_8b__opp_sup__s0__f20252ce9d,11,gpt_pass_1,2.0,2.0,2.0,2.0,2.0,1.0,2.0,mixed,synthesize,explore,clarification
q1__zoos__self_play__llama3_8b__llama3_8b__opp_sup__s0__f20252ce9d,12,gpt_pass_1,1.0,3.0,0.0,4.0,3.0,3.0,1.0,mixed,rebut,defend,rebuttal
q1__zoos__self_play__llama3_8b__llama3_8b__opp_sup__s0__f20252ce9d,13,gpt_pass_1,2.0,3.0,1.0,3.0,2.0,2.0,1.0,mixed,assert,defend,rebuttal
q1__zoos__self_play__llama3_8b__llama3_8b__opp_sup__s0__f20252ce9d,14,gpt_pass_1,2.0,4.0,1.0,4.0,3.0,0.0,2.0,mixed,rebut,challenge,rebuttal
q1__zoos__self_play__llama3_8b__llama3_8b__opp_sup__s0__f20252ce9d,15,gpt_pass_1,2.0,3.0,1.0,2.0,2.0,1.0,1.0,mixed,synthesize,synthesize,synthesis
q1__zoos__self_play__llama3_8b__llama3_8b__opp_sup__s0__f20252ce9d,16,gpt_pass_1,1.0,3.0,1.0,4.0,3.0,0.0,2.0,mixed,rebut,challenge,rebuttal
q1__zoos__self_play__llama3_8b__llama3_8b__opp_sup__s0__f20252ce9d,17,gpt_pass_1,2.0,3.0,2.0,3.0,3.0,1.0,1.0,mixed,synthesize,resolve,accommodation
q1__zoos__self_play__llama3_8b__llama3_8b__opp_sup__s0__f20252ce9d,18,gpt_pass_1,1.0,3.0,1.0,3.0,2.0,1.0,1.0,mixed,rebut,challenge,rebuttal
q1__zoos__self_play__llama3_8b__llama3_8b__opp_sup__s0__f20252ce9d,19,gpt_pass_1,2.0,2.0,1.0,3.0,3.0,2.0,1.0,mixed,assert,synthesize,agreement
q1__zoos__self_play__llama3_8b__llama3_8b__opp_sup__s0__f20252ce9d,20,gpt_pass_1,1.0,3.0,0.0,3.0,1.0,1.0,1.0,mixed,rebut,challenge,rebuttal
q1__zoos__self_play__llama3_8b__llama3_8b__opp_sup__s0__f20252ce9d,21,gpt_pass_1,1.0,2.0,1.0,3.0,2.0,2.0,2.0,mixed,clarify,defend,clarification
q1__zoos__self_play__llama3_8b__llama3_8b__opp_sup__s0__f20252ce9d,22,gpt_pass_1,0.0,4.0,1.0,3.0,3.0,0.0,0.0,mixed,rebut,defend,rebuttal
q1__zoos__self_play__llama3_8b__llama3_8b__opp_sup__s0__f20252ce9d,23,gpt_pass_1,1.0,2.0,1.0,2.0,3.0,1.0,1.0,mixed,assert,defend,rebuttal
q1__zoos__self_play__llama3_8b__llama3_8b__opp_sup__s0__f20252ce9d,24,gpt_pass_1,1.0,3.0,1.0,2.0,2.0,1.0,1.0,mixed,rebut,challenge,rebuttal
q1__zoos__self_play__llama3_8b__llama3_8b__opp_sup__s0__f20252ce9d,25,gpt_pass_1,2.0,2.0,2.0,3.0,3.0,2.0,2.0,mixed,assert,defend,agreement
q1__zoos__self_play__llama3_8b__llama3_8b__opp_sup__s0__f20252ce9d,26,gpt_pass_1,1.0,4.0,2.0,3.0,3.0,0.0,1.0,mixed,rebut,challenge,rebuttal
q1__zoos__self_play__llama3_8b__llama3_8b__opp_sup__s0__f20252ce9d,27,gpt_pass_1,1.0,2.0,1.0,2.0,2.0,2.0,2.0,mixed,clarify,defend,clarification
q1__zoos__self_play__llama3_8b__llama3_8b__opp_sup__s0__f20252ce9d,28,gpt_pass_1,1.0,3.0,1.0,1.0,2.0,1.0,2.0,mixed,rebut,challenge,rebuttal
q1__zoos__self_play__llama3_8b__llama3_8b__opp_sup__s0__f20252ce9d,29,gpt_pass_1,2.0,3.0,2.0,3.0,2.0,1.0,2.0,mixed,synthesize,defend,synthesis
q1__zoos__self_play__llama3_8b__llama3_8b__opp_sup__s0__f20252ce9d,30,gpt_pass_1,1.0,3.0,1.0,3.0,3.0,1.0,1.0,mixed,rebut,challenge,rebuttal
q1__zoos__self_play__llama3_8b__llama3_8b__opp_sup__s0__f20252ce9d,31,gpt_pass_1,2.0,2.0,2.0,3.0,2.0,2.0,1.0,mixed,assert,defend,clarification
q1__zoos__self_play__llama3_8b__llama3_8b__sup_opp__s0__a4cdf85ff4,0,gpt_pass_1,1.0,3.0,0.0,3.0,2.0,1.0,1.0,mixed,assert,defend,rebuttal
q1__zoos__self_play__llama3_8b__llama3_8b__sup_opp__s0__a4cdf85ff4,1,gpt_pass_1,1.0,3.0,1.0,3.0,2.0,2.0,1.0,mixed,rebut,challenge,rebuttal
q1__zoos__self_play__llama3_8b__llama3_8b__sup_opp__s0__a4cdf85ff4,2,gpt_pass_1,2.0,2.0,1.0,2.0,2.0,2.0,3.0,neutral,clarify,clarify,clarification
q1__zoos__self_play__llama3_8b__llama3_8b__sup_opp__s0__a4cdf85ff4,3,gpt_pass_1,1.0,3.0,1.0,2.0,2.0,1.0,1.0,mixed,rebut,defend,rebuttal
q1__zoos__self_play__llama3_8b__llama3_8b__sup_opp__s0__a4cdf85ff4,4,gpt_pass_1,2.0,3.0,1.0,3.0,3.0,1.0,1.0,mixed,rebut,defend,rebuttal
q1__zoos__self_play__llama3_8b__llama3_8b__sup_opp__s0__a4cdf85ff4,5,gpt_pass_1,0.0,4.0,1.0,2.0,2.0,1.0,1.0,mixed,rebut,challenge,rebuttal
q1__zoos__self_play__llama3_8b__llama3_8b__sup_opp__s0__a4cdf85ff4,6,gpt_pass_1,2.0,1.0,2.0,2.0,3.0,2.0,2.0,mixed,clarify,defend,clarification
q1__zoos__self_play__llama3_8b__llama3_8b__sup_opp__s0__a4cdf85ff4,7,gpt_pass_1,1.0,4.0,0.0,3.0,2.0,2.0,1.0,mixed,rebut,defend,rebuttal
q1__zoos__self_play__llama3_8b__llama3_8b__sup_opp__s0__a4cdf85ff4,8,gpt_pass_1,2.0,1.0,2.0,3.0,3.0,2.0,3.0,mixed,rebut,defend,rebuttal
q1__zoos__self_play__llama3_8b__llama3_8b__sup_opp__s0__a4cdf85ff4,9,gpt_pass_1,1.0,3.0,1.0,2.0,3.0,1.0,1.0,mixed,rebut,challenge,rebuttal
q1__zoos__self_play__llama3_8b__llama3_8b__sup_opp__s0__a4cdf85ff4,10,gpt_pass_1,2.0,2.0,1.0,3.0,2.0,1.0,1.0,mixed,clarify,defend,clarification
q1__zoos__self_play__llama3_8b__llama3_8b__sup_opp__s0__a4cdf85ff4,11,gpt_pass_1,0.0,4.0,1.0,3.0,2.0,2.0,1.0,mixed,rebut,challenge,rebuttal
q1__zoos__self_play__llama3_8b__llama3_8b__sup_opp__s0__a4cdf85ff4,12,gpt_pass_1,2.0,3.0,2.0,3.0,3.0,1.0,1.0,mixed,rebut,defend,rebuttal
q1__zoos__self_play__llama3_8b__llama3_8b__sup_opp__s0__a4cdf85ff4,13,gpt_pass_1,0.0,3.0,0.0,3.0,2.0,0.0,0.0,mixed,rebut,challenge,rebuttal
q1__zoos__self_play__llama3_8b__llama3_8b__sup_opp__s0__a4cdf85ff4,14,gpt_pass_1,2.0,2.0,1.0,2.0,2.0,2.0,1.0,mixed,assert,defend,rebuttal
q1__zoos__self_play__llama3_8b__llama3_8b__sup_opp__s0__a4cdf85ff4,15,gpt_pass_1,2.0,3.0,1.0,3.0,2.0,2.0,2.0,mixed,assert,defend,rebuttal
q1__zoos__self_play__llama3_8b__llama3_8b__sup_opp__s0__a4cdf85ff4,16,gpt_pass_1,2.0,3.0,1.0,2.0,3.0,2.0,1.0,mixed,assert,defend,agreement
q1__zoos__self_play__llama3_8b__llama3_8b__sup_opp__s0__a4cdf85ff4,17,gpt_pass_1,1.0,4.0,1.0,3.0,3.0,0.0,1.0,mixed,rebut,challenge,rebuttal
q1__zoos__self_play__llama3_8b__llama3_8b__sup_opp__s0__a4cdf85ff4,18,gpt_pass_1,1.0,3.0,1.0,3.0,2.0,2.0,1.0,mixed,rebut,challenge,rebuttal
q1__zoos__self_play__llama3_8b__llama3_8b__sup_opp__s0__a4cdf85ff4,19,gpt_pass_1,1.0,3.0,0.0,2.0,2.0,3.0,1.0,negative,assert,defend,rebuttal
q1__zoos__self_play__llama3_8b__llama3_8b__sup_opp__s0__a4cdf85ff4,20,gpt_pass_1,2.0,2.0,2.0,2.0,2.0,2.0,2.0,mixed,assert,defend,agreement
q1__zoos__self_play__llama3_8b__llama3_8b__sup_opp__s0__a4cdf85ff4,21,gpt_pass_1,1.0,3.0,1.0,3.0,2.0,1.0,1.0,mixed,rebut,challenge,escalation
q1__zoos__self_play__llama3_8b__llama3_8b__sup_opp__s0__a4cdf85ff4,22,gpt_pass_1,3.0,2.0,2.0,3.0,3.0,1.0,2.0,mixed,rebut,defend,rebuttal
q1__zoos__self_play__llama3_8b__llama3_8b__sup_opp__s0__a4cdf85ff4,23,gpt_pass_1,1.0,3.0,1.0,2.0,2.0,1.0,1.0,mixed,clarify,challenge,uncertain
q1__zoos__self_play__llama3_8b__llama3_8b__sup_opp__s0__a4cdf85ff4,24,gpt_pass_1,2.0,2.0,1.0,3.0,2.0,1.0,2.0,mixed,clarify,explore,clarification
q1__zoos__self_play__llama3_8b__llama3_8b__sup_opp__s0__a4cdf85ff4,25,gpt_pass_1,1.0,2.0,1.0,3.0,2.0,1.0,1.0,negative,rebut,challenge,rebuttal
q1__zoos__self_play__llama3_8b__llama3_8b__sup_opp__s0__a4cdf85ff4,26,gpt_pass_1,2.0,2.0,2.0,3.0,3.0,1.0,2.0,mixed,assert,defend,clarification
q1__zoos__self_play__llama3_8b__llama3_8b__sup_opp__s0__a4cdf85ff4,27,gpt_pass_1,1.0,3.0,0.0,3.0,3.0,3.0,1.0,negative,rebut,defend,rebuttal
q1__zoos__self_play__llama3_8b__llama3_8b__sup_opp__s0__a4cdf85ff4,28,gpt_pass_1,1.0,3.0,2.0,3.0,2.0,2.0,1.0,mixed,rebut,defend,rebuttal
q1__zoos__self_play__llama3_8b__llama3_8b__sup_opp__s0__a4cdf85ff4,29,gpt_pass_1,0.0,4.0,0.0,3.0,3.0,0.0,0.0,mixed,assert,defend,escalation
q1__zoos__self_play__llama3_8b__llama3_8b__sup_opp__s0__a4cdf85ff4,30,gpt_pass_1,3.0,2.0,2.0,2.0,2.0,1.0,3.0,mixed,clarify,defend,clarification
q1__zoos__self_play__llama3_8b__llama3_8b__sup_opp__s0__a4cdf85ff4,31,gpt_pass_1,1.0,3.0,1.0,3.0,1.0,2.0,2.0,negative,rebut,challenge,rebuttal
q1__zoos__self_play__qwen2_5_3b__qwen2_5_3b__opp_sup__s0__531275db55,0,gpt_pass_1,1.0,3.0,1.0,3.0,3.0,1.0,2.0,mixed,rebut,challenge,rebuttal
q1__zoos__self_play__qwen2_5_3b__qwen2_5_3b__opp_sup__s0__531275db55,1,gpt_pass_1,2.0,3.0,1.0,3.0,3.0,1.0,1.0,mixed,assert,defend,rebuttal
q1__zoos__self_play__qwen2_5_3b__qwen2_5_3b__opp_sup__s0__531275db55,2,gpt_pass_1,1.0,2.0,1.0,2.0,3.0,1.0,1.0,neutral,rebut,challenge,rebuttal
q1__zoos__self_play__qwen2_5_3b__qwen2_5_3b__opp_sup__s0__531275db55,3,gpt_pass_1,2.0,3.0,2.0,3.0,3.0,1.0,2.0,neutral,assert,defend,rebuttal
q1__zoos__self_play__qwen2_5_3b__qwen2_5_3b__opp_sup__s0__531275db55,4,gpt_pass_1,1.0,2.0,1.0,3.0,2.0,1.0,1.0,negative,rebut,challenge,escalation
q1__zoos__self_play__qwen2_5_3b__qwen2_5_3b__opp_sup__s0__531275db55,5,gpt_pass_1,1.0,2.0,1.0,2.0,3.0,2.0,1.0,mixed,assert,defend,clarification
q1__zoos__self_play__qwen2_5_3b__qwen2_5_3b__opp_sup__s0__531275db55,6,gpt_pass_1,1.0,2.0,1.0,2.0,2.0,2.0,1.0,mixed,rebut,challenge,clarification
q1__zoos__self_play__qwen2_5_3b__qwen2_5_3b__opp_sup__s0__531275db55,7,gpt_pass_1,1.0,2.0,2.0,2.0,2.0,1.0,1.0,mixed,rebut,defend,rebuttal
q1__zoos__self_play__qwen2_5_3b__qwen2_5_3b__opp_sup__s0__531275db55,8,gpt_pass_1,1.0,2.0,1.0,2.0,3.0,1.0,2.0,negative,rebut,defend,rebuttal
q1__zoos__self_play__qwen2_5_3b__qwen2_5_3b__opp_sup__s0__531275db55,9,gpt_pass_1,1.0,2.0,1.0,2.0,2.0,2.0,1.0,neutral,assert,defend,agreement
q1__zoos__self_play__qwen2_5_3b__qwen2_5_3b__opp_sup__s0__531275db55,10,gpt_pass_1,1.0,2.0,0.0,2.0,2.0,1.0,2.0,neutral,rebut,challenge,rebuttal
q1__zoos__self_play__qwen2_5_3b__qwen2_5_3b__opp_sup__s0__531275db55,11,gpt_pass_1,2.0,3.0,1.0,2.0,2.0,1.0,2.0,mixed,synthesize,defend,synthesis
q1__zoos__self_play__qwen2_5_3b__qwen2_5_3b__opp_sup__s0__531275db55,12,gpt_pass_1,1.0,2.0,1.0,3.0,3.0,2.0,2.0,mixed,rebut,challenge,rebuttal
q1__zoos__self_play__qwen2_5_3b__qwen2_5_3b__opp_sup__s0__531275db55,13,gpt_pass_1,2.0,2.0,2.0,3.0,2.0,2.0,1.0,mixed,assert,defend,agreement
q1__zoos__self_play__qwen2_5_3b__qwen2_5_3b__opp_sup__s0__531275db55,14,gpt_pass_1,1.0,2.0,2.0,3.0,2.0,2.0,1.0,negative,rebut,challenge,rebuttal
q1__zoos__self_play__qwen2_5_3b__qwen2_5_3b__opp_sup__s0__531275db55,15,gpt_pass_1,1.0,2.0,1.0,2.0,2.0,2.0,1.0,mixed,assert,defend,clarification
q1__zoos__self_play__qwen2_5_3b__qwen2_5_3b__opp_sup__s0__531275db55,16,gpt_pass_1,1.0,3.0,1.0,2.0,2.0,0.0,2.0,mixed,rebut,defend,rebuttal
q1__zoos__self_play__qwen2_5_3b__qwen2_5_3b__opp_sup__s0__531275db55,17,gpt_pass_1,2.0,2.0,1.0,3.0,2.0,2.0,2.0,positive,assert,defend,agreement
q1__zoos__self_play__qwen2_5_3b__qwen2_5_3b__opp_sup__s0__531275db55,18,gpt_pass_1,2.0,4.0,1.0,2.0,3.0,0.0,1.0,negative,rebut,challenge,rebuttal
q1__zoos__self_play__qwen2_5_3b__qwen2_5_3b__opp_sup__s0__531275db55,19,gpt_pass_1,1.0,2.0,1.0,3.0,2.0,2.0,1.0,mixed,assert,defend,rebuttal
q1__zoos__self_play__qwen2_5_3b__qwen2_5_3b__opp_sup__s0__531275db55,20,gpt_pass_1,1.0,3.0,2.0,3.0,2.0,1.0,2.0,negative,rebut,challenge,rebuttal
q1__zoos__self_play__qwen2_5_3b__qwen2_5_3b__opp_sup__s0__531275db55,21,gpt_pass_1,1.0,2.0,1.0,2.0,3.0,1.0,1.0,neutral,clarify,defend,clarification
q1__zoos__self_play__qwen2_5_3b__qwen2_5_3b__opp_sup__s0__531275db55,22,gpt_pass_1,1.0,3.0,1.0,3.0,2.0,2.0,1.0,negative,rebut,challenge,escalation
q1__zoos__self_play__qwen2_5_3b__qwen2_5_3b__opp_sup__s0__531275db55,23,gpt_pass_1,1.0,2.0,1.0,2.0,3.0,1.0,1.0,mixed,assert,defend,clarification
q1__zoos__self_play__qwen2_5_3b__qwen2_5_3b__opp_sup__s0__531275db55,24,gpt_pass_1,1.0,3.0,1.0,3.0,2.0,2.0,1.0,negative,rebut,challenge,rebuttal
q1__zoos__self_play__qwen2_5_3b__qwen2_5_3b__opp_sup__s0__531275db55,25,gpt_pass_1,2.0,2.0,1.0,3.0,3.0,1.0,1.0,mixed,clarify,challenge,clarification
q1__zoos__self_play__qwen2_5_3b__qwen2_5_3b__opp_sup__s0__531275db55,26,gpt_pass_1,1.0,3.0,1.0,3.0,3.0,1.0,2.0,mixed,rebut,challenge,rebuttal
q1__zoos__self_play__qwen2_5_3b__qwen2_5_3b__opp_sup__s0__531275db55,27,gpt_pass_1,1.0,2.0,1.0,3.0,2.0,2.0,2.0,mixed,assert,defend,rebuttal
q1__zoos__self_play__qwen2_5_3b__qwen2_5_3b__opp_sup__s0__531275db55,28,gpt_pass_1,2.0,3.0,1.0,3.0,3.0,1.0,1.0,mixed,rebut,challenge,rebuttal
q1__zoos__self_play__qwen2_5_3b__qwen2_5_3b__opp_sup__s0__531275db55,29,gpt_pass_1,1.0,3.0,1.0,2.0,2.0,1.0,1.0,mixed,assert,defend,rebuttal
q1__zoos__self_play__qwen2_5_3b__qwen2_5_3b__opp_sup__s0__531275db55,30,gpt_pass_1,1.0,2.0,1.0,3.0,2.0,2.0,1.0,mixed,rebut,challenge,rebuttal
q1__zoos__self_play__qwen2_5_3b__qwen2_5_3b__opp_sup__s0__531275db55,31,gpt_pass_1,2.0,3.0,1.0,3.0,3.0,1.0,2.0,mixed,assert,defend,uncertain
q1__zoos__self_play__qwen2_5_3b__qwen2_5_3b__sup_opp__s0__d547fc4faf,0,gpt_pass_1,1.0,2.0,1.0,2.0,2.0,1.0,1.0,mixed,clarify,explore,clarification
q1__zoos__self_play__qwen2_5_3b__qwen2_5_3b__sup_opp__s0__d547fc4faf,1,gpt_pass_1,1.0,3.0,1.0,2.0,3.0,3.0,2.0,negative,rebut,challenge,rebuttal
q1__zoos__self_play__qwen2_5_3b__qwen2_5_3b__sup_opp__s0__d547fc4faf,2,gpt_pass_1,1.0,2.0,2.0,2.0,2.0,1.0,1.0,mixed,assert,defend,rebuttal
q1__zoos__self_play__qwen2_5_3b__qwen2_5_3b__sup_opp__s0__d547fc4faf,3,gpt_pass_1,1.0,2.0,1.0,2.0,2.0,1.0,2.0,mixed,assert,challenge,rebuttal
q1__zoos__self_play__qwen2_5_3b__qwen2_5_3b__sup_opp__s0__d547fc4faf,4,gpt_pass_1,2.0,2.0,2.0,3.0,2.0,1.0,1.0,mixed,synthesize,defend,synthesis
q1__zoos__self_play__qwen2_5_3b__qwen2_5_3b__sup_opp__s0__d547fc4faf,5,gpt_pass_1,1.0,3.0,1.0,2.0,2.0,1.0,2.0,mixed,rebut,defend,rebuttal
q1__zoos__self_play__qwen2_5_3b__qwen2_5_3b__sup_opp__s0__d547fc4faf,6,gpt_pass_1,1.0,2.0,1.0,2.0,2.0,1.0,1.0,mixed,rebut,defend,rebuttal
q1__zoos__self_play__qwen2_5_3b__qwen2_5_3b__sup_opp__s0__d547fc4faf,7,gpt_pass_1,1.0,2.0,1.0,2.0,3.0,2.0,2.0,mixed,rebut,challenge,rebuttal
q1__zoos__self_play__qwen2_5_3b__qwen2_5_3b__sup_opp__s0__d547fc4faf,8,gpt_pass_1,1.0,2.0,1.0,2.0,3.0,1.0,2.0,mixed,assert,defend,rebuttal
q1__zoos__self_play__qwen2_5_3b__qwen2_5_3b__sup_opp__s0__d547fc4faf,9,gpt_pass_1,1.0,3.0,1.0,2.0,2.0,2.0,1.0,negative,rebut,challenge,escalation
q1__zoos__self_play__qwen2_5_3b__qwen2_5_3b__sup_opp__s0__d547fc4faf,10,gpt_pass_1,1.0,2.0,1.0,2.0,2.0,1.0,2.0,mixed,synthesize,explore,synthesis
q1__zoos__self_play__qwen2_5_3b__qwen2_5_3b__sup_opp__s0__d547fc4faf,11,gpt_pass_1,1.0,3.0,0.0,2.0,2.0,1.0,2.0,negative,rebut,challenge,rebuttal
q1__zoos__self_play__qwen2_5_3b__qwen2_5_3b__sup_opp__s0__d547fc4faf,12,gpt_pass_1,1.0,3.0,1.0,3.0,2.0,1.0,1.0,mixed,synthesize,explore,synthesis
q1__zoos__self_play__qwen2_5_3b__qwen2_5_3b__sup_opp__s0__d547fc4faf,13,gpt_pass_1,1.0,3.0,1.0,3.0,3.0,3.0,2.0,mixed,rebut,challenge,escalation
q1__zoos__self_play__qwen2_5_3b__qwen2_5_3b__sup_opp__s0__d547fc4faf,14,gpt_pass_1,1.0,2.0,1.0,2.0,2.0,1.0,1.0,mixed,assert,defend,synthesis
q1__zoos__self_play__qwen2_5_3b__qwen2_5_3b__sup_opp__s0__d547fc4faf,15,gpt_pass_1,1.0,2.0,1.0,2.0,2.0,2.0,1.0,negative,rebut,challenge,rebuttal
q1__zoos__self_play__qwen2_5_3b__qwen2_5_3b__sup_opp__s0__d547fc4faf,16,gpt_pass_1,1.0,2.0,1.0,3.0,3.0,1.0,2.0,mixed,assert,defend,rebuttal
q1__zoos__self_play__qwen2_5_3b__qwen2_5_3b__sup_opp__s0__d547fc4faf,17,gpt_pass_1,1.0,4.0,0.0,2.0,3.0,4.0,0.0,negative,rebut,challenge,rebuttal
q1__zoos__self_play__qwen2_5_3b__qwen2_5_3b__sup_opp__s0__d547fc4faf,18,gpt_pass_1,1.0,2.0,1.0,3.0,2.0,1.0,1.0,mixed,assert,defend,clarification
q1__zoos__self_play__qwen2_5_3b__qwen2_5_3b__sup_opp__s0__d547fc4faf,19,gpt_pass_1,1.0,3.0,1.0,2.0,2.0,2.0,1.0,mixed,rebut,challenge,escalation
q1__zoos__self_play__qwen2_5_3b__qwen2_5_3b__sup_opp__s0__d547fc4faf,20,gpt_pass_1,1.0,2.0,0.0,3.0,3.0,1.0,1.0,mixed,assert,defend,rebuttal
q1__zoos__self_play__qwen2_5_3b__qwen2_5_3b__sup_opp__s0__d547fc4faf,21,gpt_pass_1,1.0,3.0,1.0,3.0,2.0,3.0,2.0,negative,rebut,challenge,rebuttal
q1__zoos__self_play__qwen2_5_3b__qwen2_5_3b__sup_opp__s0__d547fc4faf,22,gpt_pass_1,1.0,2.0,1.0,2.0,2.0,2.0,1.0,mixed,assert,defend,agreement
q1__zoos__self_play__qwen2_5_3b__qwen2_5_3b__sup_opp__s0__d547fc4faf,23,gpt_pass_1,2.0,3.0,1.0,3.0,2.0,1.0,2.0,mixed,rebut,challenge,rebuttal
q1__zoos__self_play__qwen2_5_3b__qwen2_5_3b__sup_opp__s0__d547fc4faf,24,gpt_pass_1,1.0,2.0,1.0,2.0,2.0,1.0,1.0,mixed,assert,defend,rebuttal
q1__zoos__self_play__qwen2_5_3b__qwen2_5_3b__sup_opp__s0__d547fc4faf,25,gpt_pass_1,1.0,3.0,0.0,3.0,2.0,1.0,1.0,negative,rebut,challenge,rebuttal
q1__zoos__self_play__qwen2_5_3b__qwen2_5_3b__sup_opp__s0__d547fc4faf,26,gpt_pass_1,2.0,2.0,1.0,3.0,3.0,1.0,1.0,mixed,synthesize,resolve,synthesis
q1__zoos__self_play__qwen2_5_3b__qwen2_5_3b__sup_opp__s0__d547fc4faf,27,gpt_pass_1,1.0,2.0,1.0,3.0,2.0,2.0,1.0,negative,rebut,challenge,rebuttal
q1__zoos__self_play__qwen2_5_3b__qwen2_5_3b__sup_opp__s0__d547fc4faf,28,gpt_pass_1,1.0,2.0,1.0,2.0,2.0,1.0,1.0,mixed,clarify,explore,clarification
q1__zoos__self_play__qwen2_5_3b__qwen2_5_3b__sup_opp__s0__d547fc4faf,29,gpt_pass_1,0.0,3.0,1.0,2.0,3.0,3.0,2.0,negative,rebut,defend,rebuttal
q1__zoos__self_play__qwen2_5_3b__qwen2_5_3b__sup_opp__s0__d547fc4faf,30,gpt_pass_1,1.0,2.0,1.0,2.0,2.0,2.0,1.0,neutral,assert,defend,agreement
q1__zoos__self_play__qwen2_5_3b__qwen2_5_3b__sup_opp__s0__d547fc4faf,31,gpt_pass_1,1.0,3.0,0.0,3.0,3.0,4.0,0.0,negative,assert,defend,agreement
