text_sha256,vad_model,vad_model_revision,expressed_valence,expressed_arousal,expressed_dominance
65676c008230fe3a49188c0481aea180301d4063c92dc2efd14921aa0240d400,RobroKools/vad-bert,c4c659fd17dd5807572b3f0f577de8c408401ca7,2.6648638248443604,3.1681020259857178,3.2415599822998047
9a65b0a4abc4262f03fb59b02bab24637524b74ae3ed29ddea614344f68ec3e6,RobroKools/vad-bert,c4c659fd17dd5807572b3f0f577de8c408401ca7,2.782499313354492,3.185117483139038,3.4202349185943604
de8598809838dbefc730fa8b5d4d284e19eda2927a91d1dc6e9beb86d7a60dd3,RobroKools/vad-bert,c4c659fd17dd5807572b3f0f577de8c408401ca7,2.619300127029419,3.0683395862579346,3.1867213249206543
9ecefcfbd987788171273b7a95e09c76de8c188a52cf15f43e96be1c22da7bc1,RobroKools/vad-bert,c4c659fd17dd5807572b3f0f577de8c408401ca7,2.8559491634368896,3.1595020294189453,3.242565870285034
74b21dad371c824d103cb26faecef48a9fa5ec9a90781847676b5ffa79f9c192,RobroKools/vad-bert,c4c659fd17dd5807572b3f0f577de8c408401ca7,2.5805609226226807,3.032087802886963,3.022085905075073
6b76f5d0031abcc8e7a538faaea64379a5d27742f262cb6efefaa8938c86cd44,RobroKools/vad-bert,c4c659fd17dd5807572b3f0f577de8c408401ca7,2.4680659770965576,3.182995080947876,3.147937059402466
e6a7676d5685595c94909d341f4d8cd535984ce4163f3f3ae9a46e46591f3f78,RobroKools/vad-bert,c4c659fd17dd5807572b3f0f577de8c408401ca7,2.677385807037353,3.1691317558288574,3.2033073902130127
a7e41b17c6f3c4889b5afe96e10c254420f190f7894bc20c336055d4088f8976,RobroKools/vad-bert,c4c659fd17dd5807572b3f0f577de8c408401ca7,2.67034125328064,3.1220974922180176,3.2174670696258545
5870cb876d19c5418387e065792d74de4f3ca0b04fbf9517e861bd4c321115a4,RobroKools/vad-bert,c4c659fd17dd5807572b3f0f577de8c408401ca7,2.8249123096466064,3.0591275691986084,3.2950994968414307
83ef7f1c2b6e53590b1060a364f95a43427bda125b3f91e55ce058272151c854,RobroKools/vad-bert,c4c659fd17dd5807572b3f0f577de8c408401ca7,2.580800294876098,3.1694836616516118,3.083319902420044
62c3e360acf6a36f94029ccf137604e2fe951a3a48388ad64ef4b9d05c78a4d2,RobroKools/vad-bert,c4c659fd17dd5807572b3f0f577de8c408401ca7,2.8479082584381104,3.122260332107544,3.2382891178131104
795fffa28a35ef91030eacda65b9c8ddff81aecb4e9114c781890d3061554a1e,RobroKools/vad-bert,c4c659fd17dd5807572b3f0f577de8c408401ca7,2.749962568283081,3.107232093811035,3.2393484115600586
69772233c015df5c17c143b786b1636a926985d85e46b145aedede29ff319c99,RobroKools/vad-bert,c4c659fd17dd5807572b3f0f577de8c408401ca7,2.6852011680603027,3.2176363468170166,3.2595763206481934
85336f3620ba3aafcbe518918cbaca8a307c342c2c15ab19026c451779017f30,RobroKools/vad-bert,c4c659fd17dd5807572b3f0f577de8c408401ca7,2.3917078971862797,3.226262092590332,3.1077327728271484
e250ddc484b83e11c9ab873d316aede2bdf810537be5737f17de56d83f99f3bc,RobroKools/vad-bert,c4c659fd17dd5807572b3f0f577de8c408401ca7,2.8225138187408447,3.0538504123687744,3.15614914894104
2dab001c79c9148f2dacf7195d7720159899e77e84608ef3bf482eb251e0c256,RobroKools/vad-bert,c4c659fd17dd5807572b3f0f577de8c408401ca7,2.99822998046875,3.182457685470581,3.3949692249298096
dba07ee6fbf6ded2f8e6b82aa3cdc20647a4b12de01b1d462f860b4aaa482302,RobroKools/vad-bert,c4c659fd17dd5807572b3f0f577de8c408401ca7,2.730587959289551,3.218080759048462,3.4155871868133545
c02ab679669827dff0eee3df5c8ed039a91faeb086bf63e7973f31cbbd68c857,RobroKools/vad-bert,c4c659fd17dd5807572b3f0f577de8c408401ca7,2.442670583724976,3.169140100479126,3.046264410018921
896658e1e42a08f90b140fb4044a23403594adb2c57f23893e31f371e48858f8,RobroKools/vad-bert,c4c659fd17dd5807572b3f0f577de8c408401ca7,2.8062944412231445,3.2587101459503174,3.2037742137908936
e9c59d0c1bc0108a267d52d314cb87b1dffed3126d05e920cb66cb2352e15246,RobroKools/vad-bert,c4c659fd17dd5807572b3f0f577de8c408401ca7,2.539734125137329,3.0700807571411133,3.00834059715271
d49dc39b033e6c0ef20ba037dfdc4826315cf20b4e0c8fcb808979db46d86191,RobroKools/vad-bert,c4c659fd17dd5807572b3f0f577de8c408401ca7,2.7179064750671387,3.1266887187957764,3.105725049972534
c8655f8a5a55bdfaa36ffd1bfbcd3cc31c75fb0055836efabd7cabcc83de6e1e,RobroKools/vad-bert,c4c659fd17dd5807572b3f0f577de8c408401ca7,2.710154294967652,3.1217076778411865,3.158787488937378
40543cd0e415086937f7052de35b6f3cf75366c46db8209693b506a504818e48,RobroKools/vad-bert,c4c659fd17dd5807572b3f0f577de8c408401ca7,2.9380695819854736,3.0269076824188232,3.3272128105163574
82fec1f291c11de972c769d29e197e422ff8cc337bf76972bd0d03b4221bf3ee,RobroKools/vad-bert,c4c659fd17dd5807572b3f0f577de8c408401ca7,2.787372589111328,3.1686272621154785,3.2521352767944336
59558c6a65a8f2572bf4329c3021efd33fad66325b3d05ae2a1b829cb35042e4,RobroKools/vad-bert,c4c659fd17dd5807572b3f0f577de8c408401ca7,2.57604455947876,3.075770139694214,3.051242589950561
bae8e532a11fa510d93ac0ab6f5da0f45f791f54e9e55d2bbcf11be3381a46d5,RobroKools/vad-bert,c4c659fd17dd5807572b3f0f577de8c408401ca7,2.5829432010650635,3.1507694721221924,3.125951766967773
d6cc928aba12e155b6558356a121cc0b51e90e497f60449108b6117c985f300c,RobroKools/vad-bert,c4c659fd17dd5807572b3f0f577de8c408401ca7,2.642284631729126,3.135169744491577,3.079193592071533
6bb022ffefa11d809eec68c83577909d48029d6aae744510dc594df1e56ab043,RobroKools/vad-bert,c4c659fd17dd5807572b3f0f577de8c408401ca7,2.653550386428833,3.0638060569763184,3.049938440322876
8f20d223d2c964f17ddb056dd19a23ca83c6fa6ee4e4d51ffb9190c619f34a43,RobroKools/vad-bert,c4c659fd17dd5807572b3f0f577de8c408401ca7,2.526235580444336,3.141437768936157,2.953094244003296
9dd6ffee5c96a1837d772ec19da0cdf137ecc8904b335808a9592beeccbf40e5,RobroKools/vad-bert,c4c659fd17dd5807572b3f0f577de8c408401ca7,2.6155056953430176,3.156318426132202,3.144251108169556
f81cc5e5166f961c3f0fc2f59df2f0a0cb90d17243d128043b43a2c4994814bc,RobroKools/vad-bert,c4c659fd17dd5807572b3f0f577de8c408401ca7,2.696419239044189,3.3185057640075684,3.04952073097229
524e27a0a1b13b2e0603d7415c2388ab958be073f6529b13e13a8cf8feff8adf,RobroKools/vad-bert,c4c659fd17dd5807572b3f0f577de8c408401ca7,2.6955230236053467,3.250471353530884,3.138320207595825
a2eb606cd70012a05ae7a4a0599a2fa11b113c11f3d82a76c379c3d3fd524304,RobroKools/vad-bert,c4c659fd17dd5807572b3f0f577de8c408401ca7,2.618644952774048,3.2633543014526367,3.143305540084839
24f8a1cb3e5c9f2f81b023d606fe9b4a2eed0291f9d922b07f57e017359e3722,RobroKools/vad-bert,c4c659fd17dd5807572b3f0f577de8c408401ca7,2.7921059131622314,3.180598735809326,3.1985132694244385
2d26a52c29df27d656f8e6cfd039f92e296b07715f814d2817c093c7463a5b9b,RobroKools/vad-bert,c4c659fd17dd5807572b3f0f577de8c408401ca7,2.5129079818725586,3.1682064533233643,3.207933187484741
bb39c670e5db9be4e9d6573c3e765de31ff3a05d9adb9602e7cffc09001f53c5,RobroKools/vad-bert,c4c659fd17dd5807572b3f0f577de8c408401ca7,2.8709523677825928,3.275542020797729,3.2243740558624268
188985a1a4fcadc834808c85ffc90a6b6b370257f13613c30139b97644f9959f,RobroKools/vad-bert,c4c659fd17dd5807572b3f0f577de8c408401ca7,2.871605396270752,3.2626376152038574,3.420499563217163
341869fd28e71221d270a16ce5150244c96110ee23783ec1bf4a1aeb851b7332,RobroKools/vad-bert,c4c659fd17dd5807572b3f0f577de8c408401ca7,3.153470754623413,3.101661443710327,3.247218608856201
da1142ecbd482e43dda13258cdb2c631cd0a956a9a27e81f3abc73c9176b02ac,RobroKools/vad-bert,c4c659fd17dd5807572b3f0f577de8c408401ca7,3.06768536567688,3.286887884140014,3.3293440341949463
08042b7f81b879884b52fe8e0100fdf5fd30e0c1c46cc7d850bedd136dc1ed4b,RobroKools/vad-bert,c4c659fd17dd5807572b3f0f577de8c408401ca7,2.740966796875,3.188589572906494,3.221244096755981
d3d9adfb2ffef3ff0b07078a52df1c8af363bf99e090dac9576c79284111d973,RobroKools/vad-bert,c4c659fd17dd5807572b3f0f577de8c408401ca7,2.6460278034210205,3.151257276535034,3.22710394859314
e7d6b27d48d2ec473415cb13153bc5cd9d5c769e6470ce34fe789b76a031b9fb,RobroKools/vad-bert,c4c659fd17dd5807572b3f0f577de8c408401ca7,2.7006897926330566,3.0826001167297363,3.159021615982056
854eeb52b1c2044d4073fb7e8578738705fd4c70747c0609c22a0155dc3c5a89,RobroKools/vad-bert,c4c659fd17dd5807572b3f0f577de8c408401ca7,2.7536959648132324,3.162998914718628,3.174748182296753
832bfbef42dc76a34fdfc8d8b03069fc6b3fcbae0b5bd21e6fc365d7bdcbc1b3,RobroKools/vad-bert,c4c659fd17dd5807572b3f0f577de8c408401ca7,2.910374879837036,3.218200922012329,3.3154304027557373
5a97a6d2cc10bbd7d4b771b7a28e6291f7528c74603ab06dd2c1fdbb625cda25,RobroKools/vad-bert,c4c659fd17dd5807572b3f0f577de8c408401ca7,2.847869634628296,3.42712140083313,3.2992351055145264
4619a7fee0b732875652dd41d642fd73474453f4f409f35a5cf6490ac9c481ca,RobroKools/vad-bert,c4c659fd17dd5807572b3f0f577de8c408401ca7,2.781502485275269,3.2451412677764893,3.220327615737915
98b388b665f12854e7610e26e9f0758c7b458ed7b0fe2e6fef6109f1e37b672e,RobroKools/vad-bert,c4c659fd17dd5807572b3f0f577de8c408401ca7,2.8406152725219727,3.0589592456817627,3.26659631729126
38d283ba6c853a7c782462db765c367382bd3b6b8e9322bd71a20ad3cf100372,RobroKools/vad-bert,c4c659fd17dd5807572b3f0f577de8c408401ca7,2.5268595218658447,3.243945598602295,3.092594623565674
2b79c9f43628bc5c889b4cf3c8c15030a73df401b4882218e2264c0a7a07122d,RobroKools/vad-bert,c4c659fd17dd5807572b3f0f577de8c408401ca7,2.54532790184021,3.220444679260254,3.2169203758239746
e196708dae09a8a4e965c8389436641fe12ac3bc08585770e4fe64b3868f145b,RobroKools/vad-bert,c4c659fd17dd5807572b3f0f577de8c408401ca7,2.5876712799072266,3.1088688373565674,3.0113089084625244
cc91269ef41c641ce8de738146feb3cbca17027772261f3ca5ae11e695940d00,RobroKools/vad-bert,c4c659fd17dd5807572b3f0f577de8c408401ca7,2.6548359394073486,3.172315835952759,3.1483042240142822
bb29f0620700c149c87841790610da84b1a2e50272c2b6eac223e8b84768802f,RobroKools/vad-bert,c4c659fd17dd5807572b3f0f577de8c408401ca7,2.857990264892578,3.099637508392334,3.2649707794189453
5c97e8a5cb4c82ecd1b9343a2e51130d647bb221c0835bfc1e8c6be59bf6c0e3,RobroKools/vad-bert,c4c659fd17dd5807572b3f0f577de8c408401ca7,2.81441330909729,3.173290491104126,3.153002977371216
19117325b136314f3b44ce1520328185343df032356bf9b936f58cc7df109bc1,RobroKools/vad-bert,c4c659fd17dd5807572b3f0f577de8c408401ca7,3.3437273502349854,3.0918490886688232,3.1860358715057373
f6c757b8a8d8a31cbb39e12dceeec77be2cd0ef9f1280ea96b4602b064c23778,RobroKools/vad-bert,c4c659fd17dd5807572b3f0f577de8c408401ca7,2.5023272037506104,3.182211637496948,2.985921621322632
b2e0fa59b9fc7350f8a4e6740e49957baa7d38ea9cfba6ce61224fe6a030db34,RobroKools/vad-bert,c4c659fd17dd5807572b3f0f577de8c408401ca7,2.602595567703247,3.061826467514038,3.1507058143615723
9b4243a8ab49dd5f2093c8d8dcb826d083bf7a5b721222573ae7a91d44c682a7,RobroKools/vad-bert,c4c659fd17dd5807572b3f0f577de8c408401ca7,2.6810898780822754,3.144286870956421,3.2443597316741943
2aa8e5007c1013497c27718929d7b0704216757df8e22a90d0084dd038f9267e,RobroKools/vad-bert,c4c659fd17dd5807572b3f0f577de8c408401ca7,2.6079697608947754,3.2291712760925293,3.076421976089477
40cd7bbd5ac0840b525eda4b61868703d0aac1cc9c5c4053b34a3fdb7345641b,RobroKools/vad-bert,c4c659fd17dd5807572b3f0f577de8c408401ca7,2.5968093872070312,3.150916337966919,3.0296223163604736
2c05b94fa0159000fb67ded39c85fb08beb648f7819157a06407b220b7d0c543,RobroKools/vad-bert,c4c659fd17dd5807572b3f0f577de8c408401ca7,2.667999505996704,3.1528728008270264,3.183629274368286
7e0de886fa2993cd74c5464a186cb31efb1e1369ff4117fe269243f882b01c3b,RobroKools/vad-bert,c4c659fd17dd5807572b3f0f577de8c408401ca7,2.523949384689331,3.231486558914185,3.027308702468872
19d04ab35dd160cacdf14e28b9977618bb9173e819023236a7500bd925c62815,RobroKools/vad-bert,c4c659fd17dd5807572b3f0f577de8c408401ca7,2.580420732498169,3.097339391708374,3.217376947402954
d5492abe00749e60cb34f52fe69932cb141e50e500e016b0f2e1e4bda85cb1b3,RobroKools/vad-bert,c4c659fd17dd5807572b3f0f577de8c408401ca7,2.50701117515564,3.1712517738342285,3.099564790725708
3745289d992841d0d0b97ceb724d5d8f0294769423e1b279b8e5fdd0fd6e794b,RobroKools/vad-bert,c4c659fd17dd5807572b3f0f577de8c408401ca7,2.590674638748169,3.0826265811920166,3.174237012863159
1d316a829d9363380a5aad01b01c616e64d12b1ca6d0896ad2b9e0022157ac2b,RobroKools/vad-bert,c4c659fd17dd5807572b3f0f577de8c408401ca7,2.681405544281006,3.0836710929870605,3.11728835105896
c820d5e28eff6a4a9a30055aaa22c9d463c7d799a4b49721b6724862d19b7372,RobroKools/vad-bert,c4c659fd17dd5807572b3f0f577de8c408401ca7,2.7703945636749268,3.093965530395508,3.101872205734253
d41442fe5ea69e5911b37c1351a912d22ee5347671959b2354fd4f6330077cdc,RobroKools/vad-bert,c4c659fd17dd5807572b3f0f577de8c408401ca7,2.73478102684021,3.016982316970825,3.1683807373046875
e71d1d0fe9627aadd4944166b49650c91a0d2ee938d1af30a98f58868d66b95b,RobroKools/vad-bert,c4c659fd17dd5807572b3f0f577de8c408401ca7,2.785764455795288,3.108581066131592,3.1716339588165283
23bbd83e6e7bd7ddbaa7812c38982eccbd183e283ea6b26596fa4483f4c3d7c6,RobroKools/vad-bert,c4c659fd17dd5807572b3f0f577de8c408401ca7,3.112218141555786,3.0818936824798584,3.148325204849243
b3eb6174d22bd232643818a86c6ec58a6b1fa510ef9e5097e8dd892c41afa3db,RobroKools/vad-bert,c4c659fd17dd5807572b3f0f577de8c408401ca7,2.517442464828491,3.210782766342163,3.158597230911255
51eaa60fbf72ef427ceb25226a356c449edcec32b3dd168d82909b430e871615,RobroKools/vad-bert,c4c659fd17dd5807572b3f0f577de8c408401ca7,2.953827142715454,3.1905014514923096,3.387563467025757
5a7df7eeb88b2efb545bbd1a338033f33d2054eea3473264ef190b1bf3280dd9,RobroKools/vad-bert,c4c659fd17dd5807572b3f0f577de8c408401ca7,2.6150214672088623,3.1488797664642334,3.218047857284546
415749fd19631debe7b55f128b161d3bded38ac50e6f7973f66634d57d46e7b7,RobroKools/vad-bert,c4c659fd17dd5807572b3f0f577de8c408401ca7,2.8559377193450928,2.9871745109558105,3.13901948928833
391514c43d22b1a5dab124ef70d74b690c9fd0b6712c1669b08195de2415e821,RobroKools/vad-bert,c4c659fd17dd5807572b3f0f577de8c408401ca7,2.831172227859497,3.021738290786743,3.182959079742432
804b115115449d0d6318dadb3caf7e1b7438c0bf623a5ea9bbb39ffbb57ed6f9,RobroKools/vad-bert,c4c659fd17dd5807572b3f0f577de8c408401ca7,2.657512664794922,3.2014482021331787,3.049687147140503
593602095b790258fa32f3969ef10efa5103003bb127af4177b8ce96cc860d89,RobroKools/vad-bert,c4c659fd17dd5807572b3f0f577de8c408401ca7,2.836686611175537,3.1284334659576416,3.2617342472076416
df70f7bae241550f923aaba54082d22945250889a09684dab3ef95a8a302b7b9,RobroKools/vad-bert,c4c659fd17dd5807572b3f0f577de8c408401ca7,2.6621081829071045,3.128314733505249,3.1859614849090576
4db76599161f09da9fb13d5f1de6f9d1f9452b77c7dea7734e68870ce1645be0,RobroKools/vad-bert,c4c659fd17dd5807572b3f0f577de8c408401ca7,2.749960660934448,3.0797665119171143,3.1473581790924072
2723bfe8c563d5ed1292bd95882fd5d674ab4d6539129a4c83ccceda7b4a731f,RobroKools/vad-bert,c4c659fd17dd5807572b3f0f577de8c408401ca7,2.541975975036621,3.127889394760132,3.1913208961486816
ddc92a862f1d3d746c0e9b7f7a1c2d44fdcf44e499afa4ad93963d007526d39b,RobroKools/vad-bert,c4c659fd17dd5807572b3f0f577de8c408401ca7,2.7223188877105717,3.1065690517425537,3.211249589920044
5845f927a89e0ea6bbccbcc3d4e7cd6f326bdbfcd6418ba3c6c678a50198ed96,RobroKools/vad-bert,c4c659fd17dd5807572b3f0f577de8c408401ca7,2.776786088943481,2.9792821407318115,3.1222167015075684
54a2d76bc7e406cc53d80bbbe3c9110e8c8a7544a8853b3e47dd0b363f33ec86,RobroKools/vad-bert,c4c659fd17dd5807572b3f0f577de8c408401ca7,2.7628676891326904,3.0761733055114746,3.169174909591675
587140357e429fef46610f756bdb900bb10ec5708701e98ed2a7c5f28ee49204,RobroKools/vad-bert,c4c659fd17dd5807572b3f0f577de8c408401ca7,2.6788034439086914,3.3093454837799072,3.1979947090148926
6b0082e91a7903bdb6db8d9e0b0bea39140821516bd0b9e661d7f7765667b49a,RobroKools/vad-bert,c4c659fd17dd5807572b3f0f577de8c408401ca7,2.670646905899048,3.057904005050659,3.073213815689087
d7bac4025f33e3350f47aa2da84a7369f1abb192cf27dbeccf20fc3d374acd25,RobroKools/vad-bert,c4c659fd17dd5807572b3f0f577de8c408401ca7,2.6444036960601807,3.0773439407348637,3.0965893268585205
162964162ab515f3f8de3889ad9befde9bcdeaa4cb154ef6a6a3be50b60cb8f8,RobroKools/vad-bert,c4c659fd17dd5807572b3f0f577de8c408401ca7,2.766871213912964,3.103922128677368,3.218837022781372
558f821522b1a6e8d559ccb858ae6566871905e0cc41ef2f0d85086efda548ac,RobroKools/vad-bert,c4c659fd17dd5807572b3f0f577de8c408401ca7,2.975684404373169,3.106983184814453,3.2057926654815674
dddede4ce1e7991ecd9003b078def935ff1df720afbb6e6d1cbd4af03b731af9,RobroKools/vad-bert,c4c659fd17dd5807572b3f0f577de8c408401ca7,3.0292093753814697,3.3034660816192627,3.267749547958374
bc6ff7cce0085812540ddde826e2f602ac413963a1d9fab1c32ccc85c7f65e58,RobroKools/vad-bert,c4c659fd17dd5807572b3f0f577de8c408401ca7,2.6543257236480717,3.016491174697876,3.0385541915893555
a62098e6e0766bba982d6bbedebc0151b37695da2e53bd69af46036dec9ec72c,RobroKools/vad-bert,c4c659fd17dd5807572b3f0f577de8c408401ca7,2.8115837574005127,3.000306844711304,3.0567963123321533
2be8bab91928ba1bed5549d62701c863d2de70371b37e253c6fbd8617f047270,RobroKools/vad-bert,c4c659fd17dd5807572b3f0f577de8c408401ca7,2.696826696395874,3.1784145832061768,3.0994207859039307
6a0a1ba2974a95368d815390e1f0cdd2d21adce59be7c9ccc8ebd3770ecfead1,RobroKools/vad-bert,c4c659fd17dd5807572b3f0f577de8c408401ca7,2.6340339183807373,3.1795547008514404,3.138596296310425
9e9142c0823b2780acb65614aac8055d029ba4276f7a4702fcce811d7aa96031,RobroKools/vad-bert,c4c659fd17dd5807572b3f0f577de8c408401ca7,2.6491072177886963,3.216097593307495,3.102850914001465
325fe60f31b202f69da5cdfbd88bddbb4db186264982e1d6e39f710935970e4e,RobroKools/vad-bert,c4c659fd17dd5807572b3f0f577de8c408401ca7,2.7569849491119385,3.075434684753418,3.215596437454224
dcea1ab905718642dae20726ace8bc5469122269c5e9a7bc7fe9a4f01fcf657d,RobroKools/vad-bert,c4c659fd17dd5807572b3f0f577de8c408401ca7,2.67376446723938,3.174330949783325,2.999288320541382
2d72107f388ca027fbd58892d15d37a5de9cc155a7bbe39b24317aa0eedd4793,RobroKools/vad-bert,c4c659fd17dd5807572b3f0f577de8c408401ca7,2.41589617729187,3.226487398147583,3.032020568847656
e2bbfac2288ba403908e8e782549e860f0b1a8f46da61a6dc136b3d376208e50,RobroKools/vad-bert,c4c659fd17dd5807572b3f0f577de8c408401ca7,2.78901743888855,3.1812689304351807,3.171968698501587
0b98a91a6b8625d1b6cfa1d1f15e9de750990ca409b6eb6265f1d39d66e39a73,RobroKools/vad-bert,c4c659fd17dd5807572b3f0f577de8c408401ca7,2.882819175720215,2.940483808517456,3.159186124801636
053feddedb811323b65d95865b63a1d1ee32f1cb4f09ec500fd0a3320f488b96,RobroKools/vad-bert,c4c659fd17dd5807572b3f0f577de8c408401ca7,2.636951208114624,3.005418300628662,3.120034456253052
6cac14306a84bce97896f3ec2802336471ef39dce0554ee99ad8a12e96e467a0,RobroKools/vad-bert,c4c659fd17dd5807572b3f0f577de8c408401ca7,2.914541959762573,3.169205904006958,3.312417984008789
670dd96d5c9858ab2cc175031835e490be52687a793335cdf373a930f3321aef,RobroKools/vad-bert,c4c659fd17dd5807572b3f0f577de8c408401ca7,2.912570714950561,3.1996219158172607,3.3358399868011475
dc560aa614b58cf40fbe03dc7b28084b529cf10d10cc39f3736c9e0b12658c11,RobroKools/vad-bert,c4c659fd17dd5807572b3f0f577de8c408401ca7,2.7113196849823,3.148451328277588,3.060610294342041
3ec6641f2d6d5d2068776f340bb13051ea727dc929691799d12a905650a93e14,RobroKools/vad-bert,c4c659fd17dd5807572b3f0f577de8c408401ca7,3.024373769760132,3.181497812271118,3.30232048034668
9433b08ea21773e2ffc92ae2121835029b25f4151191a1e63c593b56e9e011a0,RobroKools/vad-bert,c4c659fd17dd5807572b3f0f577de8c408401ca7,2.707725524902344,3.174917459487915,3.1405723094940186
c53d7be0dbce66aaa36596347c16383a9555cd58bd3ca1f4fa8eb5e67b2ab656,RobroKools/vad-bert,c4c659fd17dd5807572b3f0f577de8c408401ca7,3.008386373519897,3.277320623397827,3.172645092010498
d753b187cb33428af0750c5b26a906e4c06043fdfff410f02858d018e0a1d378,RobroKools/vad-bert,c4c659fd17dd5807572b3f0f577de8c408401ca7,2.6582391262054443,3.206884384155273,3.2178897857666016
1ae436e128afb6f510e96707e360d913864fd99242228a390b0f82b16c456407,RobroKools/vad-bert,c4c659fd17dd5807572b3f0f577de8c408401ca7,2.859282255172729,3.058958053588867,3.173600435256958
50680c0c3d4d3d4adb5f120f5ec213095e11752fa543a01ebc6c8cc917ed274a,RobroKools/vad-bert,c4c659fd17dd5807572b3f0f577de8c408401ca7,2.723639488220215,3.2170426845550537,3.2776448726654053
d44f19c0fe8f0a8836a599abe3d00909c7ef8cec41f9bc6b016b48a769730723,RobroKools/vad-bert,c4c659fd17dd5807572b3f0f577de8c408401ca7,2.622978448867798,3.003340005874634,3.0570971965789795
7c4f76fac15557a5b35074fc7fd194f29ae502e3f687184d6a7b9e082a926554,RobroKools/vad-bert,c4c659fd17dd5807572b3f0f577de8c408401ca7,2.623016357421875,3.190413236618042,3.2196669578552246
f4db18d1fbb765d63a04b1c28e17f74d089199a3568dd34cbe8b9fc736402a9c,RobroKools/vad-bert,c4c659fd17dd5807572b3f0f577de8c408401ca7,2.987050294876098,3.279294729232788,3.224177598953247
80bd13bf9e1fde41a31b78118acd3ba8570c7b61779c5d0f808b33b168a3a761,RobroKools/vad-bert,c4c659fd17dd5807572b3f0f577de8c408401ca7,2.779399871826172,3.126348733901977,3.1332247257232666
0562ef9b8769db3be9ab803a25da707cf57f38c9dd1331c857e0b9536593758f,RobroKools/vad-bert,c4c659fd17dd5807572b3f0f577de8c408401ca7,2.347302198410034,3.242637634277344,2.973129987716675
671128a2c8be4ad9f9b66add1aed9a8a8afd9c8c32e37a4a9e55ac0182a07e3e,RobroKools/vad-bert,c4c659fd17dd5807572b3f0f577de8c408401ca7,2.640251874923706,3.087614059448242,3.038580894470215
f69c627cb2714aa970c655baf2de0704dbacd12c3d0f390d5caef65500daf817,RobroKools/vad-bert,c4c659fd17dd5807572b3f0f577de8c408401ca7,2.491729974746704,3.0863654613494877,3.063385009765625
284a667d5187fd2d29e9624c502e043bfa0a5b04ee46e27f98d26d9a0ed00cd4,RobroKools/vad-bert,c4c659fd17dd5807572b3f0f577de8c408401ca7,2.7149226665496826,3.069326162338257,3.1530184745788574
5019a6b0800bf39091922e3182f2016025f1ac7991550a2e290d0393432816a7,RobroKools/vad-bert,c4c659fd17dd5807572b3f0f577de8c408401ca7,2.700845956802368,3.128053903579712,3.177653312683105
5badbb09c0311085a838a9952f747c51e65563a46bc5538e624dd2a285e60974,RobroKools/vad-bert,c4c659fd17dd5807572b3f0f577de8c408401ca7,2.4565768241882324,3.075834989547729,3.0645999908447266
01791b4e7b21e0ed50eb11869855f7826000328344f94e83365e40aa09c71a4c,RobroKools/vad-bert,c4c659fd17dd5807572b3f0f577de8c408401ca7,2.593514204025269,3.08292555809021,3.124401569366455
782846b60f997aeff9f090b4e87a26dba2ff26920be2c50c3968ee4bfcf9b0f4,RobroKools/vad-bert,c4c659fd17dd5807572b3f0f577de8c408401ca7,2.7390263080596924,3.025237798690796,3.13589096069336
acda4a18af7fc18cd0344028e8c0036fb1d3fdc7c63033ee3663106c7f415d49,RobroKools/vad-bert,c4c659fd17dd5807572b3f0f577de8c408401ca7,2.615546464920044,3.1426517963409424,3.1289994716644287
458069cf5ff39bfbde8e8f9deb45c53f61f26d4905f7f0ab9173cb032faa3c05,RobroKools/vad-bert,c4c659fd17dd5807572b3f0f577de8c408401ca7,2.60408091545105,3.0471954345703125,3.102675199508667
8a1b8bf75a7dd46e94c81a6b373688cdb5bf825d7d7ea09712f5c970d83d7539,RobroKools/vad-bert,c4c659fd17dd5807572b3f0f577de8c408401ca7,2.559880018234253,3.1166024208068848,3.073164224624634
2fe608d9fb9a632c897cbca3fda9ece01fc3c8e0675778af137bd94cafe11688,RobroKools/vad-bert,c4c659fd17dd5807572b3f0f577de8c408401ca7,2.399040937423706,3.150107860565185,2.995269060134888
ffd148addf61a0e1a564405a5a7dfa67c0e3c14d6029d93ec0280f96fe647e9e,RobroKools/vad-bert,c4c659fd17dd5807572b3f0f577de8c408401ca7,2.424506425857544,3.1974027156829834,3.066235303878784
efa5a3a6362a01db10757947aab5012c99e4a75be86e2b6650f0f01b20e423dc,RobroKools/vad-bert,c4c659fd17dd5807572b3f0f577de8c408401ca7,2.490367889404297,3.073537588119507,3.052077054977417
8b659b76796c5615804281c0ad4433f933995e75ec65b3b57876d0d937b6a1f0,RobroKools/vad-bert,c4c659fd17dd5807572b3f0f577de8c408401ca7,2.6077327728271484,3.0750162601470947,3.1650874614715576
6dab854d52a1112fac871db0060b0c2b30f39ab54879c6c08c4a83b018ef6490,RobroKools/vad-bert,c4c659fd17dd5807572b3f0f577de8c408401ca7,2.8812344074249268,3.034315824508667,3.2659246921539307
1df77821abb60c6f66544cddffc21960bcf08036078e2703ab58c5d48f7810b1,RobroKools/vad-bert,c4c659fd17dd5807572b3f0f577de8c408401ca7,2.6186561584472656,3.126696825027466,3.160421848297119
c57a241250eac510b8fb8a8e51af3e4c818cb9e6efdb77bd0baecbf0b85ab973,RobroKools/vad-bert,c4c659fd17dd5807572b3f0f577de8c408401ca7,2.6537935733795166,3.1039204597473145,3.1314568519592285
f8821214691b0397e5b1d2b2156b9ffefdb9ad168b541ef552a8160450fe2b3d,RobroKools/vad-bert,c4c659fd17dd5807572b3f0f577de8c408401ca7,2.62325119972229,3.10584568977356,3.189422607421875
5c905df278f3d9849a61078bcbf12a95612ecb847da90490c9434cc207c39824,RobroKools/vad-bert,c4c659fd17dd5807572b3f0f577de8c408401ca7,2.614680528640747,3.0716164112091064,3.1661102771759038
55a35aab8903b41ec3fc64da2ba607390011d3fd3d41a487675117817c123bed,RobroKools/vad-bert,c4c659fd17dd5807572b3f0f577de8c408401ca7,2.6944901943206787,3.0596985816955566,3.1323037147521973
81970e8578cbd89fa0d0b08ef7202e5a6c6ba0ff4e68f5cf3501fc897701dbf7,RobroKools/vad-bert,c4c659fd17dd5807572b3f0f577de8c408401ca7,2.7391836643218994,3.0959627628326416,3.1071484088897705
cf0948eb3086e20d7e065e24aa163787f7eb547756482cac4ec7fcdedf413830,RobroKools/vad-bert,c4c659fd17dd5807572b3f0f577de8c408401ca7,2.852267026901245,3.021984815597534,3.162794828414917
14dc9ec8fb37bc2c8dafdc355d8e10564a93f779449017e7673664cf29e3ea26,RobroKools/vad-bert,c4c659fd17dd5807572b3f0f577de8c408401ca7,2.7401280403137207,3.11975646018982,3.2438979148864746
e09f7fded6df180944bc8ef0f7dbd47c9dd8e9decf18d42c89a676c7394b8498,RobroKools/vad-bert,c4c659fd17dd5807572b3f0f577de8c408401ca7,2.550196886062622,3.0792548656463623,3.0727813243865967
52cc4be3c83b888ff4fae0112ee124fe42a3d3c068513424e21e9ee52a814b75,RobroKools/vad-bert,c4c659fd17dd5807572b3f0f577de8c408401ca7,2.910487651824951,3.1708223819732666,3.2752797603607178
4fc4723645098ded379dd906e305491b3ccb14bbc065cbe39d48e5198257e517,RobroKools/vad-bert,c4c659fd17dd5807572b3f0f577de8c408401ca7,2.594223737716675,3.0779030323028564,3.1323273181915283
3b254c19f9cd711584a1a877051e400b8b6629ad1a296a7cb26c26ee009f015c,RobroKools/vad-bert,c4c659fd17dd5807572b3f0f577de8c408401ca7,2.639791965484619,3.1621532440185547,3.0708019733428955
8643675b93f7ae6c5859daa3f1df9a60060d2777652b042ee2ec27e5f496b639,RobroKools/vad-bert,c4c659fd17dd5807572b3f0f577de8c408401ca7,2.6050961017608643,3.1118485927581787,3.276125907897949
fb5b67928000b401881bcd88726c6f6f711d9ab085795c55016b6f800e10b15c,RobroKools/vad-bert,c4c659fd17dd5807572b3f0f577de8c408401ca7,2.837139368057251,3.199739694595337,3.341872453689575
a07138638f287f3ec2095df5be73e2e02f0f8e470914c885d2aa85540be3958d,RobroKools/vad-bert,c4c659fd17dd5807572b3f0f577de8c408401ca7,2.840528726577759,3.206054210662842,3.342970132827759
a9399ef57d46fe49d954c2d3a25830bee00fb5440b9bbb1c5aa40bf8579aaf38,RobroKools/vad-bert,c4c659fd17dd5807572b3f0f577de8c408401ca7,2.857668876647949,3.180872678756714,3.350912809371948
bcc8a24513faa71b79f238b11dc0eddfca51c94c79bb71f9519342503b30e1df,RobroKools/vad-bert,c4c659fd17dd5807572b3f0f577de8c408401ca7,2.69885516166687,3.1546223163604736,3.1045143604278564
1abce843b4b4bb3eff19375d96e6455bce39ee0299cb030dfa9cc803287ef2f5,RobroKools/vad-bert,c4c659fd17dd5807572b3f0f577de8c408401ca7,2.5236716270446777,3.1854374408721924,2.991494417190552
58268ef08a74d6c9317d53a0d488dbc6a1dfdc872e7051141b7c497ad312b917,RobroKools/vad-bert,c4c659fd17dd5807572b3f0f577de8c408401ca7,2.613182306289673,3.2488245964050293,3.0180389881134038
79e4ad5e4d523d4f1c0e8b07adc6c3619a246b7b03d4fbbc306c08ef38693f29,RobroKools/vad-bert,c4c659fd17dd5807572b3f0f577de8c408401ca7,2.717738628387451,3.177552461624145,3.174745798110962
9d22ae603ed769fb4953c6bf9dc176b652343c01704adc887fcdeef4cc2c391f,RobroKools/vad-bert,c4c659fd17dd5807572b3f0f577de8c408401ca7,2.822566270828247,3.19507908821106,3.0925633907318115
31c4ce1d864ffe2d2a63b9612a0b15ae3b9ab0a1b3d092ca95c0beea56e623df,RobroKools/vad-bert,c4c659fd17dd5807572b3f0f577de8c408401ca7,2.5310678482055664,3.119990348815918,3.0622775554656982
eba1d40f0906ed6ad70b6faa249821cb53b10fb37f8a0cb137d1c441ef730e87,RobroKools/vad-bert,c4c659fd17dd5807572b3f0f577de8c408401ca7,2.6735293865203857,3.211138963699341,3.0554323196411133
0fb3c759050a2f8c2d3a5f3d7cbbd31ce638be38764d864c23bc1a0da09962c7,RobroKools/vad-bert,c4c659fd17dd5807572b3f0f577de8c408401ca7,2.801767587661743,3.1411831378936768,3.1457300186157227
6b6475d8012646a82d01be506125f5f296287142989374bbc1278c2a1d58b4fd,RobroKools/vad-bert,c4c659fd17dd5807572b3f0f577de8c408401ca7,2.6761457920074463,3.302971124649048,3.114743947982788
9c48ed84bd3c1124519d32fbfb3ddec3e8be7923528250da5fad3d28ff19a8c4,RobroKools/vad-bert,c4c659fd17dd5807572b3f0f577de8c408401ca7,2.792712926864624,3.154587507247925,3.176543951034546
59eb281a22fe61d4ef529ae3af919904054645d000624951fe64eddb485ec234,RobroKools/vad-bert,c4c659fd17dd5807572b3f0f577de8c408401ca7,2.5976715087890625,3.1771509647369385,2.97800874710083
29d743895b711f0f47234f39d06312ac54a194e935ef1fd41dcb27e27bad387e,RobroKools/vad-bert,c4c659fd17dd5807572b3f0f577de8c408401ca7,2.702173948287964,3.2461211681365967,3.187041044235229
500e44149bdabf9b355d96059966cfbf86ed24094b63c41765419c886318873b,RobroKools/vad-bert,c4c659fd17dd5807572b3f0f577de8c408401ca7,2.68743634223938,3.179758787155152,3.1323256492614746
9736a5e4ca2dd703b7e9a27e7228b9e97a8e2a76e4dd40709a04df2287e0b049,RobroKools/vad-bert,c4c659fd17dd5807572b3f0f577de8c408401ca7,2.648763656616211,3.228215456008911,3.1338844299316406
388ed515a24dde9dd4480d8570fda3310591b5d10678b78748a5ab2afaf4ac46,RobroKools/vad-bert,c4c659fd17dd5807572b3f0f577de8c408401ca7,2.592421531677246,3.276497602462769,3.0166585445404053
25e0e5d8149f3f2810320abe6134aeb42057043e4861de14aa85e6b20e7038b9,RobroKools/vad-bert,c4c659fd17dd5807572b3f0f577de8c408401ca7,2.697380781173706,3.1685986518859863,3.1937849521636963
9c88a9f20d5b0ffd9a6a330af0279008e63c9b5c2022b7f74e5f7e52e6c5f160,RobroKools/vad-bert,c4c659fd17dd5807572b3f0f577de8c408401ca7,2.8353216648101807,3.0975019931793213,3.1917717456817627
32990eb0228dc58940f27bdf06b3e9bf7865c3287f4b819f1fdf1039d403debc,RobroKools/vad-bert,c4c659fd17dd5807572b3f0f577de8c408401ca7,2.7062246799468994,3.1913111209869385,3.160367727279663
7b91c10c4b0df971093e49714cc6e08b9feca1e677719d65cf2adaed8a0889a6,RobroKools/vad-bert,c4c659fd17dd5807572b3f0f577de8c408401ca7,2.75831937789917,3.0869035720825195,3.20859169960022
847811c991e7bd0c338a3e2c13f5f526ce3979420c589141f5b3e39a6b265f64,RobroKools/vad-bert,c4c659fd17dd5807572b3f0f577de8c408401ca7,2.8417749404907227,3.083462238311768,3.174474000930786
f8f4659b256adb7d8b38041a382e98566abb277ea6be38da0e88c4b778c5d510,RobroKools/vad-bert,c4c659fd17dd5807572b3f0f577de8c408401ca7,2.7639074325561523,3.1547083854675293,3.0495028495788574
d78d3ba9c06d51d9cc6ee6b6b6ea0ff27e2f88f1d499251a649eb910eb4f1443,RobroKools/vad-bert,c4c659fd17dd5807572b3f0f577de8c408401ca7,2.7770674228668213,3.274115085601806,3.256052732467652
cff1e9ba174be310ff41a1b044280ad62799c22fb199055a99c6b52cc7a7b544,RobroKools/vad-bert,c4c659fd17dd5807572b3f0f577de8c408401ca7,3.052452802658081,3.155775785446167,3.288958787918091
833861cd17eead25bf236aa367407b2b69e9ad976237cb0b3e033cd3a398b80f,RobroKools/vad-bert,c4c659fd17dd5807572b3f0f577de8c408401ca7,2.9650704860687256,3.1170074939727783,3.205154657363892
413474d6544ce5aaec5d889be70e0e9723a1f245ddf5482e24d5eb40213ffe7a,RobroKools/vad-bert,c4c659fd17dd5807572b3f0f577de8c408401ca7,3.0245554447174072,3.181053876876831,3.3678572177886963
ed77e86fc1eb52838a90a9750f803cfe9152b6da7be5fa63b2604f774bc8bacc,RobroKools/vad-bert,c4c659fd17dd5807572b3f0f577de8c408401ca7,2.8291049003601074,3.1882150173187256,3.2308831214904785
9510ae7bae2bcf2e4842ba1f87a5ba4c7ca550391912c10bb68671a347efb0b5,RobroKools/vad-bert,c4c659fd17dd5807572b3f0f577de8c408401ca7,2.8985164165496826,3.136420488357544,3.2148330211639404
8f979d890be04e4e17e7c627a6950595331749939bd53362c5a9b5b2c075032d,RobroKools/vad-bert,c4c659fd17dd5807572b3f0f577de8c408401ca7,2.961059331893921,3.184903144836426,3.259733200073242
5348c143c0097354b58749e6912384dcaec3efe977618e196b5827a1e6070ca5,RobroKools/vad-bert,c4c659fd17dd5807572b3f0f577de8c408401ca7,2.86786150932312,3.1571805477142334,3.325197458267212
d7d3c751f28a87b8fb5d709ed65eee621392cfe3aa984ab1bc7296d53af93298,RobroKools/vad-bert,c4c659fd17dd5807572b3f0f577de8c408401ca7,3.057097911834717,3.170336961746216,3.314997434616089
a6d889837b48f534388336d1adf9509ade6a6146ec85dd3897a4caa330c4b68b,RobroKools/vad-bert,c4c659fd17dd5807572b3f0f577de8c408401ca7,2.8863821029663086,3.1563189029693604,3.256571054458618
8fe7bb2ecaaa8eca26709e05760f5093839b2ca370ae53b807e4f5054d310a89,RobroKools/vad-bert,c4c659fd17dd5807572b3f0f577de8c408401ca7,2.836195230484009,3.238233804702759,3.185335159301758
2766373e1b34b88eaa96cc5e81096c05d20ff8187eb27c9855e300127a466194,RobroKools/vad-bert,c4c659fd17dd5807572b3f0f577de8c408401ca7,2.649300336837769,3.0836751461029053,3.046189785003662
2a37204454834ecc266ec91e426121acd59332c51cb0e3f7314db429417d65e7,RobroKools/vad-bert,c4c659fd17dd5807572b3f0f577de8c408401ca7,2.666405439376831,3.1612532138824463,3.1275408267974854
1c790d18ebc6cb1eef55f0f6b5b8dea5586e88d3da6a849b04606b8f65bc9505,RobroKools/vad-bert,c4c659fd17dd5807572b3f0f577de8c408401ca7,2.476456880569458,3.15474534034729,2.964280605316162
1d694c79e855fef2a05057a6ff733def1b6624f1b38982639c06fa132cf06dcf,RobroKools/vad-bert,c4c659fd17dd5807572b3f0f577de8c408401ca7,2.481067180633545,3.170594930648804,3.056181669235229
e37789fd538a28b0c2ed4e8cf14fb894eeaa1308ecd008c676a9ccfdb69d2559,RobroKools/vad-bert,c4c659fd17dd5807572b3f0f577de8c408401ca7,2.5328986644744877,3.096982717514038,3.1838839054107666
3b953628acd3744a3225f70db487d19223fb1da1aeb6105fc087f97d8fdf5934,RobroKools/vad-bert,c4c659fd17dd5807572b3f0f577de8c408401ca7,2.770056962966919,3.105605125427246,3.283590793609619
8dbfb01d7fe48565567807b1520abfa0fe98c73a7806e3857ebaf8bd014225af,RobroKools/vad-bert,c4c659fd17dd5807572b3f0f577de8c408401ca7,2.6891767978668213,3.156602621078491,3.185168743133545
26f4f981d2ad0e00626f44f4350aa0cbdbe1e65504199ec48e8508109276e914,RobroKools/vad-bert,c4c659fd17dd5807572b3f0f577de8c408401ca7,2.602201223373413,3.10676646232605,3.1706764698028564
48c7b637897915822e4450db0f8b5495ea3ef860f13308e9774aea803c358ad9,RobroKools/vad-bert,c4c659fd17dd5807572b3f0f577de8c408401ca7,2.7018189430236816,3.1464900970458984,3.1296489238739014
c63c2f8bb0a385de7f0909d8768e9b72493be5e0fb44e62ca69cce17a5495a98,RobroKools/vad-bert,c4c659fd17dd5807572b3f0f577de8c408401ca7,2.727742910385132,3.223893880844116,3.1434617042541504
16ee52103739da1a51123f3037bea2c936c32f0831624725aaee2c9f24cdd1d2,RobroKools/vad-bert,c4c659fd17dd5807572b3f0f577de8c408401ca7,2.7191402912139893,3.10182523727417,3.099551200866699
1a1886af344bff0498e7ca3e8260c82ee971df6032b625a352760e32a443e3e6,RobroKools/vad-bert,c4c659fd17dd5807572b3f0f577de8c408401ca7,2.5995209217071533,3.158052682876587,3.036823511123657
7323f831517012e0b1376b57eece8631663438022bd972bd99a3b6520bc714de,RobroKools/vad-bert,c4c659fd17dd5807572b3f0f577de8c408401ca7,3.0356361865997314,3.238100051879883,3.294267416000366
0358b2331b427dd9425a450b9faefe77a42bc88d7ba3ed682d0045f28a4b09c0,RobroKools/vad-bert,c4c659fd17dd5807572b3f0f577de8c408401ca7,2.587806940078736,3.0468621253967285,3.0758893489837646
32181c3c332efcf89faaf0271c1edbd0b43984c3387edd6b479e97e243cb1a98,RobroKools/vad-bert,c4c659fd17dd5807572b3f0f577de8c408401ca7,2.89861798286438,3.040983200073242,3.0878570079803467
d28d5c3b2f684da81c83865d67dd37270779270ed293fe036ffef83267a346ba,RobroKools/vad-bert,c4c659fd17dd5807572b3f0f577de8c408401ca7,2.8342766761779785,3.1085784435272217,3.0932414531707764
15aef8c2aa139c89daa62b3e0a3f2e96bdaf6cc1c161521d535a0fbe5887911e,RobroKools/vad-bert,c4c659fd17dd5807572b3f0f577de8c408401ca7,2.643709897994995,3.167388677597046,3.35776162147522
7017b4e92b9f3da2086d8f4420576a4ee50abfb8e1693e629e53130a3241b104,RobroKools/vad-bert,c4c659fd17dd5807572b3f0f577de8c408401ca7,2.778566598892212,3.053298234939575,3.368694543838501
8df0cd78d84273aa5a1b8328592a0237cdc8e251301babb7b08c2728923212dc,RobroKools/vad-bert,c4c659fd17dd5807572b3f0f577de8c408401ca7,2.737908363342285,3.030578374862671,3.146456003189087
4eff5541b4682303de74c2761b45952ce2cfd6e8e0c27e545ea98f021f5bbe45,RobroKools/vad-bert,c4c659fd17dd5807572b3f0f577de8c408401ca7,2.881216049194336,3.102962017059326,3.2780463695526123
6dc00b46ed4a73b5ece2e29b48f6fc376c71d2c253862195f6a5436c9c8661fd,RobroKools/vad-bert,c4c659fd17dd5807572b3f0f577de8c408401ca7,2.983734130859375,3.1315996646881104,3.1928486824035645
78883408e0d7f7c71cfd8063dec6a61eb44aae438dc7640abaebf0770cf515eb,RobroKools/vad-bert,c4c659fd17dd5807572b3f0f577de8c408401ca7,2.943369150161743,3.216050386428833,3.266080141067505
0f8c67d4007ab0df9449d138f75f65bdca979cb9b394a066b1e08783e1eae627,RobroKools/vad-bert,c4c659fd17dd5807572b3f0f577de8c408401ca7,2.8630473613739014,3.1735289096832275,3.2316782474517822
e4628abde588ae2545d6c65ebe483fb4a34b178386578969a152ed00b1026910,RobroKools/vad-bert,c4c659fd17dd5807572b3f0f577de8c408401ca7,2.93835711479187,3.2142226696014404,3.270883560180664
d398862f7d9171225c56a62f2cc4d213866d480268165281bf5789cef3e2f87b,RobroKools/vad-bert,c4c659fd17dd5807572b3f0f577de8c408401ca7,2.8592450618743896,3.1842968463897705,3.225865602493286
ee19ba5776b671f8ee276f112a37a83b41ea3636b0a2a34c85a144fe7ee3bb20,RobroKools/vad-bert,c4c659fd17dd5807572b3f0f577de8c408401ca7,2.874988079071045,3.164977788925171,3.2353546619415283
0155e3fc9c95e1e5bcd9e8e14050be33d3029409a1030e12a499f51b4ef64b6b,RobroKools/vad-bert,c4c659fd17dd5807572b3f0f577de8c408401ca7,3.009989023208618,3.2144854068756104,3.273583173751831
e4a96237941b2d621a95fbb17e6e8aeae0ff4637a5c26020bfa171b8a0c01ec8,RobroKools/vad-bert,c4c659fd17dd5807572b3f0f577de8c408401ca7,2.923421621322632,3.207550287246704,3.278061389923096
ba4c67b582c91635ebef9e251ca14735cdababcd01faef780f2f268d2b527652,RobroKools/vad-bert,c4c659fd17dd5807572b3f0f577de8c408401ca7,2.86242413520813,3.160054445266724,3.236396551132202
fc693b49272782a54ea2eeec8ebd2c78b601e131c4c4da0617c36206a7871616,RobroKools/vad-bert,c4c659fd17dd5807572b3f0f577de8c408401ca7,2.932200193405152,3.187500476837158,3.2557449340820312
5e4366e2317ed03ee31bf95eaaa732064655912dd33f3fda7f220c8b2ca186fd,RobroKools/vad-bert,c4c659fd17dd5807572b3f0f577de8c408401ca7,2.881164789199829,3.166533231735229,3.248090982437134
b86d173e3b3b94b214446047f6a7e97a8471a8301b090f30e787fb25d6de974a,RobroKools/vad-bert,c4c659fd17dd5807572b3f0f577de8c408401ca7,2.969186544418335,3.1748950481414795,3.3048183917999268
f34279c60af84280d714494138c4abe535c40ddd289a024e9e2711680bb14c7d,RobroKools/vad-bert,c4c659fd17dd5807572b3f0f577de8c408401ca7,2.6141183376312256,3.279564619064331,3.099592924118042
72fd5c96e156380bd004b573ed49166d10397f46259dc622799161ff2046a498,RobroKools/vad-bert,c4c659fd17dd5807572b3f0f577de8c408401ca7,2.9226343631744385,3.279591560363769,3.3640682697296143
b8e7cd5cda194fc18eb6cdb3ec275e6e4d0da966c42ea7cb8a0c1af6dcf30b7a,RobroKools/vad-bert,c4c659fd17dd5807572b3f0f577de8c408401ca7,3.003978967666626,3.147010087966919,3.269470453262329
3e072c075538a6da4b13233fd63289372e08eb3f9a1a77a15c530c7cdefc8aac,RobroKools/vad-bert,c4c659fd17dd5807572b3f0f577de8c408401ca7,2.7113232612609863,3.208359956741333,3.0542595386505127
4c90c4d03a0d1b39844a133aa8e6c13527185e6d3ac63f455ac8df676c294119,RobroKools/vad-bert,c4c659fd17dd5807572b3f0f577de8c408401ca7,2.920835256576538,3.325211763381958,3.2964327335357666
6a2a72ea55d579ee1e0303cb8d931b083b020dae06fe26652bc43427b70aa054,RobroKools/vad-bert,c4c659fd17dd5807572b3f0f577de8c408401ca7,2.682337999343872,3.1609973907470703,3.104393243789673
b318794d3871f84799eb03bb8c94500ee1a02767c185d03d8768ec58fdb86df2,RobroKools/vad-bert,c4c659fd17dd5807572b3f0f577de8c408401ca7,2.822312593460083,3.1732308864593506,3.1190764904022217
eb21d93d2a975991785275c20e52ac15d94cf736b2f04784544de39fc9329754,RobroKools/vad-bert,c4c659fd17dd5807572b3f0f577de8c408401ca7,2.491050720214844,3.298627614974976,2.9207146167755127
e50ed34d72a773648a16023975f10a807e29e1870423dc3b09ae3f72b1d972c0,RobroKools/vad-bert,c4c659fd17dd5807572b3f0f577de8c408401ca7,2.81333327293396,3.1772656440734863,3.223266124725342
122b11da0d03d1d6a83e3b31cfbbbb9ac819d0cc8eb9d35f05deb50427084f64,RobroKools/vad-bert,c4c659fd17dd5807572b3f0f577de8c408401ca7,2.8061864376068115,3.116774082183838,3.181103467941284
bb2d6d8931fa9a49bced1bb3f1b37bd360ea642f22ae6b7247bb84305e4f6ad8,RobroKools/vad-bert,c4c659fd17dd5807572b3f0f577de8c408401ca7,2.727074384689331,3.255291223526001,3.1837751865386963
4511539a6cf79f357abb7b4db73bd98bb04c68dc6883def59da963cb672a7ebe,RobroKools/vad-bert,c4c659fd17dd5807572b3f0f577de8c408401ca7,2.6763246059417725,3.188561201095581,3.1451356410980225
bc6970ce92b681286735090940eea66faddc74f4ef596c6fb2433ba54930edc8,RobroKools/vad-bert,c4c659fd17dd5807572b3f0f577de8c408401ca7,2.7001867294311523,3.1983954906463623,3.1094720363616943
11811b45ed35c033675c06231606403463f3111f726558c2f608bfcc1649d972,RobroKools/vad-bert,c4c659fd17dd5807572b3f0f577de8c408401ca7,2.713188409805298,3.1611199378967285,3.171571016311645
91c81360b23d37eed96ac8a08106449333fd5a7616c977a4c932f3cb64afa626,RobroKools/vad-bert,c4c659fd17dd5807572b3f0f577de8c408401ca7,2.7674567699432373,3.074970245361328,3.203019380569458
cc70d06995bab934380a26ea4d268ce317ed41bcee9b017502acdf252ca805c6,RobroKools/vad-bert,c4c659fd17dd5807572b3f0f577de8c408401ca7,2.690720796585083,3.2252533435821533,3.1763737201690674
1fb73258ecd7c5b7db400e13b80d72bdaba2acd65d7acc07f4163d81ec533f40,RobroKools/vad-bert,c4c659fd17dd5807572b3f0f577de8c408401ca7,2.759175539016724,3.1714351177215576,3.215052843093872
4eba237ed92900dbdf179228740d01ab5662c72667112d81ade74226483bdd09,RobroKools/vad-bert,c4c659fd17dd5807572b3f0f577de8c408401ca7,2.876481533050537,3.110056161880493,3.2426095008850098
ddd49f48d69fa212f48a77ed801e7c8c2c854d2fbc095223107200cde0faf539,RobroKools/vad-bert,c4c659fd17dd5807572b3f0f577de8c408401ca7,2.928715467453003,3.0859780311584477,3.169376850128174
31181c1a860b9951bfb9c07ca6a77112e9045d5f776ec17ea4bbae78a4d48e51,RobroKools/vad-bert,c4c659fd17dd5807572b3f0f577de8c408401ca7,2.8109395503997803,3.0775792598724365,3.156566619873047
aeaf78b1bbdd6ad716c09bee8c71e193400b2c4110900122eb770fb28698c0d6,RobroKools/vad-bert,c4c659fd17dd5807572b3f0f577de8c408401ca7,2.771641492843628,3.0639779567718506,3.24191689491272
34a08663d94c2bb9f43c925d72814c9e92ed24a305c8b8ba51c42fb2ae4c435b,RobroKools/vad-bert,c4c659fd17dd5807572b3f0f577de8c408401ca7,2.8541574478149414,3.089362144470215,3.1347928047180176
8566c69ab3ca2a708ebb3ab58ac4ee47b1bbebe3892c3ca07012bc8373c35797,RobroKools/vad-bert,c4c659fd17dd5807572b3f0f577de8c408401ca7,2.885238647460937,3.081155300140381,3.173325061798096
6d74d040b164bafceb8002495f347694c94da00805eb7fba0a8392575024a465,RobroKools/vad-bert,c4c659fd17dd5807572b3f0f577de8c408401ca7,2.7970874309539795,3.055937528610229,3.1485135555267334
c7d25f196c7e39155641781aeac4cafff66d701d37b4df3e0e7872ff2adb5e4b,RobroKools/vad-bert,c4c659fd17dd5807572b3f0f577de8c408401ca7,2.8190009593963623,3.0552594661712646,3.14682936668396
78d75ea3d8b58b27549d19a0dfe7db5c736fe75a044f010cc970456357a5003d,RobroKools/vad-bert,c4c659fd17dd5807572b3f0f577de8c408401ca7,2.8106014728546143,3.052044153213501,3.128687620162964
abe1b741104953ae21efb1d581bd98814c4bd81c9cd45a7ffd9cc133b03afb93,RobroKools/vad-bert,c4c659fd17dd5807572b3f0f577de8c408401ca7,2.774433135986328,3.052757740020752,3.206799268722534
ae719f362dfac850c01be1d6bcac3bcb5f9722415fb79796bd95ec7ed0d98ee9,RobroKools/vad-bert,c4c659fd17dd5807572b3f0f577de8c408401ca7,2.791512250900269,3.0462448596954346,3.167302131652832
42db033d0cfde51fafc46c32805cfbff631499258e86718c234e01d387fc0b60,RobroKools/vad-bert,c4c659fd17dd5807572b3f0f577de8c408401ca7,2.788574457168579,3.0354578495025635,3.1488773822784424
a1f791f082aae0bafc5703c1f59fd77ade0a5d45653e01dfe56388ede3948e03,RobroKools/vad-bert,c4c659fd17dd5807572b3f0f577de8c408401ca7,2.813323497772217,3.0467326641082764,3.151131391525269
099e60971e3ac5bf2323aa6393855fc6d781c946c057d2e53f7fc7ea35433ff0,RobroKools/vad-bert,c4c659fd17dd5807572b3f0f577de8c408401ca7,2.746668815612793,3.1254630088806152,3.3213441371917725
01da87ed4a3b7f6fc084dd33436b623f8223e9d177bc23eadf097e3f42ba0bd2,RobroKools/vad-bert,c4c659fd17dd5807572b3f0f577de8c408401ca7,2.7623016834259038,3.1077423095703125,3.2230024337768555
19524aa8ff090441c0750bd04f840e36f0979cd718f5df76af3fc5e9bd55b941,RobroKools/vad-bert,c4c659fd17dd5807572b3f0f577de8c408401ca7,2.816108465194702,3.047858953475952,3.0688626766204834
03a5e2e03051ce455818e333ef10791815aa77ca071b2f62faef738f0d5d6ec8,RobroKools/vad-bert,c4c659fd17dd5807572b3f0f577de8c408401ca7,2.651416540145874,3.143625020980835,3.2925260066986084
df36e4140f792d89e04c793d9b40b99461778326577279b98d3483e90c56ce99,RobroKools/vad-bert,c4c659fd17dd5807572b3f0f577de8c408401ca7,2.736804485321045,3.0673844814300537,3.132511854171753
ee8350fcedf36ff24a04f1712f25c6eb51564e47a104ad109781f80081e19211,RobroKools/vad-bert,c4c659fd17dd5807572b3f0f577de8c408401ca7,2.720201253890991,3.088270425796509,3.09870982170105
b34493cfb472b0bf4ae3be6e13ca57097e8fd9dc2dca4a8c19dfaec270bfa0b7,RobroKools/vad-bert,c4c659fd17dd5807572b3f0f577de8c408401ca7,2.741976499557495,3.080000400543213,3.230264902114868
f5d77cdb748bf781a1e0750508f7256a5275449b5c208602e0f3b51baab2ea18,RobroKools/vad-bert,c4c659fd17dd5807572b3f0f577de8c408401ca7,2.851571559906006,3.1252777576446533,3.0561044216156006
7df0db0f6e860b891d1f36006228e3920dcf1e270558255e8cd301a0f1dfa318,RobroKools/vad-bert,c4c659fd17dd5807572b3f0f577de8c408401ca7,2.7685060501098637,3.060741662979126,3.172431707382202
ec183b0920f7a4cbadf4d78c8d9cfc67a2d6925edc46ca0d5c37da6c9a8d72ca,RobroKools/vad-bert,c4c659fd17dd5807572b3f0f577de8c408401ca7,2.694958448410034,3.154611110687256,3.0450704097747803
31b0c54c8e961dd88d38f7dbbed67befe92fa1b1612d008edcaccbe410478c6a,RobroKools/vad-bert,c4c659fd17dd5807572b3f0f577de8c408401ca7,2.631822109222412,3.105527639389038,3.076930284500122
5328149d1e1df94e7b22b7a769e3ccdb1e55c5083ffcbcd22e9a66bdca140288,RobroKools/vad-bert,c4c659fd17dd5807572b3f0f577de8c408401ca7,2.6562042236328125,3.1247847080230717,3.238741159439087
32c2750ac5c0daaf215d09df1401b26b59132cbb3a4891c8bf0ae90b3118efa9,RobroKools/vad-bert,c4c659fd17dd5807572b3f0f577de8c408401ca7,2.776115655899048,3.1279070377349854,3.115635633468628
255a6ac00f2eb5e1729c0eb5db5f56999cd96c2fe25c60e4c10a3c040e7a3561,RobroKools/vad-bert,c4c659fd17dd5807572b3f0f577de8c408401ca7,2.7368171215057373,3.108192682266236,3.086930751800537
3f16ffb6dd5116f2c75eaa1d428209b7aba75250eb8e2e16e86402e99dd0f027,RobroKools/vad-bert,c4c659fd17dd5807572b3f0f577de8c408401ca7,2.640758514404297,3.1698286533355717,3.0991289615631104
6015be5f828979803b4a55473d1238454fe11fff0a532cd1230dcda2f61fba2f,RobroKools/vad-bert,c4c659fd17dd5807572b3f0f577de8c408401ca7,2.7937748432159424,3.099562883377075,3.102881908416748
a893db53d4ed8ccf0883d6491d0e8b295d31812e2a53e976330e16a2f30eba23,RobroKools/vad-bert,c4c659fd17dd5807572b3f0f577de8c408401ca7,2.66471004486084,3.1215150356292725,3.205353021621704
b84a625d953b4f481ba1e12e3f462ebcc78376c6bf2eb8b25cea3aee6227f214,RobroKools/vad-bert,c4c659fd17dd5807572b3f0f577de8c408401ca7,2.729541540145874,3.292616367340088,3.2658493518829346
58660cfcbc53d9080988a372303ea33b858d1c9febc0bd12e81db3e194221c2c,RobroKools/vad-bert,c4c659fd17dd5807572b3f0f577de8c408401ca7,2.7425642013549805,3.126159906387329,3.276931047439575
bd5d2d12b2269b9fe8f44ea834321495980edbfa39717d0fa9c686c3b4d260ce,RobroKools/vad-bert,c4c659fd17dd5807572b3f0f577de8c408401ca7,2.725627422332764,3.266667604446411,3.026080846786499
0085968818dab041a784a61d5e68fa093440a4c266759116f98c8c5b216e7ebe,RobroKools/vad-bert,c4c659fd17dd5807572b3f0f577de8c408401ca7,2.8600645065307617,3.0514519214630127,3.2968318462371826
13ecfd226bdadbe53f52fd8b1a1eb774425ed417d5bf573a953833c77b5082a5,RobroKools/vad-bert,c4c659fd17dd5807572b3f0f577de8c408401ca7,2.672016143798828,3.105651378631592,3.1910672187805176
1c4e18ae6d005baaf3923e1fe03b3380d255495523486858ac8b2e37a8417935,RobroKools/vad-bert,c4c659fd17dd5807572b3f0f577de8c408401ca7,2.926635980606079,3.162940263748169,3.2584359645843506
a208347808082669447deb54f6e7ce42697f5dd356ba6609952ad3331ce78bd4,RobroKools/vad-bert,c4c659fd17dd5807572b3f0f577de8c408401ca7,2.56104063987732,3.083958387374878,3.1486563682556152
30985301a2f9eade979b9354fb391af215fe0a8b46812ba91119685b0bf3a34f,RobroKools/vad-bert,c4c659fd17dd5807572b3f0f577de8c408401ca7,3.8460686206817623,3.100053071975708,3.165358304977417
9ef77dd1e12c8f473fff6b35590dcc6b7c52c14dce6e11a7fb944fe545c35e16,RobroKools/vad-bert,c4c659fd17dd5807572b3f0f577de8c408401ca7,3.3432765007019043,3.025402307510376,3.157065868377685
bf3b1fc9fee068d069be55fe47601c48bc7c2e87573accf887e8fb5f5c4deda1,RobroKools/vad-bert,c4c659fd17dd5807572b3f0f577de8c408401ca7,3.4138224124908447,3.0661001205444336,3.169588804244995
d708f9f2836a96ff6bed2d49f1d3ab4a3b794e5d204ba2079cfad8b60ac98912,RobroKools/vad-bert,c4c659fd17dd5807572b3f0f577de8c408401ca7,3.345576286315918,3.1252365112304688,3.3708431720733643
8569efc4ed5a6273140c2b6ec0ab8d99f4398210808fbb7c0cbbae4fbcc21350,RobroKools/vad-bert,c4c659fd17dd5807572b3f0f577de8c408401ca7,3.874647378921509,3.246546745300293,3.165257692337036
f4b95396621c62ea5da7f7189309f7603e8bcafc61c51a26dfee9412de5c0a93,RobroKools/vad-bert,c4c659fd17dd5807572b3f0f577de8c408401ca7,2.9848997592926025,3.090651273727417,3.426233053207397
aa54907bfdda4f50d956fd9da361c771539ccc1d131608b0af1fb28ca5a410a3,RobroKools/vad-bert,c4c659fd17dd5807572b3f0f577de8c408401ca7,3.820533990859986,3.27461838722229,3.421956777572632
52ea67359dfa70ce35169fd2493590d8371919161a7fb2e28e322863448b9a87,RobroKools/vad-bert,c4c659fd17dd5807572b3f0f577de8c408401ca7,3.027617692947388,2.917517900466919,3.038518190383911
7cbede0a83bfdbe009ae37cf01c5fb176bb7f2d7aae42979e71e80eb8dfdc2f9,RobroKools/vad-bert,c4c659fd17dd5807572b3f0f577de8c408401ca7,2.8134281635284424,3.164440631866455,3.192121744155884
0a78ef4c73d41aa1eaeb48d3c5cfe2eac5db03d2732ec66391c23ad597f131d5,RobroKools/vad-bert,c4c659fd17dd5807572b3f0f577de8c408401ca7,2.821739912033081,3.102574586868286,3.1873395442962646
9e09c88ae2e17353e2fd1e919f40216f482ed7164e0761b626e463c472b200ef,RobroKools/vad-bert,c4c659fd17dd5807572b3f0f577de8c408401ca7,2.684804677963257,3.141566276550293,3.249025821685791
40ecb133f71d9037cd1cd76020edc22e707a9f30c3fb35fff0bb4354ea4f5943,RobroKools/vad-bert,c4c659fd17dd5807572b3f0f577de8c408401ca7,2.819772481918335,3.1464109420776367,3.1544196605682373
439b3936cf5b8263e4a56575cd1c9955ba85cc19eea163f0890379b6f6e5d94e,RobroKools/vad-bert,c4c659fd17dd5807572b3f0f577de8c408401ca7,2.803800344467163,3.1222808361053467,3.280622959136963
c2e28a8d14f420969528c6498ac0d4fef524a4af6a5dad43b54bb89d040d9253,RobroKools/vad-bert,c4c659fd17dd5807572b3f0f577de8c408401ca7,2.9292542934417725,3.118889093399048,3.2274184226989746
e17cd208bdb32b7958d9959d2b28873bd35ae30428e469952c0a838d025b37b1,RobroKools/vad-bert,c4c659fd17dd5807572b3f0f577de8c408401ca7,2.791010618209839,3.2074360847473145,3.2161238193511963
e9c07f62e9d7a41a2a071ca5720424ef88f9d0c1542a22ea5bae7b5873d1685c,RobroKools/vad-bert,c4c659fd17dd5807572b3f0f577de8c408401ca7,3.020425081253052,2.944783926010132,3.217393398284912
124eb273f9a0a470e3d6930f97e1402f311a753dc9d656b1ef17ef12367caffa,RobroKools/vad-bert,c4c659fd17dd5807572b3f0f577de8c408401ca7,4.073654174804688,3.3208792209625244,3.132235288619995
49721faa8421febb20dcbfb1501817c14af322c3323990fead880c2c9b360363,RobroKools/vad-bert,c4c659fd17dd5807572b3f0f577de8c408401ca7,3.458815813064575,3.040639638900757,3.27337384223938
e6de59f276464c6d1044d482533d3d3d9fd64f0f3757b1ca4b1478418d249fda,RobroKools/vad-bert,c4c659fd17dd5807572b3f0f577de8c408401ca7,3.230090856552124,2.913916110992432,3.3174426555633545
334328a126b2f6fb3fe237920c70a4e64c64ca657fde58eee492f624684de3e4,RobroKools/vad-bert,c4c659fd17dd5807572b3f0f577de8c408401ca7,3.1125471591949463,2.9313318729400635,3.2070226669311523
0d7e51633a6b78b74eb85491de79eefa51574c88004c733275cc6068da81797a,RobroKools/vad-bert,c4c659fd17dd5807572b3f0f577de8c408401ca7,3.436073064804077,3.116342782974243,2.901179552078247
2b687db6298b629d3bcb482f16aa774a55eb5ae768407b8fba9982387b6c6f81,RobroKools/vad-bert,c4c659fd17dd5807572b3f0f577de8c408401ca7,2.8326284885406494,3.094400405883789,2.916499376296997
b1f3bb08347caf7162062fe0be5ea34460369debead18beb88deb9299343ae79,RobroKools/vad-bert,c4c659fd17dd5807572b3f0f577de8c408401ca7,2.9622089862823486,3.1798882484436035,3.128908395767212
79d43189a1d3115fe936156e5c4ac4699eff63a83fe6aea1e7a3fd5413fd62cb,RobroKools/vad-bert,c4c659fd17dd5807572b3f0f577de8c408401ca7,2.783050775527954,3.152822494506836,3.2106194496154785
bd787f1fa17e50618f172f1d43865876e78fe23a54e613fff0e8a788e4158b68,RobroKools/vad-bert,c4c659fd17dd5807572b3f0f577de8c408401ca7,2.7406697273254395,3.0491926670074463,3.1637167930603027
bffa8ca1d7c298d1397c2a283b0a6c1e788e991406780902433daaa390eeeed1,RobroKools/vad-bert,c4c659fd17dd5807572b3f0f577de8c408401ca7,2.483153820037842,3.156420946121216,3.119328260421753
a506907804f272e9c8d0914d42f5331835e26b91d50cca3d16d82c1be25ffaaf,RobroKools/vad-bert,c4c659fd17dd5807572b3f0f577de8c408401ca7,2.572791337966919,3.2180521488189697,3.168245553970337
a71220230e1d1ccbac009ee5f322a0e6945715505ad11ca111e755ab3e641839,RobroKools/vad-bert,c4c659fd17dd5807572b3f0f577de8c408401ca7,2.538161277770996,3.0920965671539307,3.1362483501434326
1b15dae9737e4b7be7f508579f70e9f55a691332bc487b850af5ebda2d1bd81f,RobroKools/vad-bert,c4c659fd17dd5807572b3f0f577de8c408401ca7,2.8631064891815186,3.076270818710327,3.084982395172119
32b2ef73f1bd41b0880e8cff8656f254aad038ea9572b9b27c81cd1d3d985caa,RobroKools/vad-bert,c4c659fd17dd5807572b3f0f577de8c408401ca7,2.6721670627593994,3.124624490737915,2.9805448055267334
c24e36479d1cdbdeb50fb71e86b8a33b4520bafe49c09a623b05118ba81e6689,RobroKools/vad-bert,c4c659fd17dd5807572b3f0f577de8c408401ca7,2.5380208492279053,3.4338085651397705,3.1210498809814453
d0d520fd82456fdd08ead7bf893e048629b342ccce3819c07d551a1770cbafff,RobroKools/vad-bert,c4c659fd17dd5807572b3f0f577de8c408401ca7,2.697561025619507,3.1739909648895264,3.059243440628052
d160ba9cc1d6dbf585ca367f2c0cc8b60c58b3cb9568fcb58776cb3ac9b1b9bd,RobroKools/vad-bert,c4c659fd17dd5807572b3f0f577de8c408401ca7,2.6610991954803467,3.10950255393982,3.052945375442505
582531a7c79abba79c8cfbe034c7ec50826ad3760e4cefeb75508d14d5cf018a,RobroKools/vad-bert,c4c659fd17dd5807572b3f0f577de8c408401ca7,2.885992288589477,3.154203176498413,3.164744138717652
24fc284e8c9f07b7ce025e7c83dbd3af63a84ccd518cceffeee9d121701b6799,RobroKools/vad-bert,c4c659fd17dd5807572b3f0f577de8c408401ca7,2.7711963653564453,3.2932827472686768,3.204165458679199
ff40562445a9447775dc69840609059a631f59c6396c8e7a55c0c61952298415,RobroKools/vad-bert,c4c659fd17dd5807572b3f0f577de8c408401ca7,2.633108139038086,2.909874200820923,3.025825262069702
13760930a56d3b8369a7ba9b44156af405110fdd5d915e4a00e72d3aaefc6149,RobroKools/vad-bert,c4c659fd17dd5807572b3f0f577de8c408401ca7,2.887062788009644,2.9736340045928955,3.195080518722534
e09e8d2ff17593ab2ab3b9be13ba5d19917e5f1bffac24014a7b60f44ec73fca,RobroKools/vad-bert,c4c659fd17dd5807572b3f0f577de8c408401ca7,2.8378500938415527,3.087329864501953,3.282362461090088
ab0751f66202c0f4c412e609baeb97cfe900af606a901e054cd20d23c0d7d228,RobroKools/vad-bert,c4c659fd17dd5807572b3f0f577de8c408401ca7,2.8057196140289307,3.084907054901123,3.0472543239593506
2b1e8871e15ba5ede52a90d96a3b777d438e7ac82f8f70a12f19fdc36cd78cc0,RobroKools/vad-bert,c4c659fd17dd5807572b3f0f577de8c408401ca7,2.611347913742065,3.195244550704956,3.175977945327759
88f61eb255fad51e307c7d1c7f1540d3cdd0aeea55ba9f16467cc1ea402dcc96,RobroKools/vad-bert,c4c659fd17dd5807572b3f0f577de8c408401ca7,2.6411564350128174,3.0543973445892334,3.1646981239318848
c0057c98555d2f39bd5b0beb3c91629236aa7779c08dbc6a30ff943efe1a25a6,RobroKools/vad-bert,c4c659fd17dd5807572b3f0f577de8c408401ca7,2.752610445022583,3.10383677482605,3.1489017009735107
c7d873b7b750203ecfa8a7090211571ee6a9b5e7cbb732d76ed5d64a0e347147,RobroKools/vad-bert,c4c659fd17dd5807572b3f0f577de8c408401ca7,2.6977696418762207,3.29407811164856,3.338278293609619
ea377f369aa9e14db8271fd8e17167d7af1778ea13a960f0399bf48145632916,RobroKools/vad-bert,c4c659fd17dd5807572b3f0f577de8c408401ca7,2.6303834915161133,3.0033767223358154,3.069122552871704
411abf2485d6af5834533c1902fae989de46f32e27ccd17b4bd8069e4bf80b6e,RobroKools/vad-bert,c4c659fd17dd5807572b3f0f577de8c408401ca7,2.705732583999634,3.0383260250091557,3.1532461643218994
258e1cf8b36967de3b81d22e73ec811d3cd04ae17c9ac61c7b2044a24eeff7fe,RobroKools/vad-bert,c4c659fd17dd5807572b3f0f577de8c408401ca7,2.699403524398804,3.070359706878662,3.1234374046325684
1e4ebe5a8a72b319d32d258fc8ebe0fdc8673a31335f342571a60823fcf66d9a,RobroKools/vad-bert,c4c659fd17dd5807572b3f0f577de8c408401ca7,2.644816637039185,3.078346014022827,3.042738914489746
4fdedbc06d2c937903c8564cc231da55328ed4dec6738bc06ea1e8f38e03e2cd,RobroKools/vad-bert,c4c659fd17dd5807572b3f0f577de8c408401ca7,2.783050537109375,3.148149251937866,3.1586382389068604
a06d0bdabda971c7d1c2284bf978d33d5fdd171711d7c11c0b8f1934127e11d5,RobroKools/vad-bert,c4c659fd17dd5807572b3f0f577de8c408401ca7,2.652584314346313,3.0241470336914062,3.015498399734497
21a2f7e5320ad0bb7844bd4962fe693c7a0dd4030683aa93b5a6b9256bdbe7dd,RobroKools/vad-bert,c4c659fd17dd5807572b3f0f577de8c408401ca7,2.720144271850586,3.0546505451202397,3.1513044834136963
cd886abbb9faf57d73f7be1a5ba5ea4624340f2b8fe66f5bd136ec195945d8e5,RobroKools/vad-bert,c4c659fd17dd5807572b3f0f577de8c408401ca7,2.9001424312591557,3.050652503967285,3.3211190700531006
aaa0a41829d4168b0b2bb4c798cfe337cfeb11149ccac01306e7244c69125af1,RobroKools/vad-bert,c4c659fd17dd5807572b3f0f577de8c408401ca7,2.981097936630249,3.1219675540924072,3.1103315353393555
6e6cd0776bdf79707b3bec53516ecee3e1b317403aa0f60b021f451558c8052c,RobroKools/vad-bert,c4c659fd17dd5807572b3f0f577de8c408401ca7,2.6876347064971924,3.114174127578736,3.088714599609375
b61b75f9831be3c806fad50658885af4e491cb8e8816796cb2f5eb42bc2257c9,RobroKools/vad-bert,c4c659fd17dd5807572b3f0f577de8c408401ca7,2.6885273456573486,3.016077756881714,3.174652099609375
79a836ce39165f2357c0b311249a90d48beb4cbf250cfe2b1f49cd5921757a32,RobroKools/vad-bert,c4c659fd17dd5807572b3f0f577de8c408401ca7,2.6917498111724854,3.172228574752808,3.1081230640411377
fc3c3559e1652ce43d20a58a54bf915937eaadd0e631e44a43063000a5a51421,RobroKools/vad-bert,c4c659fd17dd5807572b3f0f577de8c408401ca7,2.743520736694336,2.9861509799957275,3.2433340549468994
6666d49adeb5a9b1bdffe999fbbbe942dda5fef2f316e44e3f69166c7e0b0031,RobroKools/vad-bert,c4c659fd17dd5807572b3f0f577de8c408401ca7,2.765123128890991,3.1540534496307373,3.204577684402466
55397b959cac6ed52e853baee5c1a1546f7f924d4c8e6b23d1d1994286b986f2,RobroKools/vad-bert,c4c659fd17dd5807572b3f0f577de8c408401ca7,2.767146348953247,3.1014177799224854,3.229759693145752
ebcd2702be10c16d8a6308efc559dbc63fa0c5c8df59d71f65f67534ca4b0238,RobroKools/vad-bert,c4c659fd17dd5807572b3f0f577de8c408401ca7,2.865185499191284,3.0324692726135254,3.0040056705474854
b49100e463b213b300f0b0d75998f6dc02d8349cb3b3a1507eb0b12e8d691904,RobroKools/vad-bert,c4c659fd17dd5807572b3f0f577de8c408401ca7,2.8274900913238525,3.122124433517456,3.1891510486602783
0ed19353b140473a1a4abe13374f7752c986606c34430e9a55ea055c57f475da,RobroKools/vad-bert,c4c659fd17dd5807572b3f0f577de8c408401ca7,2.709144592285156,3.04424262046814,2.9906015396118164
3ded7328546a94774da4cc7b24d648c312d269e49ce2c834f11d3c60b90cec58,RobroKools/vad-bert,c4c659fd17dd5807572b3f0f577de8c408401ca7,2.6594760417938232,3.0746023654937744,3.1300530433654785
fb6a7a6ede9977218acf317fd2a6a4c2c92f526b79452e5cbfc291b964a5df3c,RobroKools/vad-bert,c4c659fd17dd5807572b3f0f577de8c408401ca7,2.714250087738037,3.05505633354187,3.135808229446411
fa6f6c0bcee365e1cda1e1413cb23ed99fea25b471bc3eef60358fb7190dc0c2,RobroKools/vad-bert,c4c659fd17dd5807572b3f0f577de8c408401ca7,2.720245122909546,3.128915786743164,3.2401788234710693
e02ce876a73b6582f90c660a6aaef1c5c687bccc8e8bf4f5df276fa8f38b3c9a,RobroKools/vad-bert,c4c659fd17dd5807572b3f0f577de8c408401ca7,2.6676394939422607,3.066295862197876,3.1515064239501958
79e6479c423ad85738e64510b68da038fb3954d3e2009a81e90cc397fd8aafbf,RobroKools/vad-bert,c4c659fd17dd5807572b3f0f577de8c408401ca7,2.6377294063568115,3.111846446990967,3.085174322128296
c7344d759fe3c7ca130afbdd6fcfefcfd0ac2e1e3863e724c84fcf80b27fde63,RobroKools/vad-bert,c4c659fd17dd5807572b3f0f577de8c408401ca7,2.668756484985352,3.077463150024414,3.1991426944732666
fe7747ece57a0927a5b65323eecbb9d772e490a2a999cbabcf019d237981daf4,RobroKools/vad-bert,c4c659fd17dd5807572b3f0f577de8c408401ca7,2.7383689880371094,3.073416948318481,3.2203943729400635
0d966577825702a3823e5fce3c94ea0a590e1ab194d82f4b5a9615e5a7a0568a,RobroKools/vad-bert,c4c659fd17dd5807572b3f0f577de8c408401ca7,2.702259063720703,3.101246833801269,3.171138286590576
22d98d5ad7f29a0b871069b54e084e030a01e64313c89e0b2b7063e0189dccb9,RobroKools/vad-bert,c4c659fd17dd5807572b3f0f577de8c408401ca7,2.7135674953460693,3.124634027481079,3.22521448135376
cc42f88eff9bf7f7f91dd14d697719a3ded71a5bc6c36956dce30b17bd13c90a,RobroKools/vad-bert,c4c659fd17dd5807572b3f0f577de8c408401ca7,2.610663890838623,3.076197862625122,3.140486240386963
eeb0b22a9908782b743223e6d730e0b9bb71d3d8ef6303e98e56c4ebb49b0446,RobroKools/vad-bert,c4c659fd17dd5807572b3f0f577de8c408401ca7,2.654177665710449,2.980780839920044,2.9815220832824707
c3f481de98fee7a27c64927a4c3219e43d58aea0b177cc4015004d3c75235a16,RobroKools/vad-bert,c4c659fd17dd5807572b3f0f577de8c408401ca7,2.857003927230835,3.0682191848754883,3.136748790740967
179953201275e518fa4fefc754e8761aab9dee0284417e28389a0b1b4b285ace,RobroKools/vad-bert,c4c659fd17dd5807572b3f0f577de8c408401ca7,2.837599277496338,2.975180387496948,3.149183988571167
c3d06bd1d9a856d2a48ebea80167a17ebd21850c0092a45e791b8f7f1b595233,RobroKools/vad-bert,c4c659fd17dd5807572b3f0f577de8c408401ca7,2.491231679916382,3.22652006149292,3.061221122741699
e94a5fbd7a747b64a7480d3bf2b46b07d7e79eded713e4c4593f243ff7ecc423,RobroKools/vad-bert,c4c659fd17dd5807572b3f0f577de8c408401ca7,2.7895991802215576,3.16645884513855,3.213327646255493
fdd1a951328f2c3a69a327be0380ae6094efd98236c73db8183b9c981e5034f1,RobroKools/vad-bert,c4c659fd17dd5807572b3f0f577de8c408401ca7,2.6968295574188232,3.1956145763397217,3.13034987449646
75f31e956897c03f9ce89db455f1dfee9d3669acee261136c9d37f43a282c2b5,RobroKools/vad-bert,c4c659fd17dd5807572b3f0f577de8c408401ca7,2.740429639816284,3.194981813430786,3.059400081634521
674248fa61d3fae354d75152655414030e1b401b1de650c14de594d773d417e7,RobroKools/vad-bert,c4c659fd17dd5807572b3f0f577de8c408401ca7,2.8446812629699707,3.052703857421875,3.223118782043457
da1fd8251c3bce6d6b12f7d503f3ba235df7b37b773a21c7f185e1c7b7e5026c,RobroKools/vad-bert,c4c659fd17dd5807572b3f0f577de8c408401ca7,2.867689847946167,3.1844418048858643,3.192671775817871
8a723580faf78df9b4d1d217a3f1283c4ac23408d531d889119e7707b29a7141,RobroKools/vad-bert,c4c659fd17dd5807572b3f0f577de8c408401ca7,2.7409489154815674,3.075502634048462,3.0322227478027344
abc613479f7d3f2e6311559451f33b76bda2532bf3d3b88eed52f6d2a591a189,RobroKools/vad-bert,c4c659fd17dd5807572b3f0f577de8c408401ca7,2.5797717571258545,3.119170427322388,3.030933141708374
5810c17b3fe36c567921e6fcfba07f66236d37e4e8ec92cef91692efc92bcb32,RobroKools/vad-bert,c4c659fd17dd5807572b3f0f577de8c408401ca7,2.8620049953460693,3.1509737968444824,3.0845072269439697
45e87327c0684dbaf4445ef8207e9585a1ccec7548fd736887b814f79ad1dda8,RobroKools/vad-bert,c4c659fd17dd5807572b3f0f577de8c408401ca7,2.814176321029663,2.959900140762329,3.127360343933105
32e041f42bbe30a7839b36e44c5468a9201231badcf0a8933d1207a4b19470d5,RobroKools/vad-bert,c4c659fd17dd5807572b3f0f577de8c408401ca7,2.894364833831787,3.086235284805298,3.082849264144897
20d92393a415bd74040ee7378569b8114e1ea5f5d1f7fa1663ddde54c28b1994,RobroKools/vad-bert,c4c659fd17dd5807572b3f0f577de8c408401ca7,3.029664993286133,3.1639111042022705,3.441671133041382
74774cb6200b2fcf40948313fbdf5a596715632cf4cae3be6ccc2ee18db33f87,RobroKools/vad-bert,c4c659fd17dd5807572b3f0f577de8c408401ca7,2.6074371337890625,3.0964393615722656,3.099085569381714
38c032d041094d4e0a698d94c271ac22e7c7830abeb22741cef6c005d3235015,RobroKools/vad-bert,c4c659fd17dd5807572b3f0f577de8c408401ca7,2.830472230911255,3.1135427951812744,3.2295143604278564
d09301fefed89f14f83bf98687079a69766eaf0d6a619d3e0fc8b28dff78c831,RobroKools/vad-bert,c4c659fd17dd5807572b3f0f577de8c408401ca7,2.85039496421814,3.028015613555908,3.1212832927703857
1958345556613762ac53881755ecbabac5e62d5fc7c66b785fae20d9cb7bd991,RobroKools/vad-bert,c4c659fd17dd5807572b3f0f577de8c408401ca7,2.623173952102661,3.0538599491119385,3.160519599914551
15b70ecf58aee1628fdc50da35170b332f37079d0eff923e1778c9e68171aeb8,RobroKools/vad-bert,c4c659fd17dd5807572b3f0f577de8c408401ca7,2.9983363151550293,2.931727647781372,3.141922950744629
a69ee1ec4c48faf08ad0e904e3948de297ddae12e9a0f6cc400489726ce8e7d5,RobroKools/vad-bert,c4c659fd17dd5807572b3f0f577de8c408401ca7,2.711002349853516,3.144819021224976,3.065735101699829
3cb118b0db3f3051c39a698559151af38e3f9709048363a18a45ecf9da09b632,RobroKools/vad-bert,c4c659fd17dd5807572b3f0f577de8c408401ca7,2.7666022777557373,3.0875275135040283,3.183971643447876
7dc33b650835ae1a461cbcb7e980f241dc6eb0281ed2d64a26ef89d241799adb,RobroKools/vad-bert,c4c659fd17dd5807572b3f0f577de8c408401ca7,2.7706570625305176,3.1145942211151123,3.093130588531494
5fcb416c3c97e8ef5988cfa8cbf8fd79c3d364e1b5f0e39bb8b55f38ae41dd6c,RobroKools/vad-bert,c4c659fd17dd5807572b3f0f577de8c408401ca7,2.849896192550659,3.0357625484466557,3.150669813156128
c5d5493f8c6072f67f530352b75493776a64d8b492704a3e059969d310c46c71,RobroKools/vad-bert,c4c659fd17dd5807572b3f0f577de8c408401ca7,2.6909947395324707,2.938071727752685,3.0852973461151123
bf29a791979eb9b242c2712e0a01bdc67f0de28c294b6225b6fd34fecc0f5783,RobroKools/vad-bert,c4c659fd17dd5807572b3f0f577de8c408401ca7,2.8325698375701904,2.967416524887085,3.202455997467041
8ca8afd9b325706419b98e10bb4fe1ed077e58aaff86331c8423420759942ef2,RobroKools/vad-bert,c4c659fd17dd5807572b3f0f577de8c408401ca7,2.800586700439453,3.0174808502197266,3.111719846725464
ee77f4aeddcd7e391824eee4a0df72d6aea842942d2c303a4acdeafe1eaf672e,RobroKools/vad-bert,c4c659fd17dd5807572b3f0f577de8c408401ca7,2.784535646438598,3.0498311519622803,3.1105217933654785
1140c2946453f9ee78c97d05306220abcdde37e775621b3f98b9177007ab3e3d,RobroKools/vad-bert,c4c659fd17dd5807572b3f0f577de8c408401ca7,2.7887279987335205,3.11217737197876,3.08862042427063
2b25ea6dfe3f141a2aee82b6e45d93b9d9cdd54f36b353255bc405ea4f31b28d,RobroKools/vad-bert,c4c659fd17dd5807572b3f0f577de8c408401ca7,2.698847532272339,3.09342885017395,3.129749298095703
626cce77aded72e66442617b35d37a5d3bc6d6cd01853fef74e23fae4af19904,RobroKools/vad-bert,c4c659fd17dd5807572b3f0f577de8c408401ca7,2.88970160484314,3.0510733127593994,3.1779353618621826
61e6ddf025b394c4f07116aee390499a9be4f12aed01d042d2e5d05e568943b7,RobroKools/vad-bert,c4c659fd17dd5807572b3f0f577de8c408401ca7,2.559043407440185,3.1056458950042725,3.014979600906372
fcfb3a2157effb44aa86a83caa950692e4dca35bcbf3e6ce03e6f0aaa8f4e8c5,RobroKools/vad-bert,c4c659fd17dd5807572b3f0f577de8c408401ca7,2.7647619247436523,3.094306945800781,3.1166491508483887
0ecfc604cad194f279264c34aa9abda4a0b9f5350baeda60a595f915e4944c9d,RobroKools/vad-bert,c4c659fd17dd5807572b3f0f577de8c408401ca7,2.720720767974853,2.97981333732605,3.320693254470825
7942ed8e769ed3fedad38efb76a76f5f995f66dcb378c3a6f7d02e528069e562,RobroKools/vad-bert,c4c659fd17dd5807572b3f0f577de8c408401ca7,2.9316248893737797,3.001938581466675,3.114178419113159
cec4014082261a70344f990a7a02ec654b70309185b8dcb8dd4dcab45d908ef4,RobroKools/vad-bert,c4c659fd17dd5807572b3f0f577de8c408401ca7,2.8439364433288574,2.9489338397979736,3.1912543773651123
b249c4ffff441dfa242c3f973970d66c5286006d71fc978d3e791f41a5877344,RobroKools/vad-bert,c4c659fd17dd5807572b3f0f577de8c408401ca7,2.795565366744995,2.975994348526001,3.164490938186645
4995ba05e99387b93cd5a9a763958c574ed31101222f596d5cfb881a3e9b4718,RobroKools/vad-bert,c4c659fd17dd5807572b3f0f577de8c408401ca7,2.686239719390869,3.15761947631836,3.0875065326690674
0803980092980dac5bc615a78246c9e29eae3918d397748a774c2f221d430901,RobroKools/vad-bert,c4c659fd17dd5807572b3f0f577de8c408401ca7,2.657517194747925,3.083617925643921,3.105325698852539
a6cb9a1150ff4250a2ffa9ceed158897c9340707dfed317796e5ae254d1dc05d,RobroKools/vad-bert,c4c659fd17dd5807572b3f0f577de8c408401ca7,2.665413379669189,3.021791696548462,3.138817310333252
087facae6957aa9b2613efde8edbc601a1ed49df2390180edca5252ffa47d362,RobroKools/vad-bert,c4c659fd17dd5807572b3f0f577de8c408401ca7,2.648155689239502,3.096060276031494,3.087139368057251
d13a15e13c2a3d1d315b4f08be242a5bfcb781091789322a8328ece3edb3b921,RobroKools/vad-bert,c4c659fd17dd5807572b3f0f577de8c408401ca7,2.795686960220337,3.047526359558105,3.193082094192505
1ea87ebc4666a4f9b4bb66436a769843b46ca81a4158a3b65a0657f26ca6bc3c,RobroKools/vad-bert,c4c659fd17dd5807572b3f0f577de8c408401ca7,2.766198873519897,3.0641300678253174,3.251230478286743
cb98135ac64bcddb999413cfbca42be74cd9330aeac234d1e07dfbfd2790bee6,RobroKools/vad-bert,c4c659fd17dd5807572b3f0f577de8c408401ca7,2.804917335510254,2.9570536613464355,3.18334698677063
c0478e922b9c240e2cd274754e79b1591bb01b43495fe0fee91c6eea327a7d56,RobroKools/vad-bert,c4c659fd17dd5807572b3f0f577de8c408401ca7,2.812605857849121,2.9834792613983154,3.1434521675109863
4e481ad8f0e19bf8de5739233f2e6859a6789092216f8d38764c8f42be58edcb,RobroKools/vad-bert,c4c659fd17dd5807572b3f0f577de8c408401ca7,2.80411434173584,3.015833139419556,3.1052534580230717
ce85995723c2994ea15ebb8e586143bf142122118db3929b3ec20e9c2df3e633,RobroKools/vad-bert,c4c659fd17dd5807572b3f0f577de8c408401ca7,2.8247220516204834,2.8592097759246826,3.0915281772613525
899e777b896bf9252af395e9b454fb349429871516086cb7f6eb96bd7b17e077,RobroKools/vad-bert,c4c659fd17dd5807572b3f0f577de8c408401ca7,2.6508710384368896,3.093949556350708,3.230820894241333
3715f097ff09c74063f7d58c11b6c890f2b35ac5c38009c7a6cd06e89d754efd,RobroKools/vad-bert,c4c659fd17dd5807572b3f0f577de8c408401ca7,2.5127742290496826,3.200509548187256,3.024444580078125
25e14f49eb3d92fc292f3e819d88a11d8ab591673e55df822903104d736f2753,RobroKools/vad-bert,c4c659fd17dd5807572b3f0f577de8c408401ca7,2.7009212970733643,3.2233893871307373,3.3148305416107178
9387a57bc0986e49ac52f5226d86bfefbdf4a7f168eb29e841adda9e3b9dd02f,RobroKools/vad-bert,c4c659fd17dd5807572b3f0f577de8c408401ca7,2.6951613426208496,3.1037189960479736,3.2232441902160645
aa1264514a7a9bf16b9e3c5e954907f20a4f702e5159229836c9e531d2e08fa0,RobroKools/vad-bert,c4c659fd17dd5807572b3f0f577de8c408401ca7,2.6444337368011475,3.2479360103607178,3.224904775619507
0417ac3d902b951476243f05918869482aaa7c3287468aaf020b1a689bb48460,RobroKools/vad-bert,c4c659fd17dd5807572b3f0f577de8c408401ca7,2.7913267612457275,3.0748555660247803,3.225586175918579
17283dac449226892df866fb3aa1d3edf897816e7e087dc35f6769f9c5601576,RobroKools/vad-bert,c4c659fd17dd5807572b3f0f577de8c408401ca7,3.0093095302581787,3.146160840988159,3.2849576473236084
33972451799133be8b465f8c40755995ddd49dc648a3552916f8d188d3b91dbd,RobroKools/vad-bert,c4c659fd17dd5807572b3f0f577de8c408401ca7,2.47205138206482,3.2023818492889404,2.991682767868042
7d2fb904d113b8a708028b1ad95ae3c211760e1cedf7233c5e3887513f960d9a,RobroKools/vad-bert,c4c659fd17dd5807572b3f0f577de8c408401ca7,2.9519922733306885,3.15293025970459,3.293120622634888
2a2aa9dcbaf458c14ae028edb3242c4913af6ad5e8bfac59a6c9e2de82dccbab,RobroKools/vad-bert,c4c659fd17dd5807572b3f0f577de8c408401ca7,2.711990594863892,3.2180581092834477,3.281773328781128
22c5e171d07fc3e7ddcb534322f1adf86f6da70ebd1eb8574b436b19c25b4e79,RobroKools/vad-bert,c4c659fd17dd5807572b3f0f577de8c408401ca7,2.787105798721313,3.157824754714966,3.0575168132781982
6354688fc1e14372de1aa06119ad3100bb55b11ba6d8dab46649b07fb03f7915,RobroKools/vad-bert,c4c659fd17dd5807572b3f0f577de8c408401ca7,2.726125478744507,3.2683730125427246,3.324178695678711
2bfbbea7b358934b7e650b59ff2e37ca88aeb57842d9565d104331548b5f2a78,RobroKools/vad-bert,c4c659fd17dd5807572b3f0f577de8c408401ca7,2.612598419189453,3.290414571762085,3.149824619293213
9c7eb4cf2792bb3ebd1a96b0c2bc54a9c5620d0c54ee6b6fd85ba9aa39d02b26,RobroKools/vad-bert,c4c659fd17dd5807572b3f0f577de8c408401ca7,2.613435745239258,3.11707615852356,3.2020280361175537
86fb875d7ef22d493f579a635bb06632bb71e1240d222c2c55519c724837cc9c,RobroKools/vad-bert,c4c659fd17dd5807572b3f0f577de8c408401ca7,2.7278501987457275,3.0608973503112797,3.104611873626709
458f23869f46f973e4d4d3e6cf1b29cddfb2f3cb8a77a385a27ca0435e04ed16,RobroKools/vad-bert,c4c659fd17dd5807572b3f0f577de8c408401ca7,2.807039499282837,3.0411527156829834,3.116811513900757
77ce7cc1efa6158d7b0f0edd892a1fe7245be139ce2c7c42489f01b152c60461,RobroKools/vad-bert,c4c659fd17dd5807572b3f0f577de8c408401ca7,2.780348539352417,3.100592851638794,3.152850866317749
019e906e3be1be58c8db0810942da023f994570c3cfc0e9ca74ac4fccc798b21,RobroKools/vad-bert,c4c659fd17dd5807572b3f0f577de8c408401ca7,2.629188776016236,3.062998056411743,3.1681416034698486
affafdc52737c5de4452d15a262172eec80ead4655ce11e85986628dc98b53b7,RobroKools/vad-bert,c4c659fd17dd5807572b3f0f577de8c408401ca7,2.82649564743042,3.107377290725708,3.2276408672332764
35efa44d608e12fd3deba4f235e2319772551d158c79e7ce6c60e70bbaf5d127,RobroKools/vad-bert,c4c659fd17dd5807572b3f0f577de8c408401ca7,2.781817674636841,3.142369031906128,3.1554043292999268
ac3109fda17220f2009bda0bf35c9b9f1e41effe620e3ab8867edebc97bca230,RobroKools/vad-bert,c4c659fd17dd5807572b3f0f577de8c408401ca7,2.9083704948425293,3.2701222896575928,3.0806422233581543
34210592c157dd370abfe81a31faca12493acbfaec59c42cef09aaac7cbf1605,RobroKools/vad-bert,c4c659fd17dd5807572b3f0f577de8c408401ca7,3.03532338142395,3.244508981704712,3.1648073196411133
f49b13f03ea3611d5359453cb5301701533dcccea3978d15fbe2d7307b5f5bac,RobroKools/vad-bert,c4c659fd17dd5807572b3f0f577de8c408401ca7,3.0642640590667725,3.4910757541656494,3.460421323776245
460c64e23c7691a2c413860810d0c9ae4cf68c1a7dc9fb23f1102048833c4130,RobroKools/vad-bert,c4c659fd17dd5807572b3f0f577de8c408401ca7,2.839147090911865,3.228508234024048,3.477367162704468
e9f1d0764f2913fe49796e9570e8d506189434d4e7a89ae1b6bf3a5c80388dc5,RobroKools/vad-bert,c4c659fd17dd5807572b3f0f577de8c408401ca7,2.835158586502075,3.261178493499756,3.279269218444824
31242439c941375a8ec2dbf25e1dad02d1efbe2a2f782e7d8ac9c7d145167d3c,RobroKools/vad-bert,c4c659fd17dd5807572b3f0f577de8c408401ca7,2.8778817653656006,3.135547637939453,3.2370827198028564
680fa4bc8a06d7624bf55c7564aaf25e7b2b973f97c625f975a764464a590ac2,RobroKools/vad-bert,c4c659fd17dd5807572b3f0f577de8c408401ca7,2.935359239578247,3.3399882316589355,3.3917195796966557
bd3fdaa9faeae391c992a087594e86a0e6e87053f534067276453860a778ed70,RobroKools/vad-bert,c4c659fd17dd5807572b3f0f577de8c408401ca7,2.8743011951446533,3.140819549560547,3.305649518966675
f6cd126e57c5cc40b7aeba80a39428be087ef0bc7ff4a551d0e8ca33b6cdfc60,RobroKools/vad-bert,c4c659fd17dd5807572b3f0f577de8c408401ca7,2.9489431381225586,3.042691946029663,3.2106776237487797
971e2ccc61c0fed53b63d7936c500746506fa0476fdfc38f162463813148de41,RobroKools/vad-bert,c4c659fd17dd5807572b3f0f577de8c408401ca7,2.618029356002808,3.099400997161865,3.1668713092803955
2a1fd8b743b0f0af3b418f41585f1a2d5582f7d5daa6f4b71d2aa17b400c0909,RobroKools/vad-bert,c4c659fd17dd5807572b3f0f577de8c408401ca7,2.780072927474976,3.057084321975708,3.127035856246948
db39626ca13f43d816afe828e4d5e146044c42e11718f105333550fa91c25632,RobroKools/vad-bert,c4c659fd17dd5807572b3f0f577de8c408401ca7,2.938004970550537,3.1844642162323,3.2930843830108643
a9410e4b4eba8c4aa2083cbfb1d75bfd9f154e790b3bc3887f215da96af2e449,RobroKools/vad-bert,c4c659fd17dd5807572b3f0f577de8c408401ca7,2.7968807220458984,3.0595972537994385,3.167625904083252
c62ca37073f3b8e5a88d14b9309f36b6d24af25129b01150e2623b334296c0e9,RobroKools/vad-bert,c4c659fd17dd5807572b3f0f577de8c408401ca7,3.1130211353302,2.9563257694244385,3.325742483139038
fab6d752df903c4d5e7cb65f39469c4f5ebbbab12b381f6b412a52900e29e4b0,RobroKools/vad-bert,c4c659fd17dd5807572b3f0f577de8c408401ca7,3.0727150440216064,2.9631927013397217,3.3568365573883057
22ff38bec74906459fd3bbc830b08b77cce49dbb8a0bcdb37bc59b0777acba86,RobroKools/vad-bert,c4c659fd17dd5807572b3f0f577de8c408401ca7,2.769122838973999,3.091320276260376,3.2356436252593994
809c332e762ebd7f34bd8ed148c587b6df3568d53045b8f67f004bbbbb770dfd,RobroKools/vad-bert,c4c659fd17dd5807572b3f0f577de8c408401ca7,2.6962890625,3.190084218978882,3.225546598434448
66c9d6f2f7905abdea15ec243ab1766c647f73e9c3bca23044d8d032d8aa4832,RobroKools/vad-bert,c4c659fd17dd5807572b3f0f577de8c408401ca7,2.716862678527832,3.085623264312744,3.2216246128082275
aceb9ea6825cbc098321095c7ac333c9d05b9b39b296896e0ffa6b43332168f6,RobroKools/vad-bert,c4c659fd17dd5807572b3f0f577de8c408401ca7,2.6372084617614746,3.1513330936431885,3.2452664375305176
bea3a3a71b44fc2884a980b228f9bff893d75ba9d3d9b7f4101d2389a247b402,RobroKools/vad-bert,c4c659fd17dd5807572b3f0f577de8c408401ca7,2.6818649768829346,3.2058730125427246,3.0863513946533203
2da535a49196be2315ba3a41be5c0658e8b98651d4c9d9b8ee6791b6f9a3571c,RobroKools/vad-bert,c4c659fd17dd5807572b3f0f577de8c408401ca7,2.91875958442688,3.139609098434448,3.316872358322144
396be19cab4850e325832645e0eb8689170b199c63241100d2f4ed81662331cd,RobroKools/vad-bert,c4c659fd17dd5807572b3f0f577de8c408401ca7,2.93139386177063,3.159259080886841,3.239471435546875
6d0f5ea4914d6c6f25b263fe8e7c564975f1f97d4bed9749f27088efeb9fb8a2,RobroKools/vad-bert,c4c659fd17dd5807572b3f0f577de8c408401ca7,2.7842366695404053,3.130645513534546,3.3796255588531494
3d08c898b79754ff771a5161cf2f3515fbd087b00feabcaf010ab9f3378a18e4,RobroKools/vad-bert,c4c659fd17dd5807572b3f0f577de8c408401ca7,2.8393025398254395,3.295740365982056,3.2722601890563965
c9c23a5777e08dc7a86721f330b070aa7487baabdbbeacaf6684fbca3d671943,RobroKools/vad-bert,c4c659fd17dd5807572b3f0f577de8c408401ca7,2.843440055847168,3.269814729690552,3.211088895797729
1e7833d53b1753b1069844ff6d4782c6cef56d3c8ab43a3155182ecfe6594707,RobroKools/vad-bert,c4c659fd17dd5807572b3f0f577de8c408401ca7,2.637082099914551,3.156779527664185,3.095446825027466
2db04692948a7b74cef93bad098c935c40e06043e593b73a0b6269af5b383121,RobroKools/vad-bert,c4c659fd17dd5807572b3f0f577de8c408401ca7,2.5955967903137207,3.1771366596221924,3.240821123123169
4cc035432d2571749f241f7365f8a57cc291122792b39dd75368b42aa02a100e,RobroKools/vad-bert,c4c659fd17dd5807572b3f0f577de8c408401ca7,2.77096962928772,3.241612672805786,3.3787128925323486
f50b37f305e077055dc1e84e22264d3a4c610ea98f351f48ddd386471ff7e32a,RobroKools/vad-bert,c4c659fd17dd5807572b3f0f577de8c408401ca7,2.671100616455078,3.11623215675354,3.238527774810791
3cc00d042e4db150e2f83dda9a4043d83a1200ab906ff7c8d990436b758e55df,RobroKools/vad-bert,c4c659fd17dd5807572b3f0f577de8c408401ca7,2.8886444568634038,3.037264585494995,3.2876617908477783
36f2b94552945e6d0bbed7b29aa9180191ec1d30a5d486bda6033feb2260ff45,RobroKools/vad-bert,c4c659fd17dd5807572b3f0f577de8c408401ca7,3.0263707637786865,3.103388547897339,3.353299856185913
e117235109c629e1a37cdfce1c1b78fd0deedfea4a5c34ee522f8b382f2e5658,RobroKools/vad-bert,c4c659fd17dd5807572b3f0f577de8c408401ca7,2.5286102294921875,3.206360101699829,3.181437492370605
bf45044ec422fb50e8c305c72c0d9ab4ca22f938eee087e965fa291d6726b515,RobroKools/vad-bert,c4c659fd17dd5807572b3f0f577de8c408401ca7,2.624295711517334,3.1395070552825928,3.274883508682251
3296df982027885ead714432c014936023b0efaeadc0fda56e4a23f16c6faf31,RobroKools/vad-bert,c4c659fd17dd5807572b3f0f577de8c408401ca7,2.654705286026001,3.0648443698883057,3.2328898906707764
092d9daf15421d6401b422e9d173d1123ac69e2b089fda2f9b118b425e6a4b85,RobroKools/vad-bert,c4c659fd17dd5807572b3f0f577de8c408401ca7,2.719670057296753,3.1828572750091557,3.2699036598205566
eb5274f2c582bceb4eac912c6339e6cee5e527ae895f14002c8ea0d9263a7bad,RobroKools/vad-bert,c4c659fd17dd5807572b3f0f577de8c408401ca7,3.0824134349823,3.105095148086548,3.2296082973480225
6d5946f7de9415ddd61798194002da23936ebdcca22a5c5227b72ed0d639182c,RobroKools/vad-bert,c4c659fd17dd5807572b3f0f577de8c408401ca7,3.1631052494049072,3.1777565479278564,3.348533868789673
8fb12cb3a2c754fe42d6e2ddee4bc92809fd3f89a18f7d06b8705e633b324c62,RobroKools/vad-bert,c4c659fd17dd5807572b3f0f577de8c408401ca7,2.716949224472046,3.241269826889038,3.199949026107788
f31ddc99a6a644612f523880d4e6493f90ee8ba714dba01365f4d7eaf4a850fd,RobroKools/vad-bert,c4c659fd17dd5807572b3f0f577de8c408401ca7,2.63481879234314,3.1499030590057373,3.1209630966186523
1a25bbb32a9c229df7280e51e29c9e55f6557c4b902a704e5cf8870073600c9f,RobroKools/vad-bert,c4c659fd17dd5807572b3f0f577de8c408401ca7,2.806023597717285,3.1854069232940674,3.2422125339508057
15e8e9036f6aae887ad5523a5e1a5050c69ffb0f086959adf141bc1d88b37310,RobroKools/vad-bert,c4c659fd17dd5807572b3f0f577de8c408401ca7,2.720057725906372,3.1156859397888184,3.2815229892730717
f6b863d969ddf8d04813effd618dcc745ad2dccd37c8942c337ef6cd941d53a7,RobroKools/vad-bert,c4c659fd17dd5807572b3f0f577de8c408401ca7,2.582033157348633,3.125509262084961,3.1944801807403564
ca47331f1822070ca3ee3c527ddcb9840efcee8adf005a736e7232967a054b77,RobroKools/vad-bert,c4c659fd17dd5807572b3f0f577de8c408401ca7,2.7267370223999023,3.008107185363769,3.2657294273376465
bd22edb850a4baf36c8dadf4a17e5544128b46f61e19166cb17d5430c6930454,RobroKools/vad-bert,c4c659fd17dd5807572b3f0f577de8c408401ca7,2.5878427028656006,3.1388700008392334,3.147268295288086
77039a57711f2f43581fd15edc5d88bd95b60086bcc5bef7760b82de70d0bcb2,RobroKools/vad-bert,c4c659fd17dd5807572b3f0f577de8c408401ca7,2.7034761905670166,3.13332748413086,3.313539505004883
46d9f884af08f83a692502b3be238ddffd8cade144359035977e97293538b292,RobroKools/vad-bert,c4c659fd17dd5807572b3f0f577de8c408401ca7,2.7073142528533936,3.1159090995788574,3.135146141052246
0fb4f6c8364b42bd66f1cdb1badb8dd5cb927131c9a93c1f320d6557f9f88915,RobroKools/vad-bert,c4c659fd17dd5807572b3f0f577de8c408401ca7,2.8728160858154297,3.121497631072998,3.13708233833313
d9d32f5825f317acdd324a2ba588f1525bb72cf273a6760dc5a3dc9a2b17f36e,RobroKools/vad-bert,c4c659fd17dd5807572b3f0f577de8c408401ca7,2.591059684753418,3.160484790802002,3.238008975982666
0b5e70c9a6ac13c0864900ff0ecdab5f31d0002c38c3838d9c902db328a5d0ed,RobroKools/vad-bert,c4c659fd17dd5807572b3f0f577de8c408401ca7,2.9335005283355717,3.2525017261505127,3.261873960494995
66ee4b6a7c36e1c91fe00b8ed3f19a308b367f3ae76ce32d4b8d4ee2c5078250,RobroKools/vad-bert,c4c659fd17dd5807572b3f0f577de8c408401ca7,2.862091541290283,3.097699880599976,3.3296518325805664
f8a2503c542a1cc1172a9161544c8ad6639423fc3df1f41f43571db88921c6f5,RobroKools/vad-bert,c4c659fd17dd5807572b3f0f577de8c408401ca7,2.750713586807251,3.200510263442993,3.1372501850128174
f399c7e67745d77c324183021f4e7afc461a8a99e31bde5f8ca3989f5909fa1f,RobroKools/vad-bert,c4c659fd17dd5807572b3f0f577de8c408401ca7,2.839174032211304,3.087398052215576,3.221151113510132
14eb106d8b0e837582bc00f29638b282e443e5547eab9c0515c1c9b0d398d9a6,RobroKools/vad-bert,c4c659fd17dd5807572b3f0f577de8c408401ca7,2.6093742847442627,3.149548292160034,3.0346333980560303
3e9448a5ede6b15b7bccc5235487fcaf6ac6ba72207c7c3d39b1f6a16b7423d0,RobroKools/vad-bert,c4c659fd17dd5807572b3f0f577de8c408401ca7,2.774088859558105,3.10400128364563,3.167182445526123
f08198e1dce2ce440a2e5bed4db1e62247bb14deee1d7a2da0eec682a9bd2f3e,RobroKools/vad-bert,c4c659fd17dd5807572b3f0f577de8c408401ca7,2.821315050125122,3.1421456336975098,3.1623663902282715
b4c102659e3744e5f48bf14171ee79d227146c992de478987bc7ea05f18ab502,RobroKools/vad-bert,c4c659fd17dd5807572b3f0f577de8c408401ca7,2.5500247478485107,3.1381494998931885,2.9941697120666504
7ab945aa3785af05d9eb5c7c0a2ec8088cd8cafe5297994cbcb9929243e17ced,RobroKools/vad-bert,c4c659fd17dd5807572b3f0f577de8c408401ca7,2.9154257774353027,3.0592641830444336,3.3793184757232666
565e9f76f0c783f1cc5770c81680359389cb26efbb1fc180b1537cf98fccca53,RobroKools/vad-bert,c4c659fd17dd5807572b3f0f577de8c408401ca7,2.907792329788208,3.0842363834381104,3.2397704124450684
4dc49010dcedbe71e2d3fb4e1476b318fcb935a3e11344bc6fbca823a70b26c4,RobroKools/vad-bert,c4c659fd17dd5807572b3f0f577de8c408401ca7,2.9686431884765625,3.2069437503814697,3.3370518684387207
16ab3ad17297e4cf0e4273907d57c5579584c5c76e6456a2a1ce975a8ae13018,RobroKools/vad-bert,c4c659fd17dd5807572b3f0f577de8c408401ca7,2.6943976879119877,3.1217682361602783,3.14509654045105
2e10f8c44d1337a5ac66cb87a42e6335a2a37bd7d1468337ab4c137487d44091,RobroKools/vad-bert,c4c659fd17dd5807572b3f0f577de8c408401ca7,2.7222795486450195,3.098330020904541,3.189660787582397
750257a5ec0f8e26dc271d33ebfbe7149120d7ae8fbeab15b2dcd37f7453f173,RobroKools/vad-bert,c4c659fd17dd5807572b3f0f577de8c408401ca7,2.9444429874420166,3.25321626663208,3.349771022796631
8c5c8cb5d8e5a24fe7dd15bd98bcbaa33c0db3120abcebed621bcf02aa1e3818,RobroKools/vad-bert,c4c659fd17dd5807572b3f0f577de8c408401ca7,3.0884292125701904,3.1628105640411377,3.2450337409973145
f42ec44fa1a6ca5c764858e434bc53930aa29b60d5b620161418a5af3a55ee16,RobroKools/vad-bert,c4c659fd17dd5807572b3f0f577de8c408401ca7,2.845296621322632,3.0960676670074463,3.21763277053833
1de81791170ecee87face875662e41ccac8501b96f756fd0841524f929441c39,RobroKools/vad-bert,c4c659fd17dd5807572b3f0f577de8c408401ca7,2.728521585464477,3.1659164428710938,3.1403110027313232
b1aeaaf620baecc38b40bf7ac64e7e30d611b76ec559e385561257a71aded4d0,RobroKools/vad-bert,c4c659fd17dd5807572b3f0f577de8c408401ca7,3.0889832973480225,3.287107229232788,3.2638261318206787
bfa06da09190c621cb50e4e12aa53b7147d18466acfa83e2cfdd0d2cd011808e,RobroKools/vad-bert,c4c659fd17dd5807572b3f0f577de8c408401ca7,2.673113346099853,3.0009875297546387,3.0881521701812744
7cea7ac6f6de7f0b4cc7a8e103866154137fa0188c0df7076e0e5adde8df265a,RobroKools/vad-bert,c4c659fd17dd5807572b3f0f577de8c408401ca7,2.992771863937378,3.0701935291290283,3.252124786376953
e1bf816c4bb9663854f17a9ff2f2d8d79935ffedc24b92f0580753261adeddf2,RobroKools/vad-bert,c4c659fd17dd5807572b3f0f577de8c408401ca7,2.9947190284729004,3.18372654914856,3.260096549987793
e4bd785d99393e25c1e39cdac89b9720c097ab1bf552c5621c3894bb5be79323,RobroKools/vad-bert,c4c659fd17dd5807572b3f0f577de8c408401ca7,2.8011605739593506,3.1827099323272705,3.213021993637085
b694edac34a898bcb918ce996772a4fbc61a0e6b0bae1a17d0ed8e2a31c83a8f,RobroKools/vad-bert,c4c659fd17dd5807572b3f0f577de8c408401ca7,2.959218740463257,3.147633552551269,3.2199466228485107
2d47f97b4eb411b359d0ced9eef495a5d29f709a7eca8447a234e450556a6b8c,RobroKools/vad-bert,c4c659fd17dd5807572b3f0f577de8c408401ca7,2.7827720642089844,3.1372265815734863,3.197089433670044
2740a6beaf3ee15398fee5a22242db0bf2b6c48f4ac16487e4351622f9e939d3,RobroKools/vad-bert,c4c659fd17dd5807572b3f0f577de8c408401ca7,2.7983124256134038,3.1849710941314697,3.2724649906158447
1e2c43bc3ea003cc0cf7c373215c5da7c9b0c2e8dbb1a9e1b577c8de37dcce9f,RobroKools/vad-bert,c4c659fd17dd5807572b3f0f577de8c408401ca7,2.922191381454468,3.0465686321258545,3.184972047805786
cd231dd8a621b53fa8135d5c8d58e91a47beb6dcb5e59590f9415de0752f53bd,RobroKools/vad-bert,c4c659fd17dd5807572b3f0f577de8c408401ca7,3.0276811122894287,3.1553409099578857,3.185250759124756
a2e20830deb3aeb229d8b39646a02022e9157d13bf03de2287345d6d9672216a,RobroKools/vad-bert,c4c659fd17dd5807572b3f0f577de8c408401ca7,2.517898797988892,3.1307218074798584,3.0205724239349365
9d1082aedd01fdc0101df818c960f7311b91f4d66e44fb0abfe3cce3e6fbd172,RobroKools/vad-bert,c4c659fd17dd5807572b3f0f577de8c408401ca7,2.736734390258789,3.129751920700073,3.07033920288086
a513bd9714936b537fd87608cc96e9e7909dc6f3472576e78982cacdcdd742a2,RobroKools/vad-bert,c4c659fd17dd5807572b3f0f577de8c408401ca7,2.836141586303711,3.1849491596221924,3.222645998001098
d8dcba0b611e11f7d90ab89e517b9fa97c3577e46ba11473504c50a50799e23e,RobroKools/vad-bert,c4c659fd17dd5807572b3f0f577de8c408401ca7,2.580738067626953,3.14611554145813,3.0989038944244385
0691fd201865b71d200f167c454d6162acbdc429ea320b73c21dd2478ea5dc99,RobroKools/vad-bert,c4c659fd17dd5807572b3f0f577de8c408401ca7,2.772913217544556,3.2031967639923096,3.14664888381958
fbfe6705267a70249795a15383285a87d4d3cd52e66080631d7b58febcac1f1d,RobroKools/vad-bert,c4c659fd17dd5807572b3f0f577de8c408401ca7,2.6231510639190674,3.2051522731781006,3.2347981929779053
b8658b1d4024815a324ab1d8f955e53d20e31c1f7456ad78ba7d4a3928892c8f,RobroKools/vad-bert,c4c659fd17dd5807572b3f0f577de8c408401ca7,2.6900312900543213,3.14060115814209,3.0188539028167725
dbcbdb11323a8f51db490a166000e70f7ff632d24921abe0d8372a5e91a8c266,RobroKools/vad-bert,c4c659fd17dd5807572b3f0f577de8c408401ca7,2.589194059371948,3.323972463607788,3.1456336975097656
fa3b2a3d35388360298e37beaf6d409006c29778e2336392456e428212b9ae05,RobroKools/vad-bert,c4c659fd17dd5807572b3f0f577de8c408401ca7,2.7821171283721924,3.17578387260437,3.0965511798858643
e4ad2cd4c1ccf669746a78b4a0804370a4b3bde9b23c217e7ef80fa98470637c,RobroKools/vad-bert,c4c659fd17dd5807572b3f0f577de8c408401ca7,2.684420347213745,3.298241138458252,3.1735780239105225
70fdfc7800c5148e634ebbe71298c42e3eefef53e2828c173c8dcf7f288769ba,RobroKools/vad-bert,c4c659fd17dd5807572b3f0f577de8c408401ca7,2.8481056690216064,3.1697916984558105,3.2455503940582275
2518f98bba659788a40646f9fb1a36f8379c24cf15da9432dd669a31f073108f,RobroKools/vad-bert,c4c659fd17dd5807572b3f0f577de8c408401ca7,2.659740447998047,3.163517713546753,3.2008731365203857
a1c93de09621b941064d1cf354965f450b4d17748a90b65f40744b4f2d9f0910,RobroKools/vad-bert,c4c659fd17dd5807572b3f0f577de8c408401ca7,2.7479143142700195,3.160174608230591,3.132737874984741
922eb9937d976ca59fd0d4e9f33cbb5ef281ec8fbfa73e2dda53ad1469e50879,RobroKools/vad-bert,c4c659fd17dd5807572b3f0f577de8c408401ca7,2.829561233520508,3.123698472976685,3.281258106231689
f4c2e6e24a3b28aa0237784a00b20c9b6eb076a38f9225eca22393d15d1fdc76,RobroKools/vad-bert,c4c659fd17dd5807572b3f0f577de8c408401ca7,2.981238603591919,3.0547404289245605,3.333653688430786
0b9de7c7918b7f018784893b90769b4a806e36245d7d6b2a44142a875cda20b7,RobroKools/vad-bert,c4c659fd17dd5807572b3f0f577de8c408401ca7,2.9547765254974365,3.1447994709014893,3.2853453159332275
720337243f358d4de3279f49fb970a42613e5ba744ff3200254a0ac779b1f047,RobroKools/vad-bert,c4c659fd17dd5807572b3f0f577de8c408401ca7,3.081655740737915,3.100377082824707,3.368982076644897
9b171848adaeecc207ba5aa9a9540eac386fcc82eda734b3c92a9af5a40c300c,RobroKools/vad-bert,c4c659fd17dd5807572b3f0f577de8c408401ca7,2.966484308242798,3.1148669719696045,3.338238000869751
c76c1049f0211849afb20eaabd5981c27e1d7fb664f5a3c5d7cc01cbc25c0742,RobroKools/vad-bert,c4c659fd17dd5807572b3f0f577de8c408401ca7,3.0552666187286377,3.227371454238892,3.3320915699005127
b5529df985d62d82436a1f8fb8b557ae7e7354183086eb9ff5467d33c31b40d0,RobroKools/vad-bert,c4c659fd17dd5807572b3f0f577de8c408401ca7,2.746876001358032,3.195297718048096,3.078012228012085
d02e687d02bc1bf7953cdaaba0e17af19ef17b65f982c2552adf9db655d407e9,RobroKools/vad-bert,c4c659fd17dd5807572b3f0f577de8c408401ca7,2.658691167831421,2.9815549850463867,3.4063732624053955
168613b15f449cb01a76a3fef7861b271c480bcd2d7c5822d720cbe51991c863,RobroKools/vad-bert,c4c659fd17dd5807572b3f0f577de8c408401ca7,2.928131341934204,3.2655224800109863,3.369020700454712
c17a34ba2a8f2bdeed127befb09ef8465bdadc6dd1dc1fdb8c60b955262c9038,RobroKools/vad-bert,c4c659fd17dd5807572b3f0f577de8c408401ca7,2.993642807006836,3.0366616249084477,3.301688432693481
ab5af9800ba86b88030c476c1a24d26e541a9c8eb2754cffa47aec6307e6dbd2,RobroKools/vad-bert,c4c659fd17dd5807572b3f0f577de8c408401ca7,2.95074200630188,3.223798513412476,3.3331329822540283
b9fb84461c051af5a5955cb19d2f45b771c8dd81827be2cbb8b4b4164a85b4eb,RobroKools/vad-bert,c4c659fd17dd5807572b3f0f577de8c408401ca7,3.09326720237732,3.033842802047729,3.3028929233551025
b2999758eec3ec3f3ee7b55caf635f959eb30bb59c2d8d68256cc847ca002ce3,RobroKools/vad-bert,c4c659fd17dd5807572b3f0f577de8c408401ca7,2.842130661010742,3.07470703125,3.295509099960327
6b4c7dc4fabb6acc52a63a85500d33c9c38501540cf93603ee7b135f521ee343,RobroKools/vad-bert,c4c659fd17dd5807572b3f0f577de8c408401ca7,2.6885857582092285,3.131001710891724,3.0317742824554443
4b68cb64bd47f28da68fe3518b2a23e6c47da28f429a6b40b6bc00a266dd98f3,RobroKools/vad-bert,c4c659fd17dd5807572b3f0f577de8c408401ca7,3.039896011352539,3.18546724319458,3.406888961791992
07daba821a59f2db78142980a405f86fb3b16f004555e1bc066f9ec62d5b5a63,RobroKools/vad-bert,c4c659fd17dd5807572b3f0f577de8c408401ca7,3.164581537246704,2.9694454669952397,3.2303192615509038
6b8913f92792796f8699425fb8738930a1f0e555d36c2ecc7b803e8cd39dabe4,RobroKools/vad-bert,c4c659fd17dd5807572b3f0f577de8c408401ca7,2.801142454147339,2.9399516582489014,3.0988457202911377
54d136b5ae0a2e7fc4cbc4acb5f2983ef62bb808260c1fdcec97d195be1c067d,RobroKools/vad-bert,c4c659fd17dd5807572b3f0f577de8c408401ca7,2.5227606296539307,3.1104748249053955,3.1291956901550293
a2705e3260bf9788726e0513fb836de064b67480eb1f0547150876b345b08b5c,RobroKools/vad-bert,c4c659fd17dd5807572b3f0f577de8c408401ca7,2.657155513763428,3.129378080368042,3.132942914962769
4df511bb04dd411abe44ce9dbb5c5fbc528fcbc00c95b6b11d949f86b8bed73a,RobroKools/vad-bert,c4c659fd17dd5807572b3f0f577de8c408401ca7,2.516932249069214,3.204503297805786,2.9973630905151367
3a54a1183f86faeb118aabb296b39a48bfa176aa8188c9a02185e38d83201c71,RobroKools/vad-bert,c4c659fd17dd5807572b3f0f577de8c408401ca7,2.68147087097168,3.1200668811798096,3.179868221282959
bf0f638414a514e412f5f66fb324192803b27bc7bccf330bb4a50234927b1f47,RobroKools/vad-bert,c4c659fd17dd5807572b3f0f577de8c408401ca7,2.903257131576538,3.082915544509888,3.163773536682129
94f9aceb1bc847d10a04d98352cd1163ba0471a2f7475e65bc749c7e8fd2865f,RobroKools/vad-bert,c4c659fd17dd5807572b3f0f577de8c408401ca7,2.706709146499634,2.968724012374878,3.1845219135284424
e1ad5182ef2c3fbfabdfdf7ddea27852b2c124c053cd02f78d6a9fa5997e6cf6,RobroKools/vad-bert,c4c659fd17dd5807572b3f0f577de8c408401ca7,2.4810030460357666,3.176444292068481,3.004319906234741
65ddcbd776d5a56235ec53ba9253e4c17946393702664e56a273d974f8b6ae8a,RobroKools/vad-bert,c4c659fd17dd5807572b3f0f577de8c408401ca7,2.5702948570251465,3.1593775749206543,3.171818971633911
436bf12b6ae287ca9bccb37706033115f4e3d374cfefc0b4fc24e9f22d0c51da,RobroKools/vad-bert,c4c659fd17dd5807572b3f0f577de8c408401ca7,2.963977098464966,3.1080329418182373,3.215395212173462
fa168bb35e83875cb236ba68e6b5d01ae0c70586117a4fa7f4652d697a419c88,RobroKools/vad-bert,c4c659fd17dd5807572b3f0f577de8c408401ca7,3.0366804599761963,3.1549923419952397,3.151453256607056
e16f695cf883c3aa8e707c65cbbb572501df40e0eceec331499b32d396551912,RobroKools/vad-bert,c4c659fd17dd5807572b3f0f577de8c408401ca7,2.6940667629241943,3.093428373336792,3.082538366317749
c89e0e60b9352d0a9b4f1601e068672e81e0519081fc60b2f93bf26a45a56f81,RobroKools/vad-bert,c4c659fd17dd5807572b3f0f577de8c408401ca7,2.6687939167022705,3.130734205245972,3.0313589572906494
a8316b655d084b1ec1b0fd9d872ca4f84d3f529afca5f66904f5a79ae9ce978b,RobroKools/vad-bert,c4c659fd17dd5807572b3f0f577de8c408401ca7,2.726160764694214,3.2695319652557373,3.181816816329956
562e4c20fbc3d4a520e4f62497f08520369d41dca00eef53c908582f99cd179b,RobroKools/vad-bert,c4c659fd17dd5807572b3f0f577de8c408401ca7,2.361607313156128,3.191224813461304,2.787108898162842
a422b474a9673a5547c72dc0161221df2a66458e160ca89c29280b706eb9a996,RobroKools/vad-bert,c4c659fd17dd5807572b3f0f577de8c408401ca7,2.8299591541290283,3.1298136711120605,3.1676571369171143
fe5a7906392ec48d067097d746736ce8653716955677c68ea5dae6ef43d8f027,RobroKools/vad-bert,c4c659fd17dd5807572b3f0f577de8c408401ca7,2.842585325241089,3.232642650604248,3.2550086975097656
d38aed4a3acfa0271007c0e3f774e7cbf2715cf65d059837b3ff9de9f108ee6c,RobroKools/vad-bert,c4c659fd17dd5807572b3f0f577de8c408401ca7,2.942329168319702,2.958869695663452,3.2106354236602783
ad08eabe38f178baed245f0657b1d18ad980c312a609bdd0a5ab44d18baf705b,RobroKools/vad-bert,c4c659fd17dd5807572b3f0f577de8c408401ca7,2.703066110610962,3.182760000228882,3.103074789047241
dc04fa22d3bb54cd301008c771183cb7cc1a7ac05d669a5c653a84efbd7699a1,RobroKools/vad-bert,c4c659fd17dd5807572b3f0f577de8c408401ca7,2.6377956867218018,3.22251033782959,3.2025375366210938
e246bb55b12e55f8cf8f381df762c8208a49311e79b614ae1ba2d1df55bec70e,RobroKools/vad-bert,c4c659fd17dd5807572b3f0f577de8c408401ca7,2.743305206298828,3.07306170463562,3.244704008102417
7c18739e140ab6486219dc1f0b980b2471ba0576940356ecf5a186ee920a7321,RobroKools/vad-bert,c4c659fd17dd5807572b3f0f577de8c408401ca7,2.7259891033172607,3.0629146099090576,3.1344687938690186
5b147f399a9d09cee68ee1ee508d2180bd6622bd60dfdaa6d138aff750da7810,RobroKools/vad-bert,c4c659fd17dd5807572b3f0f577de8c408401ca7,2.9536049365997314,3.1073343753814697,3.3361270427703857
3320e900cffc418ebac7448b89f4b2087b9e0876bbe89d5c192efc8dd453ebf0,RobroKools/vad-bert,c4c659fd17dd5807572b3f0f577de8c408401ca7,2.85256028175354,3.246846914291382,3.120179891586304
acec3a31e2687d7dc6f8264e42305463f9d2a68f76969b3c653b205f85aaa00b,RobroKools/vad-bert,c4c659fd17dd5807572b3f0f577de8c408401ca7,3.1194937229156494,3.061296939849853,3.296994924545288
c1569f6e850736ec632c6959f5aa4854d224f7fb356f53bb95e59f7b5216bd3b,RobroKools/vad-bert,c4c659fd17dd5807572b3f0f577de8c408401ca7,2.9348456859588623,3.206195116043091,3.1096158027648926
e65b00ec4892b93cf0243fa09f05437b9cfab86f27ba0044b3d6cb91efd46423,RobroKools/vad-bert,c4c659fd17dd5807572b3f0f577de8c408401ca7,2.9116013050079346,3.289098024368286,3.2659335136413574
ff93e1cb866f9c1f2d48954576f019bda4d20d7db2b675bddcf991e0f526edbd,RobroKools/vad-bert,c4c659fd17dd5807572b3f0f577de8c408401ca7,3.020528554916382,3.35219955444336,3.24798846244812
e5cc0b54b6687891e2d4c37caa5f493ca5dbe34cb1c33a04501616c221e3ef75,RobroKools/vad-bert,c4c659fd17dd5807572b3f0f577de8c408401ca7,2.9003326892852783,3.2946484088897705,3.227686882019043
ded7bb3e362861274d157a5b6cf6e2c338382677c77bca48d168b9e6034e3909,RobroKools/vad-bert,c4c659fd17dd5807572b3f0f577de8c408401ca7,3.029408693313598,3.3591439723968506,3.2062132358551025
c22b90d7be824138ac3f2af3cfd5ab115e6673fcaf67d2ed133eaabbbb100390,RobroKools/vad-bert,c4c659fd17dd5807572b3f0f577de8c408401ca7,2.886090040206909,3.244020462036133,3.0652878284454346
2e0607b6d51fdf599a2bb9132f20cb2a96b43e2beb88d9624ce3c39b3508494c,RobroKools/vad-bert,c4c659fd17dd5807572b3f0f577de8c408401ca7,2.842670440673828,3.062046527862549,3.2585809230804443
8e01e421921d40705ddaa48f5da4ce87c3b22dc31755020d6fb5d1b338e91422,RobroKools/vad-bert,c4c659fd17dd5807572b3f0f577de8c408401ca7,2.524802923202514,3.000641107559204,3.0725414752960205
9986a495c2ff79eaaa80dbdec909a2394078710a86d8d1bd5747e4c566a28b2d,RobroKools/vad-bert,c4c659fd17dd5807572b3f0f577de8c408401ca7,2.7219932079315186,3.083270072937012,3.1713337898254395
a552bb85d8f99b7b7102b49b386850d47be8565fab86c55676007a500b68d4da,RobroKools/vad-bert,c4c659fd17dd5807572b3f0f577de8c408401ca7,2.798544883728028,2.9924139976501465,3.2966082096099854
31732b7e3a728c68a09e21b40b66dfd834558c312d092d5b149fb98eb5c4b261,RobroKools/vad-bert,c4c659fd17dd5807572b3f0f577de8c408401ca7,2.6166985034942627,3.207575559616089,3.193284749984741
f737969b85c23e19ca5264d1d2fa4ddc3ef6cb46c523e09df018aab321f49cc3,RobroKools/vad-bert,c4c659fd17dd5807572b3f0f577de8c408401ca7,2.715315818786621,3.092864990234375,3.198680639266968
26bae7338f25dd793b73be436629036a21647fc77b15459877149a41ca59d390,RobroKools/vad-bert,c4c659fd17dd5807572b3f0f577de8c408401ca7,2.8743884563446045,3.1980397701263428,3.162510633468628
653c427a444a2aedf9e48cfc680b17dec97e5c3239ac4587cd35a7fa63cdc381,RobroKools/vad-bert,c4c659fd17dd5807572b3f0f577de8c408401ca7,2.6076529026031494,3.2797696590423584,3.10593056678772
7081437e5fcd8eeb7e890bab7aeed351867bb69657c93b1d1cdbae82b0958bb4,RobroKools/vad-bert,c4c659fd17dd5807572b3f0f577de8c408401ca7,2.8666481971740723,3.171560525894165,3.264941453933716
2cf5718f5955d3fea992f83bc8f62ecf187fa9b2ce6b71e07d19cb5e843ec18e,RobroKools/vad-bert,c4c659fd17dd5807572b3f0f577de8c408401ca7,2.908734083175659,3.095717668533325,3.310022354125977
8680a3bdd19315ba16beb0028cbb97682e36744bc6843ec3d8a73036c2fc7711,RobroKools/vad-bert,c4c659fd17dd5807572b3f0f577de8c408401ca7,2.8767592906951904,3.1467068195343018,3.281847715377808
eb60ba8a4bd197f846f29f6b8fad1c43a31c83b400f49c12a5329648458a6656,RobroKools/vad-bert,c4c659fd17dd5807572b3f0f577de8c408401ca7,2.9105448722839355,3.267292261123657,3.1087002754211426
0030efab5c1841c27083fd66a0c58d3d4b3b7d8a0493049f85b58a85ce95f251,RobroKools/vad-bert,c4c659fd17dd5807572b3f0f577de8c408401ca7,2.926712274551392,3.282116651535034,3.2005932331085205
1b309d5444861f812d6012502f8c1c7291feddf86962b82a4ba34c7438076422,RobroKools/vad-bert,c4c659fd17dd5807572b3f0f577de8c408401ca7,2.561115026473999,3.342170000076294,3.1048972606658936
e8ca92a7e77e41d0a0df9b517739c9faa91e936d5889318957a228e8e9d78c18,RobroKools/vad-bert,c4c659fd17dd5807572b3f0f577de8c408401ca7,2.8264360427856445,3.207099914550781,3.072979688644409
b09649fe2cde0b38ae9ce980250c2a29778b011086ac98be14a386f32dd3594a,RobroKools/vad-bert,c4c659fd17dd5807572b3f0f577de8c408401ca7,2.750511884689331,3.0664262771606445,3.097835063934326
b112c510152edacfdac21b3f72de5909f8bc0f8870957ccb3a3dc2b00b088217,RobroKools/vad-bert,c4c659fd17dd5807572b3f0f577de8c408401ca7,2.836864471435547,3.1060712337493896,3.076911211013794
1432e0f2ad254ea55b4c9a6bdc091dd935b3bfa5c537dfa6b43d4793749dbba2,RobroKools/vad-bert,c4c659fd17dd5807572b3f0f577de8c408401ca7,2.4164183139801025,3.1835777759552,3.063820600509644
2ab1a8e1cad01ae2fbc0c8f902cdb69430daa1a137fe2a8680080a5ec730f101,RobroKools/vad-bert,c4c659fd17dd5807572b3f0f577de8c408401ca7,2.685154438018799,3.061535596847534,3.04386830329895
5b063f3f2ef281384d03773d6b5779065e638db8c9aa339c9b1902627c743c36,RobroKools/vad-bert,c4c659fd17dd5807572b3f0f577de8c408401ca7,2.700747013092041,3.0348732471466064,3.156147718429565
ac2eb3afa888e11f7af25643a67eb9196011955f3370e93730ae3f5a5bdf8292,RobroKools/vad-bert,c4c659fd17dd5807572b3f0f577de8c408401ca7,2.961023569107056,3.0010523796081543,3.232935667037964
559683581f47d6614460cf65853472375db7f7f878fd180df110644614c682a5,RobroKools/vad-bert,c4c659fd17dd5807572b3f0f577de8c408401ca7,2.740659713745117,3.076233386993408,3.1505119800567627
e753e0a4711402ba163546406a6be5fc5ddae6b040225688bb495e5b6fb1e1a1,RobroKools/vad-bert,c4c659fd17dd5807572b3f0f577de8c408401ca7,2.7786648273468018,3.060030937194824,3.0977261066436768
5b0f1af4dfd9da63aa0eb60178d533492eece536f930ca09e0324a7863b982e2,RobroKools/vad-bert,c4c659fd17dd5807572b3f0f577de8c408401ca7,2.607163667678833,3.141260862350464,3.0704004764556885
6c684146bb7a72a809221c8d71f594f56e8c1541544507101806af89cc08b888,RobroKools/vad-bert,c4c659fd17dd5807572b3f0f577de8c408401ca7,2.629313707351685,3.084656953811645,3.1772024631500244
0c6d4ee89a0509967116d0cd17fd0e227f8b7043ffac8c9ba47cf61fb5f2af52,RobroKools/vad-bert,c4c659fd17dd5807572b3f0f577de8c408401ca7,2.836545705795288,2.922653913497925,3.161310195922852
574b3983f073d19568aa09e75e9e5c995a2670033b0f410097dd5f933ab9564e,RobroKools/vad-bert,c4c659fd17dd5807572b3f0f577de8c408401ca7,2.728818416595459,3.1368749141693115,3.127239942550659
06058d67586443d63391377a4e3f7c4b19d2cae051cd2cbd7a134ce2ca4f7a87,RobroKools/vad-bert,c4c659fd17dd5807572b3f0f577de8c408401ca7,2.7678050994873047,3.0024335384368896,3.046978235244751
2b3e6a8ece1ceb04440c869cbd0c347ed02db051f62c0af1caa924209bf2ce3c,RobroKools/vad-bert,c4c659fd17dd5807572b3f0f577de8c408401ca7,2.6964433193206787,3.0701117515563965,3.088656425476074
0fa5759a49635f505a95c89339ec7d4d97c8a46de5e90bf21f7d193a84d50319,RobroKools/vad-bert,c4c659fd17dd5807572b3f0f577de8c408401ca7,2.644885301589966,3.109144449234009,2.99222993850708
7476d1884a934c78f5e2bee1ded371f437e3d89bf7670de251de7523db206387,RobroKools/vad-bert,c4c659fd17dd5807572b3f0f577de8c408401ca7,2.5981156826019287,3.148887157440185,3.2445552349090576
302922e542c056ef1501c7e73b62d79ece952865ba5720eb6d58681468fdc450,RobroKools/vad-bert,c4c659fd17dd5807572b3f0f577de8c408401ca7,2.785343170166016,3.105271100997925,3.1923439502716064
b99ec99651fa13528adcbf46e383e1dc2ffdfd64e2c8a357f77861e6c54999bb,RobroKools/vad-bert,c4c659fd17dd5807572b3f0f577de8c408401ca7,2.6950058937072754,3.120474576950073,3.186664342880249
df2e7dfea3f952666ec5437b7e776de4b52bef28615304f52c8221ac20107ac2,RobroKools/vad-bert,c4c659fd17dd5807572b3f0f577de8c408401ca7,2.6892125606536865,3.043924570083618,3.148447275161743
eaec770b6e2d5f019ccb5c180c2344095c299a704275443958efd737f37accc2,RobroKools/vad-bert,c4c659fd17dd5807572b3f0f577de8c408401ca7,2.6433634757995605,3.0081946849823,3.124555826187134
7d19c2b55f2499c2dbfd98e3e92ba1a5fbf7fb2223c914619e9df1ab55693352,RobroKools/vad-bert,c4c659fd17dd5807572b3f0f577de8c408401ca7,2.695197105407715,3.1135199069976807,3.1597957611083984
af5e1762ad3a0a47534250e138d6f178ecba96a5564816d98d9b74378346568c,RobroKools/vad-bert,c4c659fd17dd5807572b3f0f577de8c408401ca7,2.663548231124878,3.1466286182403564,3.076749563217163
cffb4a3759873b5e992eb427b0ead0d1d67e4134a44b5e9e3cb1b2dd8a9c19c5,RobroKools/vad-bert,c4c659fd17dd5807572b3f0f577de8c408401ca7,2.5418169498443604,3.174438238143921,2.987009286880493
ea138a93e8313b3e13e08a5282931fa4485c839d311566f550a22d74374144f2,RobroKools/vad-bert,c4c659fd17dd5807572b3f0f577de8c408401ca7,2.7471606731414795,3.0367448329925537,3.105414628982544
345953283f7e39971ec95a36362a25d30a92a64644760dd528cd63851210b3e4,RobroKools/vad-bert,c4c659fd17dd5807572b3f0f577de8c408401ca7,2.735908269882202,3.104297161102295,3.099777936935425
c9d39bc2f039d123d6ce51978a86ed1065fd53d112843878eb5acfaba723701e,RobroKools/vad-bert,c4c659fd17dd5807572b3f0f577de8c408401ca7,2.749312400817871,3.043532609939575,3.0786712169647217
41a831919fe6682e305014725e2eee51c852aa6e272b650f464e7d853989ff04,RobroKools/vad-bert,c4c659fd17dd5807572b3f0f577de8c408401ca7,2.762017011642456,3.022322416305542,3.13128662109375
4f2e894466bc82e9d73256a5e984a4e5a2cf3f6ff8d8c9c001ad916924152bf2,RobroKools/vad-bert,c4c659fd17dd5807572b3f0f577de8c408401ca7,2.672649621963501,3.085573434829712,3.158499956130981
d67ec9f34a23ccb0a2fe73b33d4a63879187a10c011b4bacd6e2e382ab0f4455,RobroKools/vad-bert,c4c659fd17dd5807572b3f0f577de8c408401ca7,2.6985881328582764,3.078901052474976,3.213027238845825
b8441347a9ba2f6830454a50e68166b6ca93e96e2d18de063258e555817c339a,RobroKools/vad-bert,c4c659fd17dd5807572b3f0f577de8c408401ca7,2.6804873943328857,3.012732744216919,3.101842164993286
142076a0223a2e79f0b23d2fea0610a0b9ce1b12c69991c37cf6fc79cffb765d,RobroKools/vad-bert,c4c659fd17dd5807572b3f0f577de8c408401ca7,2.892086982727051,3.055229902267456,3.1393399238586426
389bc87da9f09ba348b83a75860664260ae34dd762915bdc246e0fd2ead91da8,RobroKools/vad-bert,c4c659fd17dd5807572b3f0f577de8c408401ca7,2.67966890335083,3.014334917068481,3.0765390396118164
916d85df160e69f412cb7c8659fb559be3752088bdfbb5c72a8885b22c8ab2f1,RobroKools/vad-bert,c4c659fd17dd5807572b3f0f577de8c408401ca7,2.841150522232056,3.035161256790161,3.273460865020752
b7a772a0112f7581a26d4f21e7e472c1cd7cc68624af3b14642163b15799441c,RobroKools/vad-bert,c4c659fd17dd5807572b3f0f577de8c408401ca7,2.775322675704956,3.0828545093536377,3.215397596359253
6d36c8d7bc64a9558d34ed30925da8f779fcf46a9e58fd77dc3a738e9edb5f21,RobroKools/vad-bert,c4c659fd17dd5807572b3f0f577de8c408401ca7,2.651587009429932,3.1211042404174805,3.059497356414795
e05b892f2ace1521d0dbc5e2154ea017bc03ea07f0c6af8d0b6f6e183c2caa8a,RobroKools/vad-bert,c4c659fd17dd5807572b3f0f577de8c408401ca7,2.712717294692993,3.0745980739593506,3.190435647964477
bf0204c5e5efb3847c615196e33f25c1e7f0b61735c23c036db0a87ae08da469,RobroKools/vad-bert,c4c659fd17dd5807572b3f0f577de8c408401ca7,2.6796762943267822,3.18722939491272,3.1455156803131104
4fa40a3bc1c91f66766d00f8d094328841bf3a939a635cb457066bdbf26d316c,RobroKools/vad-bert,c4c659fd17dd5807572b3f0f577de8c408401ca7,2.686652660369873,3.1852781772613525,3.136396646499634
8e3704b5774e229f6a719f3dc79326b76bee89fb7082d43507779c86d012eb87,RobroKools/vad-bert,c4c659fd17dd5807572b3f0f577de8c408401ca7,2.659172773361206,3.129396677017212,3.162480115890503
75ec75c5decbe31eb11bb5ed53ee11540ac73511a76a0b73c457b7c8e211f864,RobroKools/vad-bert,c4c659fd17dd5807572b3f0f577de8c408401ca7,2.987887382507324,3.057873010635376,3.201418876647949
56a2cf952ac7b1f0708b9e742e1256cb184ffc2bf0d1c426ebddc186b37da2ee,RobroKools/vad-bert,c4c659fd17dd5807572b3f0f577de8c408401ca7,3.068692922592163,3.025261640548706,3.225050687789917
a50dd6ac8a72bacb95f016a85725550205ee3b74d3ef2af76b483d11cbe512b0,RobroKools/vad-bert,c4c659fd17dd5807572b3f0f577de8c408401ca7,2.747400999069214,3.084473133087158,3.1676185131073
2c42cbc5bf394a604c8b46d9f0fe8e9cbd565b17e2bb629380e3660eadde028e,RobroKools/vad-bert,c4c659fd17dd5807572b3f0f577de8c408401ca7,2.9454634189605717,2.964635372161865,3.189009428024292
c9799d7102993d1208cdd25c2d33ee84c6ffd9e7300ae56bff0ac333d6917b68,RobroKools/vad-bert,c4c659fd17dd5807572b3f0f577de8c408401ca7,2.9109339714050293,3.044353723526001,3.201956987380981
67262c7dd8157a397080b58a769a0b19213d1340cfd44c6bed8e8d419bdb2b65,RobroKools/vad-bert,c4c659fd17dd5807572b3f0f577de8c408401ca7,2.560708522796631,3.2703962326049805,3.0149261951446533
0d5dd337dcab5522448af3a4eb944cc18c413191002658db1cf17aaf6841a874,RobroKools/vad-bert,c4c659fd17dd5807572b3f0f577de8c408401ca7,2.789296865463257,3.1596109867095947,3.051698923110962
a9bd5e745ca69ca6916d607d1b8e291589af132ecb6df7c2d02f2ff4213dfc16,RobroKools/vad-bert,c4c659fd17dd5807572b3f0f577de8c408401ca7,2.867733955383301,3.039318799972534,3.167435884475708
382399048d6d0ea970d4909c1907b2dfec5a0d7cf538a61a28e3a485c36c93fd,RobroKools/vad-bert,c4c659fd17dd5807572b3f0f577de8c408401ca7,2.7745635509490967,3.1433913707733154,3.119687795639038
a8d6c076533035b65dd159e6ef224aef7e567cadf99f04c0041964b08518b5ad,RobroKools/vad-bert,c4c659fd17dd5807572b3f0f577de8c408401ca7,3.01440167427063,3.215843677520752,3.309946298599243
ab4c498ec9a3afee9a99fb65a3475e8bfe2df1d7ba1869f9624c2802a40089f7,RobroKools/vad-bert,c4c659fd17dd5807572b3f0f577de8c408401ca7,2.712925910949707,3.134297132492065,3.0970826148986816
aca248b3ccff1c0030b467aab5b9d9ed6cecaa1b3dfd2fe103fab235bff71fd3,RobroKools/vad-bert,c4c659fd17dd5807572b3f0f577de8c408401ca7,2.6465184688568115,3.1738369464874268,3.146352529525757
add2dd9f384a6ea4c94f25c9470fde56948ced17f99a3d496ca9af28414bfc94,RobroKools/vad-bert,c4c659fd17dd5807572b3f0f577de8c408401ca7,2.910064935684204,3.2020671367645264,3.1515321731567383
48642d180c32a71259ead69b7751a2453159dfe0b3e76291d55c23056047251c,RobroKools/vad-bert,c4c659fd17dd5807572b3f0f577de8c408401ca7,2.8909029960632324,3.166341543197632,3.1475934982299805
3241f8c8e57a1b71200b595c2b7d753e70a389bce544d1b0219926428313f4ec,RobroKools/vad-bert,c4c659fd17dd5807572b3f0f577de8c408401ca7,2.867571353912353,3.042116403579712,3.135895252227783
a037aa1f31510b36e34cf91ede2fba2f64ca5434a183a27f973d40eb668a1d15,RobroKools/vad-bert,c4c659fd17dd5807572b3f0f577de8c408401ca7,2.88413667678833,3.137186050415039,3.158447504043579
15bea835bafec513b37864954d60fac63b43f052fe77a3bdb1fb23a3cd89270c,RobroKools/vad-bert,c4c659fd17dd5807572b3f0f577de8c408401ca7,2.7657203674316406,3.150155782699585,3.2314884662628174
e18c2197f474cc9a85c1c8368d451083ec898072236dee8f489f678157c1dbb1,RobroKools/vad-bert,c4c659fd17dd5807572b3f0f577de8c408401ca7,2.759199857711792,3.068082571029663,3.177057266235352
4001abd4ce0f2e554e8d937946d96c834e0d8958605b17ab94b679a60335868e,RobroKools/vad-bert,c4c659fd17dd5807572b3f0f577de8c408401ca7,2.909369468688965,3.1778969764709477,3.2880258560180664
f98ccdd9c5ec62309529627a2b38f7f16c50c5529f01631c1beb9154543fbd93,RobroKools/vad-bert,c4c659fd17dd5807572b3f0f577de8c408401ca7,2.7592570781707764,3.039776563644409,3.133089065551758
6222a2356611e2c45122775e4f2eb9fc4405e804e69ee0975d9413900befb26f,RobroKools/vad-bert,c4c659fd17dd5807572b3f0f577de8c408401ca7,2.9287497997283936,3.1124093532562256,3.1712679862976074
9ff6fb80b688d63cf910fea1c2c8e10f392cdd035999366b5297594971679c3b,RobroKools/vad-bert,c4c659fd17dd5807572b3f0f577de8c408401ca7,2.839231252670288,3.124420166015625,3.2231457233428955
e6d8f5167832f66feab552ff8ef80d54922aaab52b4a2f7c3ea6cdf0884287dd,RobroKools/vad-bert,c4c659fd17dd5807572b3f0f577de8c408401ca7,2.699138641357422,3.1664469242095947,3.255622148513794
da4bed098d8274ca76d780b3a521be69ce171774e95fe409c9b9bb7fc7376a12,RobroKools/vad-bert,c4c659fd17dd5807572b3f0f577de8c408401ca7,2.6855580806732178,3.152643918991089,3.223397254943848
f951eda62f67d00794a2eb3db833e514ef8c265d0c2549efcd53ec8861e5e81e,RobroKools/vad-bert,c4c659fd17dd5807572b3f0f577de8c408401ca7,2.6899211406707764,3.110074758529663,3.1386940479278564
0d0ca9b6b52e0f84e4d6dfc804230790322672f4d803c73ad62132dae47f9e70,RobroKools/vad-bert,c4c659fd17dd5807572b3f0f577de8c408401ca7,2.8245604038238525,3.047960996627808,3.175117015838623
856f5404ed717d454a682153a3e81717c7a34f26e45053dc9b075177b31f38c2,RobroKools/vad-bert,c4c659fd17dd5807572b3f0f577de8c408401ca7,2.637861967086792,3.2604572772979736,3.4459493160247803
f7b34db3ef7a7d844873f604872e22e1e352d9cf1ff67624bd09279704518ba1,RobroKools/vad-bert,c4c659fd17dd5807572b3f0f577de8c408401ca7,2.720583200454712,3.062624216079712,3.187492609024048
77926e9b41fc68fd1ec367e4ea033332afd84f876e9677762889f051d7c35c8d,RobroKools/vad-bert,c4c659fd17dd5807572b3f0f577de8c408401ca7,2.813159704208374,2.9496500492095947,3.197084903717041
a3e35faf796b0bbcf0cbb09cd0d82142174a8395ec03dfe6ae305d3490f87f8c,RobroKools/vad-bert,c4c659fd17dd5807572b3f0f577de8c408401ca7,2.6735987663269043,3.033862829208374,3.03552770614624
43ff1e9699ac33eb9153ac470419f8aa62f81a9f4eef1d7e36797656d17154eb,RobroKools/vad-bert,c4c659fd17dd5807572b3f0f577de8c408401ca7,2.871314525604248,3.0945558547973637,3.3669755458831787
19c186b05685f763a3fea4d762733bb2b4087eb7c7d961e2f329d3b1092bcca1,RobroKools/vad-bert,c4c659fd17dd5807572b3f0f577de8c408401ca7,2.797168254852295,3.1589832305908203,3.2421462535858154
fdea30a3c530697f895f23d2212fee85c17edf89237358d6f4d7eed6349f6825,RobroKools/vad-bert,c4c659fd17dd5807572b3f0f577de8c408401ca7,2.791736602783203,2.990710973739624,3.165647268295288
2d489dcc4c50ff84352c84b1681cd1eb8d3cc9af11d227342817dde2f6e10622,RobroKools/vad-bert,c4c659fd17dd5807572b3f0f577de8c408401ca7,2.824554681777954,3.0612359046936035,3.209118366241455
19df2dead8a746b50f3f6f26c516c195ae97b2e562791490452f6f6dd87a132d,RobroKools/vad-bert,c4c659fd17dd5807572b3f0f577de8c408401ca7,2.667965650558472,3.064652442932129,3.142587900161743
65b7dc710d4c1d29c239e03bcd452b62325d458cda4f6f3fd44bcbaaa714693a,RobroKools/vad-bert,c4c659fd17dd5807572b3f0f577de8c408401ca7,2.708865165710449,3.1130073070526123,3.2226011753082275
8aebc70d70c5948394076cd50b082db6437cbeb91aca70191b48fc81ceaf92fb,RobroKools/vad-bert,c4c659fd17dd5807572b3f0f577de8c408401ca7,2.548250913619995,3.0288822650909424,3.053180456161499
e80de6d3ec7095ab3e5df15161490d157e220fceff533e86bf1f8c77b45d24fb,RobroKools/vad-bert,c4c659fd17dd5807572b3f0f577de8c408401ca7,2.722678899765014,3.0628998279571533,3.130171775817871
69b3b53b5d8e0abf4e3743faf69d14cd044a1588fcd01baa6e0a60da568616ea,RobroKools/vad-bert,c4c659fd17dd5807572b3f0f577de8c408401ca7,2.730241537094116,3.1166179180145264,3.208244800567627
4ace43d233976a53bb3b4be0f0e6e34ea0663324df6da5a544f1b755fb066090,RobroKools/vad-bert,c4c659fd17dd5807572b3f0f577de8c408401ca7,2.707214832305908,2.9939181804656982,2.9593095779418945
9f6ad75b06957ab5ffbf9d17c0cce6cf78be5f68cfc37e3b5d36c77116139ff0,RobroKools/vad-bert,c4c659fd17dd5807572b3f0f577de8c408401ca7,2.654692888259888,3.0317904949188232,3.045290231704712
01e6308159f6291828a61f5a8d7fe32e267240bdf92e2d65e4e52f6f3785062c,RobroKools/vad-bert,c4c659fd17dd5807572b3f0f577de8c408401ca7,2.7649619579315186,3.051603078842163,3.205896139144897
abfe5191e8c0c58702833b93d93df88a418a8797d720aa38a1dde6a42766cfd4,RobroKools/vad-bert,c4c659fd17dd5807572b3f0f577de8c408401ca7,2.8244001865386963,3.0900862216949463,3.315643787384033
a4945796865d409b5388ef6dce77b95d38fdfd30b293009e14d2073d0d43999f,RobroKools/vad-bert,c4c659fd17dd5807572b3f0f577de8c408401ca7,2.713636636734009,2.93324875831604,3.129443407058716
e3de07ac34028da3c7b9782ea1d525f06edb6c3d9bc20dc8bf53f84953fa0199,RobroKools/vad-bert,c4c659fd17dd5807572b3f0f577de8c408401ca7,2.438027858734131,3.133318901062012,3.090084791183472
ccc032db7828272f5957718b62f1632783f4f0de87a42054120024e020dc3ea2,RobroKools/vad-bert,c4c659fd17dd5807572b3f0f577de8c408401ca7,2.713708877563477,3.033106803894043,3.1708643436431885
a60d375ae0c4555115fe0cdd1f6b50833c53095714c75ec415a7046dcbe122e8,RobroKools/vad-bert,c4c659fd17dd5807572b3f0f577de8c408401ca7,2.7290942668914795,3.1832425594329834,3.2619059085845947
8b1dc36a2690cdf655a8c28475e1dd6676ac46a4409d7a0cca0c8ece870da8d8,RobroKools/vad-bert,c4c659fd17dd5807572b3f0f577de8c408401ca7,2.436230182647705,3.140307903289795,3.0188705921173096
5e05db1f2afc13277e8108b30e69309791e5c70a12e97c08aa5ccd7d570c8720,RobroKools/vad-bert,c4c659fd17dd5807572b3f0f577de8c408401ca7,2.4446322917938232,3.1414616107940674,3.0447998046875
36af1de1eafce2e6ec3686efb3eff9dd31768345b404ed39fc37e7fc004bbf83,RobroKools/vad-bert,c4c659fd17dd5807572b3f0f577de8c408401ca7,2.4873878955841064,3.137305974960327,3.123903512954712
ef7e46cf0a34eea5965223694b817c7911723fb223dca4dae38abb03a7d6734b,RobroKools/vad-bert,c4c659fd17dd5807572b3f0f577de8c408401ca7,2.43895959854126,3.173380136489868,3.054274797439575
53374a19ac9195ea916af955ff35f577369c9d129abc83f73caf7500a144759e,RobroKools/vad-bert,c4c659fd17dd5807572b3f0f577de8c408401ca7,2.519453763961792,3.100888967514038,3.1693570613861084
3b732375a3d2568b8b4a0690681bced2547c21b7d13de18b2619afd25d636853,RobroKools/vad-bert,c4c659fd17dd5807572b3f0f577de8c408401ca7,2.4504666328430176,3.175610303878784,3.049628496170044
ce13d10896d2385a87968308bab1bd9a249918b10b1adcab246410e8d5b300d9,RobroKools/vad-bert,c4c659fd17dd5807572b3f0f577de8c408401ca7,2.466661214828491,3.117954730987549,3.111112356185913
e60c6c9a4e26322a1db21ac996a74766262be04f43e6efe2a44f77de4ff6a112,RobroKools/vad-bert,c4c659fd17dd5807572b3f0f577de8c408401ca7,2.428666830062866,3.1445977687835693,3.0591249465942383
ba25f97e96905ed9091e95f09e47e5fda201d88a5810f05eb2dfc21c39fbf6a2,RobroKools/vad-bert,c4c659fd17dd5807572b3f0f577de8c408401ca7,2.7627854347229004,3.008236885070801,3.069823980331421
0542949df676f2738e433df1dc140779aa238fddd86285be1a73579a2c6df425,RobroKools/vad-bert,c4c659fd17dd5807572b3f0f577de8c408401ca7,2.7502074241638184,3.0948574542999268,3.134650230407715
1e75982092f737fc2ce1164171309c0a570bb4f072240a79a00365cc95434b74,RobroKools/vad-bert,c4c659fd17dd5807572b3f0f577de8c408401ca7,2.7432188987731934,3.089160203933716,3.2157576084136963
f56cafa34cedce897dc3453b3a77bc707e7535e0230731fc2e5e279295a09f9b,RobroKools/vad-bert,c4c659fd17dd5807572b3f0f577de8c408401ca7,3.0540382862091064,3.147352457046509,3.2594869136810303
0569a1e1323be0b5b23c3d7ef3309224249508f96aaeaba113bc61ee6c0058cd,RobroKools/vad-bert,c4c659fd17dd5807572b3f0f577de8c408401ca7,2.9996283054351807,3.2146873474121094,3.3152356147766118
a483408ce7f0d2c84396096de68971512c301b3513f27d4ee74749e25847f5e4,RobroKools/vad-bert,c4c659fd17dd5807572b3f0f577de8c408401ca7,2.6806318759918213,3.1536519527435303,3.180088520050049
3934728f6c1999a81da10546185b07ad60b215ea6914476366be467f83e25fb2,RobroKools/vad-bert,c4c659fd17dd5807572b3f0f577de8c408401ca7,3.039452314376831,3.207439661026001,3.301116704940796
eda9db0162ed87b64f80c99f64d5fb109883ea2364efd32491c52cebbe425104,RobroKools/vad-bert,c4c659fd17dd5807572b3f0f577de8c408401ca7,2.79028058052063,3.181440591812134,3.137571334838867
c5ddbd05365a529cdf3f258bb146c73dbb7b44214050ca65d72ae460bb0ee49e,RobroKools/vad-bert,c4c659fd17dd5807572b3f0f577de8c408401ca7,2.905534029006958,3.2308571338653564,3.223680257797241
5dc021c946675324426bb26fcfb786a4362837eb3121c30b08e4cd9bc2638ce2,RobroKools/vad-bert,c4c659fd17dd5807572b3f0f577de8c408401ca7,2.91928505897522,3.1717803478240967,3.2467072010040283
0414318e3532eb69873affd9e040861daa89b97137477c67f372e4429468f602,RobroKools/vad-bert,c4c659fd17dd5807572b3f0f577de8c408401ca7,2.8886303901672363,3.1206653118133545,3.1290533542633057
d6fd2b1edf2c65f0d76fa4937f1c34f8937a088828aa9e985e72d7e02ac81ca9,RobroKools/vad-bert,c4c659fd17dd5807572b3f0f577de8c408401ca7,2.801051139831543,3.1318700313568115,3.1690797805786133
53771f1925a7e102394c89e5fd7325e1f84d1e90b91fa2945fb0178030f37a3a,RobroKools/vad-bert,c4c659fd17dd5807572b3f0f577de8c408401ca7,2.709831714630127,3.098721504211426,3.222663164138794
f16761a03fa6673ea32fdff95d791f18a288f99bb15546866e02260134ac8c53,RobroKools/vad-bert,c4c659fd17dd5807572b3f0f577de8c408401ca7,2.8208134174346924,3.2448270320892334,3.304949998855591
411f7529100a6a0eccb6f9740d834aa791189dd0825cec61c1b77be72504230c,RobroKools/vad-bert,c4c659fd17dd5807572b3f0f577de8c408401ca7,2.838623046875,3.1437363624572754,3.130288600921631
cd5d2e8631941ef2a8fbaa8235f671554fa72f52f672cb1a6270535b7b4bfee3,RobroKools/vad-bert,c4c659fd17dd5807572b3f0f577de8c408401ca7,2.79819393157959,3.198354959487915,3.1100375652313232
d3a1def45cf7dbf2d0da3d4be3e072169b2ebba13a529259b2f2c6b0f6874aa4,RobroKools/vad-bert,c4c659fd17dd5807572b3f0f577de8c408401ca7,2.729011297225952,3.027254343032837,3.02496075630188
56bb9a4449594c593710c6610cf1614f7d10837d72a9c8d12f53dbff03d8e563,RobroKools/vad-bert,c4c659fd17dd5807572b3f0f577de8c408401ca7,3.0915567874908447,3.1257317066192627,3.304351091384888
b188c0a65f7910b07fb0bb3d61b3e053876e34696322785e8d37569f5a358789,RobroKools/vad-bert,c4c659fd17dd5807572b3f0f577de8c408401ca7,2.903154134750366,2.997909545898437,3.212341547012329
206e67f084530aa97945c95c30823c6c66284162ed663351cd43fbaa7b2dfb1b,RobroKools/vad-bert,c4c659fd17dd5807572b3f0f577de8c408401ca7,2.8008158206939697,3.0739176273345947,3.3025872707366943
ddb69f0d7399122323e2a47d280d2199cfe768d56d2645f3771fa33e871c8fd4,RobroKools/vad-bert,c4c659fd17dd5807572b3f0f577de8c408401ca7,2.777466297149658,3.086357831954956,3.0611908435821533
7d063ff58864a6252aab7b68fd0b5c2a41e998fec9233729af013705ef63a4ca,RobroKools/vad-bert,c4c659fd17dd5807572b3f0f577de8c408401ca7,2.78580379486084,3.0000321865081787,3.199249744415283
0d8ae598b45ad2ea9b0df7e90f326ead711306458afad038bf01d592f1c04d44,RobroKools/vad-bert,c4c659fd17dd5807572b3f0f577de8c408401ca7,2.9408082962036133,3.080800294876098,3.12717604637146
0e9211e617031273628fc8b9d2439c2d1bbc4ecf70d8354081780f086e8918ad,RobroKools/vad-bert,c4c659fd17dd5807572b3f0f577de8c408401ca7,2.876828908920288,3.0905025005340576,3.16131854057312
00a66f90925b0a848414e42262cd419c0ea93c57536ab39ec60c2f36b20feece,RobroKools/vad-bert,c4c659fd17dd5807572b3f0f577de8c408401ca7,2.90779709815979,3.1738758087158203,3.27937912940979
9a0e91dfc1831bb29ebc1bb33a0ee79431887a9b43bde23d42bc6c684d20567c,RobroKools/vad-bert,c4c659fd17dd5807572b3f0f577de8c408401ca7,2.7579610347747803,3.1088650226593018,3.1258175373077397
d080ec8dfbf1b7b942edbaa960a6e22312cb89e6e9343cc0add1834dd18d3238,RobroKools/vad-bert,c4c659fd17dd5807572b3f0f577de8c408401ca7,2.7621634006500244,3.072872400283813,3.136354923248291
c24caebc02302821e9dcd91ae2ddba466c90650188516042cbc09f85141e2dd7,RobroKools/vad-bert,c4c659fd17dd5807572b3f0f577de8c408401ca7,2.7055113315582275,3.1026132106781006,3.131019353866577
a1fdb6e341404a148b52dcd4233c85eda37457040007e81fafe8e66590745b7e,RobroKools/vad-bert,c4c659fd17dd5807572b3f0f577de8c408401ca7,2.75455379486084,3.0374648571014404,3.031038999557495
da06393065b4f84e3efecf9e3f469739f74e108d5773c90a9d45f34d62a8f510,RobroKools/vad-bert,c4c659fd17dd5807572b3f0f577de8c408401ca7,2.7494287490844727,3.095043420791626,3.103313684463501
defd5b1aa94c844afd748d562fbe825650f7c2f2aaf0e453a248ee3a156c137a,RobroKools/vad-bert,c4c659fd17dd5807572b3f0f577de8c408401ca7,2.8075501918792725,3.000961780548096,3.038533926010132
0411ef0a7a2833624ed2fa3e90f889fc984d9cce34b2c21cd36596b65098c11e,RobroKools/vad-bert,c4c659fd17dd5807572b3f0f577de8c408401ca7,2.69584059715271,3.0889828205108643,3.095940589904785
84c602a43649fd99e79c5681498092f953791166eeef2be0dd001def1f7fcace,RobroKools/vad-bert,c4c659fd17dd5807572b3f0f577de8c408401ca7,2.8236591815948486,3.1556499004364014,3.3787755966186523
2074e7258bea7a8719bcdf737ac7cf77b8343a86e4822b8c755813548e9f65e8,RobroKools/vad-bert,c4c659fd17dd5807572b3f0f577de8c408401ca7,2.625777006149292,3.095813035964966,3.107606887817383
9190cac8b7b7b9bc5723188b9ff7412d6f811ce5dd87a10060b661c1ed1ca64f,RobroKools/vad-bert,c4c659fd17dd5807572b3f0f577de8c408401ca7,2.8149573802948,3.109706163406372,3.192126035690308
7aa60e9e3a6af58b3f5aab67f1bc906cb146423d70ef760799cbe122ca9f525e,RobroKools/vad-bert,c4c659fd17dd5807572b3f0f577de8c408401ca7,2.611860036849976,3.14453649520874,3.110491991043091
378a38ddb82b4e9c50d2dbcd794e48e31ecc722a2bf652f9bcddfccdc2da016e,RobroKools/vad-bert,c4c659fd17dd5807572b3f0f577de8c408401ca7,2.761459827423096,3.0801570415496826,3.159520387649536
06c102c5a573fe9ac891a884db2df26f0ffa6e83af2defad300e9d2243bcb778,RobroKools/vad-bert,c4c659fd17dd5807572b3f0f577de8c408401ca7,2.6891260147094727,3.113006114959717,3.230351448059082
485e9ccee10b8915d3652b37c5bd6b9bd612ec38a37f3d83ed03e7ab86848bd3,RobroKools/vad-bert,c4c659fd17dd5807572b3f0f577de8c408401ca7,2.67653489112854,3.090005874633789,3.046337604522705
7ded1e7ba64bbe4b7ecfa9b68263d82419dce47af18f8a37766e09d56acbe416,RobroKools/vad-bert,c4c659fd17dd5807572b3f0f577de8c408401ca7,2.7953782081604004,3.2042453289031982,3.228525400161743
f3de955ae3a6b67e46add05e0512d0727e9579fa9473145452d432b54a4f6906,RobroKools/vad-bert,c4c659fd17dd5807572b3f0f577de8c408401ca7,2.862421989440918,3.100980758666992,3.263602495193481
9809cfc868d39c6c891f6eb3144db445a357b6eb68beb1071da82180c6645331,RobroKools/vad-bert,c4c659fd17dd5807572b3f0f577de8c408401ca7,2.824774980545044,3.14778995513916,3.1699211597442627
011568a88b111f60df79368ba64b6f72e7a895e49875948ada7a9b4163e668b8,RobroKools/vad-bert,c4c659fd17dd5807572b3f0f577de8c408401ca7,2.6657187938690186,3.0808491706848145,3.1661927700042725
a4c542b1b3cb42d8a9c8c08e75ca2ebfe935adea273254164d94a59a089774d8,RobroKools/vad-bert,c4c659fd17dd5807572b3f0f577de8c408401ca7,2.6409482955932617,3.164955377578736,3.1987907886505127
0fa8532c63fec9043d0ba5da3c5b8814272bbf440f00d3aa69a689ecf1fac4e2,RobroKools/vad-bert,c4c659fd17dd5807572b3f0f577de8c408401ca7,2.761706590652466,3.0764009952545166,3.151208639144897
e034ebb83eab9a1a6e79d09d485257f7aaa97b667e695b5e55dfb082f104e2b0,RobroKools/vad-bert,c4c659fd17dd5807572b3f0f577de8c408401ca7,2.6450767517089844,3.1637396812438965,3.1997828483581543
09620fec0d73646cc341bf437ff369c049883aaf339ec7cea9fee33c162a8ca8,RobroKools/vad-bert,c4c659fd17dd5807572b3f0f577de8c408401ca7,2.75756311416626,3.077597618103028,3.130823373794556
ac84bceaaca9d4c03d72ef297aa2051fb28d492315e618e9e1edcbf9fee76fac,RobroKools/vad-bert,c4c659fd17dd5807572b3f0f577de8c408401ca7,2.925262212753296,3.0115020275115967,3.084023714065552
0b5c8ee74e1a48c1edd72ebefa2f569ba3d5f6011706edd0847df30dd7d47f99,RobroKools/vad-bert,c4c659fd17dd5807572b3f0f577de8c408401ca7,3.073909282684326,3.193380117416382,3.3081843852996826
c9933d2eb2c14b777f9bb0602dd6fb7e83d8f84fd379ab8add1af369a6c7f903,RobroKools/vad-bert,c4c659fd17dd5807572b3f0f577de8c408401ca7,3.1400601863861084,2.9871456623077397,3.348579168319702
6693ae6dbadcddb82d6f4aa1fe7e20529f4c59b3a8113f507f46666e517784c8,RobroKools/vad-bert,c4c659fd17dd5807572b3f0f577de8c408401ca7,3.103848695755005,2.9344985485076904,3.2638843059539795
e5ff826ba2f433634892a283a5e21ff5a3f0ec7fc6dc2de6e1aa78f8f0149894,RobroKools/vad-bert,c4c659fd17dd5807572b3f0f577de8c408401ca7,3.181274652481079,3.0730159282684326,3.340259313583374
6a784537cd44bea3fe3564a206dd87f2fddff9eb647ac54b35d9bdaab4018419,RobroKools/vad-bert,c4c659fd17dd5807572b3f0f577de8c408401ca7,2.948842763900757,2.994182825088501,3.1520698070526123
495d5c0c7912b62547614b3e2d8dcce15dd2e5e5c5f228dfbeabe2fb657122be,RobroKools/vad-bert,c4c659fd17dd5807572b3f0f577de8c408401ca7,3.109602689743042,3.088764905929565,3.212501287460327
7d5d8e2186b5357ae7d999bdd232b046dc11d6912bbe54eea755726644c8b224,RobroKools/vad-bert,c4c659fd17dd5807572b3f0f577de8c408401ca7,3.0701048374176025,3.022145271301269,3.209951162338257
ece04de076de097c7f0d6dda2730cab71079a89d6afd9b5d3d06a22e8ca0b713,RobroKools/vad-bert,c4c659fd17dd5807572b3f0f577de8c408401ca7,2.637817621231079,3.149359226226806,3.0398895740509038
9abb0a0f702f3e77033ebe558e2c051be7650edfa5778e5228f94ed774401e74,RobroKools/vad-bert,c4c659fd17dd5807572b3f0f577de8c408401ca7,3.0836000442504883,3.027618646621704,3.2808425426483154
757f17d2cda5dcd9d667988de3c8dad5a215147eb92a32fc0904d88204842812,RobroKools/vad-bert,c4c659fd17dd5807572b3f0f577de8c408401ca7,3.2225325107574463,2.925178289413452,3.3315114974975586
219dede2b1a09f83ce18800ffd1093bf229eb55eba574cdf8cee6f8973f87e7c,RobroKools/vad-bert,c4c659fd17dd5807572b3f0f577de8c408401ca7,2.996212244033813,2.801191806793213,3.2880008220672607
4c5cbdf508f2db917bd9a683b1190e50f81515c79e4d3acb1e1abee944415cf5,RobroKools/vad-bert,c4c659fd17dd5807572b3f0f577de8c408401ca7,3.023577213287353,3.1104657649993896,3.1850616931915283
e33df91626c815c9ef870694f6f9982262c821f69322b63724cd8810bc33123b,RobroKools/vad-bert,c4c659fd17dd5807572b3f0f577de8c408401ca7,3.020528554916382,2.974965810775757,3.119070291519165
c22b31f40cde3c0c5fbebe699fcfa7cb856b056153b8266094b35ec15d50d1a4,RobroKools/vad-bert,c4c659fd17dd5807572b3f0f577de8c408401ca7,2.989809989929199,3.1757748126983643,3.255152463912964
95c6806b90ab484ca6f8d7cca870fd8ded6c9bff22dad9d9894e40902ece31ec,RobroKools/vad-bert,c4c659fd17dd5807572b3f0f577de8c408401ca7,3.055641889572144,2.94275164604187,3.221507787704468
25d45c4f1adfde6dcd5866c323c0f69b24512dded0e31b95699521ccbc8b379f,RobroKools/vad-bert,c4c659fd17dd5807572b3f0f577de8c408401ca7,3.1730668544769287,3.130497694015503,3.2141306400299072
c0e6f72853bd191325d5aa3899b995860f9fe25928b05f4b029c00bf6b659d8f,RobroKools/vad-bert,c4c659fd17dd5807572b3f0f577de8c408401ca7,3.0300700664520264,3.080366849899292,3.2560300827026367
43e1c8b292921ebc6e4b260fac387c90cdb95bd67f27d79c926787f6b4ec0662,RobroKools/vad-bert,c4c659fd17dd5807572b3f0f577de8c408401ca7,3.2244176864624023,3.082526922225952,3.204089879989624
3c527f2013ed21f2642ce70a3199e82022548e53ebc608e7bb926b141fddca3a,RobroKools/vad-bert,c4c659fd17dd5807572b3f0f577de8c408401ca7,3.0463523864746094,3.254061460494995,3.392163038253784
7f58e5372196493c7cb37ca6faa70e1b769f45d041d82b945cfab3d5827421c6,RobroKools/vad-bert,c4c659fd17dd5807572b3f0f577de8c408401ca7,3.3042843341827397,3.0275890827178955,3.255334615707397
83da813dd8bef0698462cdc9da7334570d5434591568a9820e523b1360938b80,RobroKools/vad-bert,c4c659fd17dd5807572b3f0f577de8c408401ca7,3.1655972003936768,3.0598714351654053,3.272308111190796
7bfee670e20ad7f4949a0670a0de34c95d0498507d51b3d23137799b049a520a,RobroKools/vad-bert,c4c659fd17dd5807572b3f0f577de8c408401ca7,3.31177020072937,3.197867155075073,3.226372480392456
26f58960cf248e018088bb7a63674455c456b804d95297a1ccc30ae3b3e05da2,RobroKools/vad-bert,c4c659fd17dd5807572b3f0f577de8c408401ca7,3.1646201610565186,3.0518829822540283,3.281357526779175
9a2e5c7acae8d51a5d2c5737a536f2bf8e0bd50cbc11e9e91529aac578a43b9e,RobroKools/vad-bert,c4c659fd17dd5807572b3f0f577de8c408401ca7,3.257317304611206,2.9543442726135254,3.356492280960083
faee7fb434b3b3be1572182a70628818b4d0c56d560f10aa45296c576f28dbb8,RobroKools/vad-bert,c4c659fd17dd5807572b3f0f577de8c408401ca7,3.235323667526245,2.9353954792022705,3.378831148147583
42af5abb5054a93d7cc1aac0dbd847b475acc29838aa4a960b40a36d23dcbd35,RobroKools/vad-bert,c4c659fd17dd5807572b3f0f577de8c408401ca7,3.3583712577819824,3.0694844722747803,3.291374444961548
4fe663745fd418b70a7dfd0a9843dcebbc832f701eb487c0581b404898e657f5,RobroKools/vad-bert,c4c659fd17dd5807572b3f0f577de8c408401ca7,3.09926986694336,3.057734489440918,3.33447813987732
65308a754c73042f4f545764189395a66deab4eac91ee427daa986e70f6a6f68,RobroKools/vad-bert,c4c659fd17dd5807572b3f0f577de8c408401ca7,3.2364070415496826,3.1260712146759038,3.245969295501709
df338ed23ea3c5d3ca9d6e4fc92869da5e7586a0e60f00e4e07faf35962a9f9b,RobroKools/vad-bert,c4c659fd17dd5807572b3f0f577de8c408401ca7,3.1901581287384038,3.1403400897979736,3.181625366210937
491ea54e79bb8a58f741dd9c49270a4354f2e299c62aecbb4c7c8091c6b7601a,RobroKools/vad-bert,c4c659fd17dd5807572b3f0f577de8c408401ca7,3.19714093208313,3.177562475204468,3.2293875217437744
f93b1267287ab7d9efd804b3e3758188959fb132b48fad3bf859c1e4112843e5,RobroKools/vad-bert,c4c659fd17dd5807572b3f0f577de8c408401ca7,3.133020162582397,3.105721235275269,3.314736604690552
20297b6049b64208d1d5bf6db64410717d1f23e6c5780c7086a91e9a73ef87f5,RobroKools/vad-bert,c4c659fd17dd5807572b3f0f577de8c408401ca7,3.232834577560425,3.345487356185913,3.369547128677368
65b5f97675c6b5e00a456b84fa5682dd6b440b031f33aeb7bf1375694edbabd4,RobroKools/vad-bert,c4c659fd17dd5807572b3f0f577de8c408401ca7,3.1362147331237797,3.261696577072144,3.407998323440552
be60027004c805ee102549db2eba017f4113d0029613644b769e63439deb9e26,RobroKools/vad-bert,c4c659fd17dd5807572b3f0f577de8c408401ca7,3.3803577423095703,3.083446502685547,3.367729902267456
bba953cf53aacc074fe7b81840a29c50894db3d245042635dc648340bfa93f74,RobroKools/vad-bert,c4c659fd17dd5807572b3f0f577de8c408401ca7,3.153346061706543,3.0653324127197266,3.3754079341888428
61d4819d11470b131d017cce9a13dcce2794793f49f619797b0a933685a56311,RobroKools/vad-bert,c4c659fd17dd5807572b3f0f577de8c408401ca7,3.0157272815704346,3.1285109519958496,3.3002400398254395
ca3e9931792296dc9c1075d8b3c331e579d358c5364f367226e7c6fd9097d708,RobroKools/vad-bert,c4c659fd17dd5807572b3f0f577de8c408401ca7,3.176031351089477,3.0963051319122314,3.346848249435425
d6ef60d5e77cb0307f98d80179be176d10b3937e02089d42d0893991ae863cf5,RobroKools/vad-bert,c4c659fd17dd5807572b3f0f577de8c408401ca7,3.127049207687378,3.5287935733795166,3.588052272796631
cb0916f463a75ae624a6cc37ff8cf3c8ee1587c33350e592ff4053509a55e8ca,RobroKools/vad-bert,c4c659fd17dd5807572b3f0f577de8c408401ca7,3.5206286907196045,3.141916036605835,3.506183624267578
81ed020b86b107869eb2b279fb70598c4910f1533e63ee98a32eced93ed41778,RobroKools/vad-bert,c4c659fd17dd5807572b3f0f577de8c408401ca7,2.9186389446258545,3.2630395889282227,3.3069286346435547
82eaab116651554e533b88f9420fc2307148ebfa10d8e28b3f6f4d6a2396d599,RobroKools/vad-bert,c4c659fd17dd5807572b3f0f577de8c408401ca7,3.076408863067627,3.245816469192505,3.39585542678833
06db669a874d87bef8d5bf003e547b79d13a183d72083444feecefe25bbc7faf,RobroKools/vad-bert,c4c659fd17dd5807572b3f0f577de8c408401ca7,3.224553346633911,3.2243993282318115,3.391629457473755
f888eff75c4fa1fc413de230c1bbec8173d83bede74ec3b58c2c86e366ce42fa,RobroKools/vad-bert,c4c659fd17dd5807572b3f0f577de8c408401ca7,3.319880723953247,3.197063684463501,3.371614456176758
dffae39e2e7e0f3b68f946a7b074b5250bffc20cd970122b1cc8ae7eead43f11,RobroKools/vad-bert,c4c659fd17dd5807572b3f0f577de8c408401ca7,3.250905990600586,3.04228949546814,3.308466672897339
8dacfc6cbd6d9dbf40eb74d098f85bef14cd3981ce10a2087ede5b17cc22ab35,RobroKools/vad-bert,c4c659fd17dd5807572b3f0f577de8c408401ca7,3.2011306285858154,3.0216567516326904,3.238299608230591
50f0a1abf48cf597a0c14c374a4ecd127e7830b9d86f2cf3f7a3862af249d064,RobroKools/vad-bert,c4c659fd17dd5807572b3f0f577de8c408401ca7,3.149443864822388,3.227200508117676,3.4097297191619877
3f192f8b83806ab8ba500709cdf30e88956539e3113e0a9953ed37ad9bb40a2c,RobroKools/vad-bert,c4c659fd17dd5807572b3f0f577de8c408401ca7,3.0518267154693604,2.939229249954224,3.3341338634490967
81f15e67a05f10b4bc1f7d2551d4d07f6b674d2cf6747d4b34c5fbda22f34a96,RobroKools/vad-bert,c4c659fd17dd5807572b3f0f577de8c408401ca7,3.0338540077209477,3.1377651691436768,3.2181379795074463
302f4e1b0c433ab94587832c377e953e5dcd1e8e6c18d42e415b37aaa9dcc03e,RobroKools/vad-bert,c4c659fd17dd5807572b3f0f577de8c408401ca7,2.940271377563477,2.9487431049346924,3.241044759750366
dfa7bb6d3de8cd14a93aa954bde05d2fd35a3080f33cb7adb98a4defe357d447,RobroKools/vad-bert,c4c659fd17dd5807572b3f0f577de8c408401ca7,2.695066452026367,3.0318639278411865,2.978100299835205
b214ab88a9ed57ecc17ac3709fdf328b489f5a57df52381b068f09d20d05a0bc,RobroKools/vad-bert,c4c659fd17dd5807572b3f0f577de8c408401ca7,3.226508378982544,3.0539276599884038,3.3217177391052246
5869f6396d5199a2d55d1b005d5bd76802392066134a929bff5717d5ce7884f5,RobroKools/vad-bert,c4c659fd17dd5807572b3f0f577de8c408401ca7,2.7122089862823486,3.0518932342529297,3.115898847579956
d237fbd1b104a23b86009e573a316db215c1e1dc195c67d80f18af202e0ae8de,RobroKools/vad-bert,c4c659fd17dd5807572b3f0f577de8c408401ca7,3.035414457321167,3.0192458629608154,3.2644717693328857
0b95764fd5a135750c9e2b123d76929b71ded315b5b1ebc149f7d533ded9999c,RobroKools/vad-bert,c4c659fd17dd5807572b3f0f577de8c408401ca7,3.005723237991333,3.1501495838165283,3.124108076095581
564ebbe252b89f62fb76ca85d041d249057a0a2fd9176b5bb940ae81d3d8e864,RobroKools/vad-bert,c4c659fd17dd5807572b3f0f577de8c408401ca7,2.9237067699432373,2.9034440517425537,3.218369722366333
a29da4beedd1f9f005831f87f99d3ff30220c2cb4caf1cb95b5a9e81901675f2,RobroKools/vad-bert,c4c659fd17dd5807572b3f0f577de8c408401ca7,2.9972405433654785,3.0331876277923584,3.439807176589966
7ed91686aeb42c723bd30fdcc0d4f418be12eb1ded11afa44ae363cc1e84db70,RobroKools/vad-bert,c4c659fd17dd5807572b3f0f577de8c408401ca7,2.995176076889038,3.127131700515747,3.209444999694824
08cf5b11bdb839efa864ed753005150c2e5a1fadfdb12c23b1a9191dbe04e367,RobroKools/vad-bert,c4c659fd17dd5807572b3f0f577de8c408401ca7,2.79866623878479,3.0876946449279785,3.0677385330200195
720fa8d36c4157cf8fe40a52d3d44c7562b06f7713c08c94f5b03ff3b96c120b,RobroKools/vad-bert,c4c659fd17dd5807572b3f0f577de8c408401ca7,2.942462682723999,3.0488169193267822,3.3930366039276123
b9fe7954e6a1a93c3e13c85f709ae16fb724a532cc5e4d6eb89adcc6889d83da,RobroKools/vad-bert,c4c659fd17dd5807572b3f0f577de8c408401ca7,2.9579761028289795,2.940134763717652,3.159630060195923
5005aebbe5c2a3e6e4cae857668e86bf06d0e06038e5452983f9c9f9cf66edf2,RobroKools/vad-bert,c4c659fd17dd5807572b3f0f577de8c408401ca7,2.846195936203003,2.9766592979431152,3.097397565841675
9c8f508cf5147ea7856d63b3ffd2af9963606bdb8292b141e21f43196b833318,RobroKools/vad-bert,c4c659fd17dd5807572b3f0f577de8c408401ca7,2.696915626525879,3.0871660709381104,3.230494737625122
5d801af1ff495262f3b3c47a0017ee321075706b7db023351a9e68bc05d85fde,RobroKools/vad-bert,c4c659fd17dd5807572b3f0f577de8c408401ca7,2.8329381942749023,3.0928263664245605,3.1742870807647705
f06a1131d5f3b8c3998c75dadf55ab3f70a6be727c038490727c5212edd8f84b,RobroKools/vad-bert,c4c659fd17dd5807572b3f0f577de8c408401ca7,2.9113214015960693,3.041219472885132,3.126932382583618
b28bfac3d48660b3af7fca8d851a63ff4d486016abab0fcfbaa3098ab60b8bae,RobroKools/vad-bert,c4c659fd17dd5807572b3f0f577de8c408401ca7,2.821730136871338,3.178774118423462,3.0295376777648926
c1cce10a71f2ce45b7585165e5a9158f51e3f97845735df1bea9359ef2fd0c0b,RobroKools/vad-bert,c4c659fd17dd5807572b3f0f577de8c408401ca7,3.008766889572144,3.0868327617645264,3.235145330429077
c9d049c8c221894e8eb72e6d9d3e8888186dc3f02802dd283796a1b5d4e167fa,RobroKools/vad-bert,c4c659fd17dd5807572b3f0f577de8c408401ca7,2.538942575454712,3.023088216781616,3.049300193786621
3a58d1bb9b8bed34c7bfe92cc503807aacb5108bee72727a31de7c23063589e0,RobroKools/vad-bert,c4c659fd17dd5807572b3f0f577de8c408401ca7,2.747910261154175,3.220456838607788,3.049311876296997
7d8f086b44e2c5a2db269172757fb2e5f40cf8e760e9f52f32d4680045589f60,RobroKools/vad-bert,c4c659fd17dd5807572b3f0f577de8c408401ca7,2.929431676864624,3.1929197311401367,3.0525803565979004
b6eec5713122b85902c07ddc0a32d84e64ce87e84b3b3a7a0bf1f8b3033738b4,RobroKools/vad-bert,c4c659fd17dd5807572b3f0f577de8c408401ca7,2.719691038131714,3.1575934886932373,2.98614764213562
4fa5f62a4fd5fa85a416093ddd81968c0f1a78e6653c541d5bad04627e804bdf,RobroKools/vad-bert,c4c659fd17dd5807572b3f0f577de8c408401ca7,2.925119400024414,3.1825246810913086,3.203342199325561
f288f1a42687a07f1886e98814e15499c6703088e457457af035024e8e7cfffe,RobroKools/vad-bert,c4c659fd17dd5807572b3f0f577de8c408401ca7,2.582590103149414,3.108635663986206,2.954341411590576
783e17759e5907979d38f2c72b499196c93bdffa95bcb1f480c15fd71ebaef6d,RobroKools/vad-bert,c4c659fd17dd5807572b3f0f577de8c408401ca7,3.0112063884735107,3.0267326831817627,3.226933240890503
b6157cdab332dd086f9c3007adc31635de803ef8406c529bca428623051e440a,RobroKools/vad-bert,c4c659fd17dd5807572b3f0f577de8c408401ca7,2.8526577949523926,3.2685792446136475,3.071741342544556
91c0757936933682f785b86331fb407f523be403be59fac983e17e886d310a18,RobroKools/vad-bert,c4c659fd17dd5807572b3f0f577de8c408401ca7,3.1958954334259038,3.1844823360443115,3.301429986953736
a7ba6a0e64bc3aba86fd62d9c3e88df90646dd277106f43caf4a90fdca29addf,RobroKools/vad-bert,c4c659fd17dd5807572b3f0f577de8c408401ca7,2.779991149902344,3.081562757492065,3.1052398681640625
412a1ce7bc2b97a396c2d65f6ecf4ede30dc1b1e345ec103345ae526c6485003,RobroKools/vad-bert,c4c659fd17dd5807572b3f0f577de8c408401ca7,2.7371714115142822,3.216774702072144,3.0327436923980717
63f78d9425ff6fd1148d482c5e493b487764395aeaeefe0c2eee396173511f58,RobroKools/vad-bert,c4c659fd17dd5807572b3f0f577de8c408401ca7,3.0169007778167725,3.236851453781128,3.143285036087036
33c96fa2954910152adbd6ecfbb7b912790025f2de6264431bb5d9b4f6de9fa7,RobroKools/vad-bert,c4c659fd17dd5807572b3f0f577de8c408401ca7,3.111644983291626,3.0680673122406006,3.246730089187622
819a0ee8a735566c3ea6a83411f9b0ea32d059298d7e4c707a67ce8672b0cb78,RobroKools/vad-bert,c4c659fd17dd5807572b3f0f577de8c408401ca7,3.0869548320770264,2.9758529663085938,3.1291279792785645
96ce15beabea1372d7e9ea777d1556200dfc5dd2d1498d5734d59143b6554e40,RobroKools/vad-bert,c4c659fd17dd5807572b3f0f577de8c408401ca7,3.1231863498687744,3.014183282852173,3.281214952468872
c9e2088b75a8287a4a74e54fec8ec2bb8d527e9b9f8c5817a3c6940aea6b6c3c,RobroKools/vad-bert,c4c659fd17dd5807572b3f0f577de8c408401ca7,3.157255887985229,3.0669057369232178,3.235070943832397
12c17d5ac723b217f345df2b89112765e7461a42bb4a502c6702e82a70db943b,RobroKools/vad-bert,c4c659fd17dd5807572b3f0f577de8c408401ca7,3.048769474029541,3.0683929920196533,3.29089903831482
3b9858a22319a40549ba92c79664fc851825187af147e1cd9aa0300f6ed9ab38,RobroKools/vad-bert,c4c659fd17dd5807572b3f0f577de8c408401ca7,3.288203239440918,3.0054898262023926,3.272874593734741
347ba62a2dd4be7e2d832c1ca4221104a8dfd6a0703a83c3844b8d6f6f0673ae,RobroKools/vad-bert,c4c659fd17dd5807572b3f0f577de8c408401ca7,3.169847011566162,3.0436911582946777,3.207926034927368
a6f0a20aeb99950e213c2fde59cbba037c14b3c551c1f7515c248b1962a87f7b,RobroKools/vad-bert,c4c659fd17dd5807572b3f0f577de8c408401ca7,3.1382274627685547,3.275420904159546,3.170184135437012
107ab739b08b936876d77c09c3a7b6cd7cb01766b1edcca7bd7ed244cbede203,RobroKools/vad-bert,c4c659fd17dd5807572b3f0f577de8c408401ca7,3.1703193187713623,2.830897569656372,3.161362648010254
92353801e4e2744272ad0e82a55f37789bd1b096c350f6813a44f11d9c6f0b8a,RobroKools/vad-bert,c4c659fd17dd5807572b3f0f577de8c408401ca7,3.155909776687622,2.8646559715271,3.1389248371124268
7070a302f4ed892dd46a02b4655f3a5b941099fae663d8edb8b9d8de1d77be24,RobroKools/vad-bert,c4c659fd17dd5807572b3f0f577de8c408401ca7,3.2912118434906006,3.0813143253326416,3.290757894515991
afb995b7a945db77221410b02dfcc2d5614bfd96b2f6e6961a74e38f2aa005cb,RobroKools/vad-bert,c4c659fd17dd5807572b3f0f577de8c408401ca7,3.2573459148406982,2.8324902057647705,3.272688150405884
3e616e0df7a231b4a3f15d1589b28b79eff91bc3cd9a3313e6bfbcb14bdbf2af,RobroKools/vad-bert,c4c659fd17dd5807572b3f0f577de8c408401ca7,3.281556367874145,2.982802152633667,3.182680368423462
d18e624c6f6cc13daf1bb3aa028607a9c46708380f01d70eee1409564c633cda,RobroKools/vad-bert,c4c659fd17dd5807572b3f0f577de8c408401ca7,3.174278736114502,3.0394625663757324,3.192002296447754
89827620f399f402f1eef9e22e3e6a96f2416776786f98fc39c9a7232de12d9f,RobroKools/vad-bert,c4c659fd17dd5807572b3f0f577de8c408401ca7,3.3554580211639404,3.0284035205841064,3.3050248622894287
42130ead7ad3e1915c5944c3a825ebdaa49915fd7e3261437059fa84a2572fe4,RobroKools/vad-bert,c4c659fd17dd5807572b3f0f577de8c408401ca7,3.1098878383636475,3.060665369033813,3.2198429107666016
2f20bf875beaee5581f7691ea44accfdd494d58e45a72cb1da9e5cf9d6a94379,RobroKools/vad-bert,c4c659fd17dd5807572b3f0f577de8c408401ca7,3.1250078678131104,3.0471537113189697,3.203675985336304
20ef57711bb0ebebb69871fd4d40c910e7e5a72ece28db0d8f60312963c1e7d6,RobroKools/vad-bert,c4c659fd17dd5807572b3f0f577de8c408401ca7,2.910961866378784,3.152880907058716,3.1378986835479736
bf1e1a9f3cba2a4ce4a8d55fc87d8e03261a35eb4f989ff5580b8d31be03325f,RobroKools/vad-bert,c4c659fd17dd5807572b3f0f577de8c408401ca7,2.931300163269043,3.185445547103882,3.2218172550201416
1eec9a81b24b0fb6ce6f0976fd0bee617496f9f2b8eaaff8b372085f211c942d,RobroKools/vad-bert,c4c659fd17dd5807572b3f0f577de8c408401ca7,3.1024534702301025,3.305459976196289,3.4014194011688232
f688c8b0a7082f7e89ec6d64c671e94aba9c3e149201dafe9e8e829754df0628,RobroKools/vad-bert,c4c659fd17dd5807572b3f0f577de8c408401ca7,2.9818310737609863,3.12870454788208,3.30583930015564
7e7ef53add7cff8ffef7327f02b659e3a651a4e72d9979060be739f394425768,RobroKools/vad-bert,c4c659fd17dd5807572b3f0f577de8c408401ca7,3.1709771156311035,3.14607834815979,3.317034959793091
a01a0d259cd8a86260179a1aea1f63c8cd429c3e4fb4057b85677bb0c52dde72,RobroKools/vad-bert,c4c659fd17dd5807572b3f0f577de8c408401ca7,3.036834239959717,3.183306932449341,3.220214605331421
26f10ad6c87b79ecb7396768d3746a2d27908964d51c14f48428e1f6cbf6460f,RobroKools/vad-bert,c4c659fd17dd5807572b3f0f577de8c408401ca7,3.147552728652954,2.9954259395599365,3.2027995586395264
e4abf04c0149ca92079752a4d0dffb0a419f2bd74c9d6ac30bdad0dce34546c4,RobroKools/vad-bert,c4c659fd17dd5807572b3f0f577de8c408401ca7,3.282377004623413,3.038503408432007,3.18772292137146
380d989c4d91075922c2ac7d53f5775c9bf9724b97897871bce9a8dffe763744,RobroKools/vad-bert,c4c659fd17dd5807572b3f0f577de8c408401ca7,3.198669672012329,3.002469062805176,3.3388960361480717
6b0edef0408368a69b565ec028007b66c572bc4ac4d3d4ccaccf3f08b799e8e5,RobroKools/vad-bert,c4c659fd17dd5807572b3f0f577de8c408401ca7,2.876596212387085,3.154640913009644,3.06205415725708
efb36c1ea6b805ca3eb4aa7f96b21c5895b74e210baee9fe99fc7e40eb8ec0e3,RobroKools/vad-bert,c4c659fd17dd5807572b3f0f577de8c408401ca7,2.646806478500366,3.168200731277466,2.9937431812286377
0c6f3d87a5041b0fa5df99fe0103402ae0544c65faf44595af0b0ffe85ea9e55,RobroKools/vad-bert,c4c659fd17dd5807572b3f0f577de8c408401ca7,3.097987413406372,3.121518850326538,3.288195371627808
80d2df95acbe3f20c36cbf2149577569e4650e600b5f459160bdde0338f1f213,RobroKools/vad-bert,c4c659fd17dd5807572b3f0f577de8c408401ca7,2.815884828567505,3.155604124069214,3.2101387977600098
ac0edd32023f21acedfaa87b284561515a0a00889c04b9e8a4428729479f4c5e,RobroKools/vad-bert,c4c659fd17dd5807572b3f0f577de8c408401ca7,3.2181661128997803,3.09414005279541,3.353244543075561
bba714cbafc552dae97e1591fe5ff9f6bf7a7b868abffa512619dc6bc989f506,RobroKools/vad-bert,c4c659fd17dd5807572b3f0f577de8c408401ca7,2.960102796554565,3.299219846725464,3.2393546104431152
d7a8c3ad2462578406a45b10c44fa461f7efa847bae219e7e04c1555617d5379,RobroKools/vad-bert,c4c659fd17dd5807572b3f0f577de8c408401ca7,2.9211132526397705,3.2028329372406006,3.2317378520965576
30f455f35fc0cdd2171bc4d0671ab9d7079e329e64aea640879d54e1e327a564,RobroKools/vad-bert,c4c659fd17dd5807572b3f0f577de8c408401ca7,2.852553129196167,3.1969056129455566,3.297595262527466
1c5ddc4ea76e0e82ab597aeadfc5526127d9e72f7708a1d7604d51a15dbd28e9,RobroKools/vad-bert,c4c659fd17dd5807572b3f0f577de8c408401ca7,2.918341875076294,3.23578143119812,3.156028985977173
469c953bee73ba205490c904f4455c36b2ebf90519096e80dfe5762bf421b0cb,RobroKools/vad-bert,c4c659fd17dd5807572b3f0f577de8c408401ca7,2.9548544883728027,2.937605142593384,3.270617723464966
2dfda85560d503a8f00048c1434e4f16cd3ba6c7ec6adf2f3e552a3c49092c8d,RobroKools/vad-bert,c4c659fd17dd5807572b3f0f577de8c408401ca7,3.077066421508789,3.02722692489624,3.1008858680725098
889e15e1e390bf47a6c7d9311759cef1754190922afde3246752648dc9a37e1c,RobroKools/vad-bert,c4c659fd17dd5807572b3f0f577de8c408401ca7,3.096684217453003,2.9889156818389893,3.2255632877349854
f513f48f8cb4cfc398568ac20ae83886fff21f4569a7e8e0d9e62ac635cfcec4,RobroKools/vad-bert,c4c659fd17dd5807572b3f0f577de8c408401ca7,2.8691165447235107,3.111577272415161,3.08599591255188
3b92fc82134572144a8c2157760da9917aebc922feb4e451820a570cfc0b63bf,RobroKools/vad-bert,c4c659fd17dd5807572b3f0f577de8c408401ca7,2.8258607387542725,2.862431764602661,3.069939613342285
25155b4376d24d4f3787c4e6e48f4f52a31aa3cfdd5369e68bb6458de81120b3,RobroKools/vad-bert,c4c659fd17dd5807572b3f0f577de8c408401ca7,3.078441381454468,3.220020532608032,3.22322154045105
1015dc01895f47e0ece0ca4ada73f6a3c9c1a132020201d9186258ceec336af7,RobroKools/vad-bert,c4c659fd17dd5807572b3f0f577de8c408401ca7,2.958153247833252,3.226752996444702,3.207324743270874
0ee5b48886d10cd489b2657e656d31617e43617fcde4894c8364e80b61d6dafe,RobroKools/vad-bert,c4c659fd17dd5807572b3f0f577de8c408401ca7,2.706904172897339,3.290289163589477,3.1674304008483887
9c695ce66b4a5bbc78e04b46f7f7d4d56227137881ec4cab4203aa45fd77a545,RobroKools/vad-bert,c4c659fd17dd5807572b3f0f577de8c408401ca7,3.033947229385376,3.1360230445861816,3.204065084457397
0f4a78b5aef17233bbf5a98fd48a32fcc1a76fe7b089c2da521fa7618bd61a51,RobroKools/vad-bert,c4c659fd17dd5807572b3f0f577de8c408401ca7,2.896836519241333,3.2004401683807373,3.146930456161499
40cdc100876a6492b75015d656943a91a048c3016d5111d755a3d5dd14437b1c,RobroKools/vad-bert,c4c659fd17dd5807572b3f0f577de8c408401ca7,2.891241788864136,3.184576749801636,3.14115834236145
c31d10b11cb9a2a0516495234e9f577f7a14aec901204b679d9d4296cde7516b,RobroKools/vad-bert,c4c659fd17dd5807572b3f0f577de8c408401ca7,2.8702378273010254,3.102008104324341,3.1809473037719727
b3fb8db4a12f05520f21364ed9f981b5f0b47b6d612c7cab2af815f6df28dc65,RobroKools/vad-bert,c4c659fd17dd5807572b3f0f577de8c408401ca7,3.054027557373047,3.144758939743042,3.230057954788208
7ea37e22af0888781a7fc0255e80a939cdd6bf071e631df1bfa3792a5e5f2394,RobroKools/vad-bert,c4c659fd17dd5807572b3f0f577de8c408401ca7,2.8235342502593994,3.192976713180542,3.285256147384644
1c21bfa25b933cabc5f1c67927565090aaee5b28fdad947fa92c1f12b77eca93,RobroKools/vad-bert,c4c659fd17dd5807572b3f0f577de8c408401ca7,2.9218554496765137,2.974945306777954,3.1867153644561768
a5e36785e94eafa9589b3ce885ffe8eb171435f3b3c8ec7611105516f299f004,RobroKools/vad-bert,c4c659fd17dd5807572b3f0f577de8c408401ca7,2.7159197330474854,3.111794233322144,2.9997150897979736
9eae8c5683e856105c5c1a3ff2381d48702008b983386bf74e1395a282436058,RobroKools/vad-bert,c4c659fd17dd5807572b3f0f577de8c408401ca7,3.0171477794647217,3.1296279430389404,3.17607855796814
00a5d094e401d0034ef9a6865d2f7735e464356a7ccb0719e0f35ec641b6b8fc,RobroKools/vad-bert,c4c659fd17dd5807572b3f0f577de8c408401ca7,2.85363507270813,3.14052152633667,3.1030752658843994
c04359e2eb66ae85d4a51c6ed1a151ea501f6169d30540b3830d77aac804c8ee,RobroKools/vad-bert,c4c659fd17dd5807572b3f0f577de8c408401ca7,2.88839054107666,3.054229974746704,3.302582263946533
49cffe4229b121e2430a6be4f5686accf99073a544045244500459ea68371acd,RobroKools/vad-bert,c4c659fd17dd5807572b3f0f577de8c408401ca7,2.8610198497772217,3.2032458782196045,3.210371494293213
6a8e41d66fd3922c471dfbf575faf6a470ab5ee3fb23b028ba6779eff70a2ccf,RobroKools/vad-bert,c4c659fd17dd5807572b3f0f577de8c408401ca7,2.8500523567199707,3.061692953109741,3.235133647918701
2992967d3ab7cb7ab7d7fd799c8a55f4983d368e30f5a0cdf2d379f38e3865d4,RobroKools/vad-bert,c4c659fd17dd5807572b3f0f577de8c408401ca7,2.696143388748169,3.144113302230835,3.0888891220092773
a87b701655dc494fcd6f41c9ac577169dd609ec9ab139bd2537753118e461a0b,RobroKools/vad-bert,c4c659fd17dd5807572b3f0f577de8c408401ca7,2.562777519226074,3.1503283977508545,3.041445732116699
68c3cb7dfc379b2ccc122f694ff5ecbc9d7c0677586169e4f6c1cb9bba35a725,RobroKools/vad-bert,c4c659fd17dd5807572b3f0f577de8c408401ca7,2.9431686401367188,3.0556156635284424,3.2401392459869385
d0805f9dd3351fdf913002ebef79b2c5f079df3053008489e898082b906ae82e,RobroKools/vad-bert,c4c659fd17dd5807572b3f0f577de8c408401ca7,2.950188159942627,2.9950129985809326,3.1936161518096924
90f1bffd798bfc1a84b9b01b67e61b0649d2c43aa744d9f92a7b6e942ff7c06b,RobroKools/vad-bert,c4c659fd17dd5807572b3f0f577de8c408401ca7,2.8315954208374023,2.9926793575286865,3.0687694549560547
4804ad5a3957535bb0bc3478cb45360da47be7509a7acc0d9d7e6ec13f719b1a,RobroKools/vad-bert,c4c659fd17dd5807572b3f0f577de8c408401ca7,2.996140718460083,3.0159432888031006,3.1375045776367188
49a4e6a921b8980f2ca78d8d43ea2df54d624e54cf13fa505ac5dccb4afed90d,RobroKools/vad-bert,c4c659fd17dd5807572b3f0f577de8c408401ca7,3.122196912765503,2.9985976219177246,3.2915000915527344
5facc3f7a854f229e00fd967ef8b78f09dd7263fc8e1b989fac3db73b4316e55,RobroKools/vad-bert,c4c659fd17dd5807572b3f0f577de8c408401ca7,2.885035753250122,3.2946226596832275,3.206554651260376
5ea4918613cd800e41672c35937d0a2bbeb28fc32c34bf4b0237cf4681c56d3b,RobroKools/vad-bert,c4c659fd17dd5807572b3f0f577de8c408401ca7,3.023149251937866,2.9630706310272217,3.332371234893799
24098c8f8e71aa031948dd1d9a47ff1d8d869a2ab204f27f5481fcdb92153ed9,RobroKools/vad-bert,c4c659fd17dd5807572b3f0f577de8c408401ca7,3.208694696426392,3.29070782661438,3.2992091178894043
9556cbc2d84e1ed2841cd75a412082dda30f38722152d04511b1cae81977d7dd,RobroKools/vad-bert,c4c659fd17dd5807572b3f0f577de8c408401ca7,2.9874491691589355,2.9354374408721924,3.1590123176574707
6ba5427a528abc09cf4f35d3b55544c4ee0c27d8966f5ec2dd6a7f60d0b5cd32,RobroKools/vad-bert,c4c659fd17dd5807572b3f0f577de8c408401ca7,3.1997358798980717,3.109421968460083,3.274910449981689
c50307de7f53e98864448c2ea93510d1950d5c8a8f23ef335ba9cd8587acdfa0,RobroKools/vad-bert,c4c659fd17dd5807572b3f0f577de8c408401ca7,3.1645915508270264,3.193934679031372,3.282337188720703
0ab0ae6d968a8677993cf183dc386824cc153a65f2f6476898148f46a4b78092,RobroKools/vad-bert,c4c659fd17dd5807572b3f0f577de8c408401ca7,3.1787798404693604,3.326235294342041,3.276799440383911
d54dce9a8ea387a036dd647cf6e865a69b32f8a99de117c41ac229f774359c62,RobroKools/vad-bert,c4c659fd17dd5807572b3f0f577de8c408401ca7,3.1891448497772217,3.158563137054444,3.392881393432617
612d48e96127d1afbf37d7d9042bbef8dc011f1c190f1b9a2ec633217ee9f0c6,RobroKools/vad-bert,c4c659fd17dd5807572b3f0f577de8c408401ca7,3.246212720870972,3.179771423339844,3.342078924179077
84e3554d1f593187d740e93717963c7b1797ffd74399f40f88ec1e7af58125a4,RobroKools/vad-bert,c4c659fd17dd5807572b3f0f577de8c408401ca7,3.118159294128418,3.1553075313568115,3.314471960067749
14d3ae448eee480802a8bb54b34793a0ca9af1786f4b228d453b385a653def8a,RobroKools/vad-bert,c4c659fd17dd5807572b3f0f577de8c408401ca7,3.1991422176361084,3.176048994064331,3.231036901473999
b9cb46255481a172dfd0e12c8391493a5d6fc043c1ef4229e5161049e0d985ee,RobroKools/vad-bert,c4c659fd17dd5807572b3f0f577de8c408401ca7,3.164884090423584,3.066881895065308,3.299265623092652
d87fc504b560366aaeb57e8ea4bdb9d76b6e5084b2db08ec7faa97e5b9b3b648,RobroKools/vad-bert,c4c659fd17dd5807572b3f0f577de8c408401ca7,3.304178476333618,3.0381088256835938,3.420917272567749
dd3485f76af5d86e8b0a1894a3230ea6e79382ceadc7c64488be8af648e9fe2f,RobroKools/vad-bert,c4c659fd17dd5807572b3f0f577de8c408401ca7,3.3286585807800293,3.1262192726135254,3.300671339035034
d59916e7c5287976e7c1f58789fff29ac1632fa8c1d3ac14daa2da356ad5d055,RobroKools/vad-bert,c4c659fd17dd5807572b3f0f577de8c408401ca7,3.3540775775909424,3.098963975906372,3.208451509475708
089aed41d81cf382e98c06cd1314c73271425faece808db097c6d4c5d45b292f,RobroKools/vad-bert,c4c659fd17dd5807572b3f0f577de8c408401ca7,3.156916856765747,3.0839571952819824,3.194166898727417
0e57ab01365ca0531a8bc58131f88b6b698fcc219a5d900280682d3c48fe018b,RobroKools/vad-bert,c4c659fd17dd5807572b3f0f577de8c408401ca7,3.209920644760132,3.308077573776245,3.298240900039673
6806830eb5a7f3477ceb0eebbddb0d6ce55ee58a59f88e7d7b1fc92cd1b615b7,RobroKools/vad-bert,c4c659fd17dd5807572b3f0f577de8c408401ca7,3.0172886848449707,3.1619677543640137,3.2502262592315674
459a042721b5c59fea3a106b35deec4eb8445e2af3647025b148c1a2414c382a,RobroKools/vad-bert,c4c659fd17dd5807572b3f0f577de8c408401ca7,3.108145475387573,3.163672685623169,3.2145330905914307
695460503bb6cf19fb5b368c3fc933156b8cedf64bbd6aeec2192c0341c271a4,RobroKools/vad-bert,c4c659fd17dd5807572b3f0f577de8c408401ca7,3.04148268699646,3.1327009201049805,3.2204625606536865
49b02b1a42a49edeb903e7baf46f00ed73ff4aa054e2f17d80c2ac399012212d,RobroKools/vad-bert,c4c659fd17dd5807572b3f0f577de8c408401ca7,2.966292142868042,3.029242753982544,3.1260344982147217
e60ae7cc85e1b78f5d2f3a5dc9f58b1ce8a53f072b85b6535b545461751d7e9f,RobroKools/vad-bert,c4c659fd17dd5807572b3f0f577de8c408401ca7,2.8326587677001958,3.1944844722747803,3.117192029953003
c3603d0bce23b79ac993771508f8e74d3894e32ceb7d6062c90f43164947407e,RobroKools/vad-bert,c4c659fd17dd5807572b3f0f577de8c408401ca7,3.109578847885132,3.129037618637085,3.312321901321411
5130d66f1343c11a0f29a1c4a2dd463018c834e894014fc8429ba3f04d30387e,RobroKools/vad-bert,c4c659fd17dd5807572b3f0f577de8c408401ca7,2.9448063373565674,3.085817575454712,3.2285006046295166
ccb1de27493925610d87bc541afa4e1dc111d8af48b0fef3549bacb5a14ae435,RobroKools/vad-bert,c4c659fd17dd5807572b3f0f577de8c408401ca7,3.07019305229187,3.114213466644287,3.1648435592651367
499b9df1eeed51c250b1faa01e34a9e4f70500fa4ddda7419e6e88835ae02923,RobroKools/vad-bert,c4c659fd17dd5807572b3f0f577de8c408401ca7,3.112661600112915,3.161975622177124,3.162760972976685
7de01005e12c522af08fef8dbbe9339cb5156e2785374d6158a8afda74c5124d,RobroKools/vad-bert,c4c659fd17dd5807572b3f0f577de8c408401ca7,3.0939691066741943,3.040127992630005,3.250225782394409
a1936e0316bf797d4797961663b899c422bc5ece9286ba30383679e6169daff3,RobroKools/vad-bert,c4c659fd17dd5807572b3f0f577de8c408401ca7,2.9923057556152344,3.042130708694458,3.185185670852661
857e3e083b4db95406d01b6fc363a4cf92050d3cdad018c7d60fd5eddb6764fe,RobroKools/vad-bert,c4c659fd17dd5807572b3f0f577de8c408401ca7,3.016440391540528,2.9654183387756348,3.137763738632202
1cc269910c733c709471e7d9635212da9abad36869364a7993d9863a69bbac9c,RobroKools/vad-bert,c4c659fd17dd5807572b3f0f577de8c408401ca7,2.971911668777466,2.992860555648804,3.117304801940918
120ef10877c9972021aa1db2cee5735faaa3731f9cea8397ae75776ad9f34820,RobroKools/vad-bert,c4c659fd17dd5807572b3f0f577de8c408401ca7,3.0353333950042725,2.9532740116119385,3.114546060562134
c991a10dd10b4ba1f4ac25411b2f331a834b16fc2face5575dadc5efc729a4da,RobroKools/vad-bert,c4c659fd17dd5807572b3f0f577de8c408401ca7,3.094005823135376,2.9879515171051025,3.2349696159362797
a0476c99db26f2f22620a82df1aa6815d3882b4bd1a2241d837151e9710e200c,RobroKools/vad-bert,c4c659fd17dd5807572b3f0f577de8c408401ca7,3.165395021438598,3.05765151977539,3.2641613483428955
a8752dc89309bee47bea92ce9d63dd0938c5be91c27673a8e707eced8183d58e,RobroKools/vad-bert,c4c659fd17dd5807572b3f0f577de8c408401ca7,2.822834253311157,3.255866050720215,3.1303815841674805
20dc12c596ab6b72365520d8d2e8738390b6a0fc7a2289047e03fcadd3b61268,RobroKools/vad-bert,c4c659fd17dd5807572b3f0f577de8c408401ca7,2.9215517044067383,3.019325017929077,3.3030812740325928
b46354d31e9e1e6d12967a77be50e3b35dc9a3a4458d32bd5836fea266930de0,RobroKools/vad-bert,c4c659fd17dd5807572b3f0f577de8c408401ca7,2.9534988403320312,3.1684813499450684,3.097018957138061
a4796ce4012d40cc4f22dd81d656bd06eca56a1770ac226b006ea9133b981bab,RobroKools/vad-bert,c4c659fd17dd5807572b3f0f577de8c408401ca7,2.972517490386963,3.0641238689422607,3.2307255268096924
7414ec60bb1bec3885c0c342dda72bf40a1188404de669803d24361ba9d448ef,RobroKools/vad-bert,c4c659fd17dd5807572b3f0f577de8c408401ca7,3.2072198390960693,3.150055170059204,3.3344576358795166
3e6e4b8da983072362b3edde357ed40794bb6e82afcea2f0abfe34b80edd9d1c,RobroKools/vad-bert,c4c659fd17dd5807572b3f0f577de8c408401ca7,2.8421459197998047,3.100138902664185,3.133868455886841
cafba828dd301e6b8f0b8aea9cdf33c4d571561c9bb1173bf6a66fb3537ec90a,RobroKools/vad-bert,c4c659fd17dd5807572b3f0f577de8c408401ca7,2.919234037399292,3.059861898422241,3.1603786945343018
be96a393a300870be2b60e6f338b93088ee32194b4e141e0cc536313bdee3eb1,RobroKools/vad-bert,c4c659fd17dd5807572b3f0f577de8c408401ca7,2.9572856426239014,3.0147645473480225,3.196663618087769
3fc7f2e4209deb4184fa05a475806641292d48c3379391d98e6c7d32d5c77b98,RobroKools/vad-bert,c4c659fd17dd5807572b3f0f577de8c408401ca7,3.135312795639038,3.1458208560943604,3.2607479095458984
9fdce55edd406a3685abe0529d25ca6ca40322d1e0644f762d688b7f2db8cd39,RobroKools/vad-bert,c4c659fd17dd5807572b3f0f577de8c408401ca7,2.827819585800171,3.0167815685272217,3.2252755165100098
3e2941230490fa9fbbeaf586c816717a0122f9c4845753271b9e4094d0591408,RobroKools/vad-bert,c4c659fd17dd5807572b3f0f577de8c408401ca7,3.072018384933472,3.0057146549224854,3.260940790176392
e7051316fc8213c16d3de0577690d7efbb741e9f90b4fdf0f357a4aa6726feb0,RobroKools/vad-bert,c4c659fd17dd5807572b3f0f577de8c408401ca7,2.8940560817718506,3.008589267730713,3.147451877593994
19eb08b3dfc5ab60ce4401dd95154ab8dbd2890d055f5637ba3d4b3f65783e8e,RobroKools/vad-bert,c4c659fd17dd5807572b3f0f577de8c408401ca7,2.9705584049224854,3.072572946548462,3.1375648975372314
f894d171d7caaaa28fff53d3341701670d67bc1d4ad059fc84c7722cd2fcffc9,RobroKools/vad-bert,c4c659fd17dd5807572b3f0f577de8c408401ca7,3.0344481468200684,3.1322576999664307,3.2715845108032227
d1af53c05221baa8324b990ba57d374fd3a8ee9f97c09a434f5ae2b0eaeb1773,RobroKools/vad-bert,c4c659fd17dd5807572b3f0f577de8c408401ca7,3.0083768367767334,2.9986460208892822,3.1443612575531006
395367e8313906a6e45378389137f526ec3b5bd1fb703847455488ce34e59c71,RobroKools/vad-bert,c4c659fd17dd5807572b3f0f577de8c408401ca7,3.0277292728424072,3.027378559112549,3.1988203525543213
d35a1eba9bbec8935bcec1f4a6919afee3405f1aae49ec88cc6e1edfcc1d28e1,RobroKools/vad-bert,c4c659fd17dd5807572b3f0f577de8c408401ca7,3.1480891704559326,3.213921070098877,3.320220232009888
3034e7b83d7226bccf6dbe222a94c0bf585f5bc89529ae2fdf572a87536ccd7d,RobroKools/vad-bert,c4c659fd17dd5807572b3f0f577de8c408401ca7,3.050084590911865,2.993292570114136,3.277546167373657
df1b53e8ae2b0e853524efdf621a83bab4cb78fe43fa1ded40cec0da286041e2,RobroKools/vad-bert,c4c659fd17dd5807572b3f0f577de8c408401ca7,3.1117985248565674,3.0519168376922607,3.273435354232788
e9d45ec4769901fd15d2ccfd9a7ba77bca239e805f4cb1c234b8c2b983cf36f9,RobroKools/vad-bert,c4c659fd17dd5807572b3f0f577de8c408401ca7,3.0904829502105717,3.054832220077514,3.348872423171997
c69d83d890ae38708182e7e8a24423324b352632fce01387a140f63e9aea3b09,RobroKools/vad-bert,c4c659fd17dd5807572b3f0f577de8c408401ca7,3.129292249679565,3.0520176887512207,3.370347261428833
b3cbaeb0e257c1faf1fd34c04f21d0965ba3c22fd59e7cefa412e0795e869eca,RobroKools/vad-bert,c4c659fd17dd5807572b3f0f577de8c408401ca7,3.0604021549224854,3.0428988933563232,3.341095209121704
f0bbc1e32261b73af2870dccd155dc05d71f29e78eb9a676c29e53259a80d225,RobroKools/vad-bert,c4c659fd17dd5807572b3f0f577de8c408401ca7,2.955636501312256,3.061152935028076,3.296999216079712
b2acfd6be40ea50491ff1ce23c6dc8f9864a21454587178e8eecdc3ce9fab923,RobroKools/vad-bert,c4c659fd17dd5807572b3f0f577de8c408401ca7,3.13826584815979,2.984912395477295,3.356233835220337
fdff95815b718f6e0c28e87c8a0c0be9ca88d13d5ab7102b02313135ef09b193,RobroKools/vad-bert,c4c659fd17dd5807572b3f0f577de8c408401ca7,3.065637350082397,2.957260847091675,3.331483602523804
754e36c7bbdcc573aff49ed9686af0648ea2747903a58aa8f8795af92a07ea00,RobroKools/vad-bert,c4c659fd17dd5807572b3f0f577de8c408401ca7,3.074711561203003,3.022068977355957,3.3663876056671143
207cb332c3dbc7af2904587a6a226fed3c809caed9ae59a841c1ed43b09dcafe,RobroKools/vad-bert,c4c659fd17dd5807572b3f0f577de8c408401ca7,3.028951644897461,3.0010812282562256,3.3375089168548584
a4bf17345cef673ece9b49433f522675eea862494df71c740f13f364bd098d7a,RobroKools/vad-bert,c4c659fd17dd5807572b3f0f577de8c408401ca7,3.080033540725708,2.986248254776001,3.360476016998291
5d6dc0564cc7824c2203cd0ffb1642ddc30121d46d8e39d9376aa3e1c98aa5a7,RobroKools/vad-bert,c4c659fd17dd5807572b3f0f577de8c408401ca7,3.082404851913452,2.9916253089904785,3.326141357421875
b0f929551f6865f94697ffe42d5b522cfb2f8dfd352cc87ca6c4ae632a7d2a94,RobroKools/vad-bert,c4c659fd17dd5807572b3f0f577de8c408401ca7,3.072272062301636,2.9723291397094727,3.3287997245788574
367acbe49f562bef3e941205196ae608a156fcb91c1369f243133f462ae3f388,RobroKools/vad-bert,c4c659fd17dd5807572b3f0f577de8c408401ca7,3.0711166858673096,3.023052215576172,3.369618654251098
8ee0b9e32fa3d2901d5222d102d10d652a97acfd3e681e5bddcc1af6932facbd,RobroKools/vad-bert,c4c659fd17dd5807572b3f0f577de8c408401ca7,3.0774624347686768,2.9833571910858154,3.350248098373413
3cfbfba443cfcf8c0c8c6d45c57abb46ce55930c8cec4fe1982c65d9ebd64df2,RobroKools/vad-bert,c4c659fd17dd5807572b3f0f577de8c408401ca7,3.082441806793213,3.0417065620422363,3.2630207538604736
eaf45d02f8cb591316d032210882276d6685a0853812f542c4fa8070d400d55c,RobroKools/vad-bert,c4c659fd17dd5807572b3f0f577de8c408401ca7,3.1369762420654297,3.223421812057495,3.341843366622925
f4d293d88e1e3a1df8914e4f62d7718a68da6cd91294af2d0c06ef45814afec9,RobroKools/vad-bert,c4c659fd17dd5807572b3f0f577de8c408401ca7,3.187568426132202,3.1668593883514404,3.2977211475372314
aabc38008db980127bd2d15c27255dc864bd99e5a953b7057ec8b58df4d5415e,RobroKools/vad-bert,c4c659fd17dd5807572b3f0f577de8c408401ca7,3.1025614738464355,3.186743974685669,3.2938947677612305
4f92ea4a90616f4d19e2263a541fc8e96253d9c5b2d13aed698d2195eef70e32,RobroKools/vad-bert,c4c659fd17dd5807572b3f0f577de8c408401ca7,3.1437652111053467,3.060101270675659,3.3033230304718018
d3702c4310ec7a1c2d63646a9dda88a6e69b0a532ca233696c52cf3124885fce,RobroKools/vad-bert,c4c659fd17dd5807572b3f0f577de8c408401ca7,2.9895946979522705,2.979087352752685,3.3067328929901123
ec7004da5be2da201fa47c75abe6534d7b0c02655c5f57cbea26b9206ff4c568,RobroKools/vad-bert,c4c659fd17dd5807572b3f0f577de8c408401ca7,3.0521605014801025,3.112090826034546,3.3384850025177
c40e0e79d75e6d82f9808213f18157978a549104a1f27180805330e7e919882a,RobroKools/vad-bert,c4c659fd17dd5807572b3f0f577de8c408401ca7,3.203033924102783,2.984576940536499,3.4252917766571045
a5b1266591bea670d87684dc8f4ca4b6cef7487a0ad53b5b6af5e270d6675ad1,RobroKools/vad-bert,c4c659fd17dd5807572b3f0f577de8c408401ca7,3.135658502578736,3.153315782546997,3.3063905239105225
4def293c481ddb52fc438bcfb8da9f8f179cf1ff0bf2f3918de62367df55837c,RobroKools/vad-bert,c4c659fd17dd5807572b3f0f577de8c408401ca7,3.0172717571258545,3.1367547512054443,3.402045249938965
d50f3c01643108508c205fb1bb66d859d4baddbf4d4390b806e70574f6efba1e,RobroKools/vad-bert,c4c659fd17dd5807572b3f0f577de8c408401ca7,3.283306837081909,3.11600923538208,3.413268804550171
ef392975a29e9a443c119de084e154e9f57645d50ed11f14396634750ee58c9e,RobroKools/vad-bert,c4c659fd17dd5807572b3f0f577de8c408401ca7,3.123448133468628,3.2160961627960205,3.4125115871429443
3032008e758964bd3013a877dc2d348c763af88457938d827621a8fe083be7a8,RobroKools/vad-bert,c4c659fd17dd5807572b3f0f577de8c408401ca7,3.0407285690307617,3.151944398880005,3.240296602249145
48ae91c660b33b6adfe0bbe69aa186a5b4ea96522d6b095c38e16d0246a6acde,RobroKools/vad-bert,c4c659fd17dd5807572b3f0f577de8c408401ca7,3.077670097351074,3.1365370750427246,3.419016122817993
ae51281ca5722bf733d0efd88f36bb3a0a1c8ba241ce325772144422009a195a,RobroKools/vad-bert,c4c659fd17dd5807572b3f0f577de8c408401ca7,3.0572097301483154,3.086977958679199,3.3784873485565186
7b324d23fd814ba0028554cf4abd86f16971ee575c7854109ab1ad4e9b9685fb,RobroKools/vad-bert,c4c659fd17dd5807572b3f0f577de8c408401ca7,3.1891353130340576,3.1280105113983154,3.483614921569824
d84a03e7166b6850f268e788b55c873cc018e6cf31f67588b693de9ac388b7dc,RobroKools/vad-bert,c4c659fd17dd5807572b3f0f577de8c408401ca7,3.2401111125946045,3.2963271141052246,3.335371732711792
1ebd6fd3349d46cdc903b7215ac5fe6d4559bbee39422822b8085c4ddb80ff57,RobroKools/vad-bert,c4c659fd17dd5807572b3f0f577de8c408401ca7,3.28024697303772,3.091423988342285,3.370208501815796
36b659d900ef2476d7a2b3fae15982b926a24110d071b3998e64eaf534f98407,RobroKools/vad-bert,c4c659fd17dd5807572b3f0f577de8c408401ca7,3.2771482467651367,3.163495779037476,3.407433271408081
a5923a08c3fdad1536963dbb8258d04722c4dfb0b990f2299ca00eb3e30388b1,RobroKools/vad-bert,c4c659fd17dd5807572b3f0f577de8c408401ca7,3.2374260425567627,3.110089063644409,3.3545901775360107
b83818aed819d857c9ab64459f1f1e05e8394bfc3ef334bbb73f9eaa8d6426ac,RobroKools/vad-bert,c4c659fd17dd5807572b3f0f577de8c408401ca7,3.1847660541534424,3.240100145339966,3.459272146224976
f78661129456f37d706d4b70d2142dea0ea480595815d8a51f6a095b26235884,RobroKools/vad-bert,c4c659fd17dd5807572b3f0f577de8c408401ca7,3.2844936847686768,3.0680840015411377,3.1907246112823486
d03065adbac4fa49f6261e978489744db66cc69db7288cc33557ff0a6b2321db,RobroKools/vad-bert,c4c659fd17dd5807572b3f0f577de8c408401ca7,3.287656545639038,3.0989291667938232,3.2968904972076416
e3ea6f8f20c16b47c2ec08eb52a67f16b5d628595f0dfa8dd516c67075ed1c83,RobroKools/vad-bert,c4c659fd17dd5807572b3f0f577de8c408401ca7,3.339992046356201,3.0979325771331787,3.290355920791626
977a70e42f8ecf104b2916b17f864ac4151ee5cacdb04b303d91118117f12c8a,RobroKools/vad-bert,c4c659fd17dd5807572b3f0f577de8c408401ca7,3.1167426109313965,3.1349761486053467,3.220707416534424
5a17cf0295a84c803086185babce71d6f34912cfc149588287949e4f5963e4a4,RobroKools/vad-bert,c4c659fd17dd5807572b3f0f577de8c408401ca7,3.3305630683898926,3.0629007816314697,3.3017795085906982
0bed4551b5bd052a9af79c1a568630b30f6befa4e555b24ddc9388bad164d469,RobroKools/vad-bert,c4c659fd17dd5807572b3f0f577de8c408401ca7,3.227770566940308,3.0272607803344727,3.2187530994415283
02854f0c01e2a821278b7fe0ee984f6c7b1ec23fac392b236b377d868ce3811b,RobroKools/vad-bert,c4c659fd17dd5807572b3f0f577de8c408401ca7,3.178957939147949,3.014499425888061,3.203368902206421
723483f2339fe8ff848539a03299d1cda9ee50d1a066294bb95ef838126bb1c4,RobroKools/vad-bert,c4c659fd17dd5807572b3f0f577de8c408401ca7,3.076725482940674,3.048666000366211,3.1937379837036133
1c162e6661940b5c2994ca49c89568d731408138d5277f062b8debe5c0faba4d,RobroKools/vad-bert,c4c659fd17dd5807572b3f0f577de8c408401ca7,3.113632917404175,3.060224294662476,3.1676690578460693
3c4e61696310b3e08e5515d0a58194a5201037958de7728d163ae48de0ef3d5b,RobroKools/vad-bert,c4c659fd17dd5807572b3f0f577de8c408401ca7,3.1033248901367188,3.034001111984253,3.1780459880828857
e3cff3c8f342b2797764d6d5e0877017cabd71bdc68c74628acf01b9ffa1a3be,RobroKools/vad-bert,c4c659fd17dd5807572b3f0f577de8c408401ca7,3.117783784866333,3.059061288833618,3.1601884365081787
99723383d81c5d02cc3a1f81850acdf141bab515a69e9e08f4a5acdf68eead01,RobroKools/vad-bert,c4c659fd17dd5807572b3f0f577de8c408401ca7,2.930314779281616,3.0455191135406494,3.12969183921814
c59be51a7fb46b9588790ce4d196a8556781c4c29d476a099aed8dad275aedf5,RobroKools/vad-bert,c4c659fd17dd5807572b3f0f577de8c408401ca7,2.704213380813598,3.1203386783599854,3.1114656925201416
4f31bdb89019e9d9c2434f9095799b9db07bacb8b53d7f57b419556c66b8528f,RobroKools/vad-bert,c4c659fd17dd5807572b3f0f577de8c408401ca7,2.9477694034576416,3.0827252864837646,3.230898380279541
61f162b62415bf8a1617eccbd8de5d3a2faaff1d536e6206e097dc0599a785f3,RobroKools/vad-bert,c4c659fd17dd5807572b3f0f577de8c408401ca7,3.125405788421631,3.037405014038086,3.153538942337036
711968fe281cda3c5b731a652c693cf162a7f9ec97d9e6afa676185a72acd2eb,RobroKools/vad-bert,c4c659fd17dd5807572b3f0f577de8c408401ca7,2.9402172565460205,2.983579158782959,3.138757705688477
1cb57e1833b00775d644104bad0748d507cc1a1c263c5895440528c020201518,RobroKools/vad-bert,c4c659fd17dd5807572b3f0f577de8c408401ca7,3.0329678058624268,3.04548978805542,3.254843711853028
1769045e050a14461ea2d006e15c29db674bf5ac36d2e14de10bdcc3741d0458,RobroKools/vad-bert,c4c659fd17dd5807572b3f0f577de8c408401ca7,3.083775043487549,2.9669888019561768,3.3311266899108887
0e7ef7fac4054d8ab4870f2474d1b696825ace00fc6068d209c4777118bac014,RobroKools/vad-bert,c4c659fd17dd5807572b3f0f577de8c408401ca7,3.0355842113494877,3.0244510173797607,3.2196121215820312
05ac7961b079a0e07269dc9acdc7599113b3ff5bc64650838dbff0f94bf4a301,RobroKools/vad-bert,c4c659fd17dd5807572b3f0f577de8c408401ca7,3.049154996871948,3.021803140640259,3.226832628250122
a9dc9b36069c12b0f42cc12e24518a84c91062bbf9e225a36773a26d93dfdb0c,RobroKools/vad-bert,c4c659fd17dd5807572b3f0f577de8c408401ca7,3.067845106124878,3.075982093811035,3.218055725097656
489ad831fefba580fe4501d0d01f0fed485b6ed5ace1db264f44c2e12c39f590,RobroKools/vad-bert,c4c659fd17dd5807572b3f0f577de8c408401ca7,3.028096914291382,3.047556161880493,3.1818342208862305
10659ca0ae52193b55a15f56182b2c3a20a2dbd197fb7068b691580e5c4ad30a,RobroKools/vad-bert,c4c659fd17dd5807572b3f0f577de8c408401ca7,3.051736831665039,3.079707384109497,3.1906094551086426
3bdcc7368bfd54030c2879d66132656d532016c28af9a08ece962a350ec35ec3,RobroKools/vad-bert,c4c659fd17dd5807572b3f0f577de8c408401ca7,2.9965341091156006,2.99528169631958,3.16206169128418
292f38808843da5aad70d7c680c296a91a2dea07da012304297d7decd6acfa97,RobroKools/vad-bert,c4c659fd17dd5807572b3f0f577de8c408401ca7,2.980958938598633,2.973942279815674,3.135328531265259
c936e70bdade6cd9e962055d77beb5f50414945f72bd7228cea76c977f856cb1,RobroKools/vad-bert,c4c659fd17dd5807572b3f0f577de8c408401ca7,2.972592353820801,3.003225564956665,3.13601016998291
3eabcf5261eacdb2805f7e5569d9495b2295f96d318a1175b39b0689a83b9284,RobroKools/vad-bert,c4c659fd17dd5807572b3f0f577de8c408401ca7,2.9846599102020264,2.9525203704833984,3.1340765953063965
00095c91c30db3d82cc2e23e75d15107182a74c942422c390b238f87ede03d0d,RobroKools/vad-bert,c4c659fd17dd5807572b3f0f577de8c408401ca7,2.801570177078247,3.070781707763672,3.1997950077056885
43ea47e6563cb22accc2da7e98229b7111cb56d89c073eb3f3d7a7ce5d4e7785,RobroKools/vad-bert,c4c659fd17dd5807572b3f0f577de8c408401ca7,2.8079793453216557,3.201990842819214,3.154146909713745
dfa767a770591ff7fae68841838c30e3fb098f0e69e6aae638b28c0f17bb1c1b,RobroKools/vad-bert,c4c659fd17dd5807572b3f0f577de8c408401ca7,2.954835891723633,3.028740167617798,3.068603515625
a37d79492fdee7bea72f157ba7d0c03a18edb056b11ab58ef3f5a3310cf9ed0a,RobroKools/vad-bert,c4c659fd17dd5807572b3f0f577de8c408401ca7,2.831812620162964,3.1565191745758057,3.147345304489136
3df1263d426fadb613f51fda83caba65b364c0fe4bb64fcbfdd703d9db6c60de,RobroKools/vad-bert,c4c659fd17dd5807572b3f0f577de8c408401ca7,3.008312225341797,3.056384325027466,3.142488718032837
9c875df7a2b014f7507eae0e58094019ca18309c0199e14511fc389eb75dbdf0,RobroKools/vad-bert,c4c659fd17dd5807572b3f0f577de8c408401ca7,3.1429288387298584,2.983097553253174,3.2411396503448486
ee13cab43e955c0137a29939a7f2cf67b9a257c89792fba879d9fec5e56369e9,RobroKools/vad-bert,c4c659fd17dd5807572b3f0f577de8c408401ca7,2.9365057945251465,3.1464693546295166,3.013542890548706
5f76880aaf4752c399eaa2e3d2f2dd7a6b4d5254a212d1708c11472ec3f9e42b,RobroKools/vad-bert,c4c659fd17dd5807572b3f0f577de8c408401ca7,2.9182140827178955,3.099836826324463,3.3207154273986816
5df53069ba88cc4648fc3f846d0892a24e798548a9550fa93edbab35d6b43d40,RobroKools/vad-bert,c4c659fd17dd5807572b3f0f577de8c408401ca7,2.9000935554504395,3.033003091812134,3.081109046936035
1a9de00acb7a12e76c3b15ef4d73c070956597a9caa0c27b39e0baac594a463c,RobroKools/vad-bert,c4c659fd17dd5807572b3f0f577de8c408401ca7,3.0602407455444336,2.835646867752075,3.2137317657470703
ae78d8be615d661c2e55b864d483937753908dde61ee596d4eb7fd381045c109,RobroKools/vad-bert,c4c659fd17dd5807572b3f0f577de8c408401ca7,3.1657886505126958,3.094686269760132,3.280653715133667
b093736470b4c09a8a3e447d15bcf0d463c8f24a2527314dae69804c4f63522d,RobroKools/vad-bert,c4c659fd17dd5807572b3f0f577de8c408401ca7,2.7962276935577397,3.0494000911712646,3.121061086654663
94d2a2baa96be33b0536a8b1d6e058f8a3d2c870e5a6e60ee1b976b1f7a6788b,RobroKools/vad-bert,c4c659fd17dd5807572b3f0f577de8c408401ca7,2.826401472091675,3.015198945999145,3.118852376937866
b129f0e902d20a85b2f53e3ee60e01113fdb84d048668fb049a1040b2891fd99,RobroKools/vad-bert,c4c659fd17dd5807572b3f0f577de8c408401ca7,2.804198265075684,3.158500909805298,3.0952115058898926
50e278dadc522ffd6b324b40fc5345bac707d6ac95b47f57899fb6acf5446435,RobroKools/vad-bert,c4c659fd17dd5807572b3f0f577de8c408401ca7,3.160783290863037,2.9224953651428223,3.200037717819214
93a7e1b143f664df718867af85c52d145322eb78a4c0b22aaf16b29c9fa3d980,RobroKools/vad-bert,c4c659fd17dd5807572b3f0f577de8c408401ca7,2.960890293121338,3.120136022567749,3.264598608016968
5b9e031e5bef055738122779c900f3e222fa7d74c0fedc6d5321c51a226a4da4,RobroKools/vad-bert,c4c659fd17dd5807572b3f0f577de8c408401ca7,3.092231512069702,3.072762250900269,3.240358829498291
4e4f669a4c5012e4d037a115da1f718bcc9b43a709bc3c050757e48b56f1b014,RobroKools/vad-bert,c4c659fd17dd5807572b3f0f577de8c408401ca7,3.1291749477386475,3.08394455909729,3.171154260635376
6670b750beccfbc62bcff80791cd6491effa000c2ac8d0f61f56711737f1fda1,RobroKools/vad-bert,c4c659fd17dd5807572b3f0f577de8c408401ca7,3.0901248455047607,3.0260770320892334,3.200432300567627
6381c49c182a369d083ad281a213897cffe4f1119375c5d870bbe620f0f3a4c0,RobroKools/vad-bert,c4c659fd17dd5807572b3f0f577de8c408401ca7,3.279975175857544,3.1365537643432617,3.2408907413482666
7631197fe30c88f3c7938dda39831bf0e4b04139715d8e71de387725196f3ae3,RobroKools/vad-bert,c4c659fd17dd5807572b3f0f577de8c408401ca7,3.1687541007995605,3.258307218551636,3.2984907627105717
28487e4ae968ef69d8e591ac115f17d05d85a25b42cee1f24b7c87a1081dc6a6,RobroKools/vad-bert,c4c659fd17dd5807572b3f0f577de8c408401ca7,3.190708637237549,3.068885087966919,3.1975436210632324
52d59087a5ab6087b5ef193c111a784d5c3caf89798a47827f7ecb2467ff30c5,RobroKools/vad-bert,c4c659fd17dd5807572b3f0f577de8c408401ca7,3.155088186264038,3.19176983833313,3.3482234477996826
0f5e019a78e3ed8d22693dce76dfced050b82544a606ea87c6e6a6c3a0ae802e,RobroKools/vad-bert,c4c659fd17dd5807572b3f0f577de8c408401ca7,3.404191017150879,3.0245769023895264,3.219545602798462
23fb5eb96a86a78719ea773dc44690c4f39e701cad483910b2a68058037aa2b9,RobroKools/vad-bert,c4c659fd17dd5807572b3f0f577de8c408401ca7,3.284507989883423,3.27133846282959,3.390273094177246
cfdf91ffcf1612dfcd90e19ca1abd0c1a10870455f66d7e051bdc09e2747cd04,RobroKools/vad-bert,c4c659fd17dd5807572b3f0f577de8c408401ca7,3.175166368484497,2.8859541416168213,3.2497217655181885
2d3d6d90e67c819aaa3baf8858b5ad631352966baf9fd6740ef52a1d20242700,RobroKools/vad-bert,c4c659fd17dd5807572b3f0f577de8c408401ca7,3.209618330001831,3.273793935775757,3.367374420166016
b41338d4983693af817bb7b5cc8c0d6f8e64c16e58c627ab22163cd2e52ed3f4,RobroKools/vad-bert,c4c659fd17dd5807572b3f0f577de8c408401ca7,3.332399606704712,2.99741530418396,3.274749994277954
70d8ced1bc42c30e694c1a9fc0bc808c9aec39aa776d9db4009aeb64319d6371,RobroKools/vad-bert,c4c659fd17dd5807572b3f0f577de8c408401ca7,3.2485477924346924,3.1135427951812744,3.2155048847198486
a4cdd431593f9e55476b04692df3d75f910691c0ae458dd37fe340ada3efacc0,RobroKools/vad-bert,c4c659fd17dd5807572b3f0f577de8c408401ca7,3.2059667110443115,3.084007978439331,3.210836172103882
60eec3f8c060c0fc64736943b4302dd79b4a1342356bfa64b88311446edb5f89,RobroKools/vad-bert,c4c659fd17dd5807572b3f0f577de8c408401ca7,3.1736981868743896,2.845041990280152,3.1902997493743896
cac41954fc5bb1f9e9dbe4e1ace6637ca8dd34c080d213e2cfbb5afff92bc62d,RobroKools/vad-bert,c4c659fd17dd5807572b3f0f577de8c408401ca7,3.168562650680542,2.960864305496216,3.1877827644348145
113594293c35fd27a94142150863bed51156520251c8d5968278bb44bc3b7c6d,RobroKools/vad-bert,c4c659fd17dd5807572b3f0f577de8c408401ca7,3.0749404430389404,3.254882335662842,3.2156801223754883
9ae37043c748bcc11d8baa4920bdca5428ba31ee4240e9f34e8be2a904dd19c2,RobroKools/vad-bert,c4c659fd17dd5807572b3f0f577de8c408401ca7,3.2165658473968506,3.194347620010376,3.259577989578247
f0597a08bd235178ec792730abc11fcd9671c2d647cfa7291c7cbd78f57829db,RobroKools/vad-bert,c4c659fd17dd5807572b3f0f577de8c408401ca7,3.042441844940185,3.219348669052124,3.3734538555145264
2de1b16f5da98158487efa2251d8ac222c87dd32bab5ab2cb7ed573cfe250cee,RobroKools/vad-bert,c4c659fd17dd5807572b3f0f577de8c408401ca7,3.054079532623291,3.117716073989868,3.1517322063446045
8c15ba451bd40e273756ee916c2f423aee35e253cbaa4ef5fa315ac69418f20f,RobroKools/vad-bert,c4c659fd17dd5807572b3f0f577de8c408401ca7,3.0003890991210938,3.1515047550201416,3.325641393661499
02811fb782d3e3425e26c94effb53c41efe6c41b09161d7abf65729b3dbe8703,RobroKools/vad-bert,c4c659fd17dd5807572b3f0f577de8c408401ca7,2.990800142288208,3.090694665908813,3.2488605976104736
2620157e5d49e17ae313cbae8852f845d5b0e3738c21092c4f82c6423068cfd3,RobroKools/vad-bert,c4c659fd17dd5807572b3f0f577de8c408401ca7,2.894196033477783,3.0969398021698,3.239788055419922
a5790eb6eb766792807a8ba8a27ef48608b813754a115605c975abee7238d2ac,RobroKools/vad-bert,c4c659fd17dd5807572b3f0f577de8c408401ca7,3.042366981506348,3.218333005905152,3.3360073566436768
20d13348ac9928dac822928a06757e5c91e7e21609c7af643dea9840445e673e,RobroKools/vad-bert,c4c659fd17dd5807572b3f0f577de8c408401ca7,3.15824294090271,3.292448043823242,3.274990558624268
bc1c3fa532b2670e6fa7d0d6a20dc90af2d1e3e892726a5b49f9c6ff0a64be55,RobroKools/vad-bert,c4c659fd17dd5807572b3f0f577de8c408401ca7,2.8668830394744877,3.138357400894165,3.116218328475952
157936c15d6f36f453f10725b6e4affa5cc00b79e79e1f2287ea6c50efc89625,RobroKools/vad-bert,c4c659fd17dd5807572b3f0f577de8c408401ca7,2.9901604652404785,3.200957536697388,3.250347852706909
8200b68b95d13e5149ee6c0c8227f3218b29a2f6cf1078193ff58bbf7d981da8,RobroKools/vad-bert,c4c659fd17dd5807572b3f0f577de8c408401ca7,2.7770590782165527,3.325380802154541,3.2363407611846924
d2507b01d8bb5f2b39501eab8df7a867a3ba31047314061a0dba3e85b615f2d0,RobroKools/vad-bert,c4c659fd17dd5807572b3f0f577de8c408401ca7,2.9924230575561523,3.179585218429565,3.1923582553863525
b1173effb180159cad678ff42379fa9b9b489a27a76981f2c0efc9c0dd218a29,RobroKools/vad-bert,c4c659fd17dd5807572b3f0f577de8c408401ca7,2.994112730026245,3.1218152046203613,3.288938522338867
70fa22e2ade52605ba3e9b2b62bfcbee70e1fdad996acb86ce41c6d2a25661cb,RobroKools/vad-bert,c4c659fd17dd5807572b3f0f577de8c408401ca7,2.840022563934326,3.159984827041626,3.2700064182281494
44e2e0e821fbe16389aa281194ce8465c5b4e2cfeb58e7973366967b700f16a6,RobroKools/vad-bert,c4c659fd17dd5807572b3f0f577de8c408401ca7,3.1631312370300293,3.283092498779297,3.3876919746398926
e1e5ead0e741e76c9ee007faf7caa1e2360a806920fe434ffc916074593ed361,RobroKools/vad-bert,c4c659fd17dd5807572b3f0f577de8c408401ca7,2.828511953353882,3.055830240249634,3.215773582458496
3b25057879e03ba1a8be6f0d790c278efb4eed0ceb73c44a02c28dd35ccc0f4b,RobroKools/vad-bert,c4c659fd17dd5807572b3f0f577de8c408401ca7,3.02824330329895,2.861189365386963,3.107225179672241
1bcb745e461e9fb7fcb525b77e7d5a0d27912a3932d6f0c89a6c29373778d849,RobroKools/vad-bert,c4c659fd17dd5807572b3f0f577de8c408401ca7,2.70873761177063,3.076059579849243,3.111241579055786
d841907f749bcf9b1d79489cf8ad81afc956e8e8634cce0aceafc71c3d5729e2,RobroKools/vad-bert,c4c659fd17dd5807572b3f0f577de8c408401ca7,2.7965683937072754,3.040316581726074,3.173038482666016
515ef60ef0f8cbd9a161d6c1a0a9885dd1ae69b2f9b23171f743c63c9343a506,RobroKools/vad-bert,c4c659fd17dd5807572b3f0f577de8c408401ca7,3.154179573059082,3.060213565826416,3.150247573852539
4e406e8be1497fc0cb320d59db53054a08a6818db22eb3a8ebe0918cfa8a38eb,RobroKools/vad-bert,c4c659fd17dd5807572b3f0f577de8c408401ca7,2.996001720428467,3.0516107082366943,3.1782314777374268
5d2ef42f9341ed3f43a448ac326b1890138de8a9657b0b9ea6c3be08c452d89c,RobroKools/vad-bert,c4c659fd17dd5807572b3f0f577de8c408401ca7,3.052168607711792,2.881858587265014,3.139009475708008
a53cb2b60f4c5873ce1a1753b1848f4d0a6a53e3976c334e612ce68a1d1cc6a7,RobroKools/vad-bert,c4c659fd17dd5807572b3f0f577de8c408401ca7,3.043663263320923,2.991292715072632,3.0905420780181885
919b1e340938524c064ef81b1add5deddee49f6af60d726f9897aa6df864a856,RobroKools/vad-bert,c4c659fd17dd5807572b3f0f577de8c408401ca7,2.9564075469970703,3.074291467666626,3.146151304244995
af83a4abd7b1594c177ca1384035c28638f119a3e16557c216a5cfa55340aa91,RobroKools/vad-bert,c4c659fd17dd5807572b3f0f577de8c408401ca7,3.0646345615386963,2.928992986679077,3.1514246463775635
fe2df14daaa9d88edbbf0c932756ee030e64abd99776a95c0479e84b33d315d9,RobroKools/vad-bert,c4c659fd17dd5807572b3f0f577de8c408401ca7,2.9925599098205566,3.1265225410461426,3.220985412597656
c23326bf0c745be2eae892dd631810bb4ed8690ecd69b5075bbe9183905fb438,RobroKools/vad-bert,c4c659fd17dd5807572b3f0f577de8c408401ca7,2.9973535537719727,2.99536657333374,3.069885015487671
f3abe8202ca3e7fe53091795fd03e482caf2a0e65a439e42865ed72974ca4399,RobroKools/vad-bert,c4c659fd17dd5807572b3f0f577de8c408401ca7,3.024695873260498,3.1420774459838867,3.2080929279327397
ad244ad0dbd93bee46f39d547a6d4a74bdb77061051ef76ae1468d9ea6ea9ce3,RobroKools/vad-bert,c4c659fd17dd5807572b3f0f577de8c408401ca7,3.0102808475494385,2.915189743041992,3.107901334762573
0e607a2837de51cbb6fce5e936720729f4d6ffc2806cc9da7eebd03b55e95ac2,RobroKools/vad-bert,c4c659fd17dd5807572b3f0f577de8c408401ca7,2.960756301879883,3.081805467605591,3.128767251968384
1b61edfcb05a9d9c830eddbd191601856c8f4bc25be3fe4e5ae74977e470ce40,RobroKools/vad-bert,c4c659fd17dd5807572b3f0f577de8c408401ca7,3.106507539749145,3.086622953414917,3.2060508728027344
f70536a58f5a62fee3d6e9be75f8133afe12ab5aa9ff0b1ce9827e11b6cc2514,RobroKools/vad-bert,c4c659fd17dd5807572b3f0f577de8c408401ca7,2.8941123485565186,3.097432374954224,3.198655605316162
ecd060d369799eda7dbedc28eecf757a63a97ec501af4a66bea70a2fa2f6138a,RobroKools/vad-bert,c4c659fd17dd5807572b3f0f577de8c408401ca7,2.887899398803711,2.8984591960906982,3.205040454864502
647130f1a7e44d60e68b9d86363159b638ffe4176c7a7669ab316a301086c053,RobroKools/vad-bert,c4c659fd17dd5807572b3f0f577de8c408401ca7,2.821410894393921,3.074646234512329,3.2090232372283936
97787503f591587e1b0329ea26db71ad0a02c1a718aabb0d6d3d3f8731cfeba6,RobroKools/vad-bert,c4c659fd17dd5807572b3f0f577de8c408401ca7,2.739636182785034,3.0668132305145264,2.9807679653167725
8a00c60d1c69ffd5001be3e179905e42d861b4f11cb12843111736f36929c06c,RobroKools/vad-bert,c4c659fd17dd5807572b3f0f577de8c408401ca7,2.8184239864349365,3.05659818649292,3.245718717575073
962596f3570b1c3c6920577c5742dc3bd11c4a389f0260efb484998fa6572869,RobroKools/vad-bert,c4c659fd17dd5807572b3f0f577de8c408401ca7,2.766530513763428,3.100860834121704,3.035513401031494
658db0082df2c12288cbe7357e9736d936760691c4072e4d3e77dc5217b40f71,RobroKools/vad-bert,c4c659fd17dd5807572b3f0f577de8c408401ca7,3.083799362182617,3.0783722400665283,3.083087205886841
d8e341681d3631dc015037fb80066fcc8eaa7e2b77318c4fef0d422a3866d926,RobroKools/vad-bert,c4c659fd17dd5807572b3f0f577de8c408401ca7,2.7336089611053467,3.145690679550171,2.9323291778564453
76decc67cc62c26dbb892bf8a5cb7f50191d3090c88e13ebfc799fca34afa63f,RobroKools/vad-bert,c4c659fd17dd5807572b3f0f577de8c408401ca7,2.798359632492065,3.0496113300323486,3.299027681350708
3b4f9930c5ee37cc4ee9d863bc8b09a9b2990b7e87cb3c19c0be28ffaf4d7128,RobroKools/vad-bert,c4c659fd17dd5807572b3f0f577de8c408401ca7,2.8275301456451416,3.0396106243133545,3.0080511569976807
85ba2844fe1dd517f1308bec1899e9f3fecafa0636da1b325a86375fba017507,RobroKools/vad-bert,c4c659fd17dd5807572b3f0f577de8c408401ca7,2.800709009170532,3.089433431625366,3.2449138164520264
882539952f16e2bea6999a40e82fe97cffb026d18220617940d48b4c0d5e1c03,RobroKools/vad-bert,c4c659fd17dd5807572b3f0f577de8c408401ca7,2.998486280441284,3.1132967472076416,3.2410945892333984
56e75ebcc26655023d0829ff2a33bcf89b954c89361ba563763f4ee12f99ece6,RobroKools/vad-bert,c4c659fd17dd5807572b3f0f577de8c408401ca7,2.743516206741333,2.974292516708374,3.1682708263397217
a725150f24c86d8fc75463247513d1878bbcf8ccdbbd9d4f063747f1f72e0453,RobroKools/vad-bert,c4c659fd17dd5807572b3f0f577de8c408401ca7,2.892839193344116,3.031864881515503,3.1865127086639404
7aef27d23cc6ee3922995937a253346981ee3012f469099a171c335105ca5860,RobroKools/vad-bert,c4c659fd17dd5807572b3f0f577de8c408401ca7,2.762326717376709,3.0981338024139404,3.1216299533843994
e48c08e99e701fe70ccbfe452d1df4a550a5c59614323098c62487a5a320cdba,RobroKools/vad-bert,c4c659fd17dd5807572b3f0f577de8c408401ca7,2.815742254257202,3.0915005207061768,3.265376329421997
ca4ab0a2aa564ba37eec9015a4e95b926974cf0bcbdda4a58c480b08dad7ff91,RobroKools/vad-bert,c4c659fd17dd5807572b3f0f577de8c408401ca7,3.052876234054565,3.1691882610321045,3.2568140029907227
ca89e9686683a2d599975f2247da9faa12c1b8ed7151e4248839231f669eb07e,RobroKools/vad-bert,c4c659fd17dd5807572b3f0f577de8c408401ca7,3.23649001121521,3.0866594314575195,3.253013610839844
7ae4312a7cc7550090eb95ab9938a54107cd1f2db9ca0a8bf1e38e24328dfe5b,RobroKools/vad-bert,c4c659fd17dd5807572b3f0f577de8c408401ca7,3.143606185913086,2.927410364151001,3.173705816268921
fecaf29bc82946ff81e6b46c3605fdcf86fe4debfd6de4909a5cab05a247acc2,RobroKools/vad-bert,c4c659fd17dd5807572b3f0f577de8c408401ca7,3.093356847763061,2.8807365894317627,3.2331717014312744
7e49bd7d739c109968ba01ccc69099e1dbf273f2b7272faa954fa11e0f07d9ad,RobroKools/vad-bert,c4c659fd17dd5807572b3f0f577de8c408401ca7,3.3216211795806885,3.0583949089050293,3.22594952583313
072f7d95e7881a218a9386d459246964f1ec56a099be0baaed9e955d222b5bed,RobroKools/vad-bert,c4c659fd17dd5807572b3f0f577de8c408401ca7,3.181239604949951,3.2846322059631348,3.3085107803344727
d42661ec854c211594394712f6142cb75460c6a3ea53935f64a114d812f18415,RobroKools/vad-bert,c4c659fd17dd5807572b3f0f577de8c408401ca7,3.1733744144439697,2.888930082321167,3.226250648498535
10482f46ffaf3076dfc44f3e93bbe96327e77ccfbcb1ecb9668056d15448ad1f,RobroKools/vad-bert,c4c659fd17dd5807572b3f0f577de8c408401ca7,3.2962734699249268,3.1090259552001958,3.231999635696411
6190d942f179a9ebbdc07ea54197db500042d79b7938d82ad6b4095c3905ee62,RobroKools/vad-bert,c4c659fd17dd5807572b3f0f577de8c408401ca7,3.234733819961548,2.842153310775757,3.3374085426330566
65c0fd13ee464ec4604ece13ce9c39a98163b42f02f27618bb92b4219ee9ce3a,RobroKools/vad-bert,c4c659fd17dd5807572b3f0f577de8c408401ca7,3.200202226638794,2.959110736846924,3.288768529891968
bc170743c1883c58fc50969ba1edff8e574d92b40cc6a66df741357cea56507d,RobroKools/vad-bert,c4c659fd17dd5807572b3f0f577de8c408401ca7,3.2501766681671143,3.0553715229034424,3.2183659076690674
1843de7dc6568d05130659361e21aed530ea32fd21ba143477d16b90be6a3bae,RobroKools/vad-bert,c4c659fd17dd5807572b3f0f577de8c408401ca7,3.1736960411071777,3.1197996139526367,3.253424406051636
f4c03f6626b22be121c4a68145a71f5c020a802cebafe72f04dbd6cb8dd27a13,RobroKools/vad-bert,c4c659fd17dd5807572b3f0f577de8c408401ca7,3.2086832523345947,3.02119779586792,3.3488576412200928
c404dc5b987bfeccd0c1041f46b4f752670d5e7a41c6dff14c14968e92f8ffd1,RobroKools/vad-bert,c4c659fd17dd5807572b3f0f577de8c408401ca7,3.456057071685791,3.036129236221313,3.327719449996948
1b79b65f48dc593db5babebf70ed089d8b517a4a9e64974832e53802daa52904,RobroKools/vad-bert,c4c659fd17dd5807572b3f0f577de8c408401ca7,3.206862211227417,2.803029775619507,3.2680346965789795
ad8b18e68634f7beda3d4fabbb2dcbd665e30f10eb61b3915c9cecea2a1e599f,RobroKools/vad-bert,c4c659fd17dd5807572b3f0f577de8c408401ca7,3.180267095565796,2.954850912094116,3.322296619415283
631c302d67da631f7b7649ccd8a5ecd580fdd428cff944f93856deba390ed36e,RobroKools/vad-bert,c4c659fd17dd5807572b3f0f577de8c408401ca7,3.102792739868164,3.0875518321990967,3.275821685791016
1736b624da23b2e5e35afb02523b2b48b2c8fed4a07ace1ead64060779b39794,RobroKools/vad-bert,c4c659fd17dd5807572b3f0f577de8c408401ca7,3.2546212673187256,3.0072896480560303,3.268693685531616
95154f90e5a99a311658d3b148da67ac71d256ec210573a6699a5383537d46a8,RobroKools/vad-bert,c4c659fd17dd5807572b3f0f577de8c408401ca7,3.182072401046753,2.9215595722198486,3.278741836547852
07689f07024ccbc422fb1d0de43150c3ec1431d090388d1e80f1a53fcd608ad3,RobroKools/vad-bert,c4c659fd17dd5807572b3f0f577de8c408401ca7,3.2019355297088623,3.2231218814849854,3.182724714279175
d4db4c36da58bc07f3e9ccb7258f7207fbe201ceb045743300346520631879b4,RobroKools/vad-bert,c4c659fd17dd5807572b3f0f577de8c408401ca7,3.201176166534424,2.9894673824310303,3.2033700942993164
7e78eaef7bbd4ad9c8035ceab2278cd26b827466cb3a38d463e8125232414a9d,RobroKools/vad-bert,c4c659fd17dd5807572b3f0f577de8c408401ca7,3.2172088623046875,3.0421621799468994,3.234559297561645
382b3abea70d5d6062b562e7286e14610d289fb24b6fba51a6d2520cb129f332,RobroKools/vad-bert,c4c659fd17dd5807572b3f0f577de8c408401ca7,3.262077569961548,3.028193712234497,3.2873055934906006
59558bd2372d283391a94b9369ac26a176e9366383c9be80b66260b002dc1f49,RobroKools/vad-bert,c4c659fd17dd5807572b3f0f577de8c408401ca7,3.1616523265838623,3.153256416320801,3.1724696159362797
e58b0f36a5607602fbf28acf0162c7f53ec857b02bc4be8f004fee9facbe5c8c,RobroKools/vad-bert,c4c659fd17dd5807572b3f0f577de8c408401ca7,3.225693464279175,3.154522657394409,3.196274518966675
52329f5a958278318d0d31a649175dc72a3192b3fcf8a8e13565056a2fca6b08,RobroKools/vad-bert,c4c659fd17dd5807572b3f0f577de8c408401ca7,3.3021559715271,3.244339227676392,3.213952779769897
1cdb79fca6f616b547cb47c607bbfa452e84515a3470f4aed9fdd60fe8d24ad6,RobroKools/vad-bert,c4c659fd17dd5807572b3f0f577de8c408401ca7,3.220539331436157,3.16998553276062,3.2596473693847656
e6ab773b5bca255c6f81eb20a74dac5f1b352daf8454d0ae7b11611b6288c128,RobroKools/vad-bert,c4c659fd17dd5807572b3f0f577de8c408401ca7,3.266197681427002,3.036855697631836,3.2276835441589355
52b32d44151561c18dd880b271c36deca40db11fb65a6cd703b3628f16e0789c,RobroKools/vad-bert,c4c659fd17dd5807572b3f0f577de8c408401ca7,3.019351005554199,3.011143445968628,3.084538698196411
6b54189d8a425d6d433d7a553dd2200162e40d9bd8ba38c29b64d0b0dc12367e,RobroKools/vad-bert,c4c659fd17dd5807572b3f0f577de8c408401ca7,3.20076584815979,3.100050449371338,3.1883065700531006
f6c07de36c190b9841b87e3d952bf0d5cacded6a63e5c3440f232ec508494b97,RobroKools/vad-bert,c4c659fd17dd5807572b3f0f577de8c408401ca7,3.1923553943634038,3.201271772384644,3.229334115982056
0567a76aa3693ba0ed28e3c4135de55a0035dcfb086dbfcad87597b42ff82523,RobroKools/vad-bert,c4c659fd17dd5807572b3f0f577de8c408401ca7,3.2894084453582764,2.984519720077514,3.2861521244049072
f3b073af73c016366bdb8f1921c16fe821aa5d8b7e9819cf772e0b6beefabb67,RobroKools/vad-bert,c4c659fd17dd5807572b3f0f577de8c408401ca7,2.94045090675354,3.38571834564209,3.1004769802093506
3161ddc2ef24cfcdcfbd0e65c45eb59de5bbfee1b2abaebedc78f41fc63f3db3,RobroKools/vad-bert,c4c659fd17dd5807572b3f0f577de8c408401ca7,2.686572790145874,3.124772071838379,3.084472894668579
277c8b3bef000a5166a0c0a86ee3ba8277cba19f13697b005fb1ff9338fffda5,RobroKools/vad-bert,c4c659fd17dd5807572b3f0f577de8c408401ca7,3.0290310382843018,2.853111505508423,3.053407430648804
e6cdac1501c5bdef19cf148fcbfe730fefb4fb1773f36d741386519f3409d7dc,RobroKools/vad-bert,c4c659fd17dd5807572b3f0f577de8c408401ca7,3.0545976161956787,3.0398542881011963,3.162940263748169
34ff9b812aa8edde21b5e216693ee8c7c223cd17b916a4ac859dab9166e67780,RobroKools/vad-bert,c4c659fd17dd5807572b3f0f577de8c408401ca7,3.0309863090515137,3.0397539138793945,3.175822496414185
7d8c6ca07bc1a97b1893ef6f4c37adf060850601f648a3cf5204e109d8266dd2,RobroKools/vad-bert,c4c659fd17dd5807572b3f0f577de8c408401ca7,3.1471917629241943,3.026498556137085,3.168039321899414
06a0251213fdbf678204e20947af0281e0d79feb98a3a9c0a842714cf2b31439,RobroKools/vad-bert,c4c659fd17dd5807572b3f0f577de8c408401ca7,3.118061780929565,3.0772180557250977,3.2243194580078125
85392a0f935e9ff20b075ae95d7d895b7b97a503371d1bba4e18df425d41c29f,RobroKools/vad-bert,c4c659fd17dd5807572b3f0f577de8c408401ca7,3.0660512447357178,3.081226348876953,3.1489264965057373
f5391d8c4bae2748d6f960decaedb4916eac2cbe2a1b08007a8aa505a64b49d6,RobroKools/vad-bert,c4c659fd17dd5807572b3f0f577de8c408401ca7,3.020066499710083,3.044297695159912,3.142681360244751
a93b9a6a5556b94d9f24c4777674b20e5f3c233b5aacd6fdeae0981f5597e490,RobroKools/vad-bert,c4c659fd17dd5807572b3f0f577de8c408401ca7,3.135248899459839,3.1616995334625244,3.1414594650268555
b7efd8c5d0438a95a56d87784b6475274b61e218bd78a5c45c1226f86011bdb7,RobroKools/vad-bert,c4c659fd17dd5807572b3f0f577de8c408401ca7,3.0447041988372803,2.9296228885650635,3.125828981399536
3b0006e9e35633e3b7a1170bcf97eadd76fd79464fcb665cd55223e368b524cd,RobroKools/vad-bert,c4c659fd17dd5807572b3f0f577de8c408401ca7,3.086746454238892,2.9240801334381104,3.076749086380005
4d1ef424d208b289b7fefb835222338b0f2080818b3a3300e4c566ee209efc35,RobroKools/vad-bert,c4c659fd17dd5807572b3f0f577de8c408401ca7,3.0343921184539795,2.921835422515869,3.129348993301392
cdae95630a783c7b2ff5c33b65dc573a3040ae1c6a74b00cc5d3d42b7eb283b7,RobroKools/vad-bert,c4c659fd17dd5807572b3f0f577de8c408401ca7,3.011646270751953,2.9452593326568604,2.994098901748657
181873b9e07a40a905872615ed184bfcd6f3273a9029dacd6a2fa96a5aad0764,RobroKools/vad-bert,c4c659fd17dd5807572b3f0f577de8c408401ca7,3.0955750942230225,2.927956342697144,3.0775134563446045
49be1c5403c393d726a7422d3ea56327857a360b10c9d3841e7911966ee75961,RobroKools/vad-bert,c4c659fd17dd5807572b3f0f577de8c408401ca7,3.099781274795532,2.927347421646118,3.087366819381714
c289d18441fd156b0031669873776bf3e27e3b90a2c033a6d46d801640b81071,RobroKools/vad-bert,c4c659fd17dd5807572b3f0f577de8c408401ca7,3.1630873680114746,3.187741994857788,3.199227094650269
c685731317e62d58d117f5bac4c70c341741873c2c5c1d6b67ef223b43959902,RobroKools/vad-bert,c4c659fd17dd5807572b3f0f577de8c408401ca7,2.686687707901001,3.162119150161743,3.0379979610443115
f845ffc0bb22100fd36c606dc7210d45d423d19befef9b56698805658dbf6662,RobroKools/vad-bert,c4c659fd17dd5807572b3f0f577de8c408401ca7,2.996135950088501,3.1117751598358154,3.1992852687835693
1ee5ac2b815115134ecc9426e302825985bfd6bd07aa12a4f829d7d0f1181060,RobroKools/vad-bert,c4c659fd17dd5807572b3f0f577de8c408401ca7,2.9109108448028564,3.131987333297729,3.1657702922821045
d1b2cd23abaa407e7c87d9f49043199cf6b57c44a2bd07d47e6df7d9249304f9,RobroKools/vad-bert,c4c659fd17dd5807572b3f0f577de8c408401ca7,2.956554651260376,3.0650885105133057,3.184417486190796
9090654d1795f18850f344f881d8808f96aeffd30970550faecb74034ee3c3f9,RobroKools/vad-bert,c4c659fd17dd5807572b3f0f577de8c408401ca7,3.066972017288208,3.2406723499298096,3.172881364822388
1decf4a99cbf3b73035c90f1557e7ba330cd564b26430b7d0b96601ffda28245,RobroKools/vad-bert,c4c659fd17dd5807572b3f0f577de8c408401ca7,2.955188751220703,3.212766408920288,3.152892827987671
3309d2f66c5feff41106b527838447e90d47bb9bf97eda5b23a19558baf7bc24,RobroKools/vad-bert,c4c659fd17dd5807572b3f0f577de8c408401ca7,2.9191641807556152,3.058030605316162,3.1577188968658447
5eea6cb7422cd7f9fe7e987277fe29d54b06f7f3146b2c3dee879a9ae54669c6,RobroKools/vad-bert,c4c659fd17dd5807572b3f0f577de8c408401ca7,2.852201461791992,3.194964408874512,2.94917893409729
28928e96eb39a6e8417eb7d107e2437786f8bad67abe1edee17b3a75350ef7af,RobroKools/vad-bert,c4c659fd17dd5807572b3f0f577de8c408401ca7,2.851444959640503,3.216952323913574,3.0013911724090576
287f80f5b4a20f3283cfc9bec31898ebe195955a7b79d0585ad52ca231ab842e,RobroKools/vad-bert,c4c659fd17dd5807572b3f0f577de8c408401ca7,3.01350474357605,3.12287974357605,3.178098440170288
db668beae324150d38d9608e827fad6d8c55d030377fca32146afd75807d5d4d,RobroKools/vad-bert,c4c659fd17dd5807572b3f0f577de8c408401ca7,2.793736457824707,3.2400155067443848,3.0840437412261963
95b0d2844579587dfc663919a049d093400531a7e438731fcc1187370c4135e9,RobroKools/vad-bert,c4c659fd17dd5807572b3f0f577de8c408401ca7,2.7341959476470947,3.0628767013549805,3.0081629753112797
e257458b7bff989465692a383dc21800fb4966998adc0b93437fdc978339d8b7,RobroKools/vad-bert,c4c659fd17dd5807572b3f0f577de8c408401ca7,3.139204740524292,3.1555984020233154,3.3020031452178955
fc2aced3c917ef715f3b2fbd0d631c2c18760da64323e7cef22be8263b4b148d,RobroKools/vad-bert,c4c659fd17dd5807572b3f0f577de8c408401ca7,2.791912794113159,3.1740200519561768,3.2139909267425537
81a4d9011982c2a6fac3b2843d615431fc9014d782e8f0d598cb08668421e82b,RobroKools/vad-bert,c4c659fd17dd5807572b3f0f577de8c408401ca7,3.2076690196990967,3.2557461261749268,3.341832399368286
36686da730b83190c375bdca3cc8848f1edd17c06dbc79c8b8650f1e420b32bb,RobroKools/vad-bert,c4c659fd17dd5807572b3f0f577de8c408401ca7,3.0169246196746826,3.197796106338501,3.3790371417999268
ee9287d7c20cfd24f57d4ac5c8719592ec14f309e54588a71960658063a95876,RobroKools/vad-bert,c4c659fd17dd5807572b3f0f577de8c408401ca7,3.222541093826294,3.1556026935577397,3.248161554336548
869a8f5373c40da4b3ac85f37889a1821af1555f72093272cb5526d70f3d5933,RobroKools/vad-bert,c4c659fd17dd5807572b3f0f577de8c408401ca7,3.138903379440308,3.24814772605896,3.31416654586792
c381ecb1cad5d80e7ad8cdcfda87aa1c2b10ea421de91382179821e2e2952536,RobroKools/vad-bert,c4c659fd17dd5807572b3f0f577de8c408401ca7,3.229107141494751,3.2480084896087646,3.342318534851074
bdb504d5424241acfaf7643a4f66f653b5273646928c7a20f2dba7ae297cfc79,RobroKools/vad-bert,c4c659fd17dd5807572b3f0f577de8c408401ca7,3.0531041622161865,3.4071850776672363,3.3674113750457764
f73b044ec0d2f3d910efffe99a5a4a8131cdc89ba4d848869c4aadcbad0fa7b2,RobroKools/vad-bert,c4c659fd17dd5807572b3f0f577de8c408401ca7,3.300312757492065,3.181940078735352,3.4009366035461426
1d154568be0ba6c47595b27a8c2bf81088cd35818e975d7a91cf1e6c857d09f4,RobroKools/vad-bert,c4c659fd17dd5807572b3f0f577de8c408401ca7,3.2237887382507324,3.311633825302124,3.3194668292999268
b9b5e22fc111b488c105b82cba561616f18162586124bdc14a77fab834da4555,RobroKools/vad-bert,c4c659fd17dd5807572b3f0f577de8c408401ca7,3.276038885116577,3.198989152908325,3.3253300189971924
3e8617d4e24a5ba3c89e9abd9ca4e943fff427b3136b399e916546ae2c8252fd,RobroKools/vad-bert,c4c659fd17dd5807572b3f0f577de8c408401ca7,3.3027594089508057,3.3081576824188232,3.3284945487976074
6af9d5d7957d508394751315f81f846e0bb0799f769a996c5fa24d49902d3df5,RobroKools/vad-bert,c4c659fd17dd5807572b3f0f577de8c408401ca7,3.089627504348755,3.1953911781311035,3.338229894638061
7d5e9e11be9761ff2bc497cad94b6fefc63d5c0b0f0f01cf51b94f58f05dca09,RobroKools/vad-bert,c4c659fd17dd5807572b3f0f577de8c408401ca7,3.137901544570923,3.271109342575073,3.454340696334839
1a89a83918f94563db3ecf4659dbe0f3e29b2ca51ce9cf606d745b283a936c49,RobroKools/vad-bert,c4c659fd17dd5807572b3f0f577de8c408401ca7,2.9051144123077397,3.332399368286133,3.3226988315582275
34b21b2e48e10017ec9dba4126cfae2fe3fe16a9206f3807b1134d14a92d3fa9,RobroKools/vad-bert,c4c659fd17dd5807572b3f0f577de8c408401ca7,3.262505531311035,3.2371528148651123,3.4021074771881104
ad4fd0d31d1631004364e2871926eb62bd8478aae742861e0e27bc166d5b7f39,RobroKools/vad-bert,c4c659fd17dd5807572b3f0f577de8c408401ca7,2.912376642227173,3.148416519165039,3.420870542526245
162aaeac3352e3df5dbb26e633bcd0245c0842669d7b6a781b3ee998db51031c,RobroKools/vad-bert,c4c659fd17dd5807572b3f0f577de8c408401ca7,3.268288373947144,3.091708183288574,3.4320454597473145
01235d222ec50d56f64f76e63c383e44dadbacc3527a30d95e4c42802bad0547,RobroKools/vad-bert,c4c659fd17dd5807572b3f0f577de8c408401ca7,3.0690767765045166,3.0680949687957764,3.2802302837371826
dca53c435b76cb0aa57ea2f7871e952ea6009b4a20c5844d656201a5b45261bc,RobroKools/vad-bert,c4c659fd17dd5807572b3f0f577de8c408401ca7,3.0876171588897705,2.972613573074341,3.403617143630981
ace68edf7a824d054ad8af04eb82e5183accb291a4cfb1ac3df7e1e35eac708d,RobroKools/vad-bert,c4c659fd17dd5807572b3f0f577de8c408401ca7,3.1504123210906982,3.1361801624298096,3.2762370109558105
9a9c9fdb3c53d2257d085cabf3bddb69832180ef556271bba8486d3d5d6f1dd4,RobroKools/vad-bert,c4c659fd17dd5807572b3f0f577de8c408401ca7,3.283966302871704,3.2188398838043213,3.426361322402954
90b4c60b5fb62f9631450b25df48cccc0944ee6768707a565290303bb6191292,RobroKools/vad-bert,c4c659fd17dd5807572b3f0f577de8c408401ca7,3.0282633304595947,3.53683876991272,3.449313879013061
2ff2ba5a80f9f7b98b14b390ec1bc02c600d7e5ef2bcc6a3df3ae02c1ef77c5e,RobroKools/vad-bert,c4c659fd17dd5807572b3f0f577de8c408401ca7,3.029016733169556,2.9754977226257324,3.167303562164306
be18b82f8333db4a25837a65f38a42cf5a79c19124b65dbfef0d8948cff63999,RobroKools/vad-bert,c4c659fd17dd5807572b3f0f577de8c408401ca7,3.299281358718872,3.219700574874878,3.338908672332764
53e7f254946d2a6f05559516d3f223b1dc01f46ef553d034850b251b475ab6aa,RobroKools/vad-bert,c4c659fd17dd5807572b3f0f577de8c408401ca7,3.1599040031433105,3.445505142211914,3.5612733364105225
438b6d7262478e15ad03d1b0ce111d293b1c38ae3fa1c6dcc55ae12fb4720f4e,RobroKools/vad-bert,c4c659fd17dd5807572b3f0f577de8c408401ca7,3.1923952102661133,3.124476909637451,3.1921329498291016
aaf6b7e27906a4f12e290ae584fc5b3e6c45cef4aca6a71d6dd8ec8d4c4696c3,RobroKools/vad-bert,c4c659fd17dd5807572b3f0f577de8c408401ca7,3.131755113601685,3.383952140808105,3.301688432693481
2dc0b99e5cea4fb8d170ae90cac7a2b5f553a2afcd26676d8c5b3dd915682e60,RobroKools/vad-bert,c4c659fd17dd5807572b3f0f577de8c408401ca7,3.237705945968628,3.338193893432617,3.332432985305786
4485df11b31007fa57daba550e9f93e8a6aa31b5c76c161bac15ed2a029d6a80,RobroKools/vad-bert,c4c659fd17dd5807572b3f0f577de8c408401ca7,3.039180040359497,3.302978992462158,3.2328755855560303
a1c2046dc0e77d29f1a7d4da787bfaaa65433848b143c8b7aa0154ca6cdec953,RobroKools/vad-bert,c4c659fd17dd5807572b3f0f577de8c408401ca7,3.1366422176361084,3.480417966842652,3.3503150939941406
f062f98ef65dfd9aa2d56693a1056ff473809708446a60f51ec7ff97bf6af682,RobroKools/vad-bert,c4c659fd17dd5807572b3f0f577de8c408401ca7,3.082948446273804,3.453364133834839,3.47186541557312
c9f3442163b5e85608fa6e6e9c6d172fd12468b3f0e11a6957518c0845fd26af,RobroKools/vad-bert,c4c659fd17dd5807572b3f0f577de8c408401ca7,3.4340059757232666,3.3287079334259038,3.500123977661133
46df9ea2d7dd039d4b386fefccbd198b683a934018bd3b1ec0d1d7cdf75fcfd5,RobroKools/vad-bert,c4c659fd17dd5807572b3f0f577de8c408401ca7,3.021287441253662,3.1109488010406494,3.267333030700684
9d3189d1306c0bd5cef74a53295bd9f4a4651566c51ca9507ee1fb950f70d8a1,RobroKools/vad-bert,c4c659fd17dd5807572b3f0f577de8c408401ca7,3.0319550037384038,3.118720293045044,3.245732069015503
d88532005d0dad778d74bb844d1373d14b7c3aeba613c8d16b4648eafa92d3ca,RobroKools/vad-bert,c4c659fd17dd5807572b3f0f577de8c408401ca7,2.8932158946990967,3.1311681270599365,3.1904313564300537
9168328ee0cd78f5a379361462a2bba9d3fcb3298fce782540c424a2ad45ada9,RobroKools/vad-bert,c4c659fd17dd5807572b3f0f577de8c408401ca7,3.083669424057007,2.9225170612335205,3.23481559753418
0f09025603869df9b2d2ea9a28c8a533f773546df0aefc79048506163033708c,RobroKools/vad-bert,c4c659fd17dd5807572b3f0f577de8c408401ca7,2.8681211471557617,3.2210934162139893,3.435774803161621
41770e7f9b3d279c06fe8569e621949f37c0237fed67aca1efd1d529b3642c5c,RobroKools/vad-bert,c4c659fd17dd5807572b3f0f577de8c408401ca7,3.242476224899292,3.1203620433807373,3.3215887546539307
7293ae49adf8585aac4b16ce70494d684beb1122cf84c9169e965ae1e89eeb95,RobroKools/vad-bert,c4c659fd17dd5807572b3f0f577de8c408401ca7,3.0821030139923096,2.868757963180542,3.2904999256134038
f6ed13abefcbae8660aa4b322c8f376d9f439d239d4a44139ad3adf41720f8bf,RobroKools/vad-bert,c4c659fd17dd5807572b3f0f577de8c408401ca7,2.9932453632354736,3.1726315021514893,3.364332675933838
9b644e92e83170407446ebc9e1f4b9376003c61f021067599509438e7b74b2c7,RobroKools/vad-bert,c4c659fd17dd5807572b3f0f577de8c408401ca7,2.8632922172546387,3.185722827911377,3.1831705570220947
b2b1ebe1a9e9aafea348d1789232c9a3ce131b48895b72fdcdedba59b0432996,RobroKools/vad-bert,c4c659fd17dd5807572b3f0f577de8c408401ca7,2.786050796508789,3.018824338912964,3.27320408821106
c3c1550fe0c2b10922a24f67bda88771134791d2779406f007fb6a26403ba6cf,RobroKools/vad-bert,c4c659fd17dd5807572b3f0f577de8c408401ca7,3.146462202072144,3.109816789627075,3.411991834640503
94a2afcedc0915c29e334c22eb68997464c02f84401d8a8adddb58d88a60af1a,RobroKools/vad-bert,c4c659fd17dd5807572b3f0f577de8c408401ca7,2.851452589035034,3.156630277633667,3.1635282039642334
dd411e3e68a8c6470a648fb2088daccac0022366c314ad29f16b807521eaf013,RobroKools/vad-bert,c4c659fd17dd5807572b3f0f577de8c408401ca7,3.09072208404541,3.04895544052124,3.2156331539154053
221aafaeeb76c0514edd59611d1ab0701b7a32707be40664b7ef5c59aaa5b1d8,RobroKools/vad-bert,c4c659fd17dd5807572b3f0f577de8c408401ca7,2.5740106105804443,3.4177262783050537,3.141138792037964
39be34cbb4f36224fa98236999f400cdee3f9bc19ce7d880b545d59f6223e683,RobroKools/vad-bert,c4c659fd17dd5807572b3f0f577de8c408401ca7,3.113081216812134,3.1595418453216557,3.324482679367065
ff17c3c6b28ff2fc60c85178e559dbb3678ac893d6863da86ceb9f4e1cd2c475,RobroKools/vad-bert,c4c659fd17dd5807572b3f0f577de8c408401ca7,2.9451744556427,3.0086519718170166,3.206000566482544
78b0649991e2acf89ee59af33fccb2278a8b877b42f1563e0be728ecdc7aacd8,RobroKools/vad-bert,c4c659fd17dd5807572b3f0f577de8c408401ca7,2.910318613052368,3.1022961139678955,3.261000871658325
857fb4eebee28f5013d9783822ee87be9dc5defe43396c67bf1ea7e2d6b509cc,RobroKools/vad-bert,c4c659fd17dd5807572b3f0f577de8c408401ca7,3.071930408477783,3.126840829849243,3.2476885318756104
f9784380aca0249e6ac73d75e181c34001c0263fd5d01279b1d727d619e08dac,RobroKools/vad-bert,c4c659fd17dd5807572b3f0f577de8c408401ca7,3.039708375930786,3.014955759048462,3.1951563358306885
5d43a740e4e14c5a3303f936af99a8da3ca206e430cc5006130174c091e8849d,RobroKools/vad-bert,c4c659fd17dd5807572b3f0f577de8c408401ca7,3.2577931880950928,3.1302316188812256,3.343169450759888
e9692cc0078b2a426fef66b8bbbd6b264adebb98861dd7f4ac43b57fb277b3f9,RobroKools/vad-bert,c4c659fd17dd5807572b3f0f577de8c408401ca7,3.207933187484741,3.082073450088501,3.334281206130981
aaaabfd525fcc3eb2d6ce9d3a68591a1410eaf3ff50b27bc339e12e44ab24226,RobroKools/vad-bert,c4c659fd17dd5807572b3f0f577de8c408401ca7,3.2442076206207275,3.078589677810669,3.363857746124268
e39347bf9d35ec92dcd20b6c9bbc15527dd5ff2198cf52faa0544a30153b65fb,RobroKools/vad-bert,c4c659fd17dd5807572b3f0f577de8c408401ca7,2.7025816440582275,3.2095839977264404,3.094341516494751
36f9cfb0de4f5c364147e399301983bd9a2279c37913f123159ec2dc8859d6cb,RobroKools/vad-bert,c4c659fd17dd5807572b3f0f577de8c408401ca7,2.803212881088257,3.131887912750244,3.167200803756714
dd0db8d8bf4220eee7f1e8f4ac744c83759bcb3fd67ed7907136faf2c25670ce,RobroKools/vad-bert,c4c659fd17dd5807572b3f0f577de8c408401ca7,3.314476728439331,3.1084229946136475,3.332190990447998
dfb60bcff08cc6c6f02b9bdf0d3780697c8f580ef9db4d3acfd8d81b02489cf9,RobroKools/vad-bert,c4c659fd17dd5807572b3f0f577de8c408401ca7,2.981379270553589,3.0687177181243896,3.23594069480896
c929a70916b2d2201c49611896a98b4e9c279cff96a1a3102a1bb3c990f4f332,RobroKools/vad-bert,c4c659fd17dd5807572b3f0f577de8c408401ca7,3.0695555210113525,2.992098093032837,3.2461323738098145
39754086cd845f461dfe6c6fe7472747a6a390e5a541df30a9af3579ed435f93,RobroKools/vad-bert,c4c659fd17dd5807572b3f0f577de8c408401ca7,3.390977621078491,3.0960028171539307,3.394864082336426
47fe64d5c04f33ed80e98ccbec2a6a119ccbe51ea5696b10d0d4076565bb1f90,RobroKools/vad-bert,c4c659fd17dd5807572b3f0f577de8c408401ca7,2.8621580600738525,3.0611772537231445,3.119293451309204
00208f22fb65ffe9173425812e24e8904d491dc6da64837ef72b5042d0dc2a41,RobroKools/vad-bert,c4c659fd17dd5807572b3f0f577de8c408401ca7,3.21089768409729,2.96234393119812,3.230699300765991
17b9dea48220bff9491aa74e87e7ebc0dbf0e861a55261f7a08813ff15946c41,RobroKools/vad-bert,c4c659fd17dd5807572b3f0f577de8c408401ca7,3.257366895675659,3.0871829986572266,3.3051469326019287
0b226a7caaf9078ccc004e855ad73d21a9dbfdae3aec059bef29c03fba12cfcd,RobroKools/vad-bert,c4c659fd17dd5807572b3f0f577de8c408401ca7,3.068424224853516,3.2321245670318604,3.325287342071533
93ba6e9ef6e347f7b65bb829734b4ad22f8f14d5e5c32cfaa5e098dc99e2f34f,RobroKools/vad-bert,c4c659fd17dd5807572b3f0f577de8c408401ca7,3.1762936115264893,3.2750346660614014,3.3021819591522217
c8f1e8de62cddd408ce8096d6f3067c02adb75f92c89ecc24050112d1ea40d6a,RobroKools/vad-bert,c4c659fd17dd5807572b3f0f577de8c408401ca7,3.196085214614868,3.1306169033050537,3.289612293243408
b1af4737b78abd5f7c36db4f95967ddc6c3579d53bf42016665417d091489735,RobroKools/vad-bert,c4c659fd17dd5807572b3f0f577de8c408401ca7,2.909524917602539,3.193432569503784,3.098848819732666
a58a0bfe25faef261b97fa2e2e8e9741b6f5ce8742f12b32c9b55f13a0535adc,RobroKools/vad-bert,c4c659fd17dd5807572b3f0f577de8c408401ca7,3.050100088119507,3.340522527694702,3.2819859981536865
00911fd3ec4877655678cd9d12fc4f0c5ec884e3d5e9b13ff7e0e3938d1aeb2a,RobroKools/vad-bert,c4c659fd17dd5807572b3f0f577de8c408401ca7,3.0193564891815186,3.06949782371521,3.1870524883270264
266cb1b578e4a58c7f1404e4c8f2883e39132820171649f8bcf72264c2cf1d5a,RobroKools/vad-bert,c4c659fd17dd5807572b3f0f577de8c408401ca7,3.151030778884888,3.182098150253296,3.338149070739746
83de7d6b40c35b95e5cdaf2497a7a0778c218e06efe4d43d0dd78f261ac8f6f4,RobroKools/vad-bert,c4c659fd17dd5807572b3f0f577de8c408401ca7,3.1787595748901367,3.223295211791992,3.339559316635132
cf5530c0aa3c5a33beb9a1e56336f97c5bee67664154095b40ff81c9132a6fd7,RobroKools/vad-bert,c4c659fd17dd5807572b3f0f577de8c408401ca7,2.994250535964966,3.2302916049957275,3.158799886703491
4c849e564ed650207916004ec6d5ac23220b36a9e3797e01629bb33a121cd746,RobroKools/vad-bert,c4c659fd17dd5807572b3f0f577de8c408401ca7,3.163070678710937,3.3555033206939697,3.337933301925659
8d60100cfe28dc3fe2e9c1788b3f0722b0741244b73a01561ce5a547cbd725cf,RobroKools/vad-bert,c4c659fd17dd5807572b3f0f577de8c408401ca7,3.137293577194214,3.253461599349976,3.336817502975464
072b800cd1be0af3b7db8d5f26a3d4c54464e2a296a44ae33e036eb733d63d1d,RobroKools/vad-bert,c4c659fd17dd5807572b3f0f577de8c408401ca7,2.838348150253296,3.193140745162964,3.186601400375366
6129bf3d9d1bf0bb6687778f49f457e01559d216e0395d41995b40a567184266,RobroKools/vad-bert,c4c659fd17dd5807572b3f0f577de8c408401ca7,3.183565378189087,3.3481578826904297,3.3292224407196045
f711b44f2597b06675745bf11fc74a033ed8c5aaaa284a485ed51c7437257fd9,RobroKools/vad-bert,c4c659fd17dd5807572b3f0f577de8c408401ca7,3.250849723815918,3.312582015991211,3.336761713027954
68c4650b1e427a8425c43bc3dde13387ef33af00b939cdec9381009eb1a917f6,RobroKools/vad-bert,c4c659fd17dd5807572b3f0f577de8c408401ca7,2.9304277896881104,3.1355202198028564,3.0436456203460693
a23bb00820b354f70152dac95d663aed8d5af138388ad463f52c805e232a73fc,RobroKools/vad-bert,c4c659fd17dd5807572b3f0f577de8c408401ca7,3.1952812671661377,3.4831020832061768,3.326948881149292
827d7945729c7815307c44bec1b7c4c58e0b3c7e8030f4069983df46ddee478d,RobroKools/vad-bert,c4c659fd17dd5807572b3f0f577de8c408401ca7,3.0960071086883545,3.116391658782959,3.363011360168457
c20afdaf78319152907c48682dd4d4eff122b732b2e0aa3ae4dd3ec5525294aa,RobroKools/vad-bert,c4c659fd17dd5807572b3f0f577de8c408401ca7,3.0242276191711426,3.11449933052063,3.2005369663238525
7752d516c4df35fb6b56bf3bccbc11a0516da1a55c2cfd3011cf1d21555af307,RobroKools/vad-bert,c4c659fd17dd5807572b3f0f577de8c408401ca7,3.117459535598755,3.102644681930542,3.2397406101226807
190d346ecbe01e5d418c452684add7a6a2c5a8cf3476fb7383711c76b3e775ed,RobroKools/vad-bert,c4c659fd17dd5807572b3f0f577de8c408401ca7,3.0161068439483643,3.294936418533325,3.237776517868042
6000fce37210c3db6a8713bcf071c5382202a2795132fc999b7907f826da6135,RobroKools/vad-bert,c4c659fd17dd5807572b3f0f577de8c408401ca7,3.048908472061157,2.946514129638672,3.312230348587036
1ab7433a6b0829932bf3df661887392f0006f79062684cfb6bccc12d57696b8a,RobroKools/vad-bert,c4c659fd17dd5807572b3f0f577de8c408401ca7,3.0437891483306885,3.472968101501465,3.413471937179565
d0ad3e18e082d9ac5a748a6547e8ee0c01f86a8ef6f26d4e2d73a573a7026191,RobroKools/vad-bert,c4c659fd17dd5807572b3f0f577de8c408401ca7,3.083073616027832,3.0289647579193115,3.2019927501678467
012c4ee4abbef122963533428ead8f23bee4aa80c56eddcbb355f3fa38ea495a,RobroKools/vad-bert,c4c659fd17dd5807572b3f0f577de8c408401ca7,2.9702956676483154,3.11877703666687,3.1868879795074463
c2ffdfa2e629b9b45a429bd8042f5b9b9e707734385dcaed2b625de4eb5f4fcd,RobroKools/vad-bert,c4c659fd17dd5807572b3f0f577de8c408401ca7,3.294209241867065,3.0116307735443115,3.27510142326355
1df1ac4a4eff616b5fdfa92b1c84a38deb93e62e0542a80c9feabaa1eef85b28,RobroKools/vad-bert,c4c659fd17dd5807572b3f0f577de8c408401ca7,3.117720127105713,3.188743352890014,3.3781700134277344
dc45e04eb99425e26013627b011ffbbfd06ace4f5b1ad27c2a01fd806c8827d0,RobroKools/vad-bert,c4c659fd17dd5807572b3f0f577de8c408401ca7,2.894899845123291,3.10841965675354,3.2451212406158447
51ceaf1e429752abcbe254376b2aa8e06b3c5837661fb2bd0b11ca95dcf60d15,RobroKools/vad-bert,c4c659fd17dd5807572b3f0f577de8c408401ca7,3.1527273654937744,3.007702589035034,3.336960554122925
c4f2bc07ba52e6cd638800fe1a3d7227f4c62810f3106c1bb2cb83de44980f60,RobroKools/vad-bert,c4c659fd17dd5807572b3f0f577de8c408401ca7,3.1428956985473637,3.070204019546509,3.2850897312164307
596203817702e73f22775fb66a3fff636af1b9c93c1d44b33a3f85b73f52e414,RobroKools/vad-bert,c4c659fd17dd5807572b3f0f577de8c408401ca7,3.309077262878418,3.182804584503174,3.307617425918579
0e913ab8ccc7353f54ce93f13d5ec36e83ab97d88804d5c6f412e6588aa2538b,RobroKools/vad-bert,c4c659fd17dd5807572b3f0f577de8c408401ca7,3.2896854877471924,3.0087714195251465,3.247683048248291
eb4b2559436de0b7550ff950c92515b6a0cf170f4de65d3a1230990cea7ef424,RobroKools/vad-bert,c4c659fd17dd5807572b3f0f577de8c408401ca7,2.761044979095459,3.141331672668457,3.2075984477996826
5995a6f9520ef3f2b428530bde16f8e2f95019e2f5c1058e3cbd99497898c124,RobroKools/vad-bert,c4c659fd17dd5807572b3f0f577de8c408401ca7,3.0483131408691406,3.072479486465454,3.2701141834259038
d7860357ca661e8c3a8328ff6d7e2c0ebafc79ce8020c8eded911d14729b3d0d,RobroKools/vad-bert,c4c659fd17dd5807572b3f0f577de8c408401ca7,2.7387590408325195,3.1919078826904297,3.1856086254119877
3c30d4377ea8e6dc5c39c66aabaa5eee93c5e317889181cc0dff6be39e78c215,RobroKools/vad-bert,c4c659fd17dd5807572b3f0f577de8c408401ca7,3.204615354537964,3.0209803581237797,3.3088936805725098
b6269504b0f15fe0ca8b49af8c1eae5f6d595dbd485034f382b47ee0d9c3ed7a,RobroKools/vad-bert,c4c659fd17dd5807572b3f0f577de8c408401ca7,3.0422255992889404,3.217783212661743,3.3541884422302246
cc7c578dcc187037e4e3da3f2ea05a24744eb2c74385c07b5db1294c663f3cd8,RobroKools/vad-bert,c4c659fd17dd5807572b3f0f577de8c408401ca7,3.291445732116699,3.1363332271575928,3.317634105682373
0a563a3b4ee8f4ebd168dec6234e75d8341e3581a2d568c3f89fe552fa0dcff2,RobroKools/vad-bert,c4c659fd17dd5807572b3f0f577de8c408401ca7,3.12753701210022,2.978827714920044,3.289968729019165
4a3b3b826aa7967654f7f677afdd0a4854a064352303ac49b0ca522ab04f0f2f,RobroKools/vad-bert,c4c659fd17dd5807572b3f0f577de8c408401ca7,2.9990952014923096,2.917210102081299,3.11418080329895
7f7c8179794095464267d6b925c14256a531679ad5f013a0ac61bf5b1ee27648,RobroKools/vad-bert,c4c659fd17dd5807572b3f0f577de8c408401ca7,2.726205587387085,2.998854398727417,3.1124579906463623
5af043fd335213b220672f54720b30f6755014477d2ca8cc8c96f59d4c989a1a,RobroKools/vad-bert,c4c659fd17dd5807572b3f0f577de8c408401ca7,3.181318521499634,2.967756509780884,3.2388508319854736
7abb84ef6edb7d1e7baca3618878bee7aa64315e5dd3becb004daedb0ca5c5b8,RobroKools/vad-bert,c4c659fd17dd5807572b3f0f577de8c408401ca7,2.806901216506958,3.1361403465271,3.181014060974121
26ae8734fd4c3a8bd88b9a6819e8a213db2693932dc3d4b20f397a421010ad48,RobroKools/vad-bert,c4c659fd17dd5807572b3f0f577de8c408401ca7,3.263068914413452,3.0659282207489014,3.306995153427124
1cd617b4a0427450a2319eba884c560501c1aa62b015f5e9aeaa35d90fe786e7,RobroKools/vad-bert,c4c659fd17dd5807572b3f0f577de8c408401ca7,2.842886209487915,3.149133443832397,3.223508596420288
a0def86254b255615541f7120aada3b0c7068cc6e7940ccf0e83227f57bfbb0a,RobroKools/vad-bert,c4c659fd17dd5807572b3f0f577de8c408401ca7,3.2784485816955566,2.9585680961608887,3.397692918777466
c37f6a844914eab6b55e89495032965757c39dd9e8339ba14fd70bdf6aa440db,RobroKools/vad-bert,c4c659fd17dd5807572b3f0f577de8c408401ca7,2.8710525035858154,3.13515043258667,3.1146554946899414
226e78a2104fb1b1682d3eee85ed02f8e6e178babef97247c1cf52956a03c1c8,RobroKools/vad-bert,c4c659fd17dd5807572b3f0f577de8c408401ca7,3.143854141235352,2.904097557067871,3.269771099090576
fcca1b15ad1203808d43b595e747fa736b045df313356857f70b96dcef82de42,RobroKools/vad-bert,c4c659fd17dd5807572b3f0f577de8c408401ca7,2.8271048069000244,2.955197095870972,3.271204233169556
08ba05978111cf6fdb052908be3b17e8f31ef276f8787625270581287c13d739,RobroKools/vad-bert,c4c659fd17dd5807572b3f0f577de8c408401ca7,2.6457691192626958,3.2251148223876958,2.8052966594696045
dca187cf3d6be987917176750f24a31730fd7f6355b5d67244f2a2395226571e,RobroKools/vad-bert,c4c659fd17dd5807572b3f0f577de8c408401ca7,2.7709767818450928,3.2687695026397705,3.1801798343658447
6d74681f576ecd7e85827ef1fda86320c5d7fd21b5aae726248e7bee8d7d29ae,RobroKools/vad-bert,c4c659fd17dd5807572b3f0f577de8c408401ca7,2.783252000808716,3.207599401473999,3.091966390609741
9fcc4c13f8efce86e66f32efa0cc9da2a7975cd2dae0089cebbf0a761c71d067,RobroKools/vad-bert,c4c659fd17dd5807572b3f0f577de8c408401ca7,2.905129194259644,2.978993654251098,3.161726474761963
0d355a4bc061b30c806dcf761e7159bc937305bd30d7dc94fa2e2c1a78b1dda0,RobroKools/vad-bert,c4c659fd17dd5807572b3f0f577de8c408401ca7,2.7522895336151123,3.3918912410736084,3.2244951725006104
14c238bacadbe2c3a79736646b83dafc44711289330b6784d4c1f6d4dcd292ed,RobroKools/vad-bert,c4c659fd17dd5807572b3f0f577de8c408401ca7,2.82312560081482,3.140444278717041,3.1476519107818604
ca5a146dd0ad4cfc79f25505e752a91f56257bd4d10b7c7fec0cc1ff8cecece4,RobroKools/vad-bert,c4c659fd17dd5807572b3f0f577de8c408401ca7,3.1032066345214844,3.06152606010437,3.193706512451172
c683aa209acdfc069cb10ae3cf966070f96a26d529b9bf864a1299ea1a43e574,RobroKools/vad-bert,c4c659fd17dd5807572b3f0f577de8c408401ca7,2.753664970397949,3.199580669403076,3.082897186279297
965a0b8942ada4e5ef6fe53487dfd9fb8948ab3a2e8a8768aa2e272074d0b84b,RobroKools/vad-bert,c4c659fd17dd5807572b3f0f577de8c408401ca7,3.011598587036133,3.0305325984954834,3.194694995880127
d713767df8170fccea448f65c51f109f8d3fa95eb25a47e1de2672e39bac1865,RobroKools/vad-bert,c4c659fd17dd5807572b3f0f577de8c408401ca7,2.957671403884888,3.241344928741455,3.282932043075561
b64953c3cf5d612d05af2296ea28a22e20b42d1a47503ba5da5123b0ddc34a60,RobroKools/vad-bert,c4c659fd17dd5807572b3f0f577de8c408401ca7,2.798156261444092,3.185196876525879,3.242436647415161
9cbb3dc10a1f06929fcdec161944e520b54f3c2dedc1b7ea858bc5d9df21002a,RobroKools/vad-bert,c4c659fd17dd5807572b3f0f577de8c408401ca7,2.768348932266236,3.166450262069702,3.193186521530152
ebca1a3bf30b64df09bc559114bc7c7c21d0412410291f87c62edb2c91fead5a,RobroKools/vad-bert,c4c659fd17dd5807572b3f0f577de8c408401ca7,3.096596956253052,3.0057380199432373,3.260329008102417
961e20c2ecc0205d9c35fcca8b10755dd6f19e66705f3517669d42b4f2bf176f,RobroKools/vad-bert,c4c659fd17dd5807572b3f0f577de8c408401ca7,2.9499614238739014,3.0063483715057373,3.3082616329193115
b3c249878514d4e9a23a165197d018e00417f1e0a2346df25cdbbeb7ee44e933,RobroKools/vad-bert,c4c659fd17dd5807572b3f0f577de8c408401ca7,3.103048086166382,3.200157880783081,3.2227017879486084
d63e29a1a87e37eccf02dfd98e06a1462ac539c30cf38276c1becc1309745555,RobroKools/vad-bert,c4c659fd17dd5807572b3f0f577de8c408401ca7,3.1453661918640137,3.117960929870605,3.3168752193450928
37df87bd03191be7fec8a58b14ca0342c7853cc20ff120b76b6af2ff0d373b19,RobroKools/vad-bert,c4c659fd17dd5807572b3f0f577de8c408401ca7,3.0066072940826416,3.196763277053833,3.183720827102661
a6179e4f736b6a33a6c045bc09521cb283602fb5e71cfadea04cb7571f82d98b,RobroKools/vad-bert,c4c659fd17dd5807572b3f0f577de8c408401ca7,2.935514211654663,3.106555461883545,3.229526996612549
a2f84a307c5436b7ce4c9a37e334d950e24454c15e4f63042576a8df36b933ca,RobroKools/vad-bert,c4c659fd17dd5807572b3f0f577de8c408401ca7,3.025940179824829,3.1176717281341557,3.1731717586517334
8ea7292baafe173e03f024502cad1b28bee0a2d206410ad82cabcb774017363f,RobroKools/vad-bert,c4c659fd17dd5807572b3f0f577de8c408401ca7,2.9484384059906006,3.3236873149871826,3.2402284145355225
bbecb7b4dee2b500e4600f5c6ade3227c680cd3d13b8da2310cf91e1862dbb8f,RobroKools/vad-bert,c4c659fd17dd5807572b3f0f577de8c408401ca7,2.997462034225464,3.0920445919036865,3.2560269832611084
6961d31e7e16020a44da4a48d87b754d823dd35fe6747de37c908ec5fb606bc2,RobroKools/vad-bert,c4c659fd17dd5807572b3f0f577de8c408401ca7,3.2587263584136963,3.2100725173950195,3.3151628971099854
e0ed72240a47737151116c6bf4ee2d736e33d15abe624b125f58e05a6e935e49,RobroKools/vad-bert,c4c659fd17dd5807572b3f0f577de8c408401ca7,3.419684410095215,3.2399399280548096,3.242960214614868
564ffb4de6df5d48ec6ceb4550c27b5c66d2a20f92e893d4a248133bc2a80643,RobroKools/vad-bert,c4c659fd17dd5807572b3f0f577de8c408401ca7,3.2131474018096924,3.15126371383667,3.336765050888061
c239ce624038c9f41f4f58cad31693bf5c4d2cded1859864874d1f70e6e5344a,RobroKools/vad-bert,c4c659fd17dd5807572b3f0f577de8c408401ca7,2.966625452041626,3.2251999378204346,3.4701335430145264
226d39e19d2bf6e2fba113283ecb64919943100ce1028bf8752413df5ef7c2ef,RobroKools/vad-bert,c4c659fd17dd5807572b3f0f577de8c408401ca7,3.092624425888061,2.996922731399536,3.550556898117065
f7da3755587187a574e49998282ec315258ff8e64678b4556dc31892732304a6,RobroKools/vad-bert,c4c659fd17dd5807572b3f0f577de8c408401ca7,2.9344913959503174,3.391329765319824,3.5332300662994385
175296cbf4c8523e1743cf109419f8cd33f136f80711ad4e9052551b156cf415,RobroKools/vad-bert,c4c659fd17dd5807572b3f0f577de8c408401ca7,3.196333169937134,3.131503105163574,3.3066844940185547
8d6912526f77c3641c1de62ab861aaba33ee59e69ca97037e56a8facffb4411a,RobroKools/vad-bert,c4c659fd17dd5807572b3f0f577de8c408401ca7,2.897169828414917,3.2773313522338867,3.430133104324341
2f7dcc00300a66ff6d0c9deca42a5a3a1486e35be53f037708a996e448c4cf28,RobroKools/vad-bert,c4c659fd17dd5807572b3f0f577de8c408401ca7,3.053736448287964,3.3880794048309326,3.485459089279175
8021825a8e3ae668c3da4c3a9f3fd2412661d8ff3102be33acf9142fa9ef399e,RobroKools/vad-bert,c4c659fd17dd5807572b3f0f577de8c408401ca7,3.150263547897339,2.98628830909729,3.252448797225952
5a8d407aaabeb71d86426dd83fb73fc1f59dd6694b6cb66e87bb38059aaee117,RobroKools/vad-bert,c4c659fd17dd5807572b3f0f577de8c408401ca7,3.1764938831329346,3.0201287269592285,3.212066888809204
7e2a89bfc24ea8e851f6704325ad76582b967d6ce67b68c32b4806c1fad1e8e6,RobroKools/vad-bert,c4c659fd17dd5807572b3f0f577de8c408401ca7,2.992961883544922,3.182619333267212,3.288735866546631
aa02d4a574a3fed7920389250d3442c142743600f3129bd84a2fb52dbc4a5e6c,RobroKools/vad-bert,c4c659fd17dd5807572b3f0f577de8c408401ca7,3.2349743843078613,3.1954712867736816,3.2195112705230717
5a8da9ddf7d31006acd52f576a9edd915781e01261d9c747edb9a004c303e9cb,RobroKools/vad-bert,c4c659fd17dd5807572b3f0f577de8c408401ca7,3.014820337295532,3.134218454360962,3.307896137237549
67ed74c9c46b9a8432cba3b0a0cb28a85b7f68f8cdfb697631dc6488234c3240,RobroKools/vad-bert,c4c659fd17dd5807572b3f0f577de8c408401ca7,3.0090832710266118,3.1052675247192383,3.1973564624786377
8981bdc69ba0ddd2e85f8287883bda28073759723bb19bcdcf1a6e096a78ff3d,RobroKools/vad-bert,c4c659fd17dd5807572b3f0f577de8c408401ca7,2.9126973152160645,3.0724451541900635,3.206768274307251
9a34d460d8efb85f7b87452e9f2ce4d23e00e8bcfed3a711a0e97154d4a24ae7,RobroKools/vad-bert,c4c659fd17dd5807572b3f0f577de8c408401ca7,3.001270055770874,3.064838171005249,3.1803367137908936
8e91b3a05c2de28554ef5b9a3dec9ada327f8cfd72c76d8bccab7974d860eaa7,RobroKools/vad-bert,c4c659fd17dd5807572b3f0f577de8c408401ca7,3.2172462940216064,3.0676581859588623,3.2358901500701904
689cb0b17f89478aa6f63b367cda45b46cb9b52e73aebba210953d2caaef8ce5,RobroKools/vad-bert,c4c659fd17dd5807572b3f0f577de8c408401ca7,3.038344621658325,2.9737436771392822,3.3240268230438232
bbcf89560763a817f50d77909c4c7506b8f5f23e601d0313d48e1b6222446e31,RobroKools/vad-bert,c4c659fd17dd5807572b3f0f577de8c408401ca7,3.071321964263916,3.2230093479156494,3.4669439792633057
ddb3465576adaa81b9aaf6e795f29d4ae9de436f285d08e4bf4cdc14cbe8b43c,RobroKools/vad-bert,c4c659fd17dd5807572b3f0f577de8c408401ca7,3.1276252269744877,2.984005212783813,3.433182954788208
e9abcb9b2352f353c738c445e770f8f915c0f7d8bde857c15c311190115d9c5b,RobroKools/vad-bert,c4c659fd17dd5807572b3f0f577de8c408401ca7,3.025235652923584,3.3359832763671875,3.4821736812591557
6b43a52ce050fb9b8d16eb1632ad1cded29241cc22dc6b771fbe8f6f034ca9cf,RobroKools/vad-bert,c4c659fd17dd5807572b3f0f577de8c408401ca7,2.9856178760528564,3.1002964973449707,3.4238669872283936
870f9dff86a0558f8d4ac181f6ce1ce2137770ec7779385678d04dae96b37f66,RobroKools/vad-bert,c4c659fd17dd5807572b3f0f577de8c408401ca7,3.2031612396240234,3.037660598754883,3.386769771575928
433f23e2d7f9dcad37904d972ae466122bbc161a8195d914221ec9404f5d9086,RobroKools/vad-bert,c4c659fd17dd5807572b3f0f577de8c408401ca7,2.554823398590088,3.2370235919952397,3.0515029430389404
41f6a406ca7acc55cf825b51ff82068677ef5a175a1a6090f79c827727fd3c92,RobroKools/vad-bert,c4c659fd17dd5807572b3f0f577de8c408401ca7,2.8157026767730717,3.146301507949829,3.0548198223114014
20122bdb4a3d80503175463b2677b30e470b25619bfbc80a99d73db25a764d7d,RobroKools/vad-bert,c4c659fd17dd5807572b3f0f577de8c408401ca7,2.845705270767212,3.1517412662506104,3.101167917251587
eb1d8ae8516f8710ea7a5fe9642016d45d89165f8ab0ee1297518925c1ab7dcc,RobroKools/vad-bert,c4c659fd17dd5807572b3f0f577de8c408401ca7,2.7638604640960693,2.9969921112060547,3.0459256172180176
f0df4a9fdc121767e274de9d718e3aa23d15273b8dbab39bc7d3008d5bf0ed8f,RobroKools/vad-bert,c4c659fd17dd5807572b3f0f577de8c408401ca7,2.648395299911499,3.2231056690216064,3.1345019340515137
a8ff713d67661f740cd363bcfd12c6c8b73d490eae259643d0c5efae8ef1e39b,RobroKools/vad-bert,c4c659fd17dd5807572b3f0f577de8c408401ca7,2.6999659538269043,3.0741701126098637,3.0382025241851807
109940b03cb5cc14f3b22093fc56d420186c9cff7aab3565022e009bcc61ae5a,RobroKools/vad-bert,c4c659fd17dd5807572b3f0f577de8c408401ca7,2.858654022216797,3.0719549655914307,3.150941848754883
fd87d45eefee93c2f6e5ce4c1fd2864fc7e63e100fd6bbc0d527ce1fc53e5337,RobroKools/vad-bert,c4c659fd17dd5807572b3f0f577de8c408401ca7,2.878089666366577,3.2676401138305664,3.203376054763794
992d7e4f90a15032f9e072255391c2ef413a07e1f7d56c2b6f652e4031fc6615,RobroKools/vad-bert,c4c659fd17dd5807572b3f0f577de8c408401ca7,2.706751823425293,3.213172674179077,3.049163818359375
d621a7a69ce9d2cf1cc43585cc4afb37da330797d90e18ce21f738e94cacaa52,RobroKools/vad-bert,c4c659fd17dd5807572b3f0f577de8c408401ca7,3.045572519302368,2.92954421043396,3.236829996109009
8619e7c87a856a28e5cdc63ca9f9c99286c05b251a80b9cd33bdaa15a73a5859,RobroKools/vad-bert,c4c659fd17dd5807572b3f0f577de8c408401ca7,2.7760672569274902,3.176673173904419,2.924146175384521
57035d65f46c8d9c92af61e24f06e71fa0fb3934427f1a85318c55ee9b04b9d8,RobroKools/vad-bert,c4c659fd17dd5807572b3f0f577de8c408401ca7,2.885249137878418,3.225627899169922,3.389343738555908
82f5baf178da48e17d2076fc00586eb98f1ff5b69d13f93e3c7c85afd7a0707a,RobroKools/vad-bert,c4c659fd17dd5807572b3f0f577de8c408401ca7,2.9983150959014893,2.9748222827911377,3.2914257049560547
15887e848383f573cb22c02f1779bd8a0ec9a300a872d0ceae3c787e5f17f88a,RobroKools/vad-bert,c4c659fd17dd5807572b3f0f577de8c408401ca7,2.947006702423096,3.101779699325561,3.181222915649414
51a33560e1314c811aa56ea8116a7811cd070d6bbc641ef0b7cd6910c10aefdc,RobroKools/vad-bert,c4c659fd17dd5807572b3f0f577de8c408401ca7,2.569277048110962,3.2592597007751465,3.159551858901977
b273d3b510b0d15e8b19dd9b3ac083573f7212bd46742a6fd0b64168830d5685,RobroKools/vad-bert,c4c659fd17dd5807572b3f0f577de8c408401ca7,2.98671817779541,3.0369713306427,3.2328803539276123
327472b8481731cffe84191969de8421880d7f992818e13a4ad85221d022f120,RobroKools/vad-bert,c4c659fd17dd5807572b3f0f577de8c408401ca7,3.010904312133789,3.137462854385376,3.312788724899292
009ce7ccfa25c3eaf778073df9a8f55b194d25797a0ca79bf669bc01f6e73c9a,RobroKools/vad-bert,c4c659fd17dd5807572b3f0f577de8c408401ca7,2.8472683429718018,3.130068063735962,3.1079604625701904
2d995442a1e9953d70a9d992fe7383c352472baf80786888559e8a60fbacb3dc,RobroKools/vad-bert,c4c659fd17dd5807572b3f0f577de8c408401ca7,2.9735114574432373,3.1338164806365967,3.1365058422088623
0cb541fd2400782b1a5237576166993ab9fa6ae4b7351a43bdaa6055b08812a3,RobroKools/vad-bert,c4c659fd17dd5807572b3f0f577de8c408401ca7,2.516865491867065,3.1367299556732178,3.1229074001312256
c15ef58007144678bf50aebbfa70e4061caf258f41722d496bb31022b2e74436,RobroKools/vad-bert,c4c659fd17dd5807572b3f0f577de8c408401ca7,2.9931440353393555,3.0495264530181885,3.140291929244995
5172a3111c150f4c6717d199a01a3803811db4bed89dd234b2a75f1a6ca25bf2,RobroKools/vad-bert,c4c659fd17dd5807572b3f0f577de8c408401ca7,2.8439385890960693,3.0327889919281006,3.079910516738892
96ea141531511177b2afecd415968209367dd23847edbbae6642b5dddcd5bd09,RobroKools/vad-bert,c4c659fd17dd5807572b3f0f577de8c408401ca7,2.9616973400115967,3.0891592502593994,3.292825222015381
09b27ab2abf1d961254166de27d0374dff941a5692b50ffec45e42c7980d80ec,RobroKools/vad-bert,c4c659fd17dd5807572b3f0f577de8c408401ca7,2.9743282794952397,2.903876543045044,3.209671974182129
9351f7821cc93ab481f775f2dd2eda3fa1e2013b7ece7ce2b97535548c2c2aa5,RobroKools/vad-bert,c4c659fd17dd5807572b3f0f577de8c408401ca7,2.905339002609253,3.1592137813568115,3.17950439453125
15cf85e184884352c6515787006dbaf219b477c32703e86a461917f37697d68f,RobroKools/vad-bert,c4c659fd17dd5807572b3f0f577de8c408401ca7,2.955538272857666,3.0896248817443848,3.109550714492798
2b98147eee8db33377f48c25e1acc377907bd1f48d9647e10603c52f657e0893,RobroKools/vad-bert,c4c659fd17dd5807572b3f0f577de8c408401ca7,2.847700834274292,3.0922422409057617,3.2453269958496094
3f94d4ee38ebeaab38c6b9acaecba07643a3fe8573ad16e7cf073a8f01a34add,RobroKools/vad-bert,c4c659fd17dd5807572b3f0f577de8c408401ca7,3.016862630844116,2.8874928951263428,3.1547720432281494
87b261b2ed9f39281852189ba55075766096a08045c7471f93bb7883dd9096ff,RobroKools/vad-bert,c4c659fd17dd5807572b3f0f577de8c408401ca7,3.0414178371429443,3.084549188613892,3.142502784729004
1fe3c7fb63c7cb5985262596da25a7a9cd4073dd6060bdaf3a25a2629d1a1f31,RobroKools/vad-bert,c4c659fd17dd5807572b3f0f577de8c408401ca7,2.991257429122925,3.038080930709839,3.262031316757202
4c937beffaa51223f75d34094fc82a8fb8dd40329885a8382a3de80a9e32f47e,RobroKools/vad-bert,c4c659fd17dd5807572b3f0f577de8c408401ca7,3.012956380844116,3.0453286170959477,3.18677830696106
c07d01c1212c4722951ea0133f9f973c7ed9260a298cc66095c359b4facfb09d,RobroKools/vad-bert,c4c659fd17dd5807572b3f0f577de8c408401ca7,2.91421127319336,3.011414051055908,3.200897693634033
4d02515cf40210e17b5e76afaf8f1f6a5d61f078a20bb18dab4438f94f069da9,RobroKools/vad-bert,c4c659fd17dd5807572b3f0f577de8c408401ca7,3.147512674331665,3.0350637435913086,3.263159990310669
676c312d5533c25e071df39e702fc582b2a46fb6684498d8ffea9ee1abf82989,RobroKools/vad-bert,c4c659fd17dd5807572b3f0f577de8c408401ca7,3.116131544113159,2.8760945796966557,3.17696475982666
d0d59dcf79fe365b3414d08e6aa773157d54dfb21e224778f4ae2a5951ac5f68,RobroKools/vad-bert,c4c659fd17dd5807572b3f0f577de8c408401ca7,3.0939583778381348,3.2730720043182373,3.270707607269287
0a13eb92fe94174ef9ae6134185594d2948c869d7f5552c4a62ce226c3f2aded,RobroKools/vad-bert,c4c659fd17dd5807572b3f0f577de8c408401ca7,3.070919752120972,3.0003676414489746,3.2947442531585693
e51662d5779ec2ff5e1fe57c873b8b457a5a5ddf594ead7a3117f94bfdd84d2c,RobroKools/vad-bert,c4c659fd17dd5807572b3f0f577de8c408401ca7,3.229487657546997,3.0844883918762207,3.211549997329712
9de025db46df0a945ddfe2078339d35a31dd51a71687b2adef671eaefef372f2,RobroKools/vad-bert,c4c659fd17dd5807572b3f0f577de8c408401ca7,2.9402787685394287,3.025330781936645,3.257671594619751
d8d48e71a372edcb8cf63bdce2cd0e14592be1b60cc8633bc416a84bb7bdd958,RobroKools/vad-bert,c4c659fd17dd5807572b3f0f577de8c408401ca7,3.249654769897461,3.029104471206665,3.278218984603882
035a062e289226b2e5b2b50099e1f37944c8b407c20f07fc792291447dfbdaf7,RobroKools/vad-bert,c4c659fd17dd5807572b3f0f577de8c408401ca7,3.1111650466918945,3.0172488689422607,3.370316743850708
ccb34c396fc8578de73b7a9f62770fdbd98c4e7be8a8ba7fd29bbe56a8569cd2,RobroKools/vad-bert,c4c659fd17dd5807572b3f0f577de8c408401ca7,3.1314101219177246,3.099892854690552,3.26772141456604
6ebfb1f64c4b739e7e267ad9c0c5320c91cdc4df58beb2759c0f91609aeb621a,RobroKools/vad-bert,c4c659fd17dd5807572b3f0f577de8c408401ca7,3.1319069862365723,2.8735835552215576,3.1772396564483643
120a035f7c1ca6b4fad514fb6fb20afd04f469da26bb0075c7afe2982fd810cf,RobroKools/vad-bert,c4c659fd17dd5807572b3f0f577de8c408401ca7,3.187976598739624,3.114968776702881,3.234377145767212
859b2e75d1813f9f74b5d125736d0fab0281ba02c765b88f64a285902a4677e6,RobroKools/vad-bert,c4c659fd17dd5807572b3f0f577de8c408401ca7,3.1727750301361084,3.0802881717681885,3.2548987865448
f1dc5f9e6b350fd2155cdae2a4992156d76b17a5549da97becad1c6a313aa12b,RobroKools/vad-bert,c4c659fd17dd5807572b3f0f577de8c408401ca7,3.165940999984741,3.0857741832733154,3.323275327682495
5c153b92d86325c8ecc48179bf7b2ca0c3983e1d7577bda646164876f9b9b9ec,RobroKools/vad-bert,c4c659fd17dd5807572b3f0f577de8c408401ca7,3.2768845558166504,3.2659730911254883,3.323875188827514
0281ff684cf2f266f39fb7b48e6a9be6b40bd30eb11168314194369f43405c85,RobroKools/vad-bert,c4c659fd17dd5807572b3f0f577de8c408401ca7,3.199277877807617,3.062453508377075,3.2851407527923584
dec58ed001b63cf4ccad42ac81280add87c0172ce411cd0cf8aa678624aa2df5,RobroKools/vad-bert,c4c659fd17dd5807572b3f0f577de8c408401ca7,3.21195387840271,3.144394636154175,3.2544124126434326
bd05d6566d2c226e5465a2e9b54e5cdbdcd952ade1772a9fbc1d472eafdacca4,RobroKools/vad-bert,c4c659fd17dd5807572b3f0f577de8c408401ca7,3.0234375,3.304583072662353,3.41091251373291
d6e4f6573abc3898014190a7e004fc573d68fe5b9e3819053bad640349ae2cb1,RobroKools/vad-bert,c4c659fd17dd5807572b3f0f577de8c408401ca7,3.233090877532959,3.0520565509796143,3.227128028869629
d77d6f56311630865c4f29528a086c05b700447ee0626f5c8bbe7acd59fe7393,RobroKools/vad-bert,c4c659fd17dd5807572b3f0f577de8c408401ca7,3.2897286415100098,3.047813892364502,3.2742018699646
2b552875ef0ada2adab3312ccc46420a802474eea7997b364d9dea02c1f1d80d,RobroKools/vad-bert,c4c659fd17dd5807572b3f0f577de8c408401ca7,3.2109909057617188,2.956405639648437,3.223984479904175
f781c98af49c1e927ab41c100eb18b3b9b36526b78099b4692fbc37ea1efea20,RobroKools/vad-bert,c4c659fd17dd5807572b3f0f577de8c408401ca7,3.170027017593384,3.138620138168335,3.1436002254486084
6f5355f2cefedbb71ce6ea49fd11799116caee2efb31a80a9a64df8bd254b339,RobroKools/vad-bert,c4c659fd17dd5807572b3f0f577de8c408401ca7,3.293423891067505,3.0642647743225098,3.264237642288208
3dbb6289745e845be5497d32bac123bb15b79d14445eddee2f6f835b0268b71d,RobroKools/vad-bert,c4c659fd17dd5807572b3f0f577de8c408401ca7,3.18621563911438,3.051691055297852,3.203114748001098
72b884e29b96c92c580343ab448c2a0f084d9a997ee56bfd28ad503507fcb7df,RobroKools/vad-bert,c4c659fd17dd5807572b3f0f577de8c408401ca7,3.1958320140838623,3.098384141921997,3.260357618331909
484be4efa4042f49a2c79d2e20b1cd6eac08ea9a58f8e4edf0941209e2860b4d,RobroKools/vad-bert,c4c659fd17dd5807572b3f0f577de8c408401ca7,3.244486093521118,3.136380434036255,3.198009729385376
b7346d2f23c6b6757d8b4a250c9691528477e5635adddd63c67f0669598eeacd,RobroKools/vad-bert,c4c659fd17dd5807572b3f0f577de8c408401ca7,3.244105100631714,3.1365976333618164,3.1782071590423584
514b352ca0701aaf590eafd1d00896ee19c19f6374a50a86c5f65423b4f8f256,RobroKools/vad-bert,c4c659fd17dd5807572b3f0f577de8c408401ca7,3.2729275226593018,2.958127975463867,3.2477195262908936
7f08c8e6c96d964292db158fda8448e5f3488b100609cc883137fbf735d079bd,RobroKools/vad-bert,c4c659fd17dd5807572b3f0f577de8c408401ca7,3.176374912261963,2.941505193710327,3.320531129837036
513722d08e5e07cf39c1e55724fdc63bb711fc7268d06879e8deea510a6fea68,RobroKools/vad-bert,c4c659fd17dd5807572b3f0f577de8c408401ca7,3.0419273376464844,2.950115442276001,3.068183898925781
5ecbe5883161118fa32ca1b8779c364cd01e07208ba3decaf8b5c7934530ac4e,RobroKools/vad-bert,c4c659fd17dd5807572b3f0f577de8c408401ca7,3.1259424686431885,2.9313337802886963,3.1427900791168213
6eb955cf879305633e75af1f7fe18b42298f488ecab0090bfe51ed9d4c95e849,RobroKools/vad-bert,c4c659fd17dd5807572b3f0f577de8c408401ca7,3.198218822479248,3.028303384780884,3.244755744934082
fd0767698f10aeaac0e80a15cb2c2bec60ff32436ec8de93b0e1bf6f90272306,RobroKools/vad-bert,c4c659fd17dd5807572b3f0f577de8c408401ca7,3.277986764907837,3.004403591156006,3.2438595294952397
b01c15e5f0bb77e29c361b89e76c916f9b1ff329fb852ea3ccbd8783e43a34c8,RobroKools/vad-bert,c4c659fd17dd5807572b3f0f577de8c408401ca7,2.99099349975586,3.300721883773804,3.317714214324951
827d1fd09c217ebe3119a2071d6b5c32d2ee8e2772fb413761b44d0c71753119,RobroKools/vad-bert,c4c659fd17dd5807572b3f0f577de8c408401ca7,2.8711369037628174,3.1938438415527344,2.911041021347046
db3ff68cdb794efee32b0014b8991e0859779d4c03ccc718063c866ce7cf98e2,RobroKools/vad-bert,c4c659fd17dd5807572b3f0f577de8c408401ca7,2.7958872318267822,3.036262273788452,3.1447150707244877
a4c9f60983ea1da19ad0f53924b6591dad4c85d4de71aaa3fdb93592f5e09a55,RobroKools/vad-bert,c4c659fd17dd5807572b3f0f577de8c408401ca7,2.985290050506592,3.1267547607421875,3.084186792373657
388d0563068512f2d093bef64c1545aeb5c612a0340524cd5b4036f421fe1069,RobroKools/vad-bert,c4c659fd17dd5807572b3f0f577de8c408401ca7,2.742790460586548,3.325468778610229,3.2413084506988525
ac6309e4fa30c39decfd3399b6a3da183a524a3fced32874dab45ad3b9658326,RobroKools/vad-bert,c4c659fd17dd5807572b3f0f577de8c408401ca7,2.658529996871948,3.227876901626587,3.2253921031951904
15cd6c75af5b5e59146449f8db42959bcd49b6e3152b70672b4607b3230b9aa6,RobroKools/vad-bert,c4c659fd17dd5807572b3f0f577de8c408401ca7,3.015372037887573,3.0272059440612797,3.152399063110352
13925aa98c3fb09e2c9b4fc415fae785f92b1fba97b32161168cd0e6056bdce7,RobroKools/vad-bert,c4c659fd17dd5807572b3f0f577de8c408401ca7,3.1290290355682373,2.947317123413086,3.255430221557617
e92ed1c2af23905aaafa23e83f68ee139c8d1ba6b37223404888e582bf2485e3,RobroKools/vad-bert,c4c659fd17dd5807572b3f0f577de8c408401ca7,2.982285976409912,2.868860006332397,3.131244659423828
10f19c01b2801403185bf3c8623ed51206514bb30fd7c25764603db85947c99d,RobroKools/vad-bert,c4c659fd17dd5807572b3f0f577de8c408401ca7,2.997549772262573,3.043608903884888,3.156290054321289
d0575448f4a621139bc2a440f1fc55f034323ea8a893f454939950575242e9c8,RobroKools/vad-bert,c4c659fd17dd5807572b3f0f577de8c408401ca7,2.9509057998657227,3.116363525390625,3.070194959640503
8e637cb4d87fb3571c39e2468d61f7450e3c86ea17c5a46e7efb94c711950d1d,RobroKools/vad-bert,c4c659fd17dd5807572b3f0f577de8c408401ca7,2.9841396808624268,3.015031337738037,3.184520959854126
7ddca259c4ee11b740fe242de0fe923e749c8e8430c7266bfe1bc77aa522c43b,RobroKools/vad-bert,c4c659fd17dd5807572b3f0f577de8c408401ca7,2.9617414474487305,2.8157074451446533,3.220349073410034
f76c89ce7e599b29656d8afdc26ed6230160691a7d303e2d3d4645d23674b124,RobroKools/vad-bert,c4c659fd17dd5807572b3f0f577de8c408401ca7,3.039879083633423,2.95261549949646,3.131708860397339
f6cfab8e1c8e5bdb8da097b7d3fd4bbf428d2cc8a327b804332ce6eeb56cd2a4,RobroKools/vad-bert,c4c659fd17dd5807572b3f0f577de8c408401ca7,3.066955804824829,3.119677782058716,3.215116262435913
e39bc03c58a38cedd179b496a9cd3b484d7cb54aac90b4be61c66ea150b09700,RobroKools/vad-bert,c4c659fd17dd5807572b3f0f577de8c408401ca7,3.017305374145508,3.039672613143921,3.134488344192505
2146458b0acd4fe04825a750dfef22641d9c3148c4cc3779ca6df3a7f56991bb,RobroKools/vad-bert,c4c659fd17dd5807572b3f0f577de8c408401ca7,2.799835205078125,3.0511958599090576,3.16858172416687
3d3f63e6633091a8fc7b5571b180133324e285a71e3e87833b7eca53ba440653,RobroKools/vad-bert,c4c659fd17dd5807572b3f0f577de8c408401ca7,2.8018128871917725,2.9489433765411377,3.105703115463257
2311fde1eaffd1836fed3c0600de912f0b72999fc3f0fd2596f01af4f44bef2a,RobroKools/vad-bert,c4c659fd17dd5807572b3f0f577de8c408401ca7,2.6279096603393555,3.242032051086426,3.009453296661377
fd5f9d9eb92aa1ae1ec1da398f2f38516fb724b931ac7e53e614877ac3262b26,RobroKools/vad-bert,c4c659fd17dd5807572b3f0f577de8c408401ca7,2.640712022781372,3.2449874877929688,3.166599988937378
c04d9e6d7ae20cfda459235e94251e9cb8681fdc3af9186376666acb01df8bb4,RobroKools/vad-bert,c4c659fd17dd5807572b3f0f577de8c408401ca7,2.697040557861328,3.1361663341522217,3.1061177253723145
5267062d4651634bff38425b035e6376bd7ec5f179f1dcf59de0bc16ba153348,RobroKools/vad-bert,c4c659fd17dd5807572b3f0f577de8c408401ca7,2.64198637008667,3.084587574005127,3.120921850204468
d5fe164915c0cc8df7bff90d15835d5ffbff4b7f2154c2af358ec6f33b40fe7c,RobroKools/vad-bert,c4c659fd17dd5807572b3f0f577de8c408401ca7,2.571272611618042,3.1085526943206787,3.116129875183105
aff49f99f337d1ad1526c4d4fa4480b61563e38ce93e565ff79c5117bf9b2f5c,RobroKools/vad-bert,c4c659fd17dd5807572b3f0f577de8c408401ca7,2.5409157276153564,3.2574028968811035,3.0817646980285645
e1ff0a2d817b2bb1b88909d2ec16e0bb81493af3f974230e0a2ac4095b8378d9,RobroKools/vad-bert,c4c659fd17dd5807572b3f0f577de8c408401ca7,2.6749305725097656,3.146936655044556,3.1681079864501958
604d519bd36e128380c9b7da87ed387107f42253457815978dfbb8f884c96e1a,RobroKools/vad-bert,c4c659fd17dd5807572b3f0f577de8c408401ca7,2.7355332374572754,3.0846476554870605,3.1548171043396
5d5c9c6ce7d73e33b54ce23eb70f5d7901a86868c6bd40a2cf37fc1228bda8f5,RobroKools/vad-bert,c4c659fd17dd5807572b3f0f577de8c408401ca7,2.679673671722412,3.1131081581115723,2.9874396324157715
703aa163a47e6bedb86ff25181013da7a50c6e76c1cf31440a0c974f2e609660,RobroKools/vad-bert,c4c659fd17dd5807572b3f0f577de8c408401ca7,2.6966392993927,3.0183796882629395,3.0497710704803467
0cc2c0b8f0b3b7e61ca385bec6671f815f90f2d54a64181aa6ae3ec339878ebb,RobroKools/vad-bert,c4c659fd17dd5807572b3f0f577de8c408401ca7,2.683758020401001,3.106757402420044,2.991442918777466
40a6b4a387d210b19f52e766d846c7768d562ae284614b8d11c09937a3ec68f2,RobroKools/vad-bert,c4c659fd17dd5807572b3f0f577de8c408401ca7,2.7292046546936035,3.075340509414673,3.075822591781616
68069d97052f6bf0e4795db17536ae63cd032bf755b5e1f90c7da739d8e38de2,RobroKools/vad-bert,c4c659fd17dd5807572b3f0f577de8c408401ca7,2.7381980419158936,3.1005353927612305,3.102276086807251
4591215a4320d82796cfd5f88fd9c3bfc3039f90d197756a0763d302b41b6888,RobroKools/vad-bert,c4c659fd17dd5807572b3f0f577de8c408401ca7,3.076047897338867,3.149435520172119,3.264058828353882
a15ee84e8522ead51c36a7ea3ff1f936c98fff224837b96f193beb7aaa3afaa6,RobroKools/vad-bert,c4c659fd17dd5807572b3f0f577de8c408401ca7,2.956130266189575,3.101630687713623,3.2724204063415527
cac00ceccdc48d67f4c3f3cc1febb7c55831b9234813364dfb9ea6ad0fbd7d2e,RobroKools/vad-bert,c4c659fd17dd5807572b3f0f577de8c408401ca7,3.050111055374145,3.0814030170440674,3.2014381885528564
c91a66f3b4ee3c44089b39c5738f9327f7c61a837b3bf8199414448a65c18902,RobroKools/vad-bert,c4c659fd17dd5807572b3f0f577de8c408401ca7,3.147543668746948,3.313286542892456,3.3818893432617188
5eb0331289eede08ed3fb36ada4407e26997bf2f5b58d0b43c8a67e1f5915f4e,RobroKools/vad-bert,c4c659fd17dd5807572b3f0f577de8c408401ca7,3.195413827896118,3.2735531330108643,3.4505770206451416
191cbcffe138257dcae918d731711c9eb88393da864c1c1e7d2d238de8404f6f,RobroKools/vad-bert,c4c659fd17dd5807572b3f0f577de8c408401ca7,3.2397210597991943,3.2813680171966557,3.3678395748138428
3e833ec0e15eeaa736938e53564bc61cbca3ef6a039bcebc3d4534d2af00c420,RobroKools/vad-bert,c4c659fd17dd5807572b3f0f577de8c408401ca7,3.1869876384735107,3.327398538589477,3.348871946334839
7e1626f628805213f24ff686f6bb2b02513b77af36435a7b6a3151cd78b1b99d,RobroKools/vad-bert,c4c659fd17dd5807572b3f0f577de8c408401ca7,3.213277578353882,3.3399972915649414,3.401802062988281
c4d2027cfd2baa6aa82594032816ff2b35b23a52a8d490a8196d24c801aa7119,RobroKools/vad-bert,c4c659fd17dd5807572b3f0f577de8c408401ca7,3.124406099319458,3.253414392471313,3.333883285522461
570f8fd74d5253630a4cec0828e50ba3b5ca9647759ec0ba6707bab265842782,RobroKools/vad-bert,c4c659fd17dd5807572b3f0f577de8c408401ca7,2.956406354904175,3.218492031097412,3.2907721996307373
67f4d67deb3c522f5fd1d89daab86eda4e8ea992d2693cccdb6cd17b4947dd43,RobroKools/vad-bert,c4c659fd17dd5807572b3f0f577de8c408401ca7,3.2634382247924805,3.1448123455047607,3.253607273101806
dc72d27de1b3705fc50a5bfe167172a79dcef129ba78077d979b26cb4417435b,RobroKools/vad-bert,c4c659fd17dd5807572b3f0f577de8c408401ca7,3.1875991821289062,3.270256757736206,3.206778049468994
0809990781e3e31e1d5a168160cefa38507f6535c3734c67f2afe667a9681ea1,RobroKools/vad-bert,c4c659fd17dd5807572b3f0f577de8c408401ca7,3.1686360836029053,3.1825191974639893,3.250553131103516
8f296f1ba0e78dae65ec57badc25ac894b0aee055a4baf9f9121ad48becfbe73,RobroKools/vad-bert,c4c659fd17dd5807572b3f0f577de8c408401ca7,3.261580228805542,3.315394163131714,3.2874228954315186
d795418e0bef163a0e310754011f38cf7187431936a9bf02feae41a72eedee8c,RobroKools/vad-bert,c4c659fd17dd5807572b3f0f577de8c408401ca7,3.1654932498931885,3.192784786224365,3.263965368270874
25ebebe71e8716757fb8f5307f2581f9759c2c0c67c15863b95aa8f16a816ed8,RobroKools/vad-bert,c4c659fd17dd5807572b3f0f577de8c408401ca7,3.166147470474243,3.3571665287017822,3.2739057540893555
20a7595999d170d3b2d947782a678448e4841c80325c914162f179326fdcad3a,RobroKools/vad-bert,c4c659fd17dd5807572b3f0f577de8c408401ca7,3.1892011165618896,3.0616936683654785,3.2499208450317383
90f5c86c9a6e26e147dead46c7bc06353f8b9dea016a8c2fb9c475831cc91b55,RobroKools/vad-bert,c4c659fd17dd5807572b3f0f577de8c408401ca7,3.4296674728393555,3.0612664222717285,3.316518545150757
62636dcb9f7367227a71ac1b5e64a2faa3aff137194e635c515e0ef58d3d1bf0,RobroKools/vad-bert,c4c659fd17dd5807572b3f0f577de8c408401ca7,3.351365089416504,3.0602166652679443,3.254228115081787
5bb6242c1df6635560822252c026ffbbd64c15cca2f5820763d2e3d53f5c849c,RobroKools/vad-bert,c4c659fd17dd5807572b3f0f577de8c408401ca7,3.155775785446167,3.0375187397003174,3.344128370285034
0d4213ed2487c29d4316e72aedab18f243b9b8d2aa104e9159c02cf0808862c1,RobroKools/vad-bert,c4c659fd17dd5807572b3f0f577de8c408401ca7,3.19867205619812,2.9585654735565186,3.171311616897583
1e6e7c31e1b2b2b1c56ce458a2382a7bc7fbf64956d3fbf57e179ca4a9d2ba79,RobroKools/vad-bert,c4c659fd17dd5807572b3f0f577de8c408401ca7,3.248875617980957,2.950159311294556,3.295480728149414
f79d972d114173c04aeb9a9dc7445b87ecbc9e86a6841d363d1b84f0e7a772c7,RobroKools/vad-bert,c4c659fd17dd5807572b3f0f577de8c408401ca7,3.196653127670288,3.001574993133545,3.239457368850708
26e013f93698c1a7b46ad64648dc795b54c7322598e583f3a1636c5eb5604a0a,RobroKools/vad-bert,c4c659fd17dd5807572b3f0f577de8c408401ca7,3.2846834659576416,3.09663462638855,3.308011531829834
1680589e065d67ed3a310e3d9bfa8dd48002168e48213b3f1d8669c6ccd710d7,RobroKools/vad-bert,c4c659fd17dd5807572b3f0f577de8c408401ca7,3.185834646224976,2.8596558570861816,3.1835920810699463
2abfec04ea73becbb5709950dfcf6899d7f1b7c7766ad79f5460a3b9d8b691a7,RobroKools/vad-bert,c4c659fd17dd5807572b3f0f577de8c408401ca7,3.3320651054382324,3.0567798614501958,3.318981409072876
154f43a026aaf8d8cf731a250963e9124417d7fe23dcc209a6e34e7db440c9f4,RobroKools/vad-bert,c4c659fd17dd5807572b3f0f577de8c408401ca7,3.1529552936553955,2.9358479976654053,3.124950170516968
8515d1b62f9e019aa3be4525c3d48f557cf877caad5626a6a420f11b28fd58ff,RobroKools/vad-bert,c4c659fd17dd5807572b3f0f577de8c408401ca7,3.1842949390411377,2.9026665687561035,3.254892587661743
3580e13b962ed75260bc9d4589253a4909d423095fc967037a87ab5a9f7a5dca,RobroKools/vad-bert,c4c659fd17dd5807572b3f0f577de8c408401ca7,3.256887674331665,2.8616368770599365,3.269038438796997
184463b5ae652a4f7c8d6311c2cd91574a125e625a7a3193f84df8e4e0e4446c,RobroKools/vad-bert,c4c659fd17dd5807572b3f0f577de8c408401ca7,3.1962358951568604,2.9465975761413574,3.147091150283813
6866ce63cc95e8a02c681e782c9ddab2b0767e53a28a2bc257d510d9e2b90266,RobroKools/vad-bert,c4c659fd17dd5807572b3f0f577de8c408401ca7,3.0999228954315186,2.8935885429382324,3.2509615421295166
6ce66c063f26df54936c29d3cb477166273ae96dfc6ce34e069a0c747a988098,RobroKools/vad-bert,c4c659fd17dd5807572b3f0f577de8c408401ca7,2.892230749130249,3.0887610912323,3.235205888748169
5d03b24de694cf8af958b4ec291b1cce73a3a2cb31c8570c547858e4cb06e446,RobroKools/vad-bert,c4c659fd17dd5807572b3f0f577de8c408401ca7,2.9333512783050537,3.1074025630950928,3.1499361991882324
72b48085fff22025d910d9dd88dc72ccdfe5a3185610d003b591d27e63df1491,RobroKools/vad-bert,c4c659fd17dd5807572b3f0f577de8c408401ca7,2.864223957061768,2.9776175022125244,3.1207311153411865
18d13bc367635eae83242ed8a4bb96758bc2599bb0794684ec6594d7cb82ca35,RobroKools/vad-bert,c4c659fd17dd5807572b3f0f577de8c408401ca7,2.8342554569244385,3.106428384780884,3.2304434776306152
bed72422f77723ca84551bda2d161998b1f94ba25d62ddbc6c90cc18d6781922,RobroKools/vad-bert,c4c659fd17dd5807572b3f0f577de8c408401ca7,2.7709217071533203,3.1941797733306885,3.1528313159942627
7621460a8972ae3c406abc0bdf1848e900b484f319f0c77ca853d9fd320da151,RobroKools/vad-bert,c4c659fd17dd5807572b3f0f577de8c408401ca7,2.90756893157959,3.1899688243865967,3.135026693344116
8856f70f957668c26f7fa62af0318b858d2f0b4a91cd0c300a666a941b13f06b,RobroKools/vad-bert,c4c659fd17dd5807572b3f0f577de8c408401ca7,2.9331090450286865,3.1034297943115234,3.294748544692993
835b7a90c613f1025ab7c739f437f61df48dac521566831e6aa7740762d0f475,RobroKools/vad-bert,c4c659fd17dd5807572b3f0f577de8c408401ca7,2.71693754196167,3.101555109024048,3.146130084991455
cfe60b19516cba9908fcf216c0db00ca471fdddef097e226325c3273eea61f2c,RobroKools/vad-bert,c4c659fd17dd5807572b3f0f577de8c408401ca7,2.9332873821258545,3.1177146434783936,3.144236326217652
0d81a2bb2097fc7096e8ec05cc4470fc1ff776b9fab2c37887a4b29f5375fac9,RobroKools/vad-bert,c4c659fd17dd5807572b3f0f577de8c408401ca7,2.721991539001465,3.1131184101104736,3.119448661804199
992cfeb2f6c174c9b57ddb0d949836dff2790efd3f6aa3bd0696fe1d6babcb65,RobroKools/vad-bert,c4c659fd17dd5807572b3f0f577de8c408401ca7,2.887146472930908,3.016144275665283,3.195320606231689
043b0ecbdbecfb9989b4a84f52bb81b1ef781a4ac2e6eed1bfb658c8a05548c3,RobroKools/vad-bert,c4c659fd17dd5807572b3f0f577de8c408401ca7,2.76810359954834,3.1067044734954834,3.0960209369659424
dc94cc7c4d248d4fc8c3a1bdc1ad3d96d78b506da416114a0ec69b385115a4ff,RobroKools/vad-bert,c4c659fd17dd5807572b3f0f577de8c408401ca7,2.881428003311157,3.1424429416656494,3.1907196044921875
52291916cd9c5dadb3a80ac098d75901b9e95ff61de82e24e66b3e71f4ff7368,RobroKools/vad-bert,c4c659fd17dd5807572b3f0f577de8c408401ca7,2.754387855529785,3.106775522232056,3.0823936462402344
6bb31c2aad4acfd0114c7152788259bb2e2649956940833e5c1e5b92d48b5e56,RobroKools/vad-bert,c4c659fd17dd5807572b3f0f577de8c408401ca7,2.846287727355957,3.048958778381348,3.185655355453491
5a4ca7f09d1e67f5a8fd5d7ec479935b8b340371b7a5bbd1498fb4e0a4fd8d0b,RobroKools/vad-bert,c4c659fd17dd5807572b3f0f577de8c408401ca7,2.705164194107056,3.147901058197021,3.184330463409424
befc1f73181e7d61a86ce9824a248ac5ed3f9b7d5264164a356c40cb3d9e9cd8,RobroKools/vad-bert,c4c659fd17dd5807572b3f0f577de8c408401ca7,2.97253966331482,3.0206401348114014,3.2521090507507324
883b984f66520dd422f294760180118dda508d44ad56207bee458fb24461392a,RobroKools/vad-bert,c4c659fd17dd5807572b3f0f577de8c408401ca7,2.9602243900299072,2.905885934829712,3.2373406887054443
55736d3d247349102b5787ab35f697466dde84ecb8e73ebe7886fd1f2b2e7b3e,RobroKools/vad-bert,c4c659fd17dd5807572b3f0f577de8c408401ca7,2.884390354156494,2.830407857894897,3.143373966217041
13e69fe7390a140cee88aa5ea022d4bc8b148b662d3d4bed0ec2da18067f5dda,RobroKools/vad-bert,c4c659fd17dd5807572b3f0f577de8c408401ca7,3.0889313220977783,2.9911210536956787,3.2225558757781982
b064897e59dc22800c74b6988f3714d413cf781a628d8c0862ed8e59220e1cb9,RobroKools/vad-bert,c4c659fd17dd5807572b3f0f577de8c408401ca7,2.9850876331329346,2.9243757724761963,3.12939453125
19fa44d2bbf9788430d802511bb7ee416a67936d61c56af5f48a09391f8ec2de,RobroKools/vad-bert,c4c659fd17dd5807572b3f0f577de8c408401ca7,3.164124011993408,2.969188928604126,3.2739362716674805
f8e391b94e0215a3c03f51690abceaee3da43981b4edb783ca46993236fdf45f,RobroKools/vad-bert,c4c659fd17dd5807572b3f0f577de8c408401ca7,3.041773796081543,3.021965503692627,3.2473065853118896
9fe1f2779802099ed5935c13d14b3881f3acf42285bc170f936a6053c0e4bd64,RobroKools/vad-bert,c4c659fd17dd5807572b3f0f577de8c408401ca7,2.9738657474517822,3.0133986473083496,3.0625760555267334
ea2b5c1e371c419a3289f4c2c17db11b0f6453d1d0cc9c11a03aeedc211233b4,RobroKools/vad-bert,c4c659fd17dd5807572b3f0f577de8c408401ca7,2.8497321605682373,2.956418752670288,3.2349236011505127
844ee316e714e515c86397c4095737137c457e6ccfa5908f9a20698ecc275109,RobroKools/vad-bert,c4c659fd17dd5807572b3f0f577de8c408401ca7,3.0953257083892822,3.0307986736297607,3.241788625717163
73872c190bdd72c7e08d3754e591e5f56a6761a90a0ea8702c39681817fc0319,RobroKools/vad-bert,c4c659fd17dd5807572b3f0f577de8c408401ca7,2.875770807266236,3.051647186279297,3.127211093902588
40c3c236dbc9a13bdec85fc5b1d9ea28f57f2d6ee132b4406028b6174788c90a,RobroKools/vad-bert,c4c659fd17dd5807572b3f0f577de8c408401ca7,2.949615716934204,2.9326388835906982,3.127837419509888
4e76069c76a61d847dd1e2f888acb8f3721680697a1616351722f2ecdf1ca28e,RobroKools/vad-bert,c4c659fd17dd5807572b3f0f577de8c408401ca7,2.9233555793762207,3.021890640258789,3.1885907649993896
ebebf4045ecd4043f224e7bda2e9876a1e8d17a3e566878aca41d4dd15a99492,RobroKools/vad-bert,c4c659fd17dd5807572b3f0f577de8c408401ca7,3.0193846225738525,3.009788274765014,3.193971872329712
73c92fdfbc94c3e1607104fb8231ef00d8768cd280855648c10abb090506c55a,RobroKools/vad-bert,c4c659fd17dd5807572b3f0f577de8c408401ca7,3.257684230804444,2.9817545413970947,3.2680981159210205
cc84741ca72ef73f38a9caf6e071b3dd58c84b7e7a9381fe799bce91e418fe2d,RobroKools/vad-bert,c4c659fd17dd5807572b3f0f577de8c408401ca7,2.9920127391815186,2.9641153812408447,3.220031976699829
7956a1a4f5378d3a837fe55e29eb9b6fe249a8e889b107e943a78ff9fab285e1,RobroKools/vad-bert,c4c659fd17dd5807572b3f0f577de8c408401ca7,3.3990817070007324,3.165018081665039,3.3786535263061523
8232057b1aba60db0f4d382aa7458772f1005083cb53f80a2b0807befcc38e0e,RobroKools/vad-bert,c4c659fd17dd5807572b3f0f577de8c408401ca7,3.2649848461151123,3.0015852451324463,3.3611083030700684
b0a5b90738e489e5a0b552512d2b0eaa94acd029111f5d1b91e96d1bcfc815d4,RobroKools/vad-bert,c4c659fd17dd5807572b3f0f577de8c408401ca7,3.3170175552368164,3.1480472087860107,3.252124547958374
e853617dfe35453727d967a66412549a8b92a941a2518fb7b97c193eeb0ed620,RobroKools/vad-bert,c4c659fd17dd5807572b3f0f577de8c408401ca7,3.484299898147583,3.2251088619232178,3.327557325363159
e6c447b92fd973da944bd526d0fe2d5ca3e863e549804759cd994cf94b225859,RobroKools/vad-bert,c4c659fd17dd5807572b3f0f577de8c408401ca7,3.5075509548187256,3.1472342014312744,3.408890962600708
69918e277d84a0842d32237d79a18975dba0d4f1d86d34844f2a3fdb5c706292,RobroKools/vad-bert,c4c659fd17dd5807572b3f0f577de8c408401ca7,3.419180154800415,3.124333620071411,3.351173162460327
05ff6a8d0d401924addc0bf5c8c9dcc75174c497ffb820555d8fc23198d6e218,RobroKools/vad-bert,c4c659fd17dd5807572b3f0f577de8c408401ca7,3.2210538387298584,3.063694953918457,3.209455728530884
fc6661b1aeed1a89dac5e77957dac18733589b70f25472bc6ccde6070b4550e4,RobroKools/vad-bert,c4c659fd17dd5807572b3f0f577de8c408401ca7,3.355685234069824,3.2118823528289795,3.248556613922119
9f3906b5312c766efc373faf11a82cf0b93a6d4d1b60d5ce963e470ace44af20,RobroKools/vad-bert,c4c659fd17dd5807572b3f0f577de8c408401ca7,3.2218105792999268,3.032163143157959,3.2096242904663086
757b8e92244c4ffb6261cf0c8b7cbb062d148c85d3920e7b5c335e4de2a492d7,RobroKools/vad-bert,c4c659fd17dd5807572b3f0f577de8c408401ca7,3.228777885437012,2.961285352706909,3.2305006980896
7fce2cbd124c2022275843afd7790aa897c4781c6ab91d1ce1e12a74d2a1c80c,RobroKools/vad-bert,c4c659fd17dd5807572b3f0f577de8c408401ca7,3.439927816390991,3.180417776107788,3.2705249786376958
68d161f903382ff58d27157504adf2fa5edfb94df44eccb01cbf9e4c22631e78,RobroKools/vad-bert,c4c659fd17dd5807572b3f0f577de8c408401ca7,3.3687260150909424,3.158232927322388,3.298426389694214
57a5dcf57edbaea0641e98acf0be0efeb31f9cf0f49328c8802f9f18b3206911,RobroKools/vad-bert,c4c659fd17dd5807572b3f0f577de8c408401ca7,3.1570193767547607,2.8752641677856445,3.231272459030152
d75b7b090a08de064eea544c8498048c3d8956495d638f008633eb6f0a81d636,RobroKools/vad-bert,c4c659fd17dd5807572b3f0f577de8c408401ca7,3.0541908740997314,2.94217586517334,3.269458055496216
03c8069785c39926d674ce1762c7edec5ffb333dba377f8552db5b3f286cc589,RobroKools/vad-bert,c4c659fd17dd5807572b3f0f577de8c408401ca7,3.246136426925659,3.006326198577881,3.2611560821533203
3811692751c13edd0f179a52438bf1e81f35c5e5052de2ec11a7c22b4e7cb8b8,RobroKools/vad-bert,c4c659fd17dd5807572b3f0f577de8c408401ca7,3.3295347690582275,3.1453211307525635,3.25700306892395
a1c45ea2048c97388bd65fe730caac0b538014eabe690723b632f52d67949b2e,RobroKools/vad-bert,c4c659fd17dd5807572b3f0f577de8c408401ca7,3.5362534523010254,3.0484135150909424,3.3707730770111084
2e8d0cf3f4eb79c4dd39be41a657a5cec730b505819fde80410e63d037004749,RobroKools/vad-bert,c4c659fd17dd5807572b3f0f577de8c408401ca7,3.20920729637146,3.0542824268341064,3.2990715503692627
2792c478056afde8a6107de61a2117c16ecd1974f7d064d1892569af245f94ef,RobroKools/vad-bert,c4c659fd17dd5807572b3f0f577de8c408401ca7,3.417682647705078,3.234978675842285,3.430018663406372
7cef420af9ec8b956005cb6b3ff86091446998aeb171c91a21efe65e0aaae98c,RobroKools/vad-bert,c4c659fd17dd5807572b3f0f577de8c408401ca7,3.3618056774139404,3.029435157775879,3.4248123168945312
f7b5545422a1f80c900cd27cd2c2356211781e846c366a19b7bb9217c43c1c73,RobroKools/vad-bert,c4c659fd17dd5807572b3f0f577de8c408401ca7,3.401763677597046,3.0950639247894287,3.296391725540161
3b8f42d1020d7184714ce182526e413d9ae1639cffaff9d4d54316e06914416e,RobroKools/vad-bert,c4c659fd17dd5807572b3f0f577de8c408401ca7,3.2053372859954834,3.034086942672729,3.2494630813598637
4b3c5b09f1b0643ae9f736b9aff88e18b9340a8159303ae23849cbd50ce5eebb,RobroKools/vad-bert,c4c659fd17dd5807572b3f0f577de8c408401ca7,3.2832179069519043,3.113170862197876,3.386930227279663
48e48253e91a0acc7fd82645f14fd4d9cf0c2e462e9861438790b65255648e6d,RobroKools/vad-bert,c4c659fd17dd5807572b3f0f577de8c408401ca7,3.37723445892334,3.195665121078491,3.4049181938171387
084149600bc85920f32934449dbda7605d15dfd1071921165669da260d7dcdce,RobroKools/vad-bert,c4c659fd17dd5807572b3f0f577de8c408401ca7,3.156536817550659,3.1856517791748047,3.465596914291382
e6560e2a6b2cc158ae91d62fdfa89c63725f380ac48f7fa0c6b0fea5b1f8560f,RobroKools/vad-bert,c4c659fd17dd5807572b3f0f577de8c408401ca7,3.392690420150757,3.2223474979400635,3.450257539749145
3bb2485eaae9d55fd60393a417183b29b8813ae4e9a6fe39f190786dfaed457a,RobroKools/vad-bert,c4c659fd17dd5807572b3f0f577de8c408401ca7,3.206839799880981,3.118980646133423,3.383244752883911
e9cf21c3041cb0162355ee2884f8c0ca4b0f9cf1b1c798fa14b472d692d54dda,RobroKools/vad-bert,c4c659fd17dd5807572b3f0f577de8c408401ca7,3.372837781906128,3.248202085494995,3.357146978378296
38c570ed4eafc9b83046db2257ee041da1a81cec4de23b95cdd1090b6b1c1500,RobroKools/vad-bert,c4c659fd17dd5807572b3f0f577de8c408401ca7,3.3331685066223145,3.003545999526977,3.317712783813477
5c7423d688a0d7a82376084b72cad0d33e049ae60dd2545f8717505bc30fd777,RobroKools/vad-bert,c4c659fd17dd5807572b3f0f577de8c408401ca7,3.41232705116272,3.1105716228485107,3.275061845779419
bc889b0934e6548fdcd86f0c277d305189c8b3fd9f2f466672ef03964c4ba2af,RobroKools/vad-bert,c4c659fd17dd5807572b3f0f577de8c408401ca7,3.420921087265014,3.204243898391724,3.506305456161499
061a96fa40a6508f7c375ea39347f03b9279cf651007ef7ae889249d37d09737,RobroKools/vad-bert,c4c659fd17dd5807572b3f0f577de8c408401ca7,3.54142689704895,3.163264513015747,3.4527058601379395
23386360b1e8179270c807447abce636006a3d75599b599bcbab67e24a93d5e2,RobroKools/vad-bert,c4c659fd17dd5807572b3f0f577de8c408401ca7,2.880540132522583,3.011649370193481,3.1288888454437256
e9a72e9750f9e455b83093b064a692a2d393237ef882827642161a23f85e1618,RobroKools/vad-bert,c4c659fd17dd5807572b3f0f577de8c408401ca7,2.906399965286255,2.9933841228485107,3.1999077796936035
21e99cc63636c470ea5541bd143564220d502cd5dea3449007fbba14d5160e02,RobroKools/vad-bert,c4c659fd17dd5807572b3f0f577de8c408401ca7,3.1020267009735107,3.082171678543091,3.2210700511932373
8ca925b620a666fbe42ef7fb69d794362b9e7137967fb0a838d4baad62e15e05,RobroKools/vad-bert,c4c659fd17dd5807572b3f0f577de8c408401ca7,2.905665397644043,2.966050863265991,3.114839792251587
7f4095ea9eec5dfafeba34b357947b5f9efb0694146d0bb5ce63307356448b62,RobroKools/vad-bert,c4c659fd17dd5807572b3f0f577de8c408401ca7,3.038363218307495,2.964874505996704,3.271223783493042
f7b8fbc2e85a3554ee34a4fe81e906b2dd4a7b5f51c742c7e14b4378dcf0f754,RobroKools/vad-bert,c4c659fd17dd5807572b3f0f577de8c408401ca7,3.0340471267700195,2.9614505767822266,3.254314422607422
1e18fccb97a7cf4d8e6315aa086a5951866e6ae7c4dc4555b0301bc8ee235284,RobroKools/vad-bert,c4c659fd17dd5807572b3f0f577de8c408401ca7,3.0013320446014404,3.04571795463562,3.269634485244751
2d908c4566298b76e1c3091dd09ea480ec36423e42c1dc5daa439a4079acf847,RobroKools/vad-bert,c4c659fd17dd5807572b3f0f577de8c408401ca7,2.981435060501098,2.938922643661499,3.209279775619507
7fda0834305fcf7e1220e9df23022f91bd9880c6863ca1a3fac0a412227e4906,RobroKools/vad-bert,c4c659fd17dd5807572b3f0f577de8c408401ca7,2.802910566329956,3.0192949771881104,3.152276039123535
3770cf875d7f07aaa5587ffa4c4df77dcf2eab6bfd01e892d5e5e9672478e042,RobroKools/vad-bert,c4c659fd17dd5807572b3f0f577de8c408401ca7,2.9147369861602783,3.0322864055633545,3.186342239379883
3acaefe358faf7b13e3deeb17e6ed81d992d18009e17b5229bca9af9775a0a2e,RobroKools/vad-bert,c4c659fd17dd5807572b3f0f577de8c408401ca7,3.0292165279388428,3.043731212615967,3.2240469455718994
26354e5ede79794c4bd7e2608f62ea8a2d2174dcbe148cf044abaf25ad7ed79c,RobroKools/vad-bert,c4c659fd17dd5807572b3f0f577de8c408401ca7,3.0456645488739014,2.798422574996948,3.111539840698242
2b2c278eaf4d9043051cf82c4f5fa5afce8e429693bd613dbb1e81cffda9cca3,RobroKools/vad-bert,c4c659fd17dd5807572b3f0f577de8c408401ca7,2.9947586059570312,2.896606683731079,3.203970193862915
55d29e413abcca60f06761e9d01647ba4555ea6f25b8e16b9f4cf6dea2489647,RobroKools/vad-bert,c4c659fd17dd5807572b3f0f577de8c408401ca7,2.977991819381714,2.8962717056274414,3.160952091217041
71fcb2dd80f9bd1c1164ecdd915319f7ecfcc370e6c6e51d996d8b6f6298fbcf,RobroKools/vad-bert,c4c659fd17dd5807572b3f0f577de8c408401ca7,2.9969847202301025,3.0843541622161865,3.2229738235473637
6395b638628516ef0717d79ae882ea7a0c40c6ac873a4f8dfe9f198cfd46736d,RobroKools/vad-bert,c4c659fd17dd5807572b3f0f577de8c408401ca7,3.0219662189483643,2.942523241043091,3.135361433029175
0c6ae8076bcb42f9a8ff945964115a46ebb8a23c0d67770e28b2459e759c10ef,RobroKools/vad-bert,c4c659fd17dd5807572b3f0f577de8c408401ca7,2.79728102684021,3.063062906265259,3.1340370178222656
10b23c5515bfe84c7e88d30ea4f0eb05f5f67163a9c1611349debaf54a08cbda,RobroKools/vad-bert,c4c659fd17dd5807572b3f0f577de8c408401ca7,2.6090869903564453,3.038254499435425,3.0265443325042725
c06d7f01e8cddd1eda12dc1a570c17d8ea79dbc0aa295f13ce02b466ac2f3e33,RobroKools/vad-bert,c4c659fd17dd5807572b3f0f577de8c408401ca7,2.995200634002685,3.132496118545532,3.2633655071258545
186008baf4f7055ae0847e9f1f3a2db5040082bc88d6a352c35ec7b57e1b6457,RobroKools/vad-bert,c4c659fd17dd5807572b3f0f577de8c408401ca7,2.847188949584961,3.0613057613372803,3.0628602504730225
814196066de75f4676ec8b975168f9b769f088461183d91dfb282fda2bbb92e1,RobroKools/vad-bert,c4c659fd17dd5807572b3f0f577de8c408401ca7,2.8717358112335205,3.00782322883606,3.193211555480957
5ae4b542c2a3d6f4e99945e37c2f888d8807bb2feff535315af660fb8cddea2e,RobroKools/vad-bert,c4c659fd17dd5807572b3f0f577de8c408401ca7,2.9090769290924072,3.08541202545166,3.135265588760376
e195a81b80e8290dc871f8dbb8ca4fc7ec4b60b1385a454418b52b08d6979962,RobroKools/vad-bert,c4c659fd17dd5807572b3f0f577de8c408401ca7,2.928189992904663,3.192000150680542,3.244769334793091
e2c49797082917c738121cc3f17e98240c4b883de3125f2f3c55cc594bd6316c,RobroKools/vad-bert,c4c659fd17dd5807572b3f0f577de8c408401ca7,2.829744338989258,3.043591260910034,3.1195688247680664
1f50318046db55bb21a509c1755ae11afca44060aa0330e182092c3dddf48ed6,RobroKools/vad-bert,c4c659fd17dd5807572b3f0f577de8c408401ca7,2.979707956314087,3.0530850887298584,3.2102649211883545
392074edcc18ab185d1c4f82db35961afc1f3ccaedf8e9f90e320607a978cdc7,RobroKools/vad-bert,c4c659fd17dd5807572b3f0f577de8c408401ca7,2.903704166412353,3.1065375804901123,3.210831642150879
ba38ba221c8069b078a680823e8b75dac88a77f2f8a66d92316173749ee18d1f,RobroKools/vad-bert,c4c659fd17dd5807572b3f0f577de8c408401ca7,2.909003496170044,3.0829474925994877,3.116007089614868
aff976979702bf2d94681dcf41afeb0450031db78a781e8d48d174bff1ad8a18,RobroKools/vad-bert,c4c659fd17dd5807572b3f0f577de8c408401ca7,3.102167844772339,3.124976873397827,3.333080053329468
6abfe93fa1962a13a62ee695ff7e07b3e42ad50cf48c66f92e66254a0a51776f,RobroKools/vad-bert,c4c659fd17dd5807572b3f0f577de8c408401ca7,2.8328044414520264,3.105024099349976,3.1361324787139893
11c2c5972184e9b8cd939f49c14842f0b94877947500df216c8665a3e0897e01,RobroKools/vad-bert,c4c659fd17dd5807572b3f0f577de8c408401ca7,2.752537488937378,3.047157049179077,3.1776435375213623
411af684f3295d62d7a062a839916ddfa6a3c31d086eb51f6e29cc088c3ca16b,RobroKools/vad-bert,c4c659fd17dd5807572b3f0f577de8c408401ca7,2.7619740962982178,3.1175811290740967,3.1687681674957275
f1689635fd203605b68223f4d76174dc4c30f9746c0d84154eaff18981651909,RobroKools/vad-bert,c4c659fd17dd5807572b3f0f577de8c408401ca7,2.9690778255462646,3.165391683578491,3.2219831943511963
d732e2f241e1e6fc43ee313933dcac45abee5876758af94a234016837bdfc8a7,RobroKools/vad-bert,c4c659fd17dd5807572b3f0f577de8c408401ca7,3.2770047187805176,3.07161545753479,3.302767515182495
2d892c97acf310afc4a9276eb4cdf4978e0ea8666709e02e8ff9bb194405e482,RobroKools/vad-bert,c4c659fd17dd5807572b3f0f577de8c408401ca7,3.285731554031372,3.029038667678833,3.2796363830566406
4b22cf6279da6e2abe3c6c8baad2b444b618b2a178d7b6bef6aa60881b2f2b8d,RobroKools/vad-bert,c4c659fd17dd5807572b3f0f577de8c408401ca7,3.193061113357544,3.1050853729248047,3.3083627223968506
f775948779fe36d1e1b9b92ef3fe5a9eba632bc8706b8f3af3046aa3f18c8fa1,RobroKools/vad-bert,c4c659fd17dd5807572b3f0f577de8c408401ca7,3.144650459289551,2.951530694961548,3.2207767963409424
08cb7112aacf233c92473e5404317dbca198a019f93d97c1785b343bea15682a,RobroKools/vad-bert,c4c659fd17dd5807572b3f0f577de8c408401ca7,3.1135175228118896,3.04557728767395,3.2859790325164795
d76df62eba9c98ecf3fccc402617daa09d1c7792ea097dd9385fbd5810c6e424,RobroKools/vad-bert,c4c659fd17dd5807572b3f0f577de8c408401ca7,3.1319825649261475,3.061269521713257,3.313995599746704
6eaf5c7e8041a4db69af084630f99e7a57d81f30c7af541468dfdd3f5e36c8f6,RobroKools/vad-bert,c4c659fd17dd5807572b3f0f577de8c408401ca7,3.3087949752807617,3.1399056911468506,3.3335556983947754
f19a574913e60d5c2e1161ab3dfd85ab13e0af3d12d5e3fa02e8d5bb0540f998,RobroKools/vad-bert,c4c659fd17dd5807572b3f0f577de8c408401ca7,3.262122869491577,3.164539098739624,3.2829525470733643
f302b7b20ff3d4c90bd263f104d5180aa1170e080de6a0928d654c306160df60,RobroKools/vad-bert,c4c659fd17dd5807572b3f0f577de8c408401ca7,3.158409833908081,2.9319047927856445,3.252451181411743
b439ced2fd8387dd44f3b5989290a466d3602d9d3743025218993e5157d9b390,RobroKools/vad-bert,c4c659fd17dd5807572b3f0f577de8c408401ca7,3.255974531173706,3.0902445316314697,3.3307247161865234
ca711445d73f6546a08f6b8664e68b014b345a85c9aa3b36711b0af7aa011d2e,RobroKools/vad-bert,c4c659fd17dd5807572b3f0f577de8c408401ca7,3.1391382217407227,2.856201171875,3.30860447883606
a1c04f5efa5d6700344be1b6b3270fb7bb4e1a529d816c79f0f379b91637caa7,RobroKools/vad-bert,c4c659fd17dd5807572b3f0f577de8c408401ca7,3.183281898498535,3.0643484592437744,3.227834224700928
faa4abba7cb8c47c6369ecc4332b805127f662605f23a7bf77e0ef46dc66923b,RobroKools/vad-bert,c4c659fd17dd5807572b3f0f577de8c408401ca7,3.044114828109741,2.925078153610229,3.2409889698028564
f77f817cce8823fc6403616a1f12c8f8918fb2ad7a3f54ac444085c02a317d7c,RobroKools/vad-bert,c4c659fd17dd5807572b3f0f577de8c408401ca7,3.2924275398254395,3.008888959884644,3.2226736545562744
8d153939619f7433b437b5f8aa219141ad9d9e2d34930f900ac4d3d9c66d7a88,RobroKools/vad-bert,c4c659fd17dd5807572b3f0f577de8c408401ca7,3.2656195163726807,3.085054397583008,3.30940842628479
85f0bd6705645a7111b931d6fa1236d2456cbe2f63fadcec5970b2307bae0aad,RobroKools/vad-bert,c4c659fd17dd5807572b3f0f577de8c408401ca7,3.174877882003784,3.071942090988159,3.285860300064087
d8a3485bba77829924bc714a66b8ae21dcbcbb89afd83045487503338cadf4cf,RobroKools/vad-bert,c4c659fd17dd5807572b3f0f577de8c408401ca7,3.5512895584106445,3.206589937210083,3.375651597976685
3bb0c79f6af865306bbfee1d54e2a1286d810c8bf8e4a42f554e16a58599167c,RobroKools/vad-bert,c4c659fd17dd5807572b3f0f577de8c408401ca7,3.480618476867676,3.0961718559265137,3.4125163555145264
81d774a0bb32029e5f8054e86fb746c5ced60ff8656bd3419baa72d67b37e8c6,RobroKools/vad-bert,c4c659fd17dd5807572b3f0f577de8c408401ca7,3.265925884246826,3.088214635848999,3.3244547843933105
e422c223502213e238ffbb659b5e3d6ecc60179d8246dff03ee95eaa0bf40672,RobroKools/vad-bert,c4c659fd17dd5807572b3f0f577de8c408401ca7,3.268739700317383,3.113520383834839,3.344113349914551
92a505a1c28dac9005e35a9fbeb324f40b38446b13af06db61e5b1cf79047700,RobroKools/vad-bert,c4c659fd17dd5807572b3f0f577de8c408401ca7,3.215028047561645,2.960603713989258,3.405388832092285
dd38babf9b982d3f6fed4d75d20d993f942200c7f4fb2bf5579d3121763821a7,RobroKools/vad-bert,c4c659fd17dd5807572b3f0f577de8c408401ca7,3.102282762527466,3.1211843490600586,3.3057382106781006
76b4b3614f6ffafb4dde8703598a069db9fabfde1f7dab88abf039e7e2ef77a0,RobroKools/vad-bert,c4c659fd17dd5807572b3f0f577de8c408401ca7,3.282556295394897,3.071481943130493,3.322597980499268
e2c48057f3d72eda7c50bee12f9215b2eb9331d40fb6f18251826cf9e13d398a,RobroKools/vad-bert,c4c659fd17dd5807572b3f0f577de8c408401ca7,3.414876699447632,3.137967824935913,3.452420473098755
a4b924195e50e63b11bc10905ffb1f7a3a50dd515731761812af1d107e800117,RobroKools/vad-bert,c4c659fd17dd5807572b3f0f577de8c408401ca7,3.3382859230041504,3.1738617420196533,3.301153421401977
a5b1bf380e9d9d9e61d11566bd8f6342d0990ec7c6e4eb14a07988079ee30726,RobroKools/vad-bert,c4c659fd17dd5807572b3f0f577de8c408401ca7,3.285691022872925,3.085585117340088,3.41321063041687
6e017671d9b04d0779d0874a8997fa0e6e99219946ad724ebdf564e1d5480944,RobroKools/vad-bert,c4c659fd17dd5807572b3f0f577de8c408401ca7,3.288569688796997,3.026575326919556,3.278933525085449
8423c8646c71fcb90eaffcc88df3b35091ff192386856ba181f034ac662ea3f4,RobroKools/vad-bert,c4c659fd17dd5807572b3f0f577de8c408401ca7,3.3054563999176025,3.0194339752197266,3.304769515991211
6f771a1b60dd7c0c4740f83fd4a85f4b82cd80ae8bbc434c89b643e0be9dcb41,RobroKools/vad-bert,c4c659fd17dd5807572b3f0f577de8c408401ca7,3.32733154296875,3.134207248687744,3.4685304164886475
7ad7de9b824717ec1f70014a5fb9166c86aac276bc1eeb192edf62952ed0352f,RobroKools/vad-bert,c4c659fd17dd5807572b3f0f577de8c408401ca7,3.2608072757720947,3.196211576461792,3.340028524398804
c706d9e698057cacbeff7c422e676c07d988a2a077dd58505381c2108ddbb2a2,RobroKools/vad-bert,c4c659fd17dd5807572b3f0f577de8c408401ca7,3.372474193572998,3.056734800338745,3.448693990707397
d727ced4b1b3b4baf40b4c6215c7be22799a373c9cd5931a164023dc0d9e6250,RobroKools/vad-bert,c4c659fd17dd5807572b3f0f577de8c408401ca7,3.124903440475464,3.0873076915740967,3.3425850868225098
1b6dea10598e69089c68317ca3ec79c784eecab37e9c8f742193c304fb4b8c02,RobroKools/vad-bert,c4c659fd17dd5807572b3f0f577de8c408401ca7,2.870121717453003,2.928586721420288,3.123647451400757
325e7323cb13bb102bb603696587dad8d82b8ba78fd13f3e27f03fe891de0144,RobroKools/vad-bert,c4c659fd17dd5807572b3f0f577de8c408401ca7,2.892082929611206,2.858332395553589,3.1710193157196045
c13efed4acb90bf10c4553a9fb6ab779da523d1b8e07d28d891566ee3b9d4ec6,RobroKools/vad-bert,c4c659fd17dd5807572b3f0f577de8c408401ca7,2.883937120437622,2.9377691745758057,3.2181358337402344
6576c6c36a99ee912e73bbf57196ba984c8a3eacb22be23fd5d51f4391e680d3,RobroKools/vad-bert,c4c659fd17dd5807572b3f0f577de8c408401ca7,2.8259243965148926,2.9710943698883057,3.4129178524017334
709ad19fe412a87339e53c671b09e035b5305f52aac299dc1811c1e048c6362d,RobroKools/vad-bert,c4c659fd17dd5807572b3f0f577de8c408401ca7,2.8340680599212646,2.926180362701416,3.2514872550964355
5445a60b8a9004aa5c099d85f3e35ff087e949ea947b37f8a98fdaa344da1f33,RobroKools/vad-bert,c4c659fd17dd5807572b3f0f577de8c408401ca7,3.035850048065185,2.972187757492065,3.2424275875091557
57fca08136a9f846c5210e8010234b3ac416ff33ab578c9f7a61541dc4d1a0ce,RobroKools/vad-bert,c4c659fd17dd5807572b3f0f577de8c408401ca7,2.942366600036621,2.9506165981292725,3.225454330444336
8d82cd4b66fadeddbae5cd29eba21837d440e76ebdfb9de196bc7eea4aab5287,RobroKools/vad-bert,c4c659fd17dd5807572b3f0f577de8c408401ca7,2.9712655544281006,2.91225814819336,3.251215696334839
955eba3246575f3b44e967e7437f2e8c01e0be3cf4f7070767313d73feeb7829,RobroKools/vad-bert,c4c659fd17dd5807572b3f0f577de8c408401ca7,2.7527012825012207,2.908771276473999,3.06137490272522
5cc561b2e767f136ffd8baea61ae52065f9bca61270061cb380e77093acc8e26,RobroKools/vad-bert,c4c659fd17dd5807572b3f0f577de8c408401ca7,2.9099698066711426,2.9280543327331543,3.275154829025269
ddb4378f9badb950cd72d752e337719363708a7a65732dec000659f94216f2f4,RobroKools/vad-bert,c4c659fd17dd5807572b3f0f577de8c408401ca7,2.956758975982666,2.906981468200684,3.144405603408813
5e1c4c8207d5b8a04d0cb18f64eedca975568872101f8b3fafcb395d89a7caa5,RobroKools/vad-bert,c4c659fd17dd5807572b3f0f577de8c408401ca7,2.9781384468078613,2.924643039703369,3.271345376968384
064fa9c402be3083903dbb497f2bf70f8d30d4945c9c16be56e8aba8d28e6235,RobroKools/vad-bert,c4c659fd17dd5807572b3f0f577de8c408401ca7,2.9697210788726807,2.8565142154693604,3.127847909927368
2096b81b788a1e88ba812391d9a14d170356dfa29ea2c4d73154e38377a0b96a,RobroKools/vad-bert,c4c659fd17dd5807572b3f0f577de8c408401ca7,2.969457626342773,2.865227222442627,3.131466627120972
8636f0188d5c571da04c73490241344f25f8ff2c8bc8749b679a7d1a11369741,RobroKools/vad-bert,c4c659fd17dd5807572b3f0f577de8c408401ca7,2.983394145965576,2.9353790283203125,3.3215107917785645
2a067f235d622d9e5379a46cea54e2c6ee8c8afee6e81ffd1bdff4bf77074c61,RobroKools/vad-bert,c4c659fd17dd5807572b3f0f577de8c408401ca7,3.0263922214508057,2.979372262954712,3.053391218185425
df7cffb3e4cc298bce9af896833e60f0523bad7d1d0b8d618acb378282280ada,RobroKools/vad-bert,c4c659fd17dd5807572b3f0f577de8c408401ca7,3.0480995178222656,3.120741367340088,3.349297523498535
e2f6a09636284a547b55245e77d3358ba4c7ef219e99962ed88c80a324eaf1b7,RobroKools/vad-bert,c4c659fd17dd5807572b3f0f577de8c408401ca7,2.9753544330596924,2.9988443851470947,3.116220235824585
a5a59ffede2e08bdda73ecf77ad8eedd30486e213292070f1cbf4ac0b02f9dcf,RobroKools/vad-bert,c4c659fd17dd5807572b3f0f577de8c408401ca7,3.1277549266815186,2.9733870029449463,3.278987169265747
bdf4dfcad783007d3bea5863fab48a842417527f0a30554786c3214f9b15aa47,RobroKools/vad-bert,c4c659fd17dd5807572b3f0f577de8c408401ca7,3.1612353324890137,2.9214417934417725,3.1958491802215576
8b75f3fe52da6e2abab22a6cbcaa81a961e764217bcdd9b136c32878b6b14ae2,RobroKools/vad-bert,c4c659fd17dd5807572b3f0f577de8c408401ca7,3.0660440921783447,3.1282880306243896,3.264998435974121
0ec58ba482a779a5ff60250c5c0a682a4b600f6e5d7c052efc6748c6168d59f8,RobroKools/vad-bert,c4c659fd17dd5807572b3f0f577de8c408401ca7,3.116782188415528,3.003659009933472,3.2563304901123047
17a723fc3e740d43b2baa38fe1641799c6aac96eea54566c461d504a81a9c3d5,RobroKools/vad-bert,c4c659fd17dd5807572b3f0f577de8c408401ca7,2.9641332626342773,3.017369508743286,3.0800554752349854
be079b2c7ff008eaa0d2c35ca111e7905cb6f8468cf1475c9748dc9e9a73a5be,RobroKools/vad-bert,c4c659fd17dd5807572b3f0f577de8c408401ca7,3.0050623416900635,3.0406436920166016,3.165213823318481
e17635d002cd09d08a59035cb359176747e4e11fbe1d358ce52cb20f05e8906e,RobroKools/vad-bert,c4c659fd17dd5807572b3f0f577de8c408401ca7,3.09536361694336,2.9050779342651367,3.176478624343872
33122e5c5536ce7293dd321c3ceca41bbc8d917fb2e32c4418cf69a4a3fbab69,RobroKools/vad-bert,c4c659fd17dd5807572b3f0f577de8c408401ca7,2.9854977130889893,2.903747320175171,3.1675808429718018
32a68feb1148c4bb9e5dfeff47a577d57199048b2095cec62f240026f2e5f17b,RobroKools/vad-bert,c4c659fd17dd5807572b3f0f577de8c408401ca7,2.992579698562622,2.9165966510772705,3.1567981243133545
930f23c131206c97dd8f5da3d3be4425fb33a697db849956af4da1ebb03a45f4,RobroKools/vad-bert,c4c659fd17dd5807572b3f0f577de8c408401ca7,2.9976608753204346,3.041935443878174,3.1016504764556885
9d064905920d17a622f3b2cee538ec413adff172dfad4324c160c29262595615,RobroKools/vad-bert,c4c659fd17dd5807572b3f0f577de8c408401ca7,3.05877947807312,3.175290107727051,3.267608404159546
a96355c7e724fc2962cfd221331edd34f53e35f5d85b5476dbd3a545c063ec42,RobroKools/vad-bert,c4c659fd17dd5807572b3f0f577de8c408401ca7,2.8435447216033936,2.978773832321167,3.1467554569244385
b944ebbea0c23243b7e64a18a12757dc8ab3767f95a431e60797d7a5010e6c0c,RobroKools/vad-bert,c4c659fd17dd5807572b3f0f577de8c408401ca7,3.070106744766236,3.049328088760376,3.28617525100708
f5222b27b37bc2e0d41182f49f8c2234c3da9ec9755a479b71919a930511b027,RobroKools/vad-bert,c4c659fd17dd5807572b3f0f577de8c408401ca7,3.1225063800811768,3.0824406147003174,3.29013466835022
5b18685edc41c3401f3767cc45daa137d95be96755e81eddf27f40e8decc0239,RobroKools/vad-bert,c4c659fd17dd5807572b3f0f577de8c408401ca7,3.2726433277130127,3.143115282058716,3.3756892681121826
d4da5570469074558d7da53b70de3b670c9d7277d3d03528ce92941436cdb979,RobroKools/vad-bert,c4c659fd17dd5807572b3f0f577de8c408401ca7,3.298800468444824,3.0269429683685303,3.357818365097046
45af75c36df3b2c29b710d0da055ab7c2dd7b0ef5163f5e327cffde77dfc9314,RobroKools/vad-bert,c4c659fd17dd5807572b3f0f577de8c408401ca7,3.29090428352356,3.078490257263184,3.352949380874634
ac3f420e6b984a043426a8d0a4954e4ab19b4cf7a999a85018e28145b00e3a78,RobroKools/vad-bert,c4c659fd17dd5807572b3f0f577de8c408401ca7,3.1986076831817627,2.912792921066284,3.2765982151031494
00e48a1ee69d9fda0655b25166262ee008d198723eec45e6640d036b28574250,RobroKools/vad-bert,c4c659fd17dd5807572b3f0f577de8c408401ca7,3.38187026977539,3.035931348800659,3.3323986530303955
26b7f0168d83f2a166c6111c00b32a13dac282f905996d927739472b5bc30826,RobroKools/vad-bert,c4c659fd17dd5807572b3f0f577de8c408401ca7,3.286650419235229,3.078774929046631,3.224886417388916
1bc34e956e7affa594cdbab1ba80e32e12193a1a50957b48a1d6fae4e3f2eb57,RobroKools/vad-bert,c4c659fd17dd5807572b3f0f577de8c408401ca7,3.36384654045105,2.9992401599884038,3.256329298019409
f37e81137e94491f66a23dd9253b8a01a38974ac13f5bb013d203a7fa6ee39e0,RobroKools/vad-bert,c4c659fd17dd5807572b3f0f577de8c408401ca7,3.27665376663208,3.0165131092071533,3.217015027999878
82034f7ee9c37cb98780d710bd7a0f4a991d2156c7ac968b4c34adbc27b27902,RobroKools/vad-bert,c4c659fd17dd5807572b3f0f577de8c408401ca7,3.1859776973724365,3.0216455459594727,3.157521963119507
943d739d63e580b8244b19fc134cc9a39f1016451b3e01f6aa6a3af78b65bf01,RobroKools/vad-bert,c4c659fd17dd5807572b3f0f577de8c408401ca7,3.323190927505493,3.019428968429565,3.3031251430511475
9c01f8575b154e9b9d9d101ff7232a25524157c12bf57417d2ad7850238a1494,RobroKools/vad-bert,c4c659fd17dd5807572b3f0f577de8c408401ca7,3.219175100326538,3.0975348949432373,3.2298367023468018
725ee3f7f57c714045c11eb530a570c209bea2a50335334dc00eb0d909902033,RobroKools/vad-bert,c4c659fd17dd5807572b3f0f577de8c408401ca7,3.2938342094421387,3.107884407043457,3.2663910388946533
c7980376f1fb7873a108cdc55cfc5ccc4496f2299186baa2f2bcf9a59f1c8b70,RobroKools/vad-bert,c4c659fd17dd5807572b3f0f577de8c408401ca7,3.230976104736328,3.069753885269165,3.272955656051636
3ef599a5a8159e0d9e56c0b5e5c474b90b4e384d3a34368336d78cb207c08c29,RobroKools/vad-bert,c4c659fd17dd5807572b3f0f577de8c408401ca7,3.323680639266968,3.034400224685669,3.276390790939331
17802ff7df1f821632cb99a553f16c4f2365ac93110147354fb1ddb1788b78eb,RobroKools/vad-bert,c4c659fd17dd5807572b3f0f577de8c408401ca7,3.35162615776062,3.1692047119140625,3.395009279251098
babac127aa981d1b5f1edede5d123eb7a9e2bc9232500531c2fe212eaa9f5b7e,RobroKools/vad-bert,c4c659fd17dd5807572b3f0f577de8c408401ca7,3.1387979984283447,3.022439956665039,3.201126337051392
e77d1c7476461b5b6335749eccbc05d5becb337eafb2856861f8e0626492275b,RobroKools/vad-bert,c4c659fd17dd5807572b3f0f577de8c408401ca7,3.0308406352996826,2.889617681503296,3.113608837127685
d45576265b48e94aab53d29eadd2499a8b17a2168b6c0692a5e08378f6931bff,RobroKools/vad-bert,c4c659fd17dd5807572b3f0f577de8c408401ca7,3.2590105533599854,3.088164806365967,3.328092575073242
29cc4deddf1fa57b45d7e067a1230952cb070c48ff75cc56f26dc1d4bac84ed6,RobroKools/vad-bert,c4c659fd17dd5807572b3f0f577de8c408401ca7,3.23771333694458,3.032716989517212,3.349781036376953
72dfaa9469fdb6b1844f605294eb46389dfc20e68596d9ca72b2ab3dae1377f3,RobroKools/vad-bert,c4c659fd17dd5807572b3f0f577de8c408401ca7,3.248764753341675,2.975350141525269,3.3549935817718506
909ebe7bff99bf1fd3c4a87d54796f12e61078b9fc54f479cb59eff442e9aefb,RobroKools/vad-bert,c4c659fd17dd5807572b3f0f577de8c408401ca7,3.3556792736053467,3.1521525382995605,3.4557034969329834
416896b8804531b969d1df7b78d64af99526d4ebf3be8d3616f427f2ee41debb,RobroKools/vad-bert,c4c659fd17dd5807572b3f0f577de8c408401ca7,3.3057668209075928,2.984860181808472,3.2720601558685303
fc77fbb9afc0c09d6ac26a4f6a479df24f83be44bc550802c7060d7330acefe1,RobroKools/vad-bert,c4c659fd17dd5807572b3f0f577de8c408401ca7,3.1275460720062256,3.041288137435913,3.256096601486206
b91a1595f6cd0cc1a885bdb8cec7a1e1c2db5b8dbc0d6d2702db85f1e3e9a78a,RobroKools/vad-bert,c4c659fd17dd5807572b3f0f577de8c408401ca7,3.330658197402954,3.091927051544189,3.338393211364746
1028fdccffa5292a6dfabb81591f9a10bc91311852be61c55984bec569cef4a0,RobroKools/vad-bert,c4c659fd17dd5807572b3f0f577de8c408401ca7,2.8926942348480225,3.00374436378479,3.219585657119751
ca0e06d39ce50b637d303bb03912f91bf63e01768d9618643f6753a75e1b649f,RobroKools/vad-bert,c4c659fd17dd5807572b3f0f577de8c408401ca7,3.383901357650757,3.111348390579224,3.377490282058716
aeeb1bf23e68f9b5beeea19145e7ac045b2e50705bb29a2bfdd0589fd6fb1066,RobroKools/vad-bert,c4c659fd17dd5807572b3f0f577de8c408401ca7,3.217082023620605,3.076271772384644,3.318888902664185
df07589d569a04d53af09c04bd9c883b4bf84e2737835ea88f1befcc1a6ad227,RobroKools/vad-bert,c4c659fd17dd5807572b3f0f577de8c408401ca7,3.5275309085845947,3.2094061374664307,3.396438837051392
7f90fe9bf040c544e7a67c6136979c101f8907432b7da517f4dff7d7fd2f90e7,RobroKools/vad-bert,c4c659fd17dd5807572b3f0f577de8c408401ca7,3.2289273738861084,3.104095458984375,3.377509593963623
26cada55a5264c350615512983d589feb3d2c5aff4fc83a5913b9d62ac0eb041,RobroKools/vad-bert,c4c659fd17dd5807572b3f0f577de8c408401ca7,3.390256881713867,3.0961506366729736,3.3192875385284424
4ac229a5380eac9199c1e126b2b8dedc1222fe8c509c60b76ab2d691a300950e,RobroKools/vad-bert,c4c659fd17dd5807572b3f0f577de8c408401ca7,3.018036127090454,2.9499833583831787,3.2436463832855225
48bf2095a6ffc384a5fc6453a824a3d418d8734560e37b849775ca5d341db77c,RobroKools/vad-bert,c4c659fd17dd5807572b3f0f577de8c408401ca7,3.076181411743164,3.026816129684448,3.1991987228393555
133944c0227f8fc5a197659369cb96822924698cc863fac8635c3c91b1ec931e,RobroKools/vad-bert,c4c659fd17dd5807572b3f0f577de8c408401ca7,2.9547336101531982,2.9579880237579346,3.217368125915528
7daa179ff0aaa12c445cce3f30e5b14278f6c1d67bea6fdc94ff94d59d1823fb,RobroKools/vad-bert,c4c659fd17dd5807572b3f0f577de8c408401ca7,3.1675734519958496,3.0572755336761475,3.3050687313079834
fa7fa9db54287ac57c5e93cd16d7f3a4b191a221f878e660227422bcb6c7b77b,RobroKools/vad-bert,c4c659fd17dd5807572b3f0f577de8c408401ca7,3.1073861122131348,3.0721194744110107,3.2296788692474365
5abc00d9dc165af788edfeef1d46c305052d01894a4adcd7384f5fad5cc126c4,RobroKools/vad-bert,c4c659fd17dd5807572b3f0f577de8c408401ca7,3.101639032363892,2.9353718757629395,3.199546337127685
0bceb75ef7729b66d24eb9821e283e3aaaa15c28db137083a9be36a5bb32702c,RobroKools/vad-bert,c4c659fd17dd5807572b3f0f577de8c408401ca7,3.232548713684082,3.0611565113067627,3.304551362991333
e5cdf237a7fbb00a2871add22ffbc0541f6559c409b23fd3d8ed539a1f002009,RobroKools/vad-bert,c4c659fd17dd5807572b3f0f577de8c408401ca7,3.0021958351135254,3.0802409648895264,3.168531656265259
d79af972f5cbc7c129a2535068e35153c2da4446e4596d54046638ab32002d91,RobroKools/vad-bert,c4c659fd17dd5807572b3f0f577de8c408401ca7,3.067617893218994,3.0070931911468506,3.228371381759644
c5f7379612ca48e1af3885cb417c055de1d765cf8a1776a97f2b113ee31e1c1e,RobroKools/vad-bert,c4c659fd17dd5807572b3f0f577de8c408401ca7,3.0820462703704834,3.0335617065429688,3.2507472038269043
babeac647c776fcdca77749d54d6cb22f714ca401d9c0db9fcad23b9bed1d02d,RobroKools/vad-bert,c4c659fd17dd5807572b3f0f577de8c408401ca7,3.010151624679565,2.9325993061065674,3.206828117370605
d820bd538a5879e3a2419cb51dc8dd42dafa97278a88ea2c893d04004c68e587,RobroKools/vad-bert,c4c659fd17dd5807572b3f0f577de8c408401ca7,3.0131821632385254,2.9390757083892822,3.20575213432312
35469218e290d44ad56b40ee8f9b9a348573ad9f205b3a0c5673ccfd74611f14,RobroKools/vad-bert,c4c659fd17dd5807572b3f0f577de8c408401ca7,3.0810701847076416,3.0619451999664307,3.1950042247772217
b6f120935feb3cdb436bae82ab98663f4d44b6b5d428294a48660e37f01f039a,RobroKools/vad-bert,c4c659fd17dd5807572b3f0f577de8c408401ca7,3.0338053703308105,3.1387736797332764,3.139636278152466
f2f3c6eca29ec511515c07b58105c5ef04b607f074718f2248dea3c852b9fd76,RobroKools/vad-bert,c4c659fd17dd5807572b3f0f577de8c408401ca7,3.0430970191955566,3.046130895614624,3.1858181953430176
eb889cfa5a9dd3af18b74c2e91f47e1b2b2dd90984fd394bd6afb017e64932df,RobroKools/vad-bert,c4c659fd17dd5807572b3f0f577de8c408401ca7,3.0705208778381348,2.935291051864624,3.2300424575805664
99b9d068a5a83c5c427eb588e15894bceb36ec6bd14fdaa3fe635445a925124b,RobroKools/vad-bert,c4c659fd17dd5807572b3f0f577de8c408401ca7,2.9547393321990967,3.058082103729248,3.229065418243408
4e108fe443c999a4a96160a1946c448817776c9d0bcd1112eb01b30ce32940f1,RobroKools/vad-bert,c4c659fd17dd5807572b3f0f577de8c408401ca7,3.1428349018096924,2.900954484939575,3.272958517074585
3708e59d0dd52b53c4899adea456757daa4c987a60595d881b553cd1fda77728,RobroKools/vad-bert,c4c659fd17dd5807572b3f0f577de8c408401ca7,3.211707353591919,2.986440658569336,3.340379238128662
6e93b9b3ee09781c4e412692acee33173d4468f4a25595a573fc7c932c6a86e8,RobroKools/vad-bert,c4c659fd17dd5807572b3f0f577de8c408401ca7,3.073791980743408,2.934039354324341,3.310198783874512
9bad312e78f34a775568dfd2dde4295d5c719b3e63586ef0e154543dda021da0,RobroKools/vad-bert,c4c659fd17dd5807572b3f0f577de8c408401ca7,3.061784505844116,2.8774917125701904,3.281524181365967
dec2e8086ea1f0d6bf0d3d5c3933d325283baa3009deb7d04b0d5c62e9cf437e,RobroKools/vad-bert,c4c659fd17dd5807572b3f0f577de8c408401ca7,3.2185323238372803,2.927680730819702,3.2333900928497314
3f0fa96e08e1bdf2e22d2894e7c81d0c5bd6cc4cb595179578f6463a2d232ada,RobroKools/vad-bert,c4c659fd17dd5807572b3f0f577de8c408401ca7,3.108661413192749,2.9317636489868164,3.344782590866089
288b7264290aac521231f2fbb3a4f2badd5bc65e55f1919b150d07c239a4a737,RobroKools/vad-bert,c4c659fd17dd5807572b3f0f577de8c408401ca7,3.124841451644897,2.914402961730957,3.274676322937012
7176899d5159d9c12035c8b9e3e8aee25fc939203cdb310540d02dc21197616b,RobroKools/vad-bert,c4c659fd17dd5807572b3f0f577de8c408401ca7,3.1041412353515625,2.946892023086548,3.263171911239624
ae0495f2bf84a0fef7843832ef60f7c9a2ca47a61989d484287feba04049971b,RobroKools/vad-bert,c4c659fd17dd5807572b3f0f577de8c408401ca7,3.183971643447876,2.962712526321411,3.28652024269104
640677ac5616a9e2ddd5669e8cf1125b671d937574d3d77230f5066e6e1ae17e,RobroKools/vad-bert,c4c659fd17dd5807572b3f0f577de8c408401ca7,3.1809444427490234,2.928452014923096,3.3265068531036377
2ff5b82f821e1fa2fd421c272c6db9bc670f49e75abd2bf4551cbb32b3d07642,RobroKools/vad-bert,c4c659fd17dd5807572b3f0f577de8c408401ca7,3.154045820236206,2.953541040420532,3.2601497173309326
abdc03613ce18400513394ccbf536e6dce4c2095af2611494c0f793509639c2f,RobroKools/vad-bert,c4c659fd17dd5807572b3f0f577de8c408401ca7,3.124903440475464,2.9580554962158203,3.313194990158081
7d07f038d3f2f6920ca23b7ddfe3fd33199b51b08daeaf0f4a7448d21bfd808c,RobroKools/vad-bert,c4c659fd17dd5807572b3f0f577de8c408401ca7,3.148458957672119,2.887812852859497,3.274346113204956
af92c35f23b4b23ee621ed6b631d2834c1c6e26d2abb4232a0d90e2f6d55ac43,RobroKools/vad-bert,c4c659fd17dd5807572b3f0f577de8c408401ca7,3.132042646408081,2.9393529891967773,3.2931478023529053
a4fdeb3677110ca89a6c37b080dd5090c40ef10cdd7676797a8e105a5035d10c,RobroKools/vad-bert,c4c659fd17dd5807572b3f0f577de8c408401ca7,3.161740779876709,2.9666013717651367,3.3294124603271484
7f36c5893f7e178d253b5f91543264e943abb686410bef2de1c42ded990f4b67,RobroKools/vad-bert,c4c659fd17dd5807572b3f0f577de8c408401ca7,3.134440660476685,2.844496011734009,3.257530689239502
c59094fd2cfd23df94ea5152dc75a1c3d0a6525281ad1b1be950586d4ef59331,RobroKools/vad-bert,c4c659fd17dd5807572b3f0f577de8c408401ca7,3.324581861495972,2.988595724105835,3.3329575061798096
9d064e2b41bcba9e6fed2980dd7dd8a8f72980cdff061e4ac64bd011634260a7,RobroKools/vad-bert,c4c659fd17dd5807572b3f0f577de8c408401ca7,3.1818416118621826,2.8487250804901123,3.2956433296203613
549f26c731e6a841129081c56a9b38267c746da7bffbb413a56a1a06d2499089,RobroKools/vad-bert,c4c659fd17dd5807572b3f0f577de8c408401ca7,3.294388055801392,3.0300090312957764,3.3937270641326904
49a60e2f2fccf0a08b61423b857018f5c72578deaa35ed567b80d1e41f63be6a,RobroKools/vad-bert,c4c659fd17dd5807572b3f0f577de8c408401ca7,3.2052996158599854,2.9954121112823486,3.297844886779785
2377ccf833e39bb51d303762095225be7181b987404d3a41a7c6cf5042924420,RobroKools/vad-bert,c4c659fd17dd5807572b3f0f577de8c408401ca7,3.232057571411133,2.9915990829467773,3.3694655895233154
ab4bb99119058de3abeefdfc55b448a5e62e291a8ae1f4b42f6f30468c5fad3a,RobroKools/vad-bert,c4c659fd17dd5807572b3f0f577de8c408401ca7,3.24924898147583,2.962878942489624,3.311347246170044
57c732973e8f96aae43e5c6a58d1a3534c903d1920ce46a73ce9e869bcb459cf,RobroKools/vad-bert,c4c659fd17dd5807572b3f0f577de8c408401ca7,3.3781774044036865,3.077399015426636,3.326560735702514
ebbcfb7ae5903a0f5c3bbf8247b4b714db2522b1fe08085860b1c026a5735006,RobroKools/vad-bert,c4c659fd17dd5807572b3f0f577de8c408401ca7,3.5149734020233154,3.194376230239868,3.334710597991944
8b8bf3508af8c4e2a9b01c3670ff9d964b3c31129388f38147e22cf93b8413e6,RobroKools/vad-bert,c4c659fd17dd5807572b3f0f577de8c408401ca7,3.2147252559661865,2.940746068954468,3.327788591384888
859f281cc5f120aa791f4f0b04fa22d8ec1c11864fe3b90597855f2f7c6464df,RobroKools/vad-bert,c4c659fd17dd5807572b3f0f577de8c408401ca7,3.310981035232544,3.086632013320923,3.3051061630249023
26e90a615859129db3674b4f739f208f287028f79d85ab33e9d9dfd5e00419f8,RobroKools/vad-bert,c4c659fd17dd5807572b3f0f577de8c408401ca7,3.286623001098633,2.989865064620972,3.358799934387207
fbce17445ac3e8094e479ecb69175f17718b82dddc9d7c5befb69fbdbae8f2c2,RobroKools/vad-bert,c4c659fd17dd5807572b3f0f577de8c408401ca7,3.1419548988342285,2.9374196529388428,3.17398452758789
6ad2405b14a91f82d0443688949e57bfa07b1ff4cbf77ec6cf1c140380502fc7,RobroKools/vad-bert,c4c659fd17dd5807572b3f0f577de8c408401ca7,3.435719490051269,3.07676100730896,3.3151276111602783
ac0bc140d44ef660f19128b1d77154048d100179aedfe89bef8529f487a2e6e4,RobroKools/vad-bert,c4c659fd17dd5807572b3f0f577de8c408401ca7,3.3271360397338867,3.078856468200684,3.374758243560791
de0940e7edf58526745c6e3c5dba78e46cbf627c9f3abfe256e153046cbb4f38,RobroKools/vad-bert,c4c659fd17dd5807572b3f0f577de8c408401ca7,3.265333890914917,3.1712028980255127,3.306286096572876
5a84ba2aa3e86b38fe128efc542fbb4824b75abcf11d60029178f51465a00971,RobroKools/vad-bert,c4c659fd17dd5807572b3f0f577de8c408401ca7,3.4486210346221924,3.1529541015625,3.360570907592773
028e4c9e68442ae5d62c41330d58303fc2c939260d68cf2015acdbe17bedb4b8,RobroKools/vad-bert,c4c659fd17dd5807572b3f0f577de8c408401ca7,3.2577359676361084,2.992006063461304,3.278104782104492
ed57d10dd9b8a22523d8e4d517ce5d4b3da4b4659dff4331c5b6160ce50c60af,RobroKools/vad-bert,c4c659fd17dd5807572b3f0f577de8c408401ca7,3.2342350482940674,3.067054510116577,3.32940936088562
1cfc2a40669159ad1210b2ad49855a23d9c246900c97f3323d3c03c1b5ad0966,RobroKools/vad-bert,c4c659fd17dd5807572b3f0f577de8c408401ca7,3.3356235027313232,3.0988874435424805,3.31412672996521
e28a2f8ff99e69546d729119ee92a0d83e16445886b0e9c720115ca08a6a5bc6,RobroKools/vad-bert,c4c659fd17dd5807572b3f0f577de8c408401ca7,3.1880486011505127,3.026090383529663,3.2760183811187744
336269a7fe2bbce893412cc4246ced6d9d1106443668700c4167b89198f07c84,RobroKools/vad-bert,c4c659fd17dd5807572b3f0f577de8c408401ca7,3.2789461612701416,2.9595296382904053,3.3276641368865967
4c55db0fe2a7e45505acde106db609024ad3045d3a9c2d05477d719217ecf85c,RobroKools/vad-bert,c4c659fd17dd5807572b3f0f577de8c408401ca7,3.243354082107544,3.075159072875977,3.286795854568481
4db3040f46a62700d79de85bf5ebadce9d10b5438b6d79f0e3b43a28aaab22b1,RobroKools/vad-bert,c4c659fd17dd5807572b3f0f577de8c408401ca7,3.281418561935425,3.0736353397369385,3.270902633666992
e9926d1a3ae9e813d4b4303021d53ff86e95fff3d8b021df261c3cb41c3c561e,RobroKools/vad-bert,c4c659fd17dd5807572b3f0f577de8c408401ca7,3.254096031188965,2.9593405723571777,3.3368444442749023
7acce46e7405b56d9bb3a5ba239c65c9be4ea4796b7f7057de445b0999ecb604,RobroKools/vad-bert,c4c659fd17dd5807572b3f0f577de8c408401ca7,3.231074810028076,2.939174175262451,3.2789628505706787
025ce79d58e039e23c4f017d4afd52b41fba1246e62718aa919038ea5f2734f2,RobroKools/vad-bert,c4c659fd17dd5807572b3f0f577de8c408401ca7,3.1971099376678467,3.013801336288452,3.337121725082397
99656762c8954d474ace424c0dbe07e9923c8c559b4f0c8311a4ea20e7a0142b,RobroKools/vad-bert,c4c659fd17dd5807572b3f0f577de8c408401ca7,3.2517611980438232,2.953021049499512,3.340981960296631
79c0285ae3f1afafa0d2aef23f468a44e7f10f04222f660cbbe52a9e5c6b8da4,RobroKools/vad-bert,c4c659fd17dd5807572b3f0f577de8c408401ca7,3.197620153427124,3.0115537643432617,3.336257219314575
fc97988ea537ba94da44c4282518b17d1dff144cdd773ebe44f8ec2557004577,RobroKools/vad-bert,c4c659fd17dd5807572b3f0f577de8c408401ca7,3.166571855545044,3.0235867500305176,3.3356356620788574
7dd2403ae3e02a5e254b858433238204c4556cef71d5661b295dee6cdf74859f,RobroKools/vad-bert,c4c659fd17dd5807572b3f0f577de8c408401ca7,3.1978113651275635,3.0202763080596924,3.3377525806427
dcc1f9ddca046151888a18fbade17b25f01c7ed3d2c4f8b1259a0b65c99c2c0c,RobroKools/vad-bert,c4c659fd17dd5807572b3f0f577de8c408401ca7,2.9890449047088623,3.1045525074005127,3.215712785720825
a6e87bf0f9233d50492f7176f60970d3f7e20c51a5767dcfdd840bc735c2dc55,RobroKools/vad-bert,c4c659fd17dd5807572b3f0f577de8c408401ca7,3.06343150138855,3.093251466751098,3.0827763080596924
be2a05dae5ce0003b384233153af6c72a9686705457127b1942acf3610dfc68d,RobroKools/vad-bert,c4c659fd17dd5807572b3f0f577de8c408401ca7,2.9412529468536377,3.0056002140045166,3.229340076446533
b09a72a2a77ecfd97f2bee9bc5a09ed514a149dffd001e46368ba3284b6d4127,RobroKools/vad-bert,c4c659fd17dd5807572b3f0f577de8c408401ca7,2.960933923721313,3.052263021469116,3.0797595977783203
aa69a248c82d65316d313a8b83d0fde66d087c330ef98895b3f9f47c545bf01f,RobroKools/vad-bert,c4c659fd17dd5807572b3f0f577de8c408401ca7,3.0358726978302,2.997200965881348,3.145202398300171
c6f0cce14c9034ce6065588cbf64b8992dca7d6f17f6b46473fad37bf8a26a16,RobroKools/vad-bert,c4c659fd17dd5807572b3f0f577de8c408401ca7,3.0455539226531982,2.901221513748169,3.1648545265197754
eefd5231adf9da6362fd9288f29a3d395b8812d969e2e43992442bbfacc34c74,RobroKools/vad-bert,c4c659fd17dd5807572b3f0f577de8c408401ca7,2.832151174545288,2.986579179763794,3.1663386821746826
4fc1689ec2f330893bb4a514e9543460a30fa29d4ea3c22421a6e79295d250c8,RobroKools/vad-bert,c4c659fd17dd5807572b3f0f577de8c408401ca7,2.9939022064208984,3.0192267894744877,3.156499147415161
7e4fbeb0e893483e057b9bae67473d78322752a906399690a86da7db58e9a297,RobroKools/vad-bert,c4c659fd17dd5807572b3f0f577de8c408401ca7,2.899059772491455,3.021543025970459,3.0269675254821777
901a27894088e4f927586d859436b39ec5766162e311ee54cc1eab7bd4f90452,RobroKools/vad-bert,c4c659fd17dd5807572b3f0f577de8c408401ca7,2.9359793663024902,3.0229954719543457,3.141291856765747
aae6e4d0b1020eced606671d5bb8e46897faa29bfe3f7c8259d2bfa5aeb90593,RobroKools/vad-bert,c4c659fd17dd5807572b3f0f577de8c408401ca7,2.938538789749145,2.958576440811157,3.118436336517334
197d17ceddfac1ee2e1b278dde1d27c1ecd425186a30dff173f2ac9950dfcea6,RobroKools/vad-bert,c4c659fd17dd5807572b3f0f577de8c408401ca7,2.9918878078460693,3.045699119567871,3.1421058177948
044e02daab3360a245567885441af69f95bdc09c90f16f1687e2c1d9e0b34765,RobroKools/vad-bert,c4c659fd17dd5807572b3f0f577de8c408401ca7,2.955922842025757,2.99240517616272,3.102036476135254
68bce6a4c592d182a8d026f412f124081a6ece1b571d14f8983e7460b5f02ee5,RobroKools/vad-bert,c4c659fd17dd5807572b3f0f577de8c408401ca7,2.960033178329468,3.018350839614868,3.095388174057007
0d26aa9422c8c7abda33adaf72bb93ed604c02a96ed828268f52f79a140783c2,RobroKools/vad-bert,c4c659fd17dd5807572b3f0f577de8c408401ca7,2.97053599357605,2.9129021167755127,3.1746468544006348
7c58f3b2c6348be496602bb7cd0b6d8575ff8b4ecaaf7a8e2c3ded8c922fe3d4,RobroKools/vad-bert,c4c659fd17dd5807572b3f0f577de8c408401ca7,3.0102322101593018,2.972299814224243,3.1629111766815186
e1df46386effeeb49562d61fe982f10dfb61ad2562f6fb5e511a86b41fe9993a,RobroKools/vad-bert,c4c659fd17dd5807572b3f0f577de8c408401ca7,3.0351109504699707,2.831235647201538,3.227133750915528
b03a968ba0fa23ddd10b78b80c525c3f44681b8e0fcc935d30ae893f3dc9c9f1,RobroKools/vad-bert,c4c659fd17dd5807572b3f0f577de8c408401ca7,2.9500272274017334,3.025644063949585,3.190441846847534
502d789064d1e85d868978196d4b9f2818ad11dcc22784807e94964d7b0fd169,RobroKools/vad-bert,c4c659fd17dd5807572b3f0f577de8c408401ca7,3.0382325649261475,2.9915125370025635,3.0801594257354736
3a8cfb0c60243e20027283f01b55341562d9b8f70be3a238aba7b96fa851ab8d,RobroKools/vad-bert,c4c659fd17dd5807572b3f0f577de8c408401ca7,3.0319693088531494,3.0807180404663086,3.21875548362732
4b7f95ea4406df39da29bd0ec795cd20ed1260a9790c551cc823f8c04c477bf2,RobroKools/vad-bert,c4c659fd17dd5807572b3f0f577de8c408401ca7,2.8596911430358887,3.0020995140075684,3.193540334701538
95ea99502a19cf7cab68b5e98156cf6b3d27b91543a7ddb100d89897b9802d70,RobroKools/vad-bert,c4c659fd17dd5807572b3f0f577de8c408401ca7,2.9713680744171143,2.9581315517425537,3.0959808826446533
1a2306fa8ddfb5206968c95765468e5ecde2c59c6364a9f5daa93c9cb892d69c,RobroKools/vad-bert,c4c659fd17dd5807572b3f0f577de8c408401ca7,2.979126453399658,3.0489284992218018,3.1910388469696045
e74702587565458fdf54b003cb4a1a85aadc10f5655b6243bcb909f6b4caef2f,RobroKools/vad-bert,c4c659fd17dd5807572b3f0f577de8c408401ca7,3.153744697570801,3.0419070720672607,3.257014513015747
1b2e17b195dca5025cbca26a870b37529e3fd3e017ae4121a5af7b8ca295eb37,RobroKools/vad-bert,c4c659fd17dd5807572b3f0f577de8c408401ca7,2.9857425689697266,2.9910008907318115,3.048062324523926
d2337269ec8c32915f33db139896296f148ae882d3b79be16aaec7686ac96a43,RobroKools/vad-bert,c4c659fd17dd5807572b3f0f577de8c408401ca7,2.6965582370758057,2.9717304706573486,3.09039044380188
fd1fb37952372fe1a84aa985f0ef9ddfb3b63878b162413158cf470550d73ffb,RobroKools/vad-bert,c4c659fd17dd5807572b3f0f577de8c408401ca7,3.027185678482056,2.8998332023620605,3.122114419937134
40dc043b0c6890c2ad53478f9cf6f0a9445a2561cc2726f8a4eae9308c3c9a88,RobroKools/vad-bert,c4c659fd17dd5807572b3f0f577de8c408401ca7,2.796058654785156,2.929354429244995,3.119482517242432
96d4c49f8ecf6275f1ac1b7e19de91f5b1c447af455cf255ea8c693016df5209,RobroKools/vad-bert,c4c659fd17dd5807572b3f0f577de8c408401ca7,2.7986505031585693,2.918104887008667,3.149353504180908
51cfdbe9b75eaebbd469c290606022719c6fd4f49873526a281d730f0a970912,RobroKools/vad-bert,c4c659fd17dd5807572b3f0f577de8c408401ca7,2.9719183444976807,3.0714304447174072,3.2243523597717285
2159a3c257ac3943c099923e597b2e49ad13af9915612c248171244bc3cbb160,RobroKools/vad-bert,c4c659fd17dd5807572b3f0f577de8c408401ca7,2.731465578079224,2.8211240768432617,3.10516095161438
93a27dea8a06ef0b20aad589c641476714ef46098c04429ce328bf664580b73a,RobroKools/vad-bert,c4c659fd17dd5807572b3f0f577de8c408401ca7,2.984128952026367,2.9111669063568115,3.184090375900269
ccfcf31765446e750c0a6c325d0e23df115f31755a3a442e4696bcfac47ef9b9,RobroKools/vad-bert,c4c659fd17dd5807572b3f0f577de8c408401ca7,3.3388049602508545,3.1928045749664307,3.377027750015259
31582a83bd4d49a314a4550ed7f26128c94b264d5dc1a7a1dff9ad04be889205,RobroKools/vad-bert,c4c659fd17dd5807572b3f0f577de8c408401ca7,3.2634451389312744,3.0212767124176025,3.341233968734741
3dffa58bc528e2100cc9ca042d10e2f93a35e7e79fab2807fce60221be6f6544,RobroKools/vad-bert,c4c659fd17dd5807572b3f0f577de8c408401ca7,3.2154762744903564,3.026983499526977,3.234150648117065
621bf199c2c6c8951fe760dbad7ec745b4df5e0702266ebd24d64fa9749e2472,RobroKools/vad-bert,c4c659fd17dd5807572b3f0f577de8c408401ca7,3.2375285625457764,3.087759256362915,3.339751482009888
783767bd9846bcf95ad9a06452308d57caa3e5d8013ef3008d2fd80554a8dbfd,RobroKools/vad-bert,c4c659fd17dd5807572b3f0f577de8c408401ca7,3.354243516921997,3.077531337738037,3.4289443492889404
b96e392333f4ca4f89e2e152e007751f8475152ffdf776d1d3a42268ab125ffd,RobroKools/vad-bert,c4c659fd17dd5807572b3f0f577de8c408401ca7,3.237769603729248,3.065351724624634,3.3371474742889404
bd4e893f342bbf2ee372ab86fff1e687f5b6d679f4596d8e3354d7666f376a22,RobroKools/vad-bert,c4c659fd17dd5807572b3f0f577de8c408401ca7,3.4894449710845947,3.2495157718658447,3.4301435947418213
b5987006da4ab8340181d8f9b0204dcf56226d104113196bb1d2a2fafc597daa,RobroKools/vad-bert,c4c659fd17dd5807572b3f0f577de8c408401ca7,3.230546236038208,3.044782876968384,3.310079336166382
1c9f7bddfd43f90c4f83249543b1e72f24ea15c7be74c55e97843020d0cba20a,RobroKools/vad-bert,c4c659fd17dd5807572b3f0f577de8c408401ca7,3.112237930297852,3.1252872943878174,3.2494959831237797
9cf40b5237d6511f0fe358b8d5d791d20a8e773d1cb416ed4cd98188b79e0e3b,RobroKools/vad-bert,c4c659fd17dd5807572b3f0f577de8c408401ca7,3.131861686706543,2.9769656658172607,3.2507216930389404
20e7bda407172018ecb4a0761ce01c0afcae20030149638b9e35797b50558a4a,RobroKools/vad-bert,c4c659fd17dd5807572b3f0f577de8c408401ca7,3.0547425746917725,2.967877149581909,3.160817623138428
ebbfc26c41ce9a8d36f498f60175bb663292267e9e9fb50f071c15418f082c26,RobroKools/vad-bert,c4c659fd17dd5807572b3f0f577de8c408401ca7,3.4285805225372314,3.0943756103515625,3.3353211879730225
dcd4545944a5425586b7ab9890ba742ae6f8714d89f25cdea8d03b841b093739,RobroKools/vad-bert,c4c659fd17dd5807572b3f0f577de8c408401ca7,3.2779386043548584,3.078619718551636,3.2929556369781494
d27765defb4b9243e45b449153b2b980e435c89c78db6b3a82c24a2489df8a9a,RobroKools/vad-bert,c4c659fd17dd5807572b3f0f577de8c408401ca7,3.3293726444244385,2.984795331954956,3.4024136066436768
a4fc3e5fce2a44eec576f29208a365b814ae9da7ad7c75d0161c490dff4f8cb4,RobroKools/vad-bert,c4c659fd17dd5807572b3f0f577de8c408401ca7,3.025928258895874,3.0247104167938232,3.151237964630127
1df33f057a3f4949127eab67354112e33a8aaaf5244d477e470bf723ccc5df91,RobroKools/vad-bert,c4c659fd17dd5807572b3f0f577de8c408401ca7,3.23683762550354,3.2003157138824463,3.2887661457061768
7ff55bdfc47cc3df9d60f5b4fbf0d5332009976a10089839b55de6f12315eaaf,RobroKools/vad-bert,c4c659fd17dd5807572b3f0f577de8c408401ca7,3.202228307723999,3.045943260192871,3.250248432159424
a0ed7ba36561e088bcdf0077a615e9cc8ee2e5423c76ed05e3acd759c1a44e01,RobroKools/vad-bert,c4c659fd17dd5807572b3f0f577de8c408401ca7,3.0714781284332275,3.038102626800537,3.249359130859375
4a9bfc1a96b52fd5f65831c56279d6d19519e4d116aa301f0f270ffda592964b,RobroKools/vad-bert,c4c659fd17dd5807572b3f0f577de8c408401ca7,3.3540210723876958,2.949824333190918,3.302155017852783
3a54d311d265dc5557d83f794367c1adbc8637c6410a0340d4792370a1f934d6,RobroKools/vad-bert,c4c659fd17dd5807572b3f0f577de8c408401ca7,3.307469606399536,2.997408390045166,3.2829177379608154
0a7f91427f409e8ed28681d9d729cac7904bbd549089486a3416f5922429527f,RobroKools/vad-bert,c4c659fd17dd5807572b3f0f577de8c408401ca7,3.241567373275757,2.9672625064849854,3.3172428607940674
5edf90054d0df707a91e1f95856f65cc1974ee1985baeee2e11ee544a620ee54,RobroKools/vad-bert,c4c659fd17dd5807572b3f0f577de8c408401ca7,3.492967367172241,3.141408920288086,3.3632755279541016
8190e27305d9d74c52ffeb948110e70aaa6441e51c211aec9ac5669f8051457a,RobroKools/vad-bert,c4c659fd17dd5807572b3f0f577de8c408401ca7,3.272256851196289,3.0706655979156494,3.3907601833343506
0ea6f386a8d7d5788471d7233ef7ba189d1134bbf887faa2307fb20da0879836,RobroKools/vad-bert,c4c659fd17dd5807572b3f0f577de8c408401ca7,3.4144904613494877,3.240562915802002,3.4047205448150635
0ddc445906326cf75f3e2b3ff18874d5f89d49e3eeca91b09035399af43464e4,RobroKools/vad-bert,c4c659fd17dd5807572b3f0f577de8c408401ca7,3.2380177974700928,3.0608105659484863,3.316540002822876
d13231e628212676419e3514c1b293ad635ba6f25fdf36e97455567d581d6272,RobroKools/vad-bert,c4c659fd17dd5807572b3f0f577de8c408401ca7,3.308693647384644,3.016776323318481,3.312532663345337
98b8076208e9b9b3216b1f6f351e9a937568991cce5d9339fc6bab1ef4abcde6,RobroKools/vad-bert,c4c659fd17dd5807572b3f0f577de8c408401ca7,3.2140705585479736,3.012769937515259,3.2865421772003174
773d6fc376e39c4f1ac3c24d8eb1db4b186e030780e66f3e3c15a38d78604dd7,RobroKools/vad-bert,c4c659fd17dd5807572b3f0f577de8c408401ca7,3.474590301513672,3.1372015476226807,3.3729453086853027
cfede71021a7e90b4e2a9cda018bad061af0b593f6b464e08b93b387001be722,RobroKools/vad-bert,c4c659fd17dd5807572b3f0f577de8c408401ca7,3.3235976696014404,3.0197598934173584,3.3503496646881104
ddc2d00b376e9458d1f487653b320aa12285d6a08267fcec2a1fea9dce504f6d,RobroKools/vad-bert,c4c659fd17dd5807572b3f0f577de8c408401ca7,3.24839186668396,3.0129916667938232,3.284193277359009
1f229cef0f1f38ff74a8794e05dc4b6bf34bc458063d3548090d5d20529ffdfd,RobroKools/vad-bert,c4c659fd17dd5807572b3f0f577de8c408401ca7,3.2695868015289307,3.053106546401977,3.3040566444396973
9ddb2cc10e7252b4dfbf089c2b315cd5ac0333f33927b1e381786b76e15b8b9b,RobroKools/vad-bert,c4c659fd17dd5807572b3f0f577de8c408401ca7,3.2563068866729736,3.0852720737457275,3.258929967880249
2327ea315bae5e7f6aafae219fde8546622bf24372da747787972acf0c112fc1,RobroKools/vad-bert,c4c659fd17dd5807572b3f0f577de8c408401ca7,3.129992246627808,3.095896482467652,3.256598949432373
2d95bd4f53f96da71f1b5383febd889edb4796aa4377719a6059f4e346780a79,RobroKools/vad-bert,c4c659fd17dd5807572b3f0f577de8c408401ca7,3.007626533508301,2.958989381790161,3.2677223682403564
2c167acc0df8f3c9cdc98c0bc022674e6bb810b398c5c552e840720745297bb0,RobroKools/vad-bert,c4c659fd17dd5807572b3f0f577de8c408401ca7,3.1071484088897705,2.9491419792175293,3.29783296585083
08c9325db06818246b0f6f09047c3fc6b92c531f3712d097b2e0315f20f62e8e,RobroKools/vad-bert,c4c659fd17dd5807572b3f0f577de8c408401ca7,3.215626001358032,2.9195821285247803,3.2390029430389404
dbcc8a55925b0c98a2979a26b0d5100c3bea3984184e573b8e58a15ced754464,RobroKools/vad-bert,c4c659fd17dd5807572b3f0f577de8c408401ca7,2.909715414047241,3.132934808731079,3.1548092365264893
120e1b9a2558df245c7727d07db1b79b8d8ed5042b62e1bbfc69a96fcc35348c,RobroKools/vad-bert,c4c659fd17dd5807572b3f0f577de8c408401ca7,3.065757274627685,3.027196168899536,3.24822735786438
6441b2ae3a6efbc0e38b2c1f948c0bf2c431f72e4a42c402f863296fa4a44566,RobroKools/vad-bert,c4c659fd17dd5807572b3f0f577de8c408401ca7,2.9533796310424805,2.986582040786743,3.210782289505005
3887a8cb8fd65db335ff297486373b434e8cc6d38c2b87e9589bbac15edd3fa9,RobroKools/vad-bert,c4c659fd17dd5807572b3f0f577de8c408401ca7,3.042478322982788,2.990285396575928,3.211645126342773
761f270cc47168c7d3e8e5375b807173f1c8be654ce2e0d95891d0fdab10622a,RobroKools/vad-bert,c4c659fd17dd5807572b3f0f577de8c408401ca7,3.0143253803253174,2.9576339721679688,3.1694681644439697
400a0d04dc57f5be2230941e864b568026a1d49926d6081632203941f4a73ca7,RobroKools/vad-bert,c4c659fd17dd5807572b3f0f577de8c408401ca7,2.850733995437622,2.9954466819763184,3.1484882831573486
d696ea36bb365dc119b23a8f6530c8ca98c0942ed10adaf8a6cb6122fa0fa43e,RobroKools/vad-bert,c4c659fd17dd5807572b3f0f577de8c408401ca7,2.8277156352996826,3.100549459457397,3.08070969581604
61af62a64a02573fb6f582fe90ac43bb726cc6df80cbe884c5a07da8c95aa36d,RobroKools/vad-bert,c4c659fd17dd5807572b3f0f577de8c408401ca7,3.262018918991089,2.978320360183716,3.338690757751465
79b727ac433fc5e65306b7d8d7f58263c5e45a22e435cece7a624d526bede160,RobroKools/vad-bert,c4c659fd17dd5807572b3f0f577de8c408401ca7,2.8914904594421387,2.918562889099121,3.1121633052825928
7840f61f3c4fe862eea4457c3a1e47e3f76f5b07391c664d92018bab771fe269,RobroKools/vad-bert,c4c659fd17dd5807572b3f0f577de8c408401ca7,2.995502471923828,2.98395037651062,3.26568603515625
4c7e2823851e6a0a617e312aeaeddf8fa028cd6dba663731307a9b8ade18de39,RobroKools/vad-bert,c4c659fd17dd5807572b3f0f577de8c408401ca7,2.990928173065185,2.984615564346313,3.2184433937072754
282fa90aa4bb438af7981003688feb7678bd862450242be4fc6a5109fd4da4dc,RobroKools/vad-bert,c4c659fd17dd5807572b3f0f577de8c408401ca7,3.081960439682007,3.036832332611084,3.1901421546936035
9fbf574dc092cd17e0a673341b0957146dcc3ae5671f37bce66c6b6e78490ef4,RobroKools/vad-bert,c4c659fd17dd5807572b3f0f577de8c408401ca7,3.1134724617004395,2.977423906326294,3.1224141120910645
bc3f4b622714f0e299ca1977b9816285018213f304d13e831992b4e57d5752ca,RobroKools/vad-bert,c4c659fd17dd5807572b3f0f577de8c408401ca7,3.178253173828125,3.158753633499145,3.264615774154663
30268e1c3bb2598472214f1b22226a41a1b2f59ef59725fd98c5cf833ba41886,RobroKools/vad-bert,c4c659fd17dd5807572b3f0f577de8c408401ca7,3.031872510910034,3.009951591491699,3.1696455478668213
c735e519a6394e5ff24efd48e003fa9269cc0831aad485e4223408fac079b53b,RobroKools/vad-bert,c4c659fd17dd5807572b3f0f577de8c408401ca7,2.9246039390563965,3.065664291381836,3.082777500152588
3fbdda97fb2c6771c6912653a4828fde46c2de6ff346d6ce512b67e3a9bcc906,RobroKools/vad-bert,c4c659fd17dd5807572b3f0f577de8c408401ca7,2.910179853439331,2.96094822883606,3.1739208698272705
a195346591024c8cd55be6b0b3c25ff299a885b17609d4e7308cf21a2e95c6de,RobroKools/vad-bert,c4c659fd17dd5807572b3f0f577de8c408401ca7,3.036846399307251,2.851428985595703,3.2723467350006104
1b4d956bd145d9912638097a68dd06087af8393ce3de40b6d5e470e75672a3a4,RobroKools/vad-bert,c4c659fd17dd5807572b3f0f577de8c408401ca7,2.7964446544647217,2.96333122253418,3.083866834640503
4c18180dfb9d24043218a5a26247009677d07a029c7d9c593d7fecd7ce359193,RobroKools/vad-bert,c4c659fd17dd5807572b3f0f577de8c408401ca7,3.069077253341675,2.9596354961395264,3.253929853439331
fb11cdcd71b6f1ba3fab296917898c80dc5992e35f07b036c7f917f51911366d,RobroKools/vad-bert,c4c659fd17dd5807572b3f0f577de8c408401ca7,2.925417900085449,2.8390233516693115,3.189527750015259
98f280979ccc6d8078e4c31b1d3bfe1be98aedb5336d87036641839cabee07a1,RobroKools/vad-bert,c4c659fd17dd5807572b3f0f577de8c408401ca7,3.037062406539917,3.117309808731079,3.090351819992065
0b69e4bf87a17dc757ebef6dcc975f0ef669316b484ece7e483b9fa89eb66075,RobroKools/vad-bert,c4c659fd17dd5807572b3f0f577de8c408401ca7,2.9211676120758057,3.0685746669769287,3.1614291667938232
4d1bdcf129fb04362ad9f89a3633ce04bbbcef5a61d93b7f45aad366695cc9a0,RobroKools/vad-bert,c4c659fd17dd5807572b3f0f577de8c408401ca7,2.668661832809448,3.057732105255127,3.1610782146453857
f5ca34539db4a1c64ba5415ca4d7e3598432dc18124c20456bac74e5fa00cd03,RobroKools/vad-bert,c4c659fd17dd5807572b3f0f577de8c408401ca7,3.0046422481536865,2.908837080001831,3.1310205459594727
cda21e5f6df008f9585c1ce297413e396dfe5ca3810ceaf33801f7faff0bee22,RobroKools/vad-bert,c4c659fd17dd5807572b3f0f577de8c408401ca7,3.0237960815429688,2.879239082336426,3.222374200820923
54b395544d25fbfab0f21d404e766f3f251c02ce634f00e332b3c2c423ee3f01,RobroKools/vad-bert,c4c659fd17dd5807572b3f0f577de8c408401ca7,3.0610427856445312,2.979849576950073,3.190244436264038
74573f696117446d3c23779ca1f26f2f455e84e77bd5c96c040d0c02e1e185fd,RobroKools/vad-bert,c4c659fd17dd5807572b3f0f577de8c408401ca7,3.2805709838867188,2.9895570278167725,3.2960309982299805
0c0493cf4fdca7c27e32e4cbf67697d748d3da71c5fa23ccae4321faf2dfab82,RobroKools/vad-bert,c4c659fd17dd5807572b3f0f577de8c408401ca7,3.210064649581909,3.241532325744629,3.339927911758423
dc0dc97541c6a4e8fbc1b6b4bb764a2079f3bade2be56bdf5a9623034399025e,RobroKools/vad-bert,c4c659fd17dd5807572b3f0f577de8c408401ca7,3.0792953968048096,3.16403603553772,3.304234743118286
c58b8961895e3051628fc89bfe7bab077370da7efc471f7024d1fb4e2f54da20,RobroKools/vad-bert,c4c659fd17dd5807572b3f0f577de8c408401ca7,3.2137973308563232,2.9487709999084477,3.255539894104004
67c2fab9320469e839d119bbd3807899a4a5e160177401d3bc5fb20b436845a2,RobroKools/vad-bert,c4c659fd17dd5807572b3f0f577de8c408401ca7,3.2664906978607178,3.082446813583374,3.394114255905152
b86ffbe4d3b702164748ba158b815e7adad5cf81d48efd53a4a1be495ae02bea,RobroKools/vad-bert,c4c659fd17dd5807572b3f0f577de8c408401ca7,3.6273953914642334,3.1590702533721924,3.435753107070923
1c1eaa1d1f56ac5cefda6b9dbf4e62294efa801a829c55aa0e553cb0a1119eb9,RobroKools/vad-bert,c4c659fd17dd5807572b3f0f577de8c408401ca7,3.3223190307617188,3.1207363605499268,3.309725522994995
771e3c876168fa4382d544be465b890d4bc697e5536d2302fb45d93cf8a8a999,RobroKools/vad-bert,c4c659fd17dd5807572b3f0f577de8c408401ca7,3.430455684661865,3.208512783050537,3.418579339981079
6e17123eb7d181d173da6b6d90dc0f8c7d92267bb163bf8c1cf8e790730d94a8,RobroKools/vad-bert,c4c659fd17dd5807572b3f0f577de8c408401ca7,3.299912691116333,3.131891965866089,3.314072370529175
5b17d2fc599a2eb85b9e16acc540b1aceb333b8f84a1c80807f7ea21d262c093,RobroKools/vad-bert,c4c659fd17dd5807572b3f0f577de8c408401ca7,3.575961112976074,3.269254446029663,3.391741991043091
a4737ef40c4736926dc61cef0a8a4098cf5f38fa675b75a91b553e3e2b5c4b9c,RobroKools/vad-bert,c4c659fd17dd5807572b3f0f577de8c408401ca7,3.4482460021972656,3.098299026489258,3.4237136840820312
810879467eca1becd3829169a98feb5e1faca93e730b30207f5962dbe53ea288,RobroKools/vad-bert,c4c659fd17dd5807572b3f0f577de8c408401ca7,3.437094688415528,3.1234800815582275,3.4155492782592773
29d3ef4ec2aa84f4606bd6a3528b0c81036342eb2007cef2bc7066a56a4a14a7,RobroKools/vad-bert,c4c659fd17dd5807572b3f0f577de8c408401ca7,3.388185977935791,3.147926092147827,3.2657859325408936
1fc2b09076904c53eb343a36335283f664b1688ddd00037806a4c4314030d0d0,RobroKools/vad-bert,c4c659fd17dd5807572b3f0f577de8c408401ca7,3.492389678955078,3.1430046558380127,3.3328182697296143
5cbf5df49a2b90686828fde17c6e393af7f7befc0219374444909ed5a3372a5c,RobroKools/vad-bert,c4c659fd17dd5807572b3f0f577de8c408401ca7,3.278513669967652,2.9691202640533447,3.3500120639801025
4922557fd8133b98885cd14f4e8005611d4dd7e2132c2565e60e7ca7f92d801a,RobroKools/vad-bert,c4c659fd17dd5807572b3f0f577de8c408401ca7,3.4454681873321533,3.3257486820220947,3.3584060668945312
25ce8e4a2598d405b6957f3092f33721efa9ba385adf84c4b3dffe915051adf4,RobroKools/vad-bert,c4c659fd17dd5807572b3f0f577de8c408401ca7,3.1195003986358643,3.0946006774902344,3.184675455093384
70a623cec36e55aa22e3dc26e7316a0974c75001856fe620e54506966f5f7232,RobroKools/vad-bert,c4c659fd17dd5807572b3f0f577de8c408401ca7,3.4205901622772217,3.159706115722656,3.389007806777954
09a457d98d5fbffb6a94b59376a1fb7188bd4b8a3a55ed51a5245ea5303937f5,RobroKools/vad-bert,c4c659fd17dd5807572b3f0f577de8c408401ca7,3.129002809524536,3.161489248275757,3.320309638977051
7d8c026da498533eafb99ec289df3e8339856e317b01c7fde1806e3a2a4b1cb8,RobroKools/vad-bert,c4c659fd17dd5807572b3f0f577de8c408401ca7,3.44709849357605,2.987316131591797,3.392083168029785
2be9931499001410004a2bc01bf77fc47689722d4cdfd9825ade438589ac633d,RobroKools/vad-bert,c4c659fd17dd5807572b3f0f577de8c408401ca7,3.447437524795532,3.232647657394409,3.426989316940308
c5f7b6af8733829fd3fb065f79ca9d80d64731281594a5653582e5e6872a2ca8,RobroKools/vad-bert,c4c659fd17dd5807572b3f0f577de8c408401ca7,3.4544289112091064,3.2202963829040527,3.3995649814605717
f49486cb7f349ea32fe8907fc7f83fff9b1414ab5b07826c9fb798b0fdb45065,RobroKools/vad-bert,c4c659fd17dd5807572b3f0f577de8c408401ca7,3.113354444503784,2.8529839515686035,3.18090558052063
652dd20b81226f77fac5d81d696493c7f9b91f0602cd6da3979299011a0e0c02,RobroKools/vad-bert,c4c659fd17dd5807572b3f0f577de8c408401ca7,3.1705965995788574,3.01163911819458,3.322420597076416
e83344e32750f58e604815910943f3597e88d886792de71fb2b71c5d7a03aeef,RobroKools/vad-bert,c4c659fd17dd5807572b3f0f577de8c408401ca7,3.3528261184692383,3.210017442703247,3.404095411300659
9f190630dff0970dbaf4dfee68ca9ba112248c9eafbaa112c35d33b8bfb916c2,RobroKools/vad-bert,c4c659fd17dd5807572b3f0f577de8c408401ca7,3.2300567626953125,3.117631435394287,3.331105947494507
d88b159be9c07b0078538c9e7466d3e6cc7e552fb0e2c50c6b8c92adf4659aec,RobroKools/vad-bert,c4c659fd17dd5807572b3f0f577de8c408401ca7,3.34600830078125,3.1291749477386475,3.282797813415528
27e1a5dab2187de93ed93ffddd1b9cd4b64bdab1602b6fdaca7599ac3b3a8f74,RobroKools/vad-bert,c4c659fd17dd5807572b3f0f577de8c408401ca7,3.1908774375915527,3.1739206314086914,3.2886550426483154
c195aae6b0ab38f32ebdfc806928ce150393a9590b651a8480992f9daa292336,RobroKools/vad-bert,c4c659fd17dd5807572b3f0f577de8c408401ca7,3.325031042098999,3.1919643878936768,3.4293930530548096
97b2954d98caa78e6ce6b2ae318d4a0d83ae8187509c63d2147fce9fbb95e139,RobroKools/vad-bert,c4c659fd17dd5807572b3f0f577de8c408401ca7,3.200779676437378,3.1150991916656494,3.2925915718078613
b5ce15f6b81837e86ff3dd5755ca4ddd664ca08679fed9e54a3ccea8fe175251,RobroKools/vad-bert,c4c659fd17dd5807572b3f0f577de8c408401ca7,3.3330626487731934,3.1826789379119877,3.2942965030670166
b31cfd0228fa5c0612e231907bb1a1594deb73c21152be4e624ff0f0693998fe,RobroKools/vad-bert,c4c659fd17dd5807572b3f0f577de8c408401ca7,3.107304573059082,3.070676326751709,3.1611902713775635
5aeec605254032c7a0f48b9f32feebcf6ed71a0841daa03572a1fbfa96178e0a,RobroKools/vad-bert,c4c659fd17dd5807572b3f0f577de8c408401ca7,2.9815914630889893,3.037909746170044,3.1653177738189697
e8383e415fb7c39d63814d40bf13446d6cfd43662d179e69f0eb8b2060ddd3df,RobroKools/vad-bert,c4c659fd17dd5807572b3f0f577de8c408401ca7,2.9415080547332764,2.935051202774048,3.2128326892852783
37cef03d2494730cc776a2c9c49e55158a4f1996f415e30b197b56bb4e716141,RobroKools/vad-bert,c4c659fd17dd5807572b3f0f577de8c408401ca7,2.901055097579956,3.010704517364502,3.148686408996582
7b1eab999ddd22abec94ea6758489c45439e57203a15016a097e8f2fd1e10b1c,RobroKools/vad-bert,c4c659fd17dd5807572b3f0f577de8c408401ca7,3.081038236618042,2.81937313079834,3.181536912918091
26c25f4682ad49a775d346a0ea1e73d526c5d9896abca92ef0b6d89632ae1c26,RobroKools/vad-bert,c4c659fd17dd5807572b3f0f577de8c408401ca7,2.905858039855957,3.127469778060913,3.1726081371307373
b5066a8138c0b59605c9af7c9f13b520177d59f69e67f1d4e1acd82d1107d2b6,RobroKools/vad-bert,c4c659fd17dd5807572b3f0f577de8c408401ca7,2.9519784450531006,3.0037121772766118,3.110084295272827
9e96802db27f749c29a16191bceccc96685249339bd0f4b2fc8d57133f380ab6,RobroKools/vad-bert,c4c659fd17dd5807572b3f0f577de8c408401ca7,3.0164363384246826,2.9345738887786865,3.152160882949829
b82ed03e249b8de2d99e1e15558e5c20449630311def6f9339528a835f68149c,RobroKools/vad-bert,c4c659fd17dd5807572b3f0f577de8c408401ca7,2.9255447387695312,3.0676703453063965,3.03030014038086
f0956bccd54cdb34b3fab8c7162ac3f2f5889844650119311d63d0334b367869,RobroKools/vad-bert,c4c659fd17dd5807572b3f0f577de8c408401ca7,3.0569443702697754,2.981191635131836,3.17183518409729
1368df11b356b3ac18ccbec9862d0de7f983633897ff5d55dadb2eb4a92e143d,RobroKools/vad-bert,c4c659fd17dd5807572b3f0f577de8c408401ca7,3.180889368057251,3.0389211177825928,3.267654657363892
73333ab6c4726adbbe4229efc698cc8d85cd8993af3f138963eb9f36221ee0db,RobroKools/vad-bert,c4c659fd17dd5807572b3f0f577de8c408401ca7,3.122682809829712,3.065387010574341,3.232060670852661
dbd89bdecc8b68cb89b72193fe638d92629542911fdfa74e1945f72711c07060,RobroKools/vad-bert,c4c659fd17dd5807572b3f0f577de8c408401ca7,3.1653645038604736,3.0703794956207275,3.247041940689087
d6d28916f4ae22d55bdd7f196d1c3e347a8e48cf6ffc8a5098187302d3c04235,RobroKools/vad-bert,c4c659fd17dd5807572b3f0f577de8c408401ca7,3.0366320610046387,2.998209238052368,3.1573400497436523
d20d5b282566b450c1102d61248a0d8f6c016b547a904ac779067d25e112dc2c,RobroKools/vad-bert,c4c659fd17dd5807572b3f0f577de8c408401ca7,2.7685203552246094,3.100008010864258,2.969709634780884
6d2785256140c16eeb09c47b5082495f58f790fe4523cc932791ce2648caced8,RobroKools/vad-bert,c4c659fd17dd5807572b3f0f577de8c408401ca7,3.0883936882019043,2.822530508041382,3.185497045516968
9ce57f4a30137f67f0a4a4802c949f887dc76c00fdd2e954aa0fc94897356a25,RobroKools/vad-bert,c4c659fd17dd5807572b3f0f577de8c408401ca7,2.974985361099243,2.96136736869812,3.0462124347686768
0da10a4611fe919acd3edac5b03b3f7fb00cec276dc6971af27551c1f13adc3b,RobroKools/vad-bert,c4c659fd17dd5807572b3f0f577de8c408401ca7,3.194779634475708,3.0407392978668213,3.219374418258667
13e34764043a32c3f8d7aa9c0bf62634d02197a77e97a36315cb3109e64160e2,RobroKools/vad-bert,c4c659fd17dd5807572b3f0f577de8c408401ca7,3.012061595916748,3.0371346473693848,3.187797784805298
7572a8fd66a1b54e5486ff79fa02d36979155cff9eb78bcbabf649cc0fdf0f49,RobroKools/vad-bert,c4c659fd17dd5807572b3f0f577de8c408401ca7,2.798546552658081,3.012279987335205,3.135307550430298
cb77356d228ac9d3da1f0eb9e517c1b1976bad8ac2d9dd06c3d438e1d5803808,RobroKools/vad-bert,c4c659fd17dd5807572b3f0f577de8c408401ca7,3.1222989559173584,3.0044262409210205,3.2727935314178467
c5e8e8c05909e297c7c6162c0434c7c535ccc62b49ae73ef1f06d0f56c29e4ef,RobroKools/vad-bert,c4c659fd17dd5807572b3f0f577de8c408401ca7,3.063507080078125,2.971649646759033,3.3457190990448
bba727f2257b6447a5e2e4c663cee88dc9f819ef512abd661c4b7298ef41379d,RobroKools/vad-bert,c4c659fd17dd5807572b3f0f577de8c408401ca7,2.858949422836304,3.0696253776550293,3.090646505355835
b3564d4b790a9e88a7d3361c4b07642f417b2a683e2093f6d58270a1b69a77a1,RobroKools/vad-bert,c4c659fd17dd5807572b3f0f577de8c408401ca7,2.8872971534729004,3.000605821609497,3.354933023452759
98698b5aa557bc4077f1335002c4dc4127ba929949aabfa8e0cc7b11ca6457cf,RobroKools/vad-bert,c4c659fd17dd5807572b3f0f577de8c408401ca7,3.063798666000366,3.0022127628326416,3.265394449234009
4370e7a0573aa3242e099c3d79f0aaf854e438f0fd3f1857391882476a34f112,RobroKools/vad-bert,c4c659fd17dd5807572b3f0f577de8c408401ca7,3.262892723083496,3.107386350631714,3.260107517242432
592d20857ebd2e898efa8cabbfeb240dc765bd261037aea004e205e1e86f59fd,RobroKools/vad-bert,c4c659fd17dd5807572b3f0f577de8c408401ca7,3.234761476516724,3.033334970474243,3.30356502532959
af50a9a0737a95f1ea5efc0601815ba2315272bffbb8149e20e94ca193360074,RobroKools/vad-bert,c4c659fd17dd5807572b3f0f577de8c408401ca7,3.005964994430542,2.919800043106079,3.2925450801849365
fa85d115fe90b4641f1c214979eb79dd6d75353833d8f69a435e2bfa6da10c0e,RobroKools/vad-bert,c4c659fd17dd5807572b3f0f577de8c408401ca7,2.8564565181732178,3.058729887008667,3.1225059032440186
0e5727c8d2e13d0e108a4445c303e8255fa1ef6d20492f36d919ea524cbf3431,RobroKools/vad-bert,c4c659fd17dd5807572b3f0f577de8c408401ca7,2.8615591526031494,3.1008167266845703,2.9783694744110107
e82da66f97e854ff64988542ac5cc8f2af5ae553ce408ecc3d083e16b07bc72c,RobroKools/vad-bert,c4c659fd17dd5807572b3f0f577de8c408401ca7,3.288162469863892,3.061320543289185,3.221064329147339
11d7e227510689233e863524928eef449a280bb49e11ad24349ec7a235298cb0,RobroKools/vad-bert,c4c659fd17dd5807572b3f0f577de8c408401ca7,3.2857370376586914,3.0719382762908936,3.295522451400757
1be78ebd1cb1cbe0647248085a1ca2e0ee276f52ae88e8e945624c8f093c932f,RobroKools/vad-bert,c4c659fd17dd5807572b3f0f577de8c408401ca7,3.113055944442749,3.139502763748169,3.3827483654022217
cf62241be025d929b7b6b4af54d750baaff3a26f1af9771a53794dcb48118a05,RobroKools/vad-bert,c4c659fd17dd5807572b3f0f577de8c408401ca7,3.3655173778533936,3.187091588973999,3.3047220706939697
831684b89d04066e010b0dea733a30915fad2a04cb93583288da457df7df2822,RobroKools/vad-bert,c4c659fd17dd5807572b3f0f577de8c408401ca7,3.282992124557495,2.966895341873169,3.2953951358795166
6bf029baf1e99cd3e1d85cff3dee8d9138bccbeaece41709601e05cae1d654b5,RobroKools/vad-bert,c4c659fd17dd5807572b3f0f577de8c408401ca7,3.220442056655884,3.060510635375977,3.307636976242065
2a409ee48666bfc153a74caf60a86eac2c9f7e2d71506aa1741cb215aeb2418a,RobroKools/vad-bert,c4c659fd17dd5807572b3f0f577de8c408401ca7,3.2500362396240234,3.1732912063598637,3.336031913757324
1f9e061c974ab91674507c33b9302f12f557128bfff970b53417578fb1d93a73,RobroKools/vad-bert,c4c659fd17dd5807572b3f0f577de8c408401ca7,3.415477991104126,3.099759817123413,3.412761926651001
e9889f2fd37c1d2594ab8107e6bfc441f26a5f5aaa6f0e6e0cd7cf68eb529f65,RobroKools/vad-bert,c4c659fd17dd5807572b3f0f577de8c408401ca7,2.93853497505188,3.1793601512908936,3.233541488647461
6d4e89c44fbfc19640f816096511a95b16be717d5832c5ec3c7260e0b545bfa6,RobroKools/vad-bert,c4c659fd17dd5807572b3f0f577de8c408401ca7,3.358867645263672,3.190251350402832,3.3552072048187256
ec07e98be0005951e306d7f9fcc93d3e1db2a7cf7099b1707a38b227a4855186,RobroKools/vad-bert,c4c659fd17dd5807572b3f0f577de8c408401ca7,3.377572774887085,3.133498430252075,3.435729503631592
0816810956302f2be742e3547ed05da1ae4321cdbb166f483ea0d0ec2d85d7ce,RobroKools/vad-bert,c4c659fd17dd5807572b3f0f577de8c408401ca7,3.3095715045928955,3.1621086597442627,3.2901105880737305
a2b8eb437f9c702bc968af5ed6f8d99fcf912a655910ec2d095835b6d779f037,RobroKools/vad-bert,c4c659fd17dd5807572b3f0f577de8c408401ca7,3.341993808746338,3.1863455772399902,3.4336109161376958
3ae8de49e9d4423034b97df23b5135825fb6e3c53b8277c67af5a480886daa0e,RobroKools/vad-bert,c4c659fd17dd5807572b3f0f577de8c408401ca7,3.178053617477417,3.123145818710327,3.2505061626434326
c3ba390b6295462c2d8997a8cead2719ea267681b81f10eff6c89805d37a4fa9,RobroKools/vad-bert,c4c659fd17dd5807572b3f0f577de8c408401ca7,3.4138524532318115,3.1642658710479736,3.4060487747192383
bfc6a8907923bfd93c8d6bb2128790f6761b116cec78990c3c3da280429625bb,RobroKools/vad-bert,c4c659fd17dd5807572b3f0f577de8c408401ca7,3.191112756729126,3.1906425952911377,3.2397124767303467
f434f8113b640ace49b5509393ba3b7c827b7edce85836d588dd366cb9b39170,RobroKools/vad-bert,c4c659fd17dd5807572b3f0f577de8c408401ca7,3.2078659534454346,3.066697597503662,3.3419060707092285
ab0e60b0954ef3e0fc9e6d90aaf8a879c3088179e15a4095a26c9053d7a2f5c1,RobroKools/vad-bert,c4c659fd17dd5807572b3f0f577de8c408401ca7,3.11156964302063,2.991373062133789,3.1960363388061523
4bbdb311aa953fb34a1be44e399c397c20712be7e066b3046cb4610e40166cb6,RobroKools/vad-bert,c4c659fd17dd5807572b3f0f577de8c408401ca7,3.187314748764038,3.164080142974853,3.331347703933716
dca152a2f464c6a07ea1cecabb271a8a726740c909797df4089d3b165b98280b,RobroKools/vad-bert,c4c659fd17dd5807572b3f0f577de8c408401ca7,3.478104829788208,3.1203877925872803,3.41755485534668
d356e9ab10abec5e9528f62f93c8d6ba60e06d704eaec053389d6ddecf845a55,RobroKools/vad-bert,c4c659fd17dd5807572b3f0f577de8c408401ca7,3.284792423248291,3.131044864654541,3.312270402908325
cfdef76e6eba655b350e4bf530fd230c339f4f16e6cfe44c48d9f53cbc48e874,RobroKools/vad-bert,c4c659fd17dd5807572b3f0f577de8c408401ca7,3.0866968631744385,3.0760858058929443,3.3042261600494385
b0ea14db5200d0c732c5226c0bbdf83e8ac42002525ef17f85c1ea4806e18e7e,RobroKools/vad-bert,c4c659fd17dd5807572b3f0f577de8c408401ca7,3.526520252227783,3.187958002090454,3.491070032119751
08010f7463750bd3444aacf48b6d47f1dbef77986f452d5229c833d5466eaeb2,RobroKools/vad-bert,c4c659fd17dd5807572b3f0f577de8c408401ca7,3.14882493019104,2.995024442672729,3.231774091720581
c99bd43629847b0015e474de602b4b0270f3481c11d295d9a2a48a2677022a7b,RobroKools/vad-bert,c4c659fd17dd5807572b3f0f577de8c408401ca7,3.354533195495605,3.0798702239990234,3.36527156829834
480bba90e6ec8c7e1dfd17c2634196b0954f588ad2488d75f5efd6ff696a26bb,RobroKools/vad-bert,c4c659fd17dd5807572b3f0f577de8c408401ca7,3.3670976161956787,3.117945671081543,3.410623788833618
7b0ea23b5233a5e32f8144683005f72bc348a518112ea671c6bad6950d57cfd4,RobroKools/vad-bert,c4c659fd17dd5807572b3f0f577de8c408401ca7,3.3121016025543213,3.189342975616455,3.3572916984558105
5073729de86eb12f8edacffa51af41e9b3819068f61922edb72060b3a745b982,RobroKools/vad-bert,c4c659fd17dd5807572b3f0f577de8c408401ca7,3.184492826461792,3.166189193725586,3.330378532409668
713f431fb39ae687739610a79df0f18a294bcf73bb3e87824102ead6ba1656fa,RobroKools/vad-bert,c4c659fd17dd5807572b3f0f577de8c408401ca7,3.480098962783813,3.135300636291504,3.3627047538757324
64c4d93882a756b83b0791d1cec4807e16679c9a2ba7b1f67c221736d839966d,RobroKools/vad-bert,c4c659fd17dd5807572b3f0f577de8c408401ca7,3.359015464782715,3.0565474033355717,3.37023663520813
bc0305e83417d1ff88f9b4e8186dd8759763e23c6a27e35ee71ad9b13e668a72,RobroKools/vad-bert,c4c659fd17dd5807572b3f0f577de8c408401ca7,3.1920411586761475,3.171698570251465,3.3031413555145264
8494d8d57e8f23559b25b9afcacdaabf03700d2fe26af9f7442023a452ab33aa,RobroKools/vad-bert,c4c659fd17dd5807572b3f0f577de8c408401ca7,3.337103366851806,3.167259693145752,3.3692989349365234
95ed5e3abb0c4b9f2b1ba75c9e2cb109e5f1a0310e192c7a727e914572ce34a4,RobroKools/vad-bert,c4c659fd17dd5807572b3f0f577de8c408401ca7,2.8673274517059326,3.0496840476989746,3.093977212905884
04fe69563994cc41a49cdd4f3801b1291c26c7f2265aaf8f7af1cb4f802b83a3,RobroKools/vad-bert,c4c659fd17dd5807572b3f0f577de8c408401ca7,2.953075647354126,2.9369957447052,3.169050455093384
8a0fd658f88f43531ddb82e872bd36f41f411d95d4bb125b2ebd0c0b381ec0d3,RobroKools/vad-bert,c4c659fd17dd5807572b3f0f577de8c408401ca7,3.108761548995972,2.9196646213531494,3.387493133544922
ac587c5f068fbb70d47a44211bf2b28e7b9a681c35f35a977f51248243e0840a,RobroKools/vad-bert,c4c659fd17dd5807572b3f0f577de8c408401ca7,2.998130321502685,2.8940556049346924,3.159505605697632
a14ca2716d43820d0d8a8b8c7cb6c95673272d3bf22b7963753d4bc996053556,RobroKools/vad-bert,c4c659fd17dd5807572b3f0f577de8c408401ca7,2.979649782180786,2.906073093414306,3.0802347660064697
e5979a144d1a2e0596312a5ad4e2b3a10074bd324b9aca6a7f133bf4c69fbd54,RobroKools/vad-bert,c4c659fd17dd5807572b3f0f577de8c408401ca7,2.8147575855255127,3.07831072807312,3.02943754196167
346cfe7b582aff9e62ec137d68a2d798238e70b8090345ff9618efe18b34f6be,RobroKools/vad-bert,c4c659fd17dd5807572b3f0f577de8c408401ca7,3.02781081199646,2.969278335571289,3.132844924926758
b89a9bba1123d954ea82a18bd71a249cc2d8d845ee1a5cf0c28279fddf7ac390,RobroKools/vad-bert,c4c659fd17dd5807572b3f0f577de8c408401ca7,3.011852979660034,3.006484270095825,3.203477144241333
566950078f944cfc1565aaa7ac7525bd40be6c1f13b279fcbe770257be49a521,RobroKools/vad-bert,c4c659fd17dd5807572b3f0f577de8c408401ca7,3.275664091110229,3.050384044647217,3.3454291820526123
3446a0114c3c4e5e833ba21d90ef18ca62f4e5edf41ce712efc7fe1c1c82c052,RobroKools/vad-bert,c4c659fd17dd5807572b3f0f577de8c408401ca7,2.937032461166382,2.9971961975097656,3.2025694847106934
eb8b9891dad90be1bb165e48272da5511d95464548bc2f2c551f4ed37f45abc4,RobroKools/vad-bert,c4c659fd17dd5807572b3f0f577de8c408401ca7,3.1617133617401123,2.967278242111206,3.2242674827575684
b50884af23bc6677f0449261a1ba3252dda512a3fc8a6cf6fc6fff3159fb945f,RobroKools/vad-bert,c4c659fd17dd5807572b3f0f577de8c408401ca7,3.1738035678863525,3.016974210739136,3.319249391555786
59c8810c460f566f68acec58412e677c1d8275e8ef8c73cac3b6e7c5964d70cc,RobroKools/vad-bert,c4c659fd17dd5807572b3f0f577de8c408401ca7,2.598071813583374,3.0476582050323486,3.1307733058929443
729df3f9773e08ff4ff997afb14d9346f0ecafa2cb3675d5d2f0f7fd5fb9c206,RobroKools/vad-bert,c4c659fd17dd5807572b3f0f577de8c408401ca7,2.855591297149658,3.1028170585632324,3.0819311141967773
ae6cf4b526cf88d3a69894191b1d3a02b6c8d5683d3de4c4a1e6e3ee72b6fe03,RobroKools/vad-bert,c4c659fd17dd5807572b3f0f577de8c408401ca7,3.044209241867065,3.085909128189087,3.238703489303589
b60e5341ab8e492db82c03376d478019abdfecf52672ac4f0b88f13d6ccff285,RobroKools/vad-bert,c4c659fd17dd5807572b3f0f577de8c408401ca7,3.1858232021331787,2.928630113601685,3.321666955947876
eab81991a7c56b6f61222fbbfcbc93d93f5b11bbf856e503c562e5fe05ae2f48,RobroKools/vad-bert,c4c659fd17dd5807572b3f0f577de8c408401ca7,2.9031543731689453,3.022841215133667,3.1288435459136963
f9bec6de52a39ddbdc97d4abf5c799f1635fae504271ce44f923906852af8cff,RobroKools/vad-bert,c4c659fd17dd5807572b3f0f577de8c408401ca7,3.082050085067749,3.0190024375915527,3.2728559970855717
35efe5811d295c47b1c1d4a15eaee5b8788a21d5972a41affd25d85022ae39fe,RobroKools/vad-bert,c4c659fd17dd5807572b3f0f577de8c408401ca7,2.9554436206817627,3.0384185314178467,3.279025077819824
67cb2fa43fc45e254bf77f6b2ed77bcb354804acfac62b65cd91aa71178413a2,RobroKools/vad-bert,c4c659fd17dd5807572b3f0f577de8c408401ca7,3.056605815887451,3.0628793239593506,3.145923614501953
d1572c8ee63ac25b3c9c1ab1e5e30b18811938b345388a684540e0da47fc8e8a,RobroKools/vad-bert,c4c659fd17dd5807572b3f0f577de8c408401ca7,3.0582196712493896,3.1032474040985107,3.2158896923065186
87a8d05cb46c9b6f03b62d7a9cf8345401136aa7fbfb0c3a5a4bd938419fa36b,RobroKools/vad-bert,c4c659fd17dd5807572b3f0f577de8c408401ca7,2.8182051181793213,3.110911130905152,2.967972993850708
26420076ea7eba34d3485e52e10b80d41753fbbd1c88c2033de828fb989ac911,RobroKools/vad-bert,c4c659fd17dd5807572b3f0f577de8c408401ca7,2.875940561294556,3.0295135974884038,3.014108419418335
74d5f8bdf5f32a15e598b7c445634d982ad93043a4d93d713aebfc181115f236,RobroKools/vad-bert,c4c659fd17dd5807572b3f0f577de8c408401ca7,3.033512830734253,3.145917654037476,3.085490703582764
3de9cafd96a2cf2b7c04a270eb458b3cc827d959053a7fb675d10cba4d379efd,RobroKools/vad-bert,c4c659fd17dd5807572b3f0f577de8c408401ca7,2.688504934310913,3.0896546840667725,2.987311601638794
76f7822a2788a107e0a44d83991b4d4ba559b2a4722996457fcb4dcc74ce24e1,RobroKools/vad-bert,c4c659fd17dd5807572b3f0f577de8c408401ca7,3.002638816833496,2.9413809776306152,3.2946760654449463
3ad3d2a52c4505ae75cfacf0abe96956505c91661163286bbe1469c467b6a1b6,RobroKools/vad-bert,c4c659fd17dd5807572b3f0f577de8c408401ca7,2.8830549716949463,3.109539747238159,3.100662469863892
c3c5703646fef3c1a42e05df8fb71fc794d57da743a35e841f574df300204316,RobroKools/vad-bert,c4c659fd17dd5807572b3f0f577de8c408401ca7,3.01568603515625,2.988285541534424,3.1791789531707764
59a63b5aa462ad629452d7e88c1097dab96742be892984e0d29f5841a3e3c409,RobroKools/vad-bert,c4c659fd17dd5807572b3f0f577de8c408401ca7,3.035104751586914,3.034295082092285,3.291149854660034
084b3a585f44c17dd5cd2a8f3d0dcbc42045d27015cb5d197b3f1417db90af5a,RobroKools/vad-bert,c4c659fd17dd5807572b3f0f577de8c408401ca7,2.9112205505371094,3.131231546401977,3.1164262294769287
650245397232c61832a9a3ec9430e6736c70399b3be1f41edee5994ebc317798,RobroKools/vad-bert,c4c659fd17dd5807572b3f0f577de8c408401ca7,3.254002332687378,2.9879369735717773,3.309747695922852
51a7c9f48925dbcd67b9adb31563e3d362dbb15795032de6e4f5e4e4c122ce3d,RobroKools/vad-bert,c4c659fd17dd5807572b3f0f577de8c408401ca7,3.188229322433472,2.9728002548217773,3.2592639923095703
afe3a5b8eadb2369a52a5d41dec5a1513b4d812b981cb21672706361fb88c055,RobroKools/vad-bert,c4c659fd17dd5807572b3f0f577de8c408401ca7,3.1934494972229004,3.127661943435669,3.313514471054077
0a9eefc00d6f64aaffb50a305ee951c3a255e58e533bf750eec5a25c7a0e28f8,RobroKools/vad-bert,c4c659fd17dd5807572b3f0f577de8c408401ca7,3.2398488521575928,2.8494760990142822,3.2776122093200684
1df32078fe83616b91fe9760dece643f60f9bf06dab86eb98db9ccbb6f38d6f2,RobroKools/vad-bert,c4c659fd17dd5807572b3f0f577de8c408401ca7,3.094564199447632,3.159597635269165,3.2488338947296143
294fbb7e2a7d4616daf51def05f7e657eb3fc7e985228a6abf12561dde289ba3,RobroKools/vad-bert,c4c659fd17dd5807572b3f0f577de8c408401ca7,3.37548565864563,3.0698516368865967,3.3264400959014893
d3071baa7e78ee642cbef955da2b3d0559b55f65e9ceded6f91c8233ef562181,RobroKools/vad-bert,c4c659fd17dd5807572b3f0f577de8c408401ca7,3.2329416275024414,3.101266622543335,3.3011298179626465
8b5a4d997c0b2683c417503584a20da7a4b78c4b237df236fb8e1a13327d81ca,RobroKools/vad-bert,c4c659fd17dd5807572b3f0f577de8c408401ca7,3.259183168411255,3.049459457397461,3.268452882766724
96d2ccdfe686bd62a394151579f4cf25f4314f625a539f751674fa181e69ede1,RobroKools/vad-bert,c4c659fd17dd5807572b3f0f577de8c408401ca7,3.1789538860321045,3.109757423400879,3.2081010341644287
38a617e05571d4c8b30656fb2a32ae16023d61284159b79d26aca11482be2ea1,RobroKools/vad-bert,c4c659fd17dd5807572b3f0f577de8c408401ca7,3.2305753231048584,3.1251325607299805,3.236621141433716
9a276870c1bd5c9f41f342019b03105dcdb8bb5bc5b639bae4501228cd152c88,RobroKools/vad-bert,c4c659fd17dd5807572b3f0f577de8c408401ca7,3.379894495010376,3.1366450786590576,3.3674604892730717
1a4b1285baf9a0739a98a5a67be73205285077bea4a9b798c7ef4e7800d315ca,RobroKools/vad-bert,c4c659fd17dd5807572b3f0f577de8c408401ca7,3.185922384262085,3.0205976963043213,3.262279748916626
7c361177252c6350acf70ac01d796ed36eaeb9e5892cb5abb96725432e17c168,RobroKools/vad-bert,c4c659fd17dd5807572b3f0f577de8c408401ca7,3.0239133834838867,2.980013132095337,3.3623721599578857
4dac4c76e2f1a80aebcbcfb10e8cf6963aa04f5a387c2e129282471016f3f2b9,RobroKools/vad-bert,c4c659fd17dd5807572b3f0f577de8c408401ca7,3.325770139694214,3.0903916358947754,3.301252603530884
0efcd43bd5f5c729e79a215d0d12d3928c8907861350cc3e97e184caf1c00932,RobroKools/vad-bert,c4c659fd17dd5807572b3f0f577de8c408401ca7,3.200667142868042,3.0934269428253174,3.223871946334839
b29e0a8a6b34c3b99fb9c7d9c392e1b1219438528b2da414267befaca7e1aa32,RobroKools/vad-bert,c4c659fd17dd5807572b3f0f577de8c408401ca7,3.3702194690704346,3.0875751972198486,3.387141227722168
a2b3bf457d44e6f2b2dd0f09887c5de994fcce1702f172eb8de2ff3213ba36a9,RobroKools/vad-bert,c4c659fd17dd5807572b3f0f577de8c408401ca7,3.1739628314971924,2.936128854751587,3.1521217823028564
737ed5d0128159ffa06302152dc6e15e5982478791a8f9bc41337c57d5ba5d0c,RobroKools/vad-bert,c4c659fd17dd5807572b3f0f577de8c408401ca7,3.314274787902832,3.0621156692504883,3.2491724491119385
0a95e43522d509b78583b792eeea4e9e9c68e1083f221577f43350c26f970c5b,RobroKools/vad-bert,c4c659fd17dd5807572b3f0f577de8c408401ca7,3.22448992729187,3.061709403991699,3.228113412857056
586f4d0498fd86784e37094abda5781703b13bac9a26f46f7841eaef510b6f07,RobroKools/vad-bert,c4c659fd17dd5807572b3f0f577de8c408401ca7,3.25417160987854,3.0458781719207764,3.309540271759033
2145f025d8bc71f862916a148bcaa57737e1c54b9518ad20b37940aa00a560c4,RobroKools/vad-bert,c4c659fd17dd5807572b3f0f577de8c408401ca7,3.3803093433380127,3.1628403663635254,3.390063762664795
88478bbfd5f66655a92e53edf7eb077b3e2514adb4e444cc0a5ad8b6ff98694f,RobroKools/vad-bert,c4c659fd17dd5807572b3f0f577de8c408401ca7,3.175732135772705,2.920451402664185,3.2552521228790283
468fc53dbecf78c3e76ee9b250522bc8141ca03eb4a3a8b39f88540f483d2136,RobroKools/vad-bert,c4c659fd17dd5807572b3f0f577de8c408401ca7,3.328753709793091,3.119575023651123,3.3628854751586914
28dc0cb388978f4f2a628d8be0458ff4f0271c0c492567efd1e615d50e229b1b,RobroKools/vad-bert,c4c659fd17dd5807572b3f0f577de8c408401ca7,3.1709487438201904,3.052614450454712,3.284160852432251
cf4498494f35ab2b0ce7eb4fad37a5bab3ffea0653f632747729a80d036f1e91,RobroKools/vad-bert,c4c659fd17dd5807572b3f0f577de8c408401ca7,3.34913182258606,3.1184685230255127,3.2933578491210938
61b9b956888962b424fc1c60d6b40f7bd0fca35ae16ed1fcf70523922f207151,RobroKools/vad-bert,c4c659fd17dd5807572b3f0f577de8c408401ca7,3.2502434253692627,3.134772539138794,3.2735254764556885
70f39f879cefbfdaf5cacc0c07bc9dd69396460f2768220c44122a402b2c2dfc,RobroKools/vad-bert,c4c659fd17dd5807572b3f0f577de8c408401ca7,3.159831285476685,3.009632110595703,3.256708860397339
3253e6003f2635f8670ddd2b9da57a517a4e02fb391e70ff5f489b186a66e22b,RobroKools/vad-bert,c4c659fd17dd5807572b3f0f577de8c408401ca7,3.207472562789917,3.036330461502075,3.3330233097076416
a672a0c050b5f401d073d3d761c57f965c7e86d1d93835fe8bce892fbca501fc,RobroKools/vad-bert,c4c659fd17dd5807572b3f0f577de8c408401ca7,3.317976713180542,3.082472085952759,3.307297945022583
c96c216dbe8517cf4f56795f4a5a3aeefebb84f5d655f7724855c78bab1d3647,RobroKools/vad-bert,c4c659fd17dd5807572b3f0f577de8c408401ca7,3.356980085372925,3.1208484172821045,3.173398494720459
a78e8311b2cafce2f0d82a7850e8e0df831131c07a9fe388b7a415ecd9852c39,RobroKools/vad-bert,c4c659fd17dd5807572b3f0f577de8c408401ca7,3.403822660446167,3.150988340377808,3.3174588680267334
8935e9a6e42f32fc8453ab824c2564a5952674366f003ced59307cb5d9901f17,RobroKools/vad-bert,c4c659fd17dd5807572b3f0f577de8c408401ca7,3.329730749130249,3.1291329860687256,3.304530143737793
5d4e46ada91e46f1647c0c36371bb9ac46502182648bd7e7d3284a9d6eb4fb85,RobroKools/vad-bert,c4c659fd17dd5807572b3f0f577de8c408401ca7,3.0196807384490967,2.961341619491577,3.2671234607696533
e074374ee153627969cd6a0940b8bd51a73e859edce328e283aba98504d261d8,RobroKools/vad-bert,c4c659fd17dd5807572b3f0f577de8c408401ca7,3.0135040283203125,3.020918130874634,3.1545560359954834
07c01e4da6e195c305c9d50ce2fee11705a5e39aa024217fad1dda96d0e023f4,RobroKools/vad-bert,c4c659fd17dd5807572b3f0f577de8c408401ca7,2.894893884658813,3.153313636779785,3.121023416519165
4711824a0df0a014c0c07a90d479b807500698a56fd3a7c99beb2ed8ebd8bb54,RobroKools/vad-bert,c4c659fd17dd5807572b3f0f577de8c408401ca7,2.840816020965576,3.040966272354126,3.221090316772461
30e4d6f4dce555456856c0592ece326eff90bb8d5e6d93ccf554279acdb382d2,RobroKools/vad-bert,c4c659fd17dd5807572b3f0f577de8c408401ca7,2.999647855758667,2.901750326156616,3.19214129447937
5f4e63b992f595c2481cffa87174e4e7595af67e67f3fde3496b710db97e2b7b,RobroKools/vad-bert,c4c659fd17dd5807572b3f0f577de8c408401ca7,3.070279836654663,3.001910924911499,3.1691739559173584
8e7e5561c048c34919ca5a6988aaf61503334992950272303c50b35c9b9607a3,RobroKools/vad-bert,c4c659fd17dd5807572b3f0f577de8c408401ca7,2.79981541633606,2.9813778400421143,3.1036055088043213
3530c840bb7ecdaf5734eade184ef90accb4e4b2561ca0572027cb04f8aad6dc,RobroKools/vad-bert,c4c659fd17dd5807572b3f0f577de8c408401ca7,2.864462614059448,3.0317142009735107,3.0155298709869385
8cb93e7baa93b13dda730a0b9e846f8055a2391f7e62c52e309001ffa6866352,RobroKools/vad-bert,c4c659fd17dd5807572b3f0f577de8c408401ca7,2.9475619792938232,3.022618055343628,3.178669214248657
d81f8cb670c335583d72e2b9f01ee4b96f9576f3c834266f14e5bd7abd865ddd,RobroKools/vad-bert,c4c659fd17dd5807572b3f0f577de8c408401ca7,3.020691156387329,3.0524423122406006,3.158217668533325
a710b707dbcc62c818437dcfeb5f383ac4424bdf0a7d79ee8d04b358e4ca05ef,RobroKools/vad-bert,c4c659fd17dd5807572b3f0f577de8c408401ca7,2.972797155380249,3.061321496963501,3.156043529510498
08a8bc2f57ebc48f55e9e688eb4ec1569f80d0fb5f32e8af9803aa834a6e79fd,RobroKools/vad-bert,c4c659fd17dd5807572b3f0f577de8c408401ca7,3.001702070236206,3.0911083221435547,3.2091941833496094
4138daa16959321ed6da3cdb573a839df62d70510a7335a3574df0aea28bd4e5,RobroKools/vad-bert,c4c659fd17dd5807572b3f0f577de8c408401ca7,2.919743061065674,3.041802406311035,3.120840549468994
532a680ae9c229aa8f8435e48ab537e498fcda07efbdef2441ca265bf626572f,RobroKools/vad-bert,c4c659fd17dd5807572b3f0f577de8c408401ca7,2.9353349208831787,3.103756904602051,3.1421947479248047
aa33ed3e2251034ce938115ae8d2b78652f8f192c0914693442ac550fd671305,RobroKools/vad-bert,c4c659fd17dd5807572b3f0f577de8c408401ca7,2.8480594158172607,3.0725860595703125,3.071608304977417
a506ec0f45956060cea3ad68df42b0215c60c50f3deade6223496d9883d5b299,RobroKools/vad-bert,c4c659fd17dd5807572b3f0f577de8c408401ca7,2.9138288497924805,3.0435922145843506,3.0871801376342773
e51515501d857b7731291ef4528bc7362d0074f6040c3f915e2c17dff6387c9f,RobroKools/vad-bert,c4c659fd17dd5807572b3f0f577de8c408401ca7,3.1803195476531982,3.041295051574707,3.417677879333496
06fc975fa99fe9f5fd76d2345acc7f1dfea159239c709d4d63aa3c91f4f33d66,RobroKools/vad-bert,c4c659fd17dd5807572b3f0f577de8c408401ca7,3.1016552448272705,3.075293779373169,3.301309823989868
efefb12fd50b1fb4f16f7ec22c4330d6528deaff99ee544d5563151c5ecb52e5,RobroKools/vad-bert,c4c659fd17dd5807572b3f0f577de8c408401ca7,3.0707015991210938,3.060980319976806,3.2177515029907227
61e161e54e2d28d89ef4ad10ee4c249d6897a96808aea1255ca05b87979dde23,RobroKools/vad-bert,c4c659fd17dd5807572b3f0f577de8c408401ca7,3.0742032527923584,2.956615209579468,3.207796812057495
aeeb946634cd38236ca4c859f21f73b5d7354783a3d868c5f7fa1168544d5cbc,RobroKools/vad-bert,c4c659fd17dd5807572b3f0f577de8c408401ca7,3.062772035598755,3.051842451095581,3.247125625610352
7862b2b7a9e03de3f30579bfee74fa72a0768b81571d71ef66d726bcb0252f6e,RobroKools/vad-bert,c4c659fd17dd5807572b3f0f577de8c408401ca7,3.0093672275543213,2.9731335639953613,3.1991076469421387
e0fcd90f2a63aa38c03276a0cdbe4e268aa094aaa8c5779fa03a2073ac897903,RobroKools/vad-bert,c4c659fd17dd5807572b3f0f577de8c408401ca7,3.213230848312378,3.1339452266693115,3.305516004562378
a4d7ad6d3d7bbc5561bde7d3aeab4e94894ff33d06f0926e9ca31c0757979ff2,RobroKools/vad-bert,c4c659fd17dd5807572b3f0f577de8c408401ca7,3.048197031021118,2.9247426986694336,3.246489763259888
b90700db518b8062ad2d3487cbbf1de9a1d8e7bf6e3173a78c70edf0d2d64963,RobroKools/vad-bert,c4c659fd17dd5807572b3f0f577de8c408401ca7,3.031047105789185,2.903674840927124,3.135877847671509
ff032bd298e746a5f3d04d1a9b7eacceffd10525c1711269c30e27f23b1a8cb3,RobroKools/vad-bert,c4c659fd17dd5807572b3f0f577de8c408401ca7,3.105677366256714,2.999615430831909,3.275128126144409
3a2d0641c5028e0ef6e1ce92966a092080541ff31e88e84a4b019e41d1cf2e83,RobroKools/vad-bert,c4c659fd17dd5807572b3f0f577de8c408401ca7,2.920495748519897,3.020619630813598,3.071452379226685
ccbc768155e3f6a99bd69c008671cf3145e91e20c468c04c791f161fa8bee982,RobroKools/vad-bert,c4c659fd17dd5807572b3f0f577de8c408401ca7,3.052598714828491,3.104900598526001,3.1153037548065186
bacaee9a65fb4597b3322e4c9fa0a8236d38a015b092128935a27d206652ce18,RobroKools/vad-bert,c4c659fd17dd5807572b3f0f577de8c408401ca7,3.0856072902679443,3.0427372455596924,3.179085493087769
777aa6250815a07c27acd371a6210bafa3c35d1e531b54365d7e052fa59128ce,RobroKools/vad-bert,c4c659fd17dd5807572b3f0f577de8c408401ca7,3.0118839740753174,3.0075511932373047,3.2547218799591064
85a05bda174f3f66a832d0794db45fd52590b80ea2467fe4bee40945acf544bc,RobroKools/vad-bert,c4c659fd17dd5807572b3f0f577de8c408401ca7,3.0252206325531006,2.95121169090271,3.242924451828003
41c0391946390bad338b973264e1ed949d69477b1298fad912e1b1371370f754,RobroKools/vad-bert,c4c659fd17dd5807572b3f0f577de8c408401ca7,2.938628911972046,2.9302520751953125,3.185535192489624
0b27a43d3f92b93408702dbc734734b0ad7f61160c69707419bfa508870f6155,RobroKools/vad-bert,c4c659fd17dd5807572b3f0f577de8c408401ca7,3.3041326999664307,3.0879580974578857,3.3532419204711914
ef3f8184c3a03b9704a244748b3c2012071e06c73643297897f126cd4bf813d0,RobroKools/vad-bert,c4c659fd17dd5807572b3f0f577de8c408401ca7,3.2245736122131348,3.0986342430114746,3.1784026622772217
72c2a79ebc5b71da2de205541e1c963fddb8c5668327c5f23a47d8c5f350fc91,RobroKools/vad-bert,c4c659fd17dd5807572b3f0f577de8c408401ca7,3.2552695274353027,2.9821584224700928,3.2291879653930664
3ca382c17eca8208a2a69bbe27d1dcb596314eaab437450bfca3054843b572f0,RobroKools/vad-bert,c4c659fd17dd5807572b3f0f577de8c408401ca7,3.288463830947876,2.9653899669647217,3.311324119567871
940d3ecb97463b7767cde819bfd504eb60607867dc7e21e48dfb417cec3b8f6e,RobroKools/vad-bert,c4c659fd17dd5807572b3f0f577de8c408401ca7,3.3410658836364746,3.0204625129699707,3.3369061946868896
8a4c5576626e89989984f662403da41224310fc47f8435636a91ee21e10b3af2,RobroKools/vad-bert,c4c659fd17dd5807572b3f0f577de8c408401ca7,3.4178645610809326,3.1563708782196045,3.365600347518921
4f621b9d9bd6e0ed960aeeb9f1b64faffa2290e376713849ccca13e44440e203,RobroKools/vad-bert,c4c659fd17dd5807572b3f0f577de8c408401ca7,3.341099500656128,3.0914924144744877,3.208263635635376
d31dc0a26dfdad0d646133520c1e9f31aa019d6015294033c396e85c63d162e0,RobroKools/vad-bert,c4c659fd17dd5807572b3f0f577de8c408401ca7,3.249504327774048,3.0576493740081787,3.318666696548462
18a2ba4c78a84296b473ca674dcb131bfa22ff81af380b981e08c853bee315c8,RobroKools/vad-bert,c4c659fd17dd5807572b3f0f577de8c408401ca7,3.396225929260254,3.06702208518982,3.3801381587982178
4156669fd1c3aeef1b07274315c9992a07c104a7de3789a57ab76bac92b4c3f3,RobroKools/vad-bert,c4c659fd17dd5807572b3f0f577de8c408401ca7,3.375166416168213,3.0328614711761475,3.382088661193848
8715e9168f9c14fec37712487e4ea252b55a85d8d7b8d9ef7cb49879ecb0c665,RobroKools/vad-bert,c4c659fd17dd5807572b3f0f577de8c408401ca7,3.3969671726226807,3.173901319503784,3.3540642261505127
a5ad5b039de449b00fdef30e1c0105ffdf3bcbf84d53eba0d7fb6c7ad1058004,RobroKools/vad-bert,c4c659fd17dd5807572b3f0f577de8c408401ca7,3.3360185623168945,3.085046529769897,3.277987003326416
5369314e466b5dca86f880977837341c9519bd148fdf9071dd52b6cc70a3e0bc,RobroKools/vad-bert,c4c659fd17dd5807572b3f0f577de8c408401ca7,3.429741621017456,3.199572801589966,3.348400115966797
f4834930501940576a90b60257c2f7134bdf44999e6046f98068f2a98d2b9fb4,RobroKools/vad-bert,c4c659fd17dd5807572b3f0f577de8c408401ca7,3.3189117908477783,3.0657408237457275,3.39616060256958
efc8cbe59dd14baaf8c6b2547b149b8565e922597b471bcf6408a39720a45acd,RobroKools/vad-bert,c4c659fd17dd5807572b3f0f577de8c408401ca7,3.297673463821411,2.976918935775757,3.177448511123657
f6dcd330325129b2de701c02d7f01a16be63854c957a74d46270ea2e39befd38,RobroKools/vad-bert,c4c659fd17dd5807572b3f0f577de8c408401ca7,3.3197383880615234,2.99238395690918,3.309162378311157
47cb0734ff0964d4739211dc991b96e8db85596773e6d2640edaad1638d3c27b,RobroKools/vad-bert,c4c659fd17dd5807572b3f0f577de8c408401ca7,3.3757894039154053,3.0410585403442383,3.346172332763672
111f3b5baa36ecd43c9230a709d2310dadce87ccf47b905ce663e1a35baff8b5,RobroKools/vad-bert,c4c659fd17dd5807572b3f0f577de8c408401ca7,3.1257083415985107,2.977398157119751,3.3330342769622803
71064e64e787e86e3862454586deb6e0fe843e0bcb57c78326ee9e1538b0c42b,RobroKools/vad-bert,c4c659fd17dd5807572b3f0f577de8c408401ca7,3.2009103298187256,3.0143754482269287,3.2816736698150635
74170269834df6e30dcf11d581c5dd7d0a9a2b5c33e34ff85d0cfb08ecbaac6f,RobroKools/vad-bert,c4c659fd17dd5807572b3f0f577de8c408401ca7,3.114132165908813,3.038524866104126,3.3104846477508545
b1fa465e794e0dc0a6d66047464a0b255ad851cd59590d5d6b811f96434025dd,RobroKools/vad-bert,c4c659fd17dd5807572b3f0f577de8c408401ca7,3.283066511154175,3.060816526412964,3.339322090148926
045221dc6cbf3acd77f5292063a6cb3213a135d0dca29ef4ef13ebb11fb7f744,RobroKools/vad-bert,c4c659fd17dd5807572b3f0f577de8c408401ca7,3.318916082382202,3.084010124206543,3.312535047531128
63b80af4effd1b468937edb46f9c70a1b9701c0ed315aba0753145224138108d,RobroKools/vad-bert,c4c659fd17dd5807572b3f0f577de8c408401ca7,3.121103525161743,2.968239545822144,3.2426645755767822
630c6db3de18aa60eb7978659819e202ddd1941cdfbb96f4a8853ba7916c6278,RobroKools/vad-bert,c4c659fd17dd5807572b3f0f577de8c408401ca7,3.1102213859558105,3.0181145668029785,3.2066590785980225
af62fcf61560c77e43e5fb4679c3b8f273f178452ec8634d857f602913e9a35d,RobroKools/vad-bert,c4c659fd17dd5807572b3f0f577de8c408401ca7,3.1965482234954834,3.021368741989136,3.250327110290528
90d206bd31db745345307e15f23826586a5b60426ded35bd3b0321427e323af8,RobroKools/vad-bert,c4c659fd17dd5807572b3f0f577de8c408401ca7,3.2260751724243164,2.952427387237549,3.2538955211639404
a2f822313e3d7ec20b5067894dea36ebbe1206028b21429af89d6f4608a37186,RobroKools/vad-bert,c4c659fd17dd5807572b3f0f577de8c408401ca7,3.111140489578247,3.033647298812866,3.1206562519073486
dff9398e104952b992951b44a807969e1c496162dbb11764a2e6e4841feb8514,RobroKools/vad-bert,c4c659fd17dd5807572b3f0f577de8c408401ca7,3.2733747959136963,3.058058977127075,3.2031400203704834
5e4bc0ee597be370820b19d44acc626bff8ece32b8d370c9c6c7468bca6ef8b3,RobroKools/vad-bert,c4c659fd17dd5807572b3f0f577de8c408401ca7,3.063216209411621,3.0282387733459477,3.258298397064209
8d61643520eff6eeda9f9d36ccb8f97063798ffe05d2c3d1ece8ad0fd39f79e1,RobroKools/vad-bert,c4c659fd17dd5807572b3f0f577de8c408401ca7,3.1065690517425537,3.0348918437957764,3.1299374103546143
78fc47bd774a77354332a9abd100bcd21d62f61704c6d228dc61920464063224,RobroKools/vad-bert,c4c659fd17dd5807572b3f0f577de8c408401ca7,3.1564762592315674,3.099638700485229,3.2342450618743896
536285128a152171a9e5f2c3e72ff8830c16973e136f7d36dcc44be66d62b8fd,RobroKools/vad-bert,c4c659fd17dd5807572b3f0f577de8c408401ca7,3.245934247970581,3.079176664352417,3.2713615894317627
cb1b081fba26e1b4b17c634295df0fd77173b599dc81f075fad609fbf9a42242,RobroKools/vad-bert,c4c659fd17dd5807572b3f0f577de8c408401ca7,2.8383376598358154,2.8670449256896973,3.140070915222168
8749eab0c84498014b452a0df889aad7e213e6f3324dbf6f3da8d8b63f56785c,RobroKools/vad-bert,c4c659fd17dd5807572b3f0f577de8c408401ca7,2.8272368907928467,2.941052198410034,3.1245296001434326
ac66fa1e3b4f340a1502beddfd67df2eb1b633bad41fd7e5a654839701fbd748,RobroKools/vad-bert,c4c659fd17dd5807572b3f0f577de8c408401ca7,2.890940427780152,3.0063230991363525,3.358783721923828
2e0f9d76d69b52c30c44ae4406dcdba03eca799e04620ed84293aaa547e283af,RobroKools/vad-bert,c4c659fd17dd5807572b3f0f577de8c408401ca7,3.022337913513184,3.005088806152344,3.188685417175293
8ad95f3d346c7ef0420f326f68ee54fcdfeba435f611ee9fa6d4fa3b141ab28e,RobroKools/vad-bert,c4c659fd17dd5807572b3f0f577de8c408401ca7,2.9919650554656982,2.971820592880249,3.331264972686768
4a8e66079d44c17ca1cf666c83c4dac6c93ef0ca0776b28b453ad7ffb085adff,RobroKools/vad-bert,c4c659fd17dd5807572b3f0f577de8c408401ca7,2.851444959640503,2.93684983253479,3.156324625015259
647b14c4124b5344cee65af7bb2b1a342526ef43f5d24d5af16709cd96fc92ea,RobroKools/vad-bert,c4c659fd17dd5807572b3f0f577de8c408401ca7,2.817758321762085,2.860422849655152,3.115025758743286
8d3463054b34dd9bcd241a854971450f43fefc25ebbf253cbd4eb67d9d34ffe0,RobroKools/vad-bert,c4c659fd17dd5807572b3f0f577de8c408401ca7,2.8341386318206787,2.9024603366851807,3.0923120975494385
7ed3ae69f2dc7a3d5c3bd73a4c049b663a2c3301b06d48d035a637bf66da693e,RobroKools/vad-bert,c4c659fd17dd5807572b3f0f577de8c408401ca7,2.8266284465789795,2.9497745037078857,3.1459264755249023
42e41a0a0bc8a8ded2fa816b987323319ff31e1676a50333f2b3bf42935cf183,RobroKools/vad-bert,c4c659fd17dd5807572b3f0f577de8c408401ca7,2.794435501098633,2.9665231704711914,3.122594118118286
261e60c629c2642c1c9f90a53bc01202a8bc943583d8bacac7290d2ed6a6d93d,RobroKools/vad-bert,c4c659fd17dd5807572b3f0f577de8c408401ca7,2.8609440326690674,2.986346483230591,3.1693947315216064
8e5c592c7a20ead4bdcec49bb62c4cefa8f524dd3037d773234bae0a1cf3c164,RobroKools/vad-bert,c4c659fd17dd5807572b3f0f577de8c408401ca7,2.719287395477295,2.9635047912597656,3.1483428478240967
6cec8e460be6d6608607a984d30155aac351943ec4f7212489b9b190d92045a9,RobroKools/vad-bert,c4c659fd17dd5807572b3f0f577de8c408401ca7,2.8684377670288086,2.919275999069214,3.19299054145813
bc0988e1e5b13a0f109a0edfcfb2e24a8636aca5a5e87550f06579bc47228d36,RobroKools/vad-bert,c4c659fd17dd5807572b3f0f577de8c408401ca7,3.135174512863159,3.144960165023804,3.359095335006714
04a1c0a7d63376b9a7f5ba57c669b4441afb63dc7e528c08636b6a779f4009be,RobroKools/vad-bert,c4c659fd17dd5807572b3f0f577de8c408401ca7,2.87743616104126,2.931015491485596,3.146135091781616
74555993ff4be1585db8f972d4b03fe58f7acfbf2487478080509f67563e78c6,RobroKools/vad-bert,c4c659fd17dd5807572b3f0f577de8c408401ca7,3.048785448074341,3.1129441261291504,3.2571849822998047
b03b59bb50bd2756cc4cb9bdc9cdb4b7eebccdfda63156e9dd599e8da547a686,RobroKools/vad-bert,c4c659fd17dd5807572b3f0f577de8c408401ca7,3.0046634674072266,3.004194498062134,3.1952450275421143
d7703a3d359804bcc77bbd3b431a07410beb65d54620d8e8cb7817b414628e1f,RobroKools/vad-bert,c4c659fd17dd5807572b3f0f577de8c408401ca7,3.138671636581421,3.030500888824463,3.237944364547729
96a3e15cf414b14e472f3d0ff8575881cf3fc661009d660ee5a790a44ff635c1,RobroKools/vad-bert,c4c659fd17dd5807572b3f0f577de8c408401ca7,3.1078906059265137,2.9707999229431152,3.273235559463501
4ea1adfc7f3df0f268bed4c1c37674a3beed90d6f2e18287eb14f7bc6d69f54b,RobroKools/vad-bert,c4c659fd17dd5807572b3f0f577de8c408401ca7,2.8326730728149414,2.979682683944702,3.108293056488037
31bcabe3cf9b6335ec4618142d98bc610025bccc79a2d9f8f6164349d459103e,RobroKools/vad-bert,c4c659fd17dd5807572b3f0f577de8c408401ca7,2.8203861713409424,2.967614889144897,3.2479872703552246
f5cc24da21093d523084cd349f9b6e49120df845bea9e643d71753c06407aeb9,RobroKools/vad-bert,c4c659fd17dd5807572b3f0f577de8c408401ca7,2.846876621246338,2.991530179977417,3.229330062866211
23898d3f8301038e9b5eefcf29c09ff31a62caf474baad23221b199d86c96794,RobroKools/vad-bert,c4c659fd17dd5807572b3f0f577de8c408401ca7,2.8956003189086914,2.998084783554077,3.2577714920043945
e6b4ecd563c093c1e2e349a6613d28673f8dced254ce347ac9b0c37a0083fbfe,RobroKools/vad-bert,c4c659fd17dd5807572b3f0f577de8c408401ca7,2.8510491847991943,2.991595983505249,3.223508596420288
d128048d86115beff1b604c8b82cdbb5677689d5e92fa634005b63c6e332e32d,RobroKools/vad-bert,c4c659fd17dd5807572b3f0f577de8c408401ca7,2.884753704071045,2.9687182903289795,3.283699750900269
a56e05054c8cb55028a52c1368aec68d22e78291aab7d182990029b2c4f9363a,RobroKools/vad-bert,c4c659fd17dd5807572b3f0f577de8c408401ca7,3.2430131435394287,3.067559003829956,3.27118182182312
5b26166ca468bd5b70298377ceaab6192a05929411daf3774d7874377971dd62,RobroKools/vad-bert,c4c659fd17dd5807572b3f0f577de8c408401ca7,3.323044776916504,2.9501426219940186,3.31253981590271
5eac36ee4ac81ae12682c2e45d36cc8c341e7aa3429c87590ad69a373cc5ce3b,RobroKools/vad-bert,c4c659fd17dd5807572b3f0f577de8c408401ca7,3.230619192123413,3.0795724391937256,3.0961506366729736
2aae1cbd28f7009b84dfc6a031c504d93f496ca07951f9783e2e7ac0056b3173,RobroKools/vad-bert,c4c659fd17dd5807572b3f0f577de8c408401ca7,3.214825391769409,3.1106576919555664,3.306140661239624
38bdb1ea3b74493b82764dbd9da9420449e6e8a4d1930c4f11f6330a706d4c6d,RobroKools/vad-bert,c4c659fd17dd5807572b3f0f577de8c408401ca7,3.291869878768921,2.9906437397003174,3.294149398803711
e20ddff66bcc26a6fc285332679116ec6b360300e6407f5dcb5a6657d4319404,RobroKools/vad-bert,c4c659fd17dd5807572b3f0f577de8c408401ca7,3.532475471496582,3.170510053634644,3.3842031955718994
89b7a4aafda29616fd694e38dc6e6beef30df689fc7555d74f4c52cb0edc213f,RobroKools/vad-bert,c4c659fd17dd5807572b3f0f577de8c408401ca7,3.2565925121307373,3.138105630874634,3.3771307468414307
5f80d3cf282cbdcad64fdf7d89049724b599e78c3a902fd42c54394a282efa91,RobroKools/vad-bert,c4c659fd17dd5807572b3f0f577de8c408401ca7,3.2349090576171875,3.002671957015991,3.278950929641724
0f5952497e7d531433716a5fc46ef90a6681863139f9d5835b5bb7487c4c1153,RobroKools/vad-bert,c4c659fd17dd5807572b3f0f577de8c408401ca7,3.2973556518554688,3.0293843746185303,3.3692290782928467
d32027f325a761e0e6388efda053e6590737120db74c9fa07d8029b281d0cb99,RobroKools/vad-bert,c4c659fd17dd5807572b3f0f577de8c408401ca7,3.287151575088501,3.027763843536377,3.308438539505005
4fec2c84a7dc02cc8b9d188faf1dbf7d4f0c815acb7db0f80459f970035064a6,RobroKools/vad-bert,c4c659fd17dd5807572b3f0f577de8c408401ca7,3.3166823387146,3.0977797508239746,3.307293653488159
7a22c13af626384fc2d94b8f3d234d0f8e4a04d61476c5b32a9023fbfa180754,RobroKools/vad-bert,c4c659fd17dd5807572b3f0f577de8c408401ca7,3.203239917755127,3.044687032699585,3.243567943572998
3c7ebb06a031485597831481da3576d9788c7922a3fae94b7837c2a8ef08244f,RobroKools/vad-bert,c4c659fd17dd5807572b3f0f577de8c408401ca7,3.291581153869629,3.0107786655426025,3.372159242630005
2de8072c2b2f555e52cd5bec1f4469f3f4c21bc9020fe1db01ac64001cf67fb4,RobroKools/vad-bert,c4c659fd17dd5807572b3f0f577de8c408401ca7,3.241318941116333,3.04685378074646,3.3070173263549805
f1b22ce9fce05d627596a6cf3b4909686b0168439bd80a979d677d7adb1a7fc7,RobroKools/vad-bert,c4c659fd17dd5807572b3f0f577de8c408401ca7,3.445231437683105,3.006176710128784,3.3698689937591557
3b8e813e09a98ba00b5aae3d6f28e048cee28134f5e9fccba91ee008236f2141,RobroKools/vad-bert,c4c659fd17dd5807572b3f0f577de8c408401ca7,3.273620128631592,3.063964605331421,3.3236000537872314
4a254332d86b28966ad8f3ae17df5823afa1bb653e8c6287ca00d1a71668d1ff,RobroKools/vad-bert,c4c659fd17dd5807572b3f0f577de8c408401ca7,3.4126641750335693,3.1106343269348145,3.327154397964477
8244dd5c8443912af2aaeecee5de46f4306d818f805cb4f8d1e8ef1369c9501d,RobroKools/vad-bert,c4c659fd17dd5807572b3f0f577de8c408401ca7,3.328063726425171,3.0473010540008545,3.347827196121216
6aad12ef89dda26f92c0a40e3e3ffc76f7376da04d6c0dcc414bc51f44e7389f,RobroKools/vad-bert,c4c659fd17dd5807572b3f0f577de8c408401ca7,3.3188068866729736,3.02055287361145,3.178384780883789
b2375d2701858dab6b412122c8501c987f1b58518db42873208733df59223b1b,RobroKools/vad-bert,c4c659fd17dd5807572b3f0f577de8c408401ca7,3.2404468059539795,3.071303129196167,3.1586711406707764
e8c2e2c5acc255e685541f98bd01c05ba5fc09b5d3013bb9033ff777e404c817,RobroKools/vad-bert,c4c659fd17dd5807572b3f0f577de8c408401ca7,3.3824915885925293,3.113563299179077,3.3285226821899414
9a537dbf4ae4e90a7a511bcddb30bc073af7bdc83185ded2c1d85edc2fd1f466,RobroKools/vad-bert,c4c659fd17dd5807572b3f0f577de8c408401ca7,3.344085693359375,3.069788217544556,3.3363492488861084
d05b3c00fc2256d346f86b2559da7e42bc5eb540c43f85deee229d3e2552de8a,RobroKools/vad-bert,c4c659fd17dd5807572b3f0f577de8c408401ca7,3.443756580352783,3.085139274597168,3.3001506328582764
b6fce54231467190c60d16a3548cc1ddc1f3cd8632cc0b9bfe81a649e85145b5,RobroKools/vad-bert,c4c659fd17dd5807572b3f0f577de8c408401ca7,3.555396318435669,3.1207878589630127,3.2947819232940674
54cda2e1465e78741ca250b75bce8e91067dd8241d78d3abcaf22fe69ecb564d,RobroKools/vad-bert,c4c659fd17dd5807572b3f0f577de8c408401ca7,3.213428258895874,3.150941848754883,3.390248537063598
cfadeee6ed9a4c67a0cf1a64b624eee579a7eb7823a9c46119be1b057bae8b8d,RobroKools/vad-bert,c4c659fd17dd5807572b3f0f577de8c408401ca7,3.277395486831665,3.0781750679016118,3.2625086307525635
596a3760e53fb1396f71cbdb178bf810b7a4a7399c227c325f6e796d2f17467c,RobroKools/vad-bert,c4c659fd17dd5807572b3f0f577de8c408401ca7,3.2498605251312256,3.14009428024292,3.2683379650115967
02a9752bc8b1f42d0063600a209c2474d2d2e9e987b07525f543af9f948ab635,RobroKools/vad-bert,c4c659fd17dd5807572b3f0f577de8c408401ca7,3.4353508949279785,3.0046675205230717,3.235607862472534
2c0405e5ce00230a235eb208ed093dbd046c25efac9a0d9a14c7dba3941b1256,RobroKools/vad-bert,c4c659fd17dd5807572b3f0f577de8c408401ca7,3.3870534896850586,3.1424427032470703,3.39119553565979
9dcbf5d414ff587e267dc716245cb36d65eea54a54dfedf403459a90ee9d46e0,RobroKools/vad-bert,c4c659fd17dd5807572b3f0f577de8c408401ca7,3.1940858364105225,3.0420773029327397,3.3479936122894287
281e4a6d6816b11abc6fa0603adc5c9a48fbce84291cecc959a5f18d4142c715,RobroKools/vad-bert,c4c659fd17dd5807572b3f0f577de8c408401ca7,2.653805017471313,3.046952486038208,3.129507303237915
57b74ae294991a4c9d5d633abfd3f44acc2edf787b218675cc35323bac110eaa,RobroKools/vad-bert,c4c659fd17dd5807572b3f0f577de8c408401ca7,3.017498731613159,2.9876508712768555,3.197905778884888
3b637e6a3109e886ea965c1dedc6185eca1ad04c9270c4820be17812dce4eaa8,RobroKools/vad-bert,c4c659fd17dd5807572b3f0f577de8c408401ca7,3.0180933475494385,3.157405138015747,3.251734972000122
441f4c86d80080b420175f22bcf0e9807a3493ad72c19866fd4c576d2e9807d5,RobroKools/vad-bert,c4c659fd17dd5807572b3f0f577de8c408401ca7,3.126776218414306,2.9011123180389404,3.184041738510132
18f0b3b1aff84ad3d75e9d694ba5bf1d5604c6cadbad9e4047631a80d0801f5b,RobroKools/vad-bert,c4c659fd17dd5807572b3f0f577de8c408401ca7,3.0348122119903564,2.988940954208374,3.2281529903411865
8a0fc0205d5dc78c821fadb87d6dfdc222bc6c095a36ffc7105df7d8105eedb7,RobroKools/vad-bert,c4c659fd17dd5807572b3f0f577de8c408401ca7,2.9164984226226807,2.9431467056274414,3.1843669414520264
04975810bd4b63f8e957ce4cbec30aaca9c91dcaf1036a134517a2d3ad7b3024,RobroKools/vad-bert,c4c659fd17dd5807572b3f0f577de8c408401ca7,2.8254599571228027,2.957660436630249,3.110776662826538
a68b14827cf6071e482d956155f88c357fbfc19430fa856357547274574b3cbc,RobroKools/vad-bert,c4c659fd17dd5807572b3f0f577de8c408401ca7,3.140829086303711,2.984895706176758,3.233762264251709
83655ae24a4d0a764827c3edaddf41d4059a60343852864ae67f10c909d61aff,RobroKools/vad-bert,c4c659fd17dd5807572b3f0f577de8c408401ca7,2.8999364376068115,3.07085919380188,3.0530755519866943
5a2845e2b5584408fdfab6c2a34e16ce116667791c7944021eb6019235bb847a,RobroKools/vad-bert,c4c659fd17dd5807572b3f0f577de8c408401ca7,3.1705799102783203,2.976247549057007,3.2440731525421143
a5c91a759ae648d2a7f362f866e1593561d1bef6e058f959708677c2e43b7a85,RobroKools/vad-bert,c4c659fd17dd5807572b3f0f577de8c408401ca7,2.9955880641937256,3.0443732738494877,3.18530821800232
516ac475f9b734dca922e5232442ed8fb719de96ca97277711fef77f744cd76f,RobroKools/vad-bert,c4c659fd17dd5807572b3f0f577de8c408401ca7,2.9502081871032715,3.087301731109619,3.056967258453369
0947adac1400b68e7e7899081c2d09eebf0812a3d8afad34764f2df80ce3587f,RobroKools/vad-bert,c4c659fd17dd5807572b3f0f577de8c408401ca7,3.016387224197388,3.0496745109558105,3.268460988998413
f06ab6f31e7c53f976205ae840566e6619a7d68f466e87e80066de0f7c801c19,RobroKools/vad-bert,c4c659fd17dd5807572b3f0f577de8c408401ca7,2.8590338230133057,2.922360897064209,3.1064131259918213
4b20d39db3eb85278ec74ee26af46d5ee2d2075a5da0275a17da93187f137c87,RobroKools/vad-bert,c4c659fd17dd5807572b3f0f577de8c408401ca7,3.0191800594329834,2.927901029586792,3.135345697402954
2b94df1050b5c98a0fe458f4fc3d7c0700d0ac67688b9421af711e9734be4416,RobroKools/vad-bert,c4c659fd17dd5807572b3f0f577de8c408401ca7,2.7193777561187744,3.025134801864624,3.0967442989349365
04ddc5327c733986a09eda5175e6ee2da4a438f33a64a40e748eb900af97364d,RobroKools/vad-bert,c4c659fd17dd5807572b3f0f577de8c408401ca7,2.990665435791016,3.091968536376953,3.296083927154541
ca1f05297501aea51f93bb002c4f83b7d8faf931f511b2f586e0ff094619e226,RobroKools/vad-bert,c4c659fd17dd5807572b3f0f577de8c408401ca7,2.830519437789917,2.967838764190674,3.163203477859497
ea53cb74946b65584ae5a49de17d3018f7eca09942e06e0de219ef058a1f1125,RobroKools/vad-bert,c4c659fd17dd5807572b3f0f577de8c408401ca7,3.1444218158721924,3.088728904724121,3.293266534805298
3a503c2c7e53e172644ae565430a9958e788081e4b210429934ffa891945f5ad,RobroKools/vad-bert,c4c659fd17dd5807572b3f0f577de8c408401ca7,2.9957854747772217,3.05706000328064,3.07889723777771
ea765bfd10f355a9325abc48c1f7755738f817ab090d382742f4016d6d34a45b,RobroKools/vad-bert,c4c659fd17dd5807572b3f0f577de8c408401ca7,2.9215400218963623,3.021290063858032,3.0389230251312256
832750aac35b8e33bae3a623eb4643dde15c3baa75ae9ff895a6a1c60850ada2,RobroKools/vad-bert,c4c659fd17dd5807572b3f0f577de8c408401ca7,2.800256490707397,2.977712869644165,3.2575390338897705
efd9ec820bd75ec4bfcccb3f6e26e8adf4fbb79f417460d5f9ba90b90c115573,RobroKools/vad-bert,c4c659fd17dd5807572b3f0f577de8c408401ca7,2.818435907363892,2.9972081184387207,3.118357419967652
d5151e65ccfdc997b2590ee46035013ce2a513fa9a0d016dbe1f96cef7124fdb,RobroKools/vad-bert,c4c659fd17dd5807572b3f0f577de8c408401ca7,3.0671231746673584,3.015531063079834,3.2107181549072266
c1ca87da785599409be278049c9942eebc8535a3a1be8df8dc67f479b7c945f5,RobroKools/vad-bert,c4c659fd17dd5807572b3f0f577de8c408401ca7,2.9604594707489014,3.0100817680358887,3.1206655502319336
dadc67382af6ab6565d3d980d0ca0b1a091701266b111e76c73276f0a3768660,RobroKools/vad-bert,c4c659fd17dd5807572b3f0f577de8c408401ca7,2.968532085418701,2.993596315383911,3.192002534866333
cf125c0b6599d2f845a22be28eecd3437cdacb9a27f00c042a4f440714ee93cd,RobroKools/vad-bert,c4c659fd17dd5807572b3f0f577de8c408401ca7,3.1820242404937744,3.194141149520874,3.3098957538604736
cdc32b40b4102a46ba6c446e34a6d314579fa755860c39b3dba9bc83a4be0412,RobroKools/vad-bert,c4c659fd17dd5807572b3f0f577de8c408401ca7,3.292548656463623,3.0439083576202397,3.3660409450531006
acc683912a47ad325139ebedd48d29f05c0475bd23c6589079cd2843142b5216,RobroKools/vad-bert,c4c659fd17dd5807572b3f0f577de8c408401ca7,2.813746213912964,3.067716598510742,3.0942742824554443
cfef2f485bb12c44700b1cc5ed8c451ef969d281177091a504fcdf254367ad2e,RobroKools/vad-bert,c4c659fd17dd5807572b3f0f577de8c408401ca7,2.7199361324310303,3.1052165031433105,3.012417316436768
1010045de41d17aaf96e4470ab57f276d4a437f7398262dda39e20f231513a7b,RobroKools/vad-bert,c4c659fd17dd5807572b3f0f577de8c408401ca7,3.2557260990142822,3.0686466693878174,3.4098870754241943
4f47ff4d9ee4aaacccfc2195bdd012089593ace2fbd8159f62268059fb72c373,RobroKools/vad-bert,c4c659fd17dd5807572b3f0f577de8c408401ca7,3.268263339996338,3.1154677867889404,3.3488779067993164
6137ee1c50970631a603fdf461fea8bf226b91039a5543c4ff60c646e0dd18a7,RobroKools/vad-bert,c4c659fd17dd5807572b3f0f577de8c408401ca7,3.1129250526428223,3.0760786533355717,3.374056100845337
8486b4a3f17eecf6a6215ca9ed6811f917ebc391c27dd36fe9820f5e65cdf396,RobroKools/vad-bert,c4c659fd17dd5807572b3f0f577de8c408401ca7,3.2089507579803467,2.9501407146453857,3.2757272720336914
332e34112df4b36797786c88f13e57e1fd6515aefe808860fb7e0cdf7812e4c7,RobroKools/vad-bert,c4c659fd17dd5807572b3f0f577de8c408401ca7,3.1092517375946045,3.1838858127593994,3.254619836807251
6a77dcbe3c2908962f007b27a5a6541ed0b42c00049a3ad5fecf68569af29a94,RobroKools/vad-bert,c4c659fd17dd5807572b3f0f577de8c408401ca7,3.681802988052368,3.2053043842315674,3.372332572937012
6c063c0edb43df4d6ed3ba27a39eb079eafda47f6ee73d6ea1e18fbfe179de99,RobroKools/vad-bert,c4c659fd17dd5807572b3f0f577de8c408401ca7,3.2060353755950928,3.081054925918579,3.209538698196411
e08f7f9574e9a902179ad4c05cb6626b9321d77542c7315001943124bd48c807,RobroKools/vad-bert,c4c659fd17dd5807572b3f0f577de8c408401ca7,3.208979368209839,3.058661937713623,3.271935224533081
7dca51c5bdb59ec0678c58e38b3531f6384f6648bdb33856e355bae9f465093d,RobroKools/vad-bert,c4c659fd17dd5807572b3f0f577de8c408401ca7,3.417332410812378,3.2689011096954346,3.242023706436157
fa711f8ceaaa3fadcd444cf87b9ceb93862e2d45e8f8e7a73966632c4ab3e271,RobroKools/vad-bert,c4c659fd17dd5807572b3f0f577de8c408401ca7,3.111613750457764,2.988286256790161,3.230919599533081
733090d6b6a8f8d70665e81c2a1ca1587e5f88460e797caa387b54c41ba74eab,RobroKools/vad-bert,c4c659fd17dd5807572b3f0f577de8c408401ca7,3.3452627658843994,3.020862102508545,3.2655389308929443
d32039771a928217cae457ecdf6775073d0094a021381dfeed3578d353cce898,RobroKools/vad-bert,c4c659fd17dd5807572b3f0f577de8c408401ca7,3.2098233699798584,3.134868621826172,3.301564216613769
a94e4459a3c8d6fc126f91a98db49bbcedc008cbf53feeea2a729a376b2d62d7,RobroKools/vad-bert,c4c659fd17dd5807572b3f0f577de8c408401ca7,3.27283239364624,3.105039358139038,3.2784855365753174
d2830aaf9300d040108e4112e2477ea5f7561d2d39f539939c29581323b51b0e,RobroKools/vad-bert,c4c659fd17dd5807572b3f0f577de8c408401ca7,3.204059839248657,3.234210252761841,3.272977828979492
3c774c32839f9fd6157036b5dd4df0d2aacef0737267ce413e0267693d9f5598,RobroKools/vad-bert,c4c659fd17dd5807572b3f0f577de8c408401ca7,3.36948037147522,3.241011381149292,3.3380415439605717
4fa112a7ae9efd361d34cbc6346750dcea11d3a1ca308f0d3f53c21f7d6539a9,RobroKools/vad-bert,c4c659fd17dd5807572b3f0f577de8c408401ca7,3.2245213985443115,2.989837408065796,3.269184827804565
a758b058e46d145d357dd09504cde996d2ee9744929d8681c932444d9b0de19f,RobroKools/vad-bert,c4c659fd17dd5807572b3f0f577de8c408401ca7,3.3474385738372803,3.239917993545532,3.3963701725006104
4862a39ebdb186dc47af6e5db15304a9353ad36e8edcced60321e28c5168804a,RobroKools/vad-bert,c4c659fd17dd5807572b3f0f577de8c408401ca7,3.330667495727539,3.2197811603546143,3.4018094539642334
65144daa32ec07e554b5fb1138ef19dbe804146cf709f4cb966dc50c6aa365dc,RobroKools/vad-bert,c4c659fd17dd5807572b3f0f577de8c408401ca7,3.270737886428833,3.080952405929565,3.363566637039185
45f1525b217338c37d0cdb1c60ec6672afc87992a6ca799ae67c93d6e2564e5d,RobroKools/vad-bert,c4c659fd17dd5807572b3f0f577de8c408401ca7,3.2705681324005127,3.135992765426636,3.2681517601013184
2a4e50e12f3584bd80757882085abd64b598abe005a77bec9ce06eb41ace31a9,RobroKools/vad-bert,c4c659fd17dd5807572b3f0f577de8c408401ca7,3.190485000610352,3.0652151107788086,3.285586357116699
e5032581adb502e01b25e09826ef4688d25aae3e8b1135b9fb41a7b37c809aee,RobroKools/vad-bert,c4c659fd17dd5807572b3f0f577de8c408401ca7,3.284370183944702,2.989931106567383,3.3720834255218506
5a8650547cae3f37efdb5797d25f639eff849759a8bd0d89d6cd8e2551af4b49,RobroKools/vad-bert,c4c659fd17dd5807572b3f0f577de8c408401ca7,3.267350435256958,3.2476181983947754,3.32901668548584
232a70b5b9f411a35278925a3c07a912f46cb7147c7a87c41fe7bf808400081e,RobroKools/vad-bert,c4c659fd17dd5807572b3f0f577de8c408401ca7,3.5167486667633057,3.150958776473999,3.4830422401428223
80b32870b14109092e6c9bfc771decd0c61c7cfffaf89c7651b8c06b9cacb694,RobroKools/vad-bert,c4c659fd17dd5807572b3f0f577de8c408401ca7,3.4188485145568848,3.2489352226257324,3.397003412246704
725add9b77205fda89ce9cc15aec4f1bfa22ccd95c1d22284733fc47740dd0da,RobroKools/vad-bert,c4c659fd17dd5807572b3f0f577de8c408401ca7,3.0939643383026123,2.9051625728607178,3.332998275756836
e36e13dd54ff67102ac1f0fe3f563a808532cecbd5c1224f9d89d52e40ee934a,RobroKools/vad-bert,c4c659fd17dd5807572b3f0f577de8c408401ca7,3.288162469863892,3.213008165359497,3.351161003112793
51bd9bcad47317b08d251e42d9032249fe41496ec3479f3d8f257fdf0d70f010,RobroKools/vad-bert,c4c659fd17dd5807572b3f0f577de8c408401ca7,3.4561750888824463,3.2634730339050293,3.420379400253296
c7a72de0a2d0510179585006f4d92403c2fbf3d4139e08337b85dbd3ec58373f,RobroKools/vad-bert,c4c659fd17dd5807572b3f0f577de8c408401ca7,3.2341468334198,3.2293360233306885,3.3996174335479736
825219498833d5263d10367b16cf98a548991ebc703f4c52fbee1bcc5cf27a8d,RobroKools/vad-bert,c4c659fd17dd5807572b3f0f577de8c408401ca7,3.2022740840911865,3.234121084213257,3.261236429214477
1d8ad1ed1a05cf529127f884f46f0b5233ee47ffc90bc0450fa8df3f05b60a29,RobroKools/vad-bert,c4c659fd17dd5807572b3f0f577de8c408401ca7,3.43099045753479,3.125,3.314152956008911
84d3a8a99c333f9f4bdb347fb7d87ba87260c79bc55af71686253a0b6002ba6a,RobroKools/vad-bert,c4c659fd17dd5807572b3f0f577de8c408401ca7,3.4241206645965576,3.2279422283172607,3.553065061569214
c31310c48d735a5941a50aba5ac2503d61fb8f3b5041877a5b1c20ade1d9e166,RobroKools/vad-bert,c4c659fd17dd5807572b3f0f577de8c408401ca7,3.5785257816314697,3.220097780227661,3.593921661376953
0190789d9a506741ae9c9846a663e9e13552ace533a80279b00702f07799b6f6,RobroKools/vad-bert,c4c659fd17dd5807572b3f0f577de8c408401ca7,2.9693918228149414,3.085166454315185,3.135352373123169
a06a5bb85aab84abe5596e1d64edad85df999ef6560969ef822092fe238b5048,RobroKools/vad-bert,c4c659fd17dd5807572b3f0f577de8c408401ca7,3.045684576034546,3.0858819484710693,3.127100706100464
501f480c4fd4270014a15bf0d40407d784d11eaceceb4cb87b38a1e5f7352f96,RobroKools/vad-bert,c4c659fd17dd5807572b3f0f577de8c408401ca7,2.886667251586914,3.019521474838257,3.135369062423706
712dd636d03b5d4cb7d41923c4ba1b366ac4e6487c812d86cadd18931d0b1e42,RobroKools/vad-bert,c4c659fd17dd5807572b3f0f577de8c408401ca7,3.0820271968841557,3.047970056533813,3.182774543762207
678ca2ac3d1ac6fddf993f4da3a1d627c4e9e4e340dd415374db7990ca748f4c,RobroKools/vad-bert,c4c659fd17dd5807572b3f0f577de8c408401ca7,2.994745969772339,3.0224950313568115,3.168840169906616
acd5fa94522a892c138479d2789d13dd1e3fbd3489694f8ec484528e53a6781f,RobroKools/vad-bert,c4c659fd17dd5807572b3f0f577de8c408401ca7,2.99788498878479,3.0372002124786377,3.0904221534729004
d234d12608e0d1e4885595810ec84c1e2c141fc130afbfbabbff89f3f84bf70c,RobroKools/vad-bert,c4c659fd17dd5807572b3f0f577de8c408401ca7,3.2104034423828125,2.8353464603424072,3.323697090148926
a6ae52bc31edd058fa8393a9e4e9048297c8ddbb06fa80ffedd64853f050e26f,RobroKools/vad-bert,c4c659fd17dd5807572b3f0f577de8c408401ca7,2.8574860095977783,2.9341328144073486,3.3566877841949463
18b267cbd927a27f71174cec76d5076426ce9f420bec8909d6c42bc8d5ce723e,RobroKools/vad-bert,c4c659fd17dd5807572b3f0f577de8c408401ca7,2.848212957382202,2.958470106124878,3.2212491035461426
189f9c8ab34c9fc6c1416e81d29fb0819cc6b855ae88510305111a12c0291a5b,RobroKools/vad-bert,c4c659fd17dd5807572b3f0f577de8c408401ca7,3.075188636779785,3.067664623260498,3.2876851558685303
349da531aa51a5792fd516887de6b8a3dbb72f953ddc2525d2f465a91456f825,RobroKools/vad-bert,c4c659fd17dd5807572b3f0f577de8c408401ca7,3.020545721054077,2.8723015785217285,3.141496419906616
dc858e6fa853af250c54023e59ecf36a7fa904991b1fc9db2378066cc1a39147,RobroKools/vad-bert,c4c659fd17dd5807572b3f0f577de8c408401ca7,2.8711471557617188,3.124699592590332,3.1237921714782715
c1da73ea44ff1a64f5f18c3e93b02476ae5e063d6f53e92db5d7df556632b6ff,RobroKools/vad-bert,c4c659fd17dd5807572b3f0f577de8c408401ca7,2.917273998260498,3.1430881023406982,3.058093786239624
07677c7c67f0e673de09bb2553b398e7e8a547b0303e3d1f56842c4f9e5afe5c,RobroKools/vad-bert,c4c659fd17dd5807572b3f0f577de8c408401ca7,2.992203712463379,2.9589734077453613,3.2668402194976807
74563930d47385e60f6c534d909483d08b3b9db2cd339f9ad3a76dc7687ccfff,RobroKools/vad-bert,c4c659fd17dd5807572b3f0f577de8c408401ca7,3.085573434829712,3.153067350387573,3.2447822093963623
4bc4d3403f32f58d877c2eee692187ace86c0370f23fb73dd5608599d282f735,RobroKools/vad-bert,c4c659fd17dd5807572b3f0f577de8c408401ca7,2.84105920791626,2.967496156692505,3.1494462490081787
1db2ba23fbe931dfca8e955c7b18008f79932716455e7fc42bd5250b09f76a6c,RobroKools/vad-bert,c4c659fd17dd5807572b3f0f577de8c408401ca7,2.945273399353028,2.945420980453491,3.151961088180542
9c17f3c7062c16bda3e9e0e7cb09b72b75a7f252729a6e40437c8ffc3bc19f3a,RobroKools/vad-bert,c4c659fd17dd5807572b3f0f577de8c408401ca7,2.920552492141724,3.0297367572784424,3.1484925746917725
80d4d058772529a57b2c4a6a02f3e20fc3c0cccfe910d98372cd9fcdb8d0a989,RobroKools/vad-bert,c4c659fd17dd5807572b3f0f577de8c408401ca7,3.112252950668335,3.105733871459961,3.1640284061431885
74ab3c916e7f4ad49b58772f69093df2189a100f14ecb5adb1dc04668543211e,RobroKools/vad-bert,c4c659fd17dd5807572b3f0f577de8c408401ca7,3.0742244720458984,3.005190372467041,3.35313081741333
259a3aca9fee353a78182c708b29319c05d4d1dfbc1404803338952dd6fb5996,RobroKools/vad-bert,c4c659fd17dd5807572b3f0f577de8c408401ca7,3.1939520835876465,2.9639666080474854,3.2432332038879395
82359cb4572d8b7ce4477d84541689883e35ce0f3041a3d6d7d5a8e50ea5beee,RobroKools/vad-bert,c4c659fd17dd5807572b3f0f577de8c408401ca7,3.2971441745758057,3.1056575775146484,3.306663990020752
721eb140a9279705f521ecf152116f49e4e0ac57cb229b3689c91c2816893d82,RobroKools/vad-bert,c4c659fd17dd5807572b3f0f577de8c408401ca7,3.273228406906128,3.148327112197876,3.3920223712921143
271b46e6f96ebf0ffd87ca630b92f9792680a8e190336e5f4783920bdb9a5097,RobroKools/vad-bert,c4c659fd17dd5807572b3f0f577de8c408401ca7,2.990938186645508,3.2071239948272705,3.4474904537200928
5537ae7ef150cbc3f06d37e03783bbcf20f15e38179d27365a72e67faac6dced,RobroKools/vad-bert,c4c659fd17dd5807572b3f0f577de8c408401ca7,3.2547266483306885,2.9497785568237305,3.3232085704803467
895a71e10998be09c2f87ab18831a3435e4bf9151d7466dc786c913d0822cab9,RobroKools/vad-bert,c4c659fd17dd5807572b3f0f577de8c408401ca7,3.217473268508911,3.0437371730804443,3.325803518295288
647b2b7e53573c66b360a256be5977259ac2c7e761985917dc7247256fa7b08f,RobroKools/vad-bert,c4c659fd17dd5807572b3f0f577de8c408401ca7,3.3254616260528564,3.2090752124786377,3.3159849643707275
0f58f2efa339b4cd29d895c3fdbc286cbb4851b26cff9bc1d48c24de15f1093e,RobroKools/vad-bert,c4c659fd17dd5807572b3f0f577de8c408401ca7,3.158752679824829,3.05120062828064,3.3472793102264404
ab2c917e537aa7b4b8abd1d0ae2b5574320d425206e5905521106dde591ae275,RobroKools/vad-bert,c4c659fd17dd5807572b3f0f577de8c408401ca7,3.2517240047454834,2.988885402679444,3.3938863277435303
9505f1674fec5bae26f28b63a3f2bb7e34962dbcbd2d8c4f80086ddd66618141,RobroKools/vad-bert,c4c659fd17dd5807572b3f0f577de8c408401ca7,3.24121642112732,3.103238821029663,3.395395517349243
cc145af8398e2c6505022b9b282b5f5367076a1945bca90e127ad43c5b7a0005,RobroKools/vad-bert,c4c659fd17dd5807572b3f0f577de8c408401ca7,3.2214877605438232,3.172201633453369,3.39241099357605
17687485a5b0ed2db32fdfac3e8f6438eb57eafcf317ec51c3d700678c5046e6,RobroKools/vad-bert,c4c659fd17dd5807572b3f0f577de8c408401ca7,3.2224862575531006,3.011395215988159,3.2711899280548096
ea762c48e4f56590db68a8ee87806a699f7fcbe255ec3f8246331081b3ab5508,RobroKools/vad-bert,c4c659fd17dd5807572b3f0f577de8c408401ca7,2.8571043014526367,3.0615897178649902,3.1798088550567627
9cedd3ca6aaffea3c93b96a8ca395f9d5014fa7086d3d059033bb6a17142ef51,RobroKools/vad-bert,c4c659fd17dd5807572b3f0f577de8c408401ca7,3.2990963459014893,3.06327223777771,3.4449033737182617
1067a4f9c09859cc549fad969b759d4695846e70324cabe42ca55242242f0311,RobroKools/vad-bert,c4c659fd17dd5807572b3f0f577de8c408401ca7,3.203931331634521,3.0196478366851807,3.3585777282714844
d536992d3377aa8c62af4c2f56713acfb05552ccf3a3da84c72b6254caad72fb,RobroKools/vad-bert,c4c659fd17dd5807572b3f0f577de8c408401ca7,3.162163496017456,3.0747880935668945,3.3746938705444336
5bec35beba7be35ac6a6e54779184d28dfbf57c26b4cef7ac410c5c1a42056c0,RobroKools/vad-bert,c4c659fd17dd5807572b3f0f577de8c408401ca7,3.1535959243774414,3.0969760417938232,3.2156994342803955
544a4a90de3a899b02eeb95b41591d15fe325ff5689de59a47d7f98036f372a5,RobroKools/vad-bert,c4c659fd17dd5807572b3f0f577de8c408401ca7,3.207892894744873,3.102479219436645,3.1731810569763184
63ca5606f0dbba41a99ce25bf821da63d4ee4ba26e17dffdb57152a31fcd5d4f,RobroKools/vad-bert,c4c659fd17dd5807572b3f0f577de8c408401ca7,3.100942373275757,3.005088806152344,3.300740957260132
7c7afcd0e3222c8f2b1393a0da8faca72e52ce681a7eb0e70b8b2da87d29b7a1,RobroKools/vad-bert,c4c659fd17dd5807572b3f0f577de8c408401ca7,3.174095392227173,3.1423709392547607,3.364701509475708
6586a0ff39d8d113c84e40459f77a69f113866b921fa9644bdba2444901833ca,RobroKools/vad-bert,c4c659fd17dd5807572b3f0f577de8c408401ca7,3.0284249782562256,2.8784139156341557,3.2566072940826416
84bbe05538a6c964622c4db66087dca8657242e6c7f6e662e27fffa8c8a87147,RobroKools/vad-bert,c4c659fd17dd5807572b3f0f577de8c408401ca7,3.207014799118042,3.096199750900269,3.281833410263061
7d4bb1e63cabf9222d9c1b3f315c8eb82e33af66ae66af4c52d8359e08e6a9f4,RobroKools/vad-bert,c4c659fd17dd5807572b3f0f577de8c408401ca7,3.0942111015319824,3.0291597843170166,3.257903575897217
78f9aa7d9022b9a065baa385229b7c38503faa9d5e42dc99c2f5e557e244d04c,RobroKools/vad-bert,c4c659fd17dd5807572b3f0f577de8c408401ca7,3.1612179279327397,3.0238256454467773,3.13677978515625
ccdbf3811df19438e74c04c2ad8b4c50a354824fe619fb8ab5ab2521c414a397,RobroKools/vad-bert,c4c659fd17dd5807572b3f0f577de8c408401ca7,3.0783166885375977,2.901161432266236,3.3111343383789062
897e848d5b1136949ccf207c7bafab54ee23032591deeba18175c995919b33b2,RobroKools/vad-bert,c4c659fd17dd5807572b3f0f577de8c408401ca7,3.2174627780914307,2.9125752449035645,3.282362222671509
f3dfa9015441b77f0dc04cf4985bd7714ddf84797761ef3059fa8960ea9aad4e,RobroKools/vad-bert,c4c659fd17dd5807572b3f0f577de8c408401ca7,3.1356685161590576,3.025700330734253,3.204741954803467
cba01e84cbb15c0601539498567074838f6a708c5d4cc7f6dcf3436118200883,RobroKools/vad-bert,c4c659fd17dd5807572b3f0f577de8c408401ca7,3.2366783618927,3.0828490257263184,3.3399131298065186
f013fb05f62cfb240c09927fb0bbd754b45aecd37b3021d3c8571535d317e38c,RobroKools/vad-bert,c4c659fd17dd5807572b3f0f577de8c408401ca7,3.4093024730682373,3.1097891330718994,3.417196989059448
6984a7a59f2866c6114def63cb51e307b459a827589cfdbd894013a52d9a4531,RobroKools/vad-bert,c4c659fd17dd5807572b3f0f577de8c408401ca7,2.866755723953247,2.975460767745972,3.02400279045105
1fa40480cedca2c42d87760782675a32ec56b3a8fde3997cd665ba51b31c447c,RobroKools/vad-bert,c4c659fd17dd5807572b3f0f577de8c408401ca7,3.0892300605773926,3.046434164047241,3.391535997390747
b6701eed08ea397baf1e2239feae62b6ad452e0259450e8e4403b3aab74f1d35,RobroKools/vad-bert,c4c659fd17dd5807572b3f0f577de8c408401ca7,3.1808221340179443,3.1693310737609863,3.254775285720825
b2a84c8b5991622cd30632bd980fdaa5ca500908dc21757fd9a48fcb965d0f88,RobroKools/vad-bert,c4c659fd17dd5807572b3f0f577de8c408401ca7,3.2245090007781982,3.074004650115967,3.167909860610962
bbfae12fcc8a0c0a5eb1ef8fbf79af11db64b3fee0b71fd59d2ef8400b5bebd7,RobroKools/vad-bert,c4c659fd17dd5807572b3f0f577de8c408401ca7,3.167980670928955,3.0024917125701904,3.108487844467163
2ac18c8da8726d83483f1e97da8984c955eb717a557cf9c2ae205cd05c79f106,RobroKools/vad-bert,c4c659fd17dd5807572b3f0f577de8c408401ca7,3.4092164039611816,3.095742464065552,3.237279176712036
f86b5a6d0acca61448f15259605b4962a0d999fae993fb21447e0fed59915888,RobroKools/vad-bert,c4c659fd17dd5807572b3f0f577de8c408401ca7,3.064619779586792,3.0566532611846924,3.258728265762329
21ef2ffc0a4a7f95b0dd16c9596bbb75c7bde2fc3da00780f436b57e8a4b85a0,RobroKools/vad-bert,c4c659fd17dd5807572b3f0f577de8c408401ca7,3.064988374710083,3.062577962875366,3.3302600383758545
b009149f132fde1676fb66c08c91b779d0b7e7e4c9cdcfebe5a4219731070286,RobroKools/vad-bert,c4c659fd17dd5807572b3f0f577de8c408401ca7,3.2854855060577397,3.079034805297852,3.3411450386047363
45eaf4cc8018f30f26a3b6da6074a4891e4f0242d72d8c6450c06e201020192e,RobroKools/vad-bert,c4c659fd17dd5807572b3f0f577de8c408401ca7,3.335266351699829,3.2724335193634038,3.3110058307647705
481be2feecb600dc8649ab7f189f0417f35f16caffb484ffc1864364a1e38aa9,RobroKools/vad-bert,c4c659fd17dd5807572b3f0f577de8c408401ca7,3.2426373958587646,3.0854263305664062,3.285563707351685
1ec379d2d6f4001cbc3cbda8e3b9427f8fb8c3c311105876e375da57d3cccfcc,RobroKools/vad-bert,c4c659fd17dd5807572b3f0f577de8c408401ca7,3.31849217414856,3.174980878829956,3.394167423248291
64c10b4860b6e324dfe4c6465ef92cffff9a7e7a47ae770b017189d1b6fde3bc,RobroKools/vad-bert,c4c659fd17dd5807572b3f0f577de8c408401ca7,3.2558109760284424,3.1717817783355717,3.352853536605835
a94e770a38941422d7bf54f804d7cdc974a921ad1c959208a3652ae3491c5110,RobroKools/vad-bert,c4c659fd17dd5807572b3f0f577de8c408401ca7,3.2751824855804443,3.083674669265747,3.1670262813568115
0fdf82f102c96e2b8e505642acf4bb2a0928767131301f120ecee7f7a14e8b12,RobroKools/vad-bert,c4c659fd17dd5807572b3f0f577de8c408401ca7,3.411320686340332,3.165107488632202,3.2709720134735107
51a2b5f7547beb9b15e873138f6790b4f858d60b43c6541a340e7ad50f5b8853,RobroKools/vad-bert,c4c659fd17dd5807572b3f0f577de8c408401ca7,3.248605966567993,2.875603675842285,3.267369747161865
3c1698a04c9ec917d5969b2e3ca0bc9d558f182459fa8a9022d6211c27b92dc2,RobroKools/vad-bert,c4c659fd17dd5807572b3f0f577de8c408401ca7,3.100837469100952,2.969224691390991,3.1837875843048096
b088925fad6b573c5e73c21f2e5bc7e36f5158a57eb027e8627b80c81abbaed1,RobroKools/vad-bert,c4c659fd17dd5807572b3f0f577de8c408401ca7,2.833876132965088,2.994572639465332,3.127685785293579
5bad1723bbec07a3b3c6f2f5dd7259c3f90e7eb61fe785d1c7ce28d072db4151,RobroKools/vad-bert,c4c659fd17dd5807572b3f0f577de8c408401ca7,2.9279627799987797,3.0733630657196045,3.2174530029296875
347ca96d2edf642c12c72f62dbab4e35dd0fd808681f32c8c7cded126be86573,RobroKools/vad-bert,c4c659fd17dd5807572b3f0f577de8c408401ca7,3.1014976501464844,3.1003668308258057,3.268479108810425
eec90a6e8511723e1fcf0cc1d2c130af9eaaac5fd88b9015b28b423d30e4b05e,RobroKools/vad-bert,c4c659fd17dd5807572b3f0f577de8c408401ca7,3.2322781085968018,3.052787065505981,3.2019612789154053
89968ec55d3f8b64720fef0491748eaac33c5c6c5d442a8a385981c67256fc32,RobroKools/vad-bert,c4c659fd17dd5807572b3f0f577de8c408401ca7,2.979264259338379,3.095085620880127,3.318024158477783
3ddadb7de2671a7d265614d30d36c8fc4c41cdc95b96bcafc012890e5e42419f,RobroKools/vad-bert,c4c659fd17dd5807572b3f0f577de8c408401ca7,3.2111172676086426,3.0554299354553223,3.1355366706848145
b1fc6072afc105166b1ed082013a165dc790b06ff198b6b2a3ed88c17dd96215,RobroKools/vad-bert,c4c659fd17dd5807572b3f0f577de8c408401ca7,2.740460157394409,3.0272650718688965,3.076423406600952
b214fa4d148432c0c4a22ce37cb30df5b48bb708d0bb7ee97e3f0974e1f60313,RobroKools/vad-bert,c4c659fd17dd5807572b3f0f577de8c408401ca7,3.014137983322144,2.872218370437622,3.1732819080352783
6cbed86bb98c4ae5ce45d6441a6869dc55fb3f01301a4f25e7b733ee0f1e3d80,RobroKools/vad-bert,c4c659fd17dd5807572b3f0f577de8c408401ca7,2.84708571434021,3.12446403503418,3.1406519412994385
30531931dfe2033768c8270e9344c436b9edf4f0101562633b9e4acc9c42c5d6,RobroKools/vad-bert,c4c659fd17dd5807572b3f0f577de8c408401ca7,2.9054934978485107,3.0996012687683105,3.1616134643554688
219e0257d1b336bdabb550dc46138e0f121e22f1fa2f1b9d26d85ebbf8f446ad,RobroKools/vad-bert,c4c659fd17dd5807572b3f0f577de8c408401ca7,2.8972442150115967,3.018482446670532,3.119535446166992
4cbef03fe4979d8bc995b502258600af992574983b322f75492b9f9e38ae62cc,RobroKools/vad-bert,c4c659fd17dd5807572b3f0f577de8c408401ca7,2.998610496520996,3.023236989974976,3.135302782058716
2e088bfe12413e88a856471444bb560903ac123d57d2f531ad6a1b68dcf7e1a5,RobroKools/vad-bert,c4c659fd17dd5807572b3f0f577de8c408401ca7,2.91224217414856,3.073949813842773,3.0913097858428955
56b4466b92c1d8ecb327cb78e7b5ec3f19e8ce90c1431393e6fa50615932b5b1,RobroKools/vad-bert,c4c659fd17dd5807572b3f0f577de8c408401ca7,3.044560670852661,3.081381797790528,3.3086750507354736
2eb02d78d0299c8cecb6872493c9367b355da19cd8d99fc690e054388cec331e,RobroKools/vad-bert,c4c659fd17dd5807572b3f0f577de8c408401ca7,2.8188724517822266,3.0412163734436035,3.0974953174591064
a42d982e1f78014e1bb924081c32c227d9886aecad30be7b118dae8fb1132779,RobroKools/vad-bert,c4c659fd17dd5807572b3f0f577de8c408401ca7,2.6844396591186523,3.100198745727539,3.077870607376098
64d3b98892a2429c2a137f9496cbc9b96ea65b5f6bf2472e4d61a6c30c4fa905,RobroKools/vad-bert,c4c659fd17dd5807572b3f0f577de8c408401ca7,2.883394479751587,3.0112006664276123,3.1390810012817383
ff7be6fa5de19a0e0f749587746aac7b72e7e4cc3f74b2991af6c6a2c98f78e1,RobroKools/vad-bert,c4c659fd17dd5807572b3f0f577de8c408401ca7,2.6133618354797363,3.147002458572388,3.069894552230835
9338ab3611e236c41560ac2bb0fe6c75cbf2b824b1d5e8f4b1703cb23742998b,RobroKools/vad-bert,c4c659fd17dd5807572b3f0f577de8c408401ca7,2.7828383445739746,3.054895162582397,3.160659074783325
741d87f66824e2f0f32d6e3e40b86bf96906da796ff3dbe0447a9423f87c56ad,RobroKools/vad-bert,c4c659fd17dd5807572b3f0f577de8c408401ca7,2.7821505069732666,2.94335675239563,3.1106536388397217
6410609e7b9b0afa5b9d43e02c21d938bad78e3719d9ba1dc74144948c92f4dc,RobroKools/vad-bert,c4c659fd17dd5807572b3f0f577de8c408401ca7,2.837609052658081,3.018939733505249,3.197434186935425
e969952593d30cebfd29989fa28ab592de58edc86f33fa101d2f47833808dfb8,RobroKools/vad-bert,c4c659fd17dd5807572b3f0f577de8c408401ca7,2.842247724533081,2.978093147277832,3.074540376663208
bf10b5f7f531afc2f077a5b1a822530d65fcaa8f1accd18cede1d09c578340ea,RobroKools/vad-bert,c4c659fd17dd5807572b3f0f577de8c408401ca7,2.7969841957092285,2.970747709274292,3.0098438262939453
fd6cb75017c458c2c4c8d4b6e12bfa9ff3c67ef804395097190326e2459014c7,RobroKools/vad-bert,c4c659fd17dd5807572b3f0f577de8c408401ca7,2.7753026485443115,2.966599702835083,3.0710225105285645
291b0ae30d1122219bf4f4dccb956e3132ad8942cf8e2ef700a61d1ee6e42659,RobroKools/vad-bert,c4c659fd17dd5807572b3f0f577de8c408401ca7,2.771510124206543,2.9970617294311523,3.201680898666382
24d70dac724ef3a8b36acb7dcad293170f0e530e36332ae8efb62c972357def5,RobroKools/vad-bert,c4c659fd17dd5807572b3f0f577de8c408401ca7,2.817616701126098,2.9401280879974365,3.1528639793396
4fbdf52f0a9b898889ec77b9df727491019ba4790087bd4725b6041db8ad7d4e,RobroKools/vad-bert,c4c659fd17dd5807572b3f0f577de8c408401ca7,2.703230142593384,3.0104787349700928,3.1606009006500244
c9647d3b9fc50702fe60f0252882758b04c94fd4a2e5a072133a1d2d38a26cb0,RobroKools/vad-bert,c4c659fd17dd5807572b3f0f577de8c408401ca7,2.698807001113892,2.995797872543335,3.0573761463165283
8f86af4978dc507b8d199f1abae522c9078cc3809f0a71ffcb281614318a3616,RobroKools/vad-bert,c4c659fd17dd5807572b3f0f577de8c408401ca7,2.7671384811401367,3.0612330436706543,3.244168996810913
a3da243d5c8060fe24ff70e518a389b458e787d47305d442af6f4d8d415b6ddd,RobroKools/vad-bert,c4c659fd17dd5807572b3f0f577de8c408401ca7,2.9494590759277344,2.885503053665161,3.161322832107544
15f0bb3efe12f7681d67dbd08ed1c2b035ff7cdc3ff5be90d69ad4f84badec03,RobroKools/vad-bert,c4c659fd17dd5807572b3f0f577de8c408401ca7,3.1035141944885254,3.062251567840576,3.2109835147857666
b4a3f5bf104a79b18ecd1e15826572329dafbaa2c0ebd9b8e4ecc2a0a07dd217,RobroKools/vad-bert,c4c659fd17dd5807572b3f0f577de8c408401ca7,3.1934046745300293,2.9077610969543457,3.223003387451172
a52e0ed193b55378cd0257f1f70125072e1040a8dcae774e7ec102b40165dbe3,RobroKools/vad-bert,c4c659fd17dd5807572b3f0f577de8c408401ca7,3.243530750274658,2.980013370513916,3.242694854736328
b3c8e30e56f128df8dcb1ff7d883fbd5a43ae31bc0d2a33092b76191b5c2e6c2,RobroKools/vad-bert,c4c659fd17dd5807572b3f0f577de8c408401ca7,3.3364760875701904,3.0958101749420166,3.273507595062256
dde5850d1ade102dd38b873a09a6919ee9d5cbb31723ef55a65fb57a75aad315,RobroKools/vad-bert,c4c659fd17dd5807572b3f0f577de8c408401ca7,3.4203271865844727,3.058955669403076,3.3042516708374023
af53fdca512bf530e9c8e29a6789f3f23ed06220431cda3defe018bba1c60976,RobroKools/vad-bert,c4c659fd17dd5807572b3f0f577de8c408401ca7,3.4412930011749268,3.1153576374053955,3.29336166381836
752ada944ba958d4b841b7fbab6b37f4d53388301c720cabc1e1b8e9660418e5,RobroKools/vad-bert,c4c659fd17dd5807572b3f0f577de8c408401ca7,3.4513657093048096,3.079303026199341,3.296207427978516
4e009d9519f5741f11742de7da64aa13975ca7df644f6379b1f4d8340ed677c9,RobroKools/vad-bert,c4c659fd17dd5807572b3f0f577de8c408401ca7,3.358409881591797,3.141266107559204,3.241461515426636
5772ea2e3423954f6d54fb1bd6578f4942596eb66ea722d65bbb4fb1a9ce8028,RobroKools/vad-bert,c4c659fd17dd5807572b3f0f577de8c408401ca7,3.260765552520752,2.903766870498657,3.103929042816162
ed2eb3a1590a7d3736e62e5c6d2a8199c8603700b78487d9a31acd78e935f53c,RobroKools/vad-bert,c4c659fd17dd5807572b3f0f577de8c408401ca7,3.159085273742676,3.0525062084198,3.281038999557495
75b01f0630532bdbfcdd16fbbc503ebf445663d1f6e1d828d514e3a978ccbe10,RobroKools/vad-bert,c4c659fd17dd5807572b3f0f577de8c408401ca7,3.1587061882019043,3.0076045989990234,3.15708065032959
2dfb176505dcce18443ddb201b1ebdb711368c7d633a091ce244db0b67624275,RobroKools/vad-bert,c4c659fd17dd5807572b3f0f577de8c408401ca7,3.2095816135406494,3.177640438079834,3.1741089820861816
ad5cfe2d91ee1a9325013f52e2d89377318dd2519b8d4c0bc979c244d0227bbb,RobroKools/vad-bert,c4c659fd17dd5807572b3f0f577de8c408401ca7,3.2614219188690186,2.97820782661438,3.3405098915100098
35597785341167ed07300868cab1e960cfeb85a84403f1472b7345750f554e93,RobroKools/vad-bert,c4c659fd17dd5807572b3f0f577de8c408401ca7,3.1563470363616943,3.0496201515197754,3.301408052444458
c8a6e84183f2518845073313dc507ae1dc1200d4dfa8c310eac9c3b2f2e9957b,RobroKools/vad-bert,c4c659fd17dd5807572b3f0f577de8c408401ca7,3.120757341384888,3.0708916187286377,3.202627897262573
13d9c08b78ca598d79abd062a725311cbaa66761c9ba0976483dc1b344bf69a9,RobroKools/vad-bert,c4c659fd17dd5807572b3f0f577de8c408401ca7,3.042715072631836,3.0423595905303955,3.118155002593994
158eea7dd734c775dfa42b1be45c2b3b720bf36f1203bfc1a96ae6a78a1ab886,RobroKools/vad-bert,c4c659fd17dd5807572b3f0f577de8c408401ca7,3.074366331100464,2.958345890045166,3.107755661010742
b0c3429b3569a40ccbdd73b4d864a36f6700935e1f8dbaa3d98cf421bab38258,RobroKools/vad-bert,c4c659fd17dd5807572b3f0f577de8c408401ca7,3.3549983501434326,3.0686819553375244,3.380401134490967
e20f34bf0c6e234b126085a0970da2644cb37092d3359dc4585a071881a6ccc3,RobroKools/vad-bert,c4c659fd17dd5807572b3f0f577de8c408401ca7,3.1963212490081787,3.092358350753784,3.146685838699341
df1a106233db4d647c38138fd0da6c713428c821e959ea242167c1bc5c9f2f60,RobroKools/vad-bert,c4c659fd17dd5807572b3f0f577de8c408401ca7,3.076767683029175,2.971644878387451,3.158760070800781
e31c450da0300525d72e9cb8142fa83dde765ee3d48e399d77e2543246ceb9aa,RobroKools/vad-bert,c4c659fd17dd5807572b3f0f577de8c408401ca7,3.309556722640991,3.022255182266236,3.2346346378326416
8a1075be316cac6a549155174a7b21fe98a8562cb1b9803c57b1e3126efd50fb,RobroKools/vad-bert,c4c659fd17dd5807572b3f0f577de8c408401ca7,3.0632126331329346,2.9612486362457275,3.054232358932495
c76ea49cd89a5cc230e18cec574667bc34acc8c9e6de128f6e5ad13c94b92f9b,RobroKools/vad-bert,c4c659fd17dd5807572b3f0f577de8c408401ca7,3.2898871898651123,3.047267198562622,3.248178243637085
3e610813ac3abdde379fd820d2a8662ca6ab324c8abf034c11dec016795e1701,RobroKools/vad-bert,c4c659fd17dd5807572b3f0f577de8c408401ca7,3.2107579708099365,3.037290334701538,3.201627016067505
10e1414b04dd07532398c6eedc02b04111128ec920c5d689a77143b1e2ade441,RobroKools/vad-bert,c4c659fd17dd5807572b3f0f577de8c408401ca7,3.121201992034912,2.970475673675537,3.2105743885040283
f7fade4359a132df09cb24993f343b2b7fc9d8d9feca6807edcef47143434b43,RobroKools/vad-bert,c4c659fd17dd5807572b3f0f577de8c408401ca7,3.110351324081421,3.0651533603668213,3.2376625537872314
0ace135e04d3e3a8b8d4d58273d207d0caa1c3a8316cc3da0be8a44bb6aaa4b0,RobroKools/vad-bert,c4c659fd17dd5807572b3f0f577de8c408401ca7,3.227194309234619,3.102627992630005,3.311289072036743
019e3eedb7af8444e45439c5ebbef4505414eab3367dbb565b71ef9b7d76dc40,RobroKools/vad-bert,c4c659fd17dd5807572b3f0f577de8c408401ca7,2.890167236328125,2.97123646736145,3.04996919631958
24e31cc257a210c8a596e23af7fc86d8be0b72e95adfc3b30d5b2c8cc883693a,RobroKools/vad-bert,c4c659fd17dd5807572b3f0f577de8c408401ca7,3.01294493675232,2.9589476585388184,3.205816507339477
62c20a91372bc752a359d02532807fb85499e022f830d3b9f05c58666ed9810c,RobroKools/vad-bert,c4c659fd17dd5807572b3f0f577de8c408401ca7,2.937741994857788,2.970356702804565,3.33854603767395
66d346c0e71d6c3f75b7a53017303baf6212ddf8ffc430b82fb40a0200aaa833,RobroKools/vad-bert,c4c659fd17dd5807572b3f0f577de8c408401ca7,3.1039721965789795,3.012548446655273,3.096643686294556
1ec511cd7ab1ae52e6cd46dbf4f12194045e7e95ef105a67091206b59986ebb8,RobroKools/vad-bert,c4c659fd17dd5807572b3f0f577de8c408401ca7,3.0742974281311035,2.882366895675659,3.210986375808716
134aa99ef4e08fafe0b6a23dd73aaf34ba65b766ff7b2bb3767aea95a2e705c8,RobroKools/vad-bert,c4c659fd17dd5807572b3f0f577de8c408401ca7,2.824312210083008,3.0693609714508057,2.9784367084503174
4e54c5904a98f5f9d987cf722d7672067b33addb5ac8bde40e298d02ac4f6852,RobroKools/vad-bert,c4c659fd17dd5807572b3f0f577de8c408401ca7,2.832293748855591,3.022116184234619,3.0602962970733643
b428ee2d04dcd4c98a4b6fab948a70235f81e023ea0d083359a873b66679c782,RobroKools/vad-bert,c4c659fd17dd5807572b3f0f577de8c408401ca7,3.0432982444763184,2.9825961589813232,3.1625657081604004
ba08d253965df4609787925c3ea8b7dcc9d1fd649cf8f5e69ead8d9544010a9d,RobroKools/vad-bert,c4c659fd17dd5807572b3f0f577de8c408401ca7,3.0856196880340576,3.075422763824463,3.1739680767059326
ea18f9427bc99a38469043606a34f6bfb0b77079217ca1f860e2bb2adfd49f69,RobroKools/vad-bert,c4c659fd17dd5807572b3f0f577de8c408401ca7,2.727729558944702,3.0755245685577397,3.059376001358032
52f52370e603849f734f40f8e36dc7a4655925a07d63ef5323c1e18de59155d7,RobroKools/vad-bert,c4c659fd17dd5807572b3f0f577de8c408401ca7,2.765377283096313,3.168738603591919,3.0325543880462646
eba6a5213cfa5d7b0d49b5a469503d127661e159bb51bce5b5ded3d65fd5a620,RobroKools/vad-bert,c4c659fd17dd5807572b3f0f577de8c408401ca7,2.7244832515716557,3.0427186489105225,3.0361735820770264
a7f909dce98e5613124da8cbd81a0b39064e318d29034e64a48c753ad36d9a04,RobroKools/vad-bert,c4c659fd17dd5807572b3f0f577de8c408401ca7,2.895841360092163,2.957813262939453,3.0498526096343994
73035b0aef4d1c8fe481491dcb9a7f751f5278bcb7f249073f0f287d03081469,RobroKools/vad-bert,c4c659fd17dd5807572b3f0f577de8c408401ca7,2.8515512943267822,3.022706985473633,3.1404342651367188
e676dddebe26f8f09d8bd86215156efeb01a638f6c4983a617f3f43c3ba1de11,RobroKools/vad-bert,c4c659fd17dd5807572b3f0f577de8c408401ca7,2.8606069087982178,3.036076784133911,3.147475004196167
964056e6bee9d20a09ef019163b4131a2383fea832d678afd464625f4013cb79,RobroKools/vad-bert,c4c659fd17dd5807572b3f0f577de8c408401ca7,3.131908178329468,3.021737813949585,3.418490171432495
ce3b5efc42e67ed8d97a063754b4e63c751abad429cca3890bc8734b1e76227b,RobroKools/vad-bert,c4c659fd17dd5807572b3f0f577de8c408401ca7,3.0935981273651123,3.0609710216522217,3.397813320159912
f9d3813062b55c8cd065898e810dda67aec9095211c88fecb96bf26017d8fb0e,RobroKools/vad-bert,c4c659fd17dd5807572b3f0f577de8c408401ca7,3.063781976699829,3.127537965774536,3.363097906112671
1cbe06b43f1b1ed1de9eb2ec22433d108127a6b599daddd7e42819fc93d0b7c0,RobroKools/vad-bert,c4c659fd17dd5807572b3f0f577de8c408401ca7,3.1254665851593018,3.0497500896453857,3.4092962741851807
5862c26c6285092e1b595c15214255734b1c8fb7bffda3131ba81a1c7616c0c4,RobroKools/vad-bert,c4c659fd17dd5807572b3f0f577de8c408401ca7,3.016087055206299,3.014206647872925,3.354041576385498
e47c5487724078c25a921773b75e006a9f09324ad7f6db5165f9740b5fd1b210,RobroKools/vad-bert,c4c659fd17dd5807572b3f0f577de8c408401ca7,3.0262908935546875,2.9961495399475098,3.3313376903533936
93b49f94d6401b9f10ac87b1f5c52ff0e7a34b49017c2d7efa62859a6f612b17,RobroKools/vad-bert,c4c659fd17dd5807572b3f0f577de8c408401ca7,3.0387117862701416,2.999173164367676,3.353027105331421
218bec1601d0ad18869494fd4113ba4022ce3bfc1691f71865a32c2d203f706b,RobroKools/vad-bert,c4c659fd17dd5807572b3f0f577de8c408401ca7,3.005203485488892,2.960576057434082,3.328035831451416
0aeaa193cb8524a0633eba39993ffc54a09ce9726c7ebd6ce77e3da85770af28,RobroKools/vad-bert,c4c659fd17dd5807572b3f0f577de8c408401ca7,3.0146937370300293,2.9558756351470947,3.3163063526153564
31d454f1a34333a97ed7d17f17df23af23c48194abf6e33cdbce078aed51acc0,RobroKools/vad-bert,c4c659fd17dd5807572b3f0f577de8c408401ca7,3.0384910106658936,2.943845510482788,3.320234537124634
4a2def32e1ebd5c81382b43112d0a92309ab7a8133192b22a869017d085c4292,RobroKools/vad-bert,c4c659fd17dd5807572b3f0f577de8c408401ca7,3.055028915405273,3.051691055297852,3.3716766834259038
1a47dba0e97393ad00ec57ca74586e1dae3b543cc663f2d3bbcc0ccecfc879c7,RobroKools/vad-bert,c4c659fd17dd5807572b3f0f577de8c408401ca7,3.076195240020752,2.926649808883667,3.361765146255493
ed6539f9016cc45d9fd877f1495fe907169a0e7ffb34bdaa7e35e2c529ebfcb9,RobroKools/vad-bert,c4c659fd17dd5807572b3f0f577de8c408401ca7,3.07532000541687,3.001744508743286,3.3340630531311035
cdd91089220b94a08fb1f9a72878db45484e64dbce6c866efde498afb072e3b6,RobroKools/vad-bert,c4c659fd17dd5807572b3f0f577de8c408401ca7,3.0755057334899902,2.978789091110229,3.369281530380249
947f4334e6489d96e9bc4443f2b29092b506334191f251d00e5f8916dd152b76,RobroKools/vad-bert,c4c659fd17dd5807572b3f0f577de8c408401ca7,3.0570473670959477,2.937328100204468,3.32850980758667
98d6a1684edd6713ef4f3e8193d1779483003a8d650c1ec11befc179cc23486d,RobroKools/vad-bert,c4c659fd17dd5807572b3f0f577de8c408401ca7,2.834370851516724,3.1087806224823,3.160385847091675
bcbe464162b5bd70d7f98bf6bade8881099a656466a190bd4df3475cf85d8be7,RobroKools/vad-bert,c4c659fd17dd5807572b3f0f577de8c408401ca7,3.209587812423706,2.81555438041687,3.2520129680633545
30ed49e52832da2fe4dee1ae3f06321e4c4ebdeea87fb417fa480c9bb44265a1,RobroKools/vad-bert,c4c659fd17dd5807572b3f0f577de8c408401ca7,3.084977865219116,3.028895854949951,3.386858463287353
db1085c6abebe012205c59e700bd0169fb275f3a4c1f9ce864ae17712b6c260d,RobroKools/vad-bert,c4c659fd17dd5807572b3f0f577de8c408401ca7,3.119987726211548,3.094517946243286,3.3324124813079834
cc9099566a56ba4aade01a69d782afde3e32bb92665f7e5101d90cec98090d3b,RobroKools/vad-bert,c4c659fd17dd5807572b3f0f577de8c408401ca7,3.1462321281433105,3.137030124664306,3.2005860805511475
0323e3590047bfeae265cdfae802e39710a6a297b452c37e9ddea5a5f7cba835,RobroKools/vad-bert,c4c659fd17dd5807572b3f0f577de8c408401ca7,3.2589046955108643,3.061753273010254,3.3539421558380127
ecdd41580a218c858138e740c653905486d9208205f406a983299962d99f23cf,RobroKools/vad-bert,c4c659fd17dd5807572b3f0f577de8c408401ca7,3.060931921005249,3.065960168838501,3.3019118309021
34ef978f4f74eb10f05a03808a976e6ac651365732ff25fd0f4835091dadd896,RobroKools/vad-bert,c4c659fd17dd5807572b3f0f577de8c408401ca7,3.0539331436157227,3.0670080184936523,3.427243947982788
4d26bd826008b670e32ea4ca2cae32d9057984e72ea41cee687ed783eaca40f4,RobroKools/vad-bert,c4c659fd17dd5807572b3f0f577de8c408401ca7,3.136568784713745,3.052864789962769,3.139878034591675
c133f73e0e708636e8bc1850a64e9d2d579658a22a87f04e9ce89f8c44d03a0e,RobroKools/vad-bert,c4c659fd17dd5807572b3f0f577de8c408401ca7,3.12856125831604,3.021259307861328,3.234583616256714
cdf501c434ffa7f5eaff06bc8f07483864c1639bfe87a3603f870363b8a7820e,RobroKools/vad-bert,c4c659fd17dd5807572b3f0f577de8c408401ca7,3.070427179336548,2.957777261734009,3.144203424453736
9bb7fbf1305144f0dd9fe312d01b26c4da7e857aca490bb002bbcf90e44f46be,RobroKools/vad-bert,c4c659fd17dd5807572b3f0f577de8c408401ca7,3.1369993686676025,3.0052621364593506,3.2112104892730717
b8230945f4e1fd3ca2fb0d82ae860d4d7851be13860c434f841c7d34a0c84f34,RobroKools/vad-bert,c4c659fd17dd5807572b3f0f577de8c408401ca7,3.121941566467285,3.1126937866210938,3.2272512912750244
468d77de9d64f0f845b9d9fe71d831a525497d975b570bad0aa7713420aa667c,RobroKools/vad-bert,c4c659fd17dd5807572b3f0f577de8c408401ca7,3.3068530559539795,3.1404802799224854,3.228803873062134
884c3a3228f03beb823cd302ac143300fd3becbba9d30c7571a0848c42801570,RobroKools/vad-bert,c4c659fd17dd5807572b3f0f577de8c408401ca7,3.1254379749298096,3.0223209857940674,3.2171671390533447
5eb7b1dfe5079f52f11479d1806b6f7ffb00fab57d9b27fe5ecff2ece8eb3ab9,RobroKools/vad-bert,c4c659fd17dd5807572b3f0f577de8c408401ca7,3.150807857513428,3.058011531829834,3.2664685249328613
ad31bad909ab5232d0b8f5610871a198b9345675044fdd7a91c3bdb65b817c50,RobroKools/vad-bert,c4c659fd17dd5807572b3f0f577de8c408401ca7,3.4207980632781982,3.2095248699188232,3.381841897964477
2527fe0fc720f915e7b56108a86fdd8986a780d563b9a40b0bd706a158fca662,RobroKools/vad-bert,c4c659fd17dd5807572b3f0f577de8c408401ca7,3.131755352020264,3.0085480213165283,3.1637086868286133
ed8508806d3dd33406460765a4d04f183344e0741d31edf82b6e4251dcaa491c,RobroKools/vad-bert,c4c659fd17dd5807572b3f0f577de8c408401ca7,3.265413522720337,3.120140314102173,3.2958455085754395
02a1d6fbc0d209fcdaf8ba0bc8a314a27653dc2c5072932f5b491eea68079d85,RobroKools/vad-bert,c4c659fd17dd5807572b3f0f577de8c408401ca7,3.3122570514678955,3.1184723377227783,3.343380212783813
be9c8a01136faf9725998c6a659b57e31b8455e11a03a6eebecea193babb92cb,RobroKools/vad-bert,c4c659fd17dd5807572b3f0f577de8c408401ca7,3.5122101306915283,3.1965649127960205,3.433809518814087
f6d2402513bf63b7060f37187b1b445da83751373143519894de17a76bf97195,RobroKools/vad-bert,c4c659fd17dd5807572b3f0f577de8c408401ca7,3.498455286026001,3.174962282180786,3.354372501373291
66ea98cc74055ecc28223f4a0b9c782073f515ae74b3d7a6ffcac9e94a06c704,RobroKools/vad-bert,c4c659fd17dd5807572b3f0f577de8c408401ca7,3.1472389698028564,3.1417508125305176,3.17560076713562
6c2fb9253b2b910de8515416f1d13b8aecad3c4914ed1b4a77b486a8025f991a,RobroKools/vad-bert,c4c659fd17dd5807572b3f0f577de8c408401ca7,3.2543039321899414,3.165934801101685,3.341773748397827
b9ca749c4fc6aa1f8257032a72fcd9be5687148dace95ff34ecf8552580e8fed,RobroKools/vad-bert,c4c659fd17dd5807572b3f0f577de8c408401ca7,3.2196295261383057,3.014239549636841,3.2564852237701416
75af0a0271389a4eccf60f7a385665b68664f455915b174b0e6751a27393fd2e,RobroKools/vad-bert,c4c659fd17dd5807572b3f0f577de8c408401ca7,3.3816378116607666,3.2048168182373047,3.398113489151001
8bb1d93691e04605bc247a8adcb19b36bec6ab145c961cb1ca11b8b32aeaa452,RobroKools/vad-bert,c4c659fd17dd5807572b3f0f577de8c408401ca7,3.2535650730133057,3.119408130645752,3.28400993347168
89927b585977e67e2f7b0609e83044269738b68e6a21d90834e480888d7ded00,RobroKools/vad-bert,c4c659fd17dd5807572b3f0f577de8c408401ca7,3.2788636684417725,3.021528005599976,3.2834506034851074
57e8024725d6d6ac39e7570c5cfba0832dc796dcee0a3b014f93add4d50e6c30,RobroKools/vad-bert,c4c659fd17dd5807572b3f0f577de8c408401ca7,3.2283430099487305,3.045495748519897,3.224644899368286
b3e4798b5b5f6501cba8ba806e2682e48716b6fe4b6a291bb2fe68f0c9cab984,RobroKools/vad-bert,c4c659fd17dd5807572b3f0f577de8c408401ca7,3.287036180496216,3.030453681945801,3.217904567718506
c34eff44ae51172d554b12aa75af281529458ec7f2981bd5f8d9be08ecea5626,RobroKools/vad-bert,c4c659fd17dd5807572b3f0f577de8c408401ca7,3.277073621749878,3.019885778427124,3.21369743347168
6f28ac920adf43dc30232b405de58b481326a6e5039738ea703dff37117c3034,RobroKools/vad-bert,c4c659fd17dd5807572b3f0f577de8c408401ca7,2.872199296951294,3.12188458442688,3.203395128250122
6b7d9ace9e7d80ebebcfa9d247266f807aef286793d233365308f5afb9f09038,RobroKools/vad-bert,c4c659fd17dd5807572b3f0f577de8c408401ca7,3.217252492904663,3.140730857849121,3.324692249298096
23d323dc612afa6cec70a93c1b3a04f06cad1bfdc8b0d58582cc6176c21ef66c,RobroKools/vad-bert,c4c659fd17dd5807572b3f0f577de8c408401ca7,2.871471405029297,2.9648330211639404,3.0732853412628174
548d197dfa9c8530e6e0e7a8bb853a3b015291275e177b879682f29c0e8b3597,RobroKools/vad-bert,c4c659fd17dd5807572b3f0f577de8c408401ca7,2.970607042312622,2.953681230545044,3.164153814315796
9ca297bb630a1c2ccee34a7e2e946c14f1f14d0b288fb55a53875341946e5131,RobroKools/vad-bert,c4c659fd17dd5807572b3f0f577de8c408401ca7,3.123227596282959,3.118610620498657,3.1372263431549072
84972f8c74537d81d17c2388e5a0f37b7c01fccae08449f0fa923261c91700cc,RobroKools/vad-bert,c4c659fd17dd5807572b3f0f577de8c408401ca7,2.935870409011841,2.955946683883667,3.1675524711608887
38367a813d9235b5fa281a5cdcbbb732448ee093c90c3916f6316c1829326414,RobroKools/vad-bert,c4c659fd17dd5807572b3f0f577de8c408401ca7,2.992685556411743,2.9994888305664062,3.155726671218872
ee2802c5d848778e5b31e6cec3326e8178a96e34303e339005869c10ee9a1166,RobroKools/vad-bert,c4c659fd17dd5807572b3f0f577de8c408401ca7,2.968597650527954,2.9770233631134038,3.18117094039917
4e69611957a938311d6f7fa701980ff07e3e9afea012727cbf244bba0eb8a8bb,RobroKools/vad-bert,c4c659fd17dd5807572b3f0f577de8c408401ca7,3.032400608062744,3.077158212661743,3.2160098552703857
aa233727f7ea77a72301db97bab638330349b83a154598353a115009edd55afc,RobroKools/vad-bert,c4c659fd17dd5807572b3f0f577de8c408401ca7,2.9004998207092285,3.0831801891326904,3.2692220211029053
f16e4655034a7fb69d0d74da154334037e9ee9e98ac273170397459349cbb827,RobroKools/vad-bert,c4c659fd17dd5807572b3f0f577de8c408401ca7,2.9953842163085938,3.0343759059906006,3.2397000789642334
17e35d9e8f858ff62ed447d261504a669f8069efc62bb4f5b9742a091ad510d5,RobroKools/vad-bert,c4c659fd17dd5807572b3f0f577de8c408401ca7,3.111916303634644,3.0154387950897217,3.236746072769165
ebedc405e5fa763661225ba2469073d9028b01f7f0979b718967421180771e5d,RobroKools/vad-bert,c4c659fd17dd5807572b3f0f577de8c408401ca7,3.077458381652832,3.018520832061768,3.2069365978240967
35224fcb9cf15ab2ae4cd5f3aed2fd2cbafe3026129cf680701a44391c6bc660,RobroKools/vad-bert,c4c659fd17dd5807572b3f0f577de8c408401ca7,3.081606149673462,3.0317938327789307,3.237973928451538
5802caad5d4052acf4472be284f7bca506554436743af7199685a7faa1217511,RobroKools/vad-bert,c4c659fd17dd5807572b3f0f577de8c408401ca7,2.8497912883758545,2.9167935848236084,3.079563856124878
aa7851541e2ea4700d938bf8981a7de9c50fde7d367c25cdc779214e176c4555,RobroKools/vad-bert,c4c659fd17dd5807572b3f0f577de8c408401ca7,3.018563032150269,2.88435435295105,3.097944021224976
1fe6b93726c16bf6d87a595e65ea5f3a1154c53e10d7b81ca2728438b9c74a2e,RobroKools/vad-bert,c4c659fd17dd5807572b3f0f577de8c408401ca7,3.082131147384644,3.0598738193511963,3.1347014904022217
aad736377a5eeb085ae396c1539b10a619a593b68800a734a43b23a9942882dd,RobroKools/vad-bert,c4c659fd17dd5807572b3f0f577de8c408401ca7,3.0751993656158447,3.022533416748047,3.06616735458374
a0a28f5142c3826700b848143c58844f10ac142de9eb528dd0bd627c1685e67b,RobroKools/vad-bert,c4c659fd17dd5807572b3f0f577de8c408401ca7,3.0778629779815674,2.960259199142456,3.0704269409179688
0d33b64b7e547701999085de64df8fc02f6f3c498f3aaec9dee4c338a312d0fa,RobroKools/vad-bert,c4c659fd17dd5807572b3f0f577de8c408401ca7,3.111757755279541,3.069262742996216,3.037299871444702
89a63fce51852e65cc81a9e5a30f41aeb49007025f6896ecaf7d3e6b5fe42a60,RobroKools/vad-bert,c4c659fd17dd5807572b3f0f577de8c408401ca7,3.0653345584869385,2.952834129333496,3.1017167568206787
83f19913464caf22ff98206b6b902b0a716e252cb56928f0d7cc7b2a816996d3,RobroKools/vad-bert,c4c659fd17dd5807572b3f0f577de8c408401ca7,3.1192948818206787,3.0814225673675537,3.045186996459961
13d382f9d02c2b454b078359931b60c833a5b73695e37c50d43083e93ba2006d,RobroKools/vad-bert,c4c659fd17dd5807572b3f0f577de8c408401ca7,3.051596641540528,2.947493314743042,3.0663483142852783
5097e546b36db2d6986037206fd4a9d3447a15284ce612a76bdec985da34659d,RobroKools/vad-bert,c4c659fd17dd5807572b3f0f577de8c408401ca7,3.11748480796814,3.074991226196289,3.0323941707611084
00022918eda68f97e9a53e06759a66bcba48acf359e070a073a10a619c67bda7,RobroKools/vad-bert,c4c659fd17dd5807572b3f0f577de8c408401ca7,3.00480055809021,2.8451461791992188,2.9851582050323486
879f44d87a5696a8cd4fea0d65945cedbdccebb9db10b1d8099d92c316dc6339,RobroKools/vad-bert,c4c659fd17dd5807572b3f0f577de8c408401ca7,3.03645396232605,2.9658315181732178,3.090407609939575
f915c414b4f97ce3df26b3dc1cf8480f39a1bc2b7dbcc9fa5d0b729ed6a64eb2,RobroKools/vad-bert,c4c659fd17dd5807572b3f0f577de8c408401ca7,3.094109296798706,2.958434820175171,3.0277490615844727
6015a14ccce0b324658d1ae1bcf44c59c79219750e9556fcfd1bcc948c8f12dc,RobroKools/vad-bert,c4c659fd17dd5807572b3f0f577de8c408401ca7,3.029759168624878,2.8769071102142334,3.07522201538086
b9384ed9d50e311a412242a4aedc900cdfc8273da2e265c054f63b9240b6e995,RobroKools/vad-bert,c4c659fd17dd5807572b3f0f577de8c408401ca7,2.9958715438842773,2.891742467880249,3.1649272441864014
781259212aac6c71c002afc72a16843333ed8cfc5929e3ff164ad71ae9999492,RobroKools/vad-bert,c4c659fd17dd5807572b3f0f577de8c408401ca7,2.989753484725952,2.9069488048553467,3.1599035263061523
4a0e2335d3994285509571248552ef7aee8fad53dc08f10b4be5fcd1caabbe93,RobroKools/vad-bert,c4c659fd17dd5807572b3f0f577de8c408401ca7,3.213712215423584,3.058368682861328,3.3117363452911377
13132ffffbdaac1bea1abcceba7743627d11bb31c4be2e42b86d8b040394f845,RobroKools/vad-bert,c4c659fd17dd5807572b3f0f577de8c408401ca7,3.096797227859497,3.1383180618286133,3.3476994037628174
504b662d17e0c65e82a7583a3ef136d89afc393314142b8bb183482838d5533d,RobroKools/vad-bert,c4c659fd17dd5807572b3f0f577de8c408401ca7,3.2456133365631104,3.075679063796997,3.2399861812591557
491e91100250d24a4fab9b4c2fb45217cef1cb1fd4c4602f1184a876a75bee3a,RobroKools/vad-bert,c4c659fd17dd5807572b3f0f577de8c408401ca7,3.102837562561035,3.061073064804077,3.2298407554626465
f08bfb49e321592e5a5215521e2355bdfef710718e017e6182557cfde644214c,RobroKools/vad-bert,c4c659fd17dd5807572b3f0f577de8c408401ca7,3.116772413253784,2.9682209491729736,3.247609138488769
918b4cb73afaf0c91ec33df80de779fc8ed823a728f72dd23811459ee7cef3cd,RobroKools/vad-bert,c4c659fd17dd5807572b3f0f577de8c408401ca7,3.2336442470550537,3.034325361251831,3.2318813800811768
d669dc081987a2ec1490ff510eaa5df47664c24f9ebea9649175aa8551521998,RobroKools/vad-bert,c4c659fd17dd5807572b3f0f577de8c408401ca7,3.155606508255005,3.0560288429260254,3.2145111560821533
f1fdd2e86d74fb9892479e373f96bde809e5e258d8f6718af5d4060f829d7a7c,RobroKools/vad-bert,c4c659fd17dd5807572b3f0f577de8c408401ca7,3.1365673542022705,2.99553656578064,3.1642117500305176
24b97db3c387b43bea49c01df0ed378d8a112efa290ffde2d8a1b8e724275b95,RobroKools/vad-bert,c4c659fd17dd5807572b3f0f577de8c408401ca7,3.007354497909546,2.969119071960449,3.21099591255188
f0bd5ae6ee985e44b633c1f256c342208705c33a9fa9162dd6e025f75fa82803,RobroKools/vad-bert,c4c659fd17dd5807572b3f0f577de8c408401ca7,3.1495354175567627,3.1204044818878174,3.228089570999145
5d4c711fd2f4774a77dc5e2a36d788be4b54965ee917e06de5c178335e1498a2,RobroKools/vad-bert,c4c659fd17dd5807572b3f0f577de8c408401ca7,3.244558811187744,2.9688048362731934,3.268355131149292
d27fbddb24ae87ffd4f45072f6c38041f0fec962bee4207d8c5a78a62bcbc39f,RobroKools/vad-bert,c4c659fd17dd5807572b3f0f577de8c408401ca7,3.2245752811431885,3.1215975284576416,3.3563477993011475
fb5899e60f7efa3af9aa97d73c2569ca162aeed0393d7a416e0ffd00ba445253,RobroKools/vad-bert,c4c659fd17dd5807572b3f0f577de8c408401ca7,3.249009370803833,2.9987659454345703,3.2720673084259038
d83c1c0c0f3590f1b7d9df2730420f54df50f09c890e5fa84a1c20e5f71f20ea,RobroKools/vad-bert,c4c659fd17dd5807572b3f0f577de8c408401ca7,3.1485540866851807,2.975153684616089,3.345189094543457
6eeb6d12100bc908b9d913b1054d4ccab3bba3f5736a7ba14bd57bdcb3d2d17e,RobroKools/vad-bert,c4c659fd17dd5807572b3f0f577de8c408401ca7,3.1919150352478027,2.880391359329224,3.2221662998199463
48b07542b4777cfac7456cba4a4dbf1c6bf8529400b65d8173455556c58e8862,RobroKools/vad-bert,c4c659fd17dd5807572b3f0f577de8c408401ca7,3.368476867675781,3.200462818145752,3.3577654361724854
9b5883b6f4a88cb764c57fa29ec4f6d497012a622a872bf1662993db0227f878,RobroKools/vad-bert,c4c659fd17dd5807572b3f0f577de8c408401ca7,3.2247583866119385,3.1900384426116943,3.2022109031677246
93f71dceac02d83fc3fae65d376373326cb753b97f3df6b98c929bc76968fe71,RobroKools/vad-bert,c4c659fd17dd5807572b3f0f577de8c408401ca7,3.25595498085022,3.157777786254883,3.2499942779541016
4a5da8b20130bd344686dc31281e4e58a301f19d33532fdc832b8fc870d4d488,RobroKools/vad-bert,c4c659fd17dd5807572b3f0f577de8c408401ca7,3.4662015438079834,3.270454168319702,3.4682602882385254
5bdfce1c3aaf3c1a60364b19af1bec518773fd1682319d0ee28d1159c0a6a884,RobroKools/vad-bert,c4c659fd17dd5807572b3f0f577de8c408401ca7,3.5313217639923096,3.259992837905884,3.33534836769104
0f4a1195021662830cfd17f5fbccb07ad9d662b9b742010a7a13b0c9820abb56,RobroKools/vad-bert,c4c659fd17dd5807572b3f0f577de8c408401ca7,3.398723840713501,3.1866893768310547,3.2173476219177246
c2f82d425ab59f6f4b4acf7abcd9d5867f3bbe763f322984ad49c5efe38d341a,RobroKools/vad-bert,c4c659fd17dd5807572b3f0f577de8c408401ca7,3.4384605884552,3.183201551437378,3.3021342754364014
12eb9f36288d8d76fe6b8c11708975a3ad1e5cffead1f33e5dd52ed507752ec6,RobroKools/vad-bert,c4c659fd17dd5807572b3f0f577de8c408401ca7,3.415413618087769,3.17624831199646,3.236534118652344
355ef7cc54982b3959fe0bb7e9942ef7253f9df4186edb52a3c42942afbdefae,RobroKools/vad-bert,c4c659fd17dd5807572b3f0f577de8c408401ca7,3.491544485092163,3.1591169834136963,3.284983396530152
9833c8309739c8fa10bc2fe1aa585ccc929d8acebf0f51e7293a7629c3d85686,RobroKools/vad-bert,c4c659fd17dd5807572b3f0f577de8c408401ca7,3.360792875289917,3.172346353530884,3.2582664489746094
b52bb8c54f0eff8c3f1d19e4226708b0c20d97673a75580791ec6908c881f902,RobroKools/vad-bert,c4c659fd17dd5807572b3f0f577de8c408401ca7,3.460226535797119,3.145815134048462,3.3001012802124023
59a2b49bcdd0e9a0a99d32cc5b056dda68cab1c41d552365b4f3781f63fd97be,RobroKools/vad-bert,c4c659fd17dd5807572b3f0f577de8c408401ca7,3.4355170726776123,3.167901039123535,3.265278577804565
68378cb06261280139339d3032cefd5365eaca67a3150800c5d526b29ad23a65,RobroKools/vad-bert,c4c659fd17dd5807572b3f0f577de8c408401ca7,3.541428327560425,3.1784279346466064,3.2945926189422607
97c45dac567253e9d4d6fb764e71de0460e29047786993e40a49775820478571,RobroKools/vad-bert,c4c659fd17dd5807572b3f0f577de8c408401ca7,3.357112169265747,3.1278631687164307,3.260057210922241
2ec2e262bb9065310b6a72c50e62944a0aa26d3fa1a32880cda6fb16dc5fcba0,RobroKools/vad-bert,c4c659fd17dd5807572b3f0f577de8c408401ca7,3.45182728767395,3.1647984981536865,3.2673094272613525
7d94106538bc44abb000d08ff8c7025a5e9bf5512e4794b05acab773beb2f505,RobroKools/vad-bert,c4c659fd17dd5807572b3f0f577de8c408401ca7,3.4068920612335205,3.1416051387786865,3.2487149238586426
b7f4bc5b03e9c8b2c0f8a919b856cc67f58eaef18f2b42f4d2f4b5d1755e3c37,RobroKools/vad-bert,c4c659fd17dd5807572b3f0f577de8c408401ca7,2.977535963058472,2.9652323722839355,3.0735507011413574
bf56d3c3ef00e0a8b5b62e6cfb78961103d27fe7bcabf4b7bbd3d2d5cd09e81e,RobroKools/vad-bert,c4c659fd17dd5807572b3f0f577de8c408401ca7,3.028644561767578,3.02237868309021,3.079152584075928
1326ce2ccb0c0bc602d4f0c1439ab6d2898acbf2467af33b8b398df347fc28a6,RobroKools/vad-bert,c4c659fd17dd5807572b3f0f577de8c408401ca7,3.038612127304077,3.12946891784668,3.1114864349365234
8226d6d8f5659e7cd32817aacba5c2177def0121ca695ccd03aca3720e93e207,RobroKools/vad-bert,c4c659fd17dd5807572b3f0f577de8c408401ca7,3.1441609859466557,3.045163869857788,3.0799782276153564
618adbd4d0b61261aedbeb72c86d5a782e8e0f4e24fa671c30c0ef222a4412ff,RobroKools/vad-bert,c4c659fd17dd5807572b3f0f577de8c408401ca7,3.10663104057312,3.026402711868286,3.1214137077331543
7efd502d83d8989b248b87d55a35cb1a8e88e7ac8105159bea85beb32dd66fbd,RobroKools/vad-bert,c4c659fd17dd5807572b3f0f577de8c408401ca7,3.009168863296509,2.94971776008606,3.048048257827759
fed2c117dea9b667daf446dba9cfc9d6277d53cda5535d14446e5929bb3be05f,RobroKools/vad-bert,c4c659fd17dd5807572b3f0f577de8c408401ca7,3.1611149311065674,3.039501190185547,3.1274983882904053
5c106e6cd4d5a4819ae1b4ce2be1f9dc4d9dbb69ea41a8948b02f2663bd3793a,RobroKools/vad-bert,c4c659fd17dd5807572b3f0f577de8c408401ca7,3.1236352920532227,2.912475347518921,3.0943398475646973
c4134fd486b485c8cf4cdf889aa080024c9d2d0acf68d9c343f03460518c08d5,RobroKools/vad-bert,c4c659fd17dd5807572b3f0f577de8c408401ca7,3.079977512359619,3.046349287033081,3.19286847114563
fa458c56c0524b808172a637ea2c767fa46888853a04900aa53ee5c75ad0ce28,RobroKools/vad-bert,c4c659fd17dd5807572b3f0f577de8c408401ca7,3.039506673812866,2.9786217212677,3.094423294067383
12750adb6142c3a220e5b7bcced89a8a5815018785f100747630528cc98d2db6,RobroKools/vad-bert,c4c659fd17dd5807572b3f0f577de8c408401ca7,3.044921636581421,2.99931263923645,3.083888292312622
5a0c9923f786edd9c6f29bad6bcb02ea7fed73f746e72cb5a04fa7ea978c2f49,RobroKools/vad-bert,c4c659fd17dd5807572b3f0f577de8c408401ca7,3.0510833263397217,2.951223611831665,3.1081855297088623
133620107fc72f59e4a65a2d417a037ca9c68b4035baf3235dc8d79c0672a8a0,RobroKools/vad-bert,c4c659fd17dd5807572b3f0f577de8c408401ca7,3.106730937957764,3.028214693069458,3.2792840003967285
3d9a4a991f5e62e7839ff93527d83fed36615be7704ad73306ec180ef11b303c,RobroKools/vad-bert,c4c659fd17dd5807572b3f0f577de8c408401ca7,3.077279090881348,3.1063923835754395,3.380267858505249
392d0141dcfcb0a156b3fa8a35927e73c405b025afb5c63816506571042f3ef8,RobroKools/vad-bert,c4c659fd17dd5807572b3f0f577de8c408401ca7,2.8945744037628174,3.0528509616851807,3.183265447616577
f24386ddf46c1a8359448eb77ccd18ea88ccd25f270b0c5cb95c0f79f4ef7927,RobroKools/vad-bert,c4c659fd17dd5807572b3f0f577de8c408401ca7,2.839240074157715,2.9809019565582275,3.1368563175201416
3667d66c762e08d20ac8f744a0bbcb00a93251d03fff925e9d12cc9642eb3c93,RobroKools/vad-bert,c4c659fd17dd5807572b3f0f577de8c408401ca7,2.958894968032837,3.0677740573883057,3.199258089065552
294dbc4505dd550aa56e51b043fa2da63c528ebdf13377432792b46f9c30529d,RobroKools/vad-bert,c4c659fd17dd5807572b3f0f577de8c408401ca7,2.8889081478118896,3.11130952835083,3.1593668460845947
f8d99510aa0c7c16d8166c1820ec7bcc7a902cd90ceffa9607ba82ea38db38fa,RobroKools/vad-bert,c4c659fd17dd5807572b3f0f577de8c408401ca7,2.8561599254608154,3.2817089557647705,3.2110416889190674
412ffcca4d64e09c2dd3ca086e74cc8435f2bf85b140679690123839e79516f8,RobroKools/vad-bert,c4c659fd17dd5807572b3f0f577de8c408401ca7,3.091418027877808,3.0470895767211914,3.3534815311431885
4250e608a30691edf1c9f6cbc6b42b8d04e1cf84e47a01a46930042d84acf366,RobroKools/vad-bert,c4c659fd17dd5807572b3f0f577de8c408401ca7,2.998351812362671,2.819815397262573,3.156705617904663
059941476cb3cd9ed4e2f0411c721c386b62f2813bf20abb744ec7c4c1fe8f2e,RobroKools/vad-bert,c4c659fd17dd5807572b3f0f577de8c408401ca7,3.270845413208008,3.178783655166626,3.2456371784210205
53905ccc089ccd6b56af04586bc1642f6561acad520de39faac38311c31355e6,RobroKools/vad-bert,c4c659fd17dd5807572b3f0f577de8c408401ca7,3.123599052429199,3.06214451789856,3.210267305374145
7ef96b4f8a529b933a7b0f1c681299c2025b870da8dda8f283d2ceb65babe21c,RobroKools/vad-bert,c4c659fd17dd5807572b3f0f577de8c408401ca7,2.8431639671325684,3.247178792953491,3.1272459030151367
cfb3cdead081b9ed3b038c2bbb375ad163713864daab71d3ab3e4342db585af7,RobroKools/vad-bert,c4c659fd17dd5807572b3f0f577de8c408401ca7,2.7393527030944824,3.1969106197357178,3.2632319927215576
45615b1e2bf6a4e4ad0f23af52db266f6c4106c35f8fed3a6e71023f273b7657,RobroKools/vad-bert,c4c659fd17dd5807572b3f0f577de8c408401ca7,2.8126003742218018,3.02111291885376,3.112001419067383
40ff8f3c99672a9e428d97fe71a111c5ecf9847ba1c70f2c8a65f05d35ffac68,RobroKools/vad-bert,c4c659fd17dd5807572b3f0f577de8c408401ca7,3.182776689529419,3.1604506969451904,3.4550726413726807
7c422c38cf81234e87f7754d7aac76aa654432ca22c1f023c44ebd22bf98de13,RobroKools/vad-bert,c4c659fd17dd5807572b3f0f577de8c408401ca7,3.233778238296509,3.0516765117645264,3.3189077377319336
9d7f1adfcc7913ac9c7c8268db085325e2df4da0057e660abeaa795d35b0579a,RobroKools/vad-bert,c4c659fd17dd5807572b3f0f577de8c408401ca7,3.3483564853668213,3.355987787246704,3.3240761756896973
1b1c0f1f7862abd6a900baf49b3e009f544a8469a222dc888c18cd78381ed9b7,RobroKools/vad-bert,c4c659fd17dd5807572b3f0f577de8c408401ca7,3.1179070472717285,3.03674578666687,3.310698747634888
44c72065b5ff2f6094bf1096b0e6836a89af4f7deb525e3842afc6cc7bb968d8,RobroKools/vad-bert,c4c659fd17dd5807572b3f0f577de8c408401ca7,2.6778504848480225,3.1693034172058105,3.202108144760132
2d1a79ffa79a1b768aa51e88b7233c09c3eba8cb88d5cb1296dde44c25d84c35,RobroKools/vad-bert,c4c659fd17dd5807572b3f0f577de8c408401ca7,3.363002061843872,3.162084579467773,3.3959944248199463
5ea52477a3fbb2a0ae0ba2ad37784b2442aad32b1337a00649aa8c7c1e43e941,RobroKools/vad-bert,c4c659fd17dd5807572b3f0f577de8c408401ca7,3.366774797439575,3.3082616329193115,3.425165891647339
0bafe252d529b6b6ffce0c4f10a6b6c6e28a029b464c86ccde2a310053ddeffa,RobroKools/vad-bert,c4c659fd17dd5807572b3f0f577de8c408401ca7,3.5427684783935547,3.338887929916382,3.4216208457946777
052df78ec1f045dddc7940e1bb9dcd2594b1c474c8c7054f6a6da0fd63c51d40,RobroKools/vad-bert,c4c659fd17dd5807572b3f0f577de8c408401ca7,3.439276933670044,3.182995080947876,3.415445566177368
7acbc79d060814ed8fcecb3d475cb4072be4790e21ab62352d1ad542f811b294,RobroKools/vad-bert,c4c659fd17dd5807572b3f0f577de8c408401ca7,3.2936770915985107,3.127415418624878,3.387847900390625
bf3e7089ccc106aae91cc89636f70851269867e3a1e2cf8d408cac9c9a5834a9,RobroKools/vad-bert,c4c659fd17dd5807572b3f0f577de8c408401ca7,3.5850446224212646,3.4629223346710205,3.627173662185669
09229b849b62365ebd855cbd6413a29862ca82003e74b25405dbe1ed8633a148,RobroKools/vad-bert,c4c659fd17dd5807572b3f0f577de8c408401ca7,3.393648624420166,3.3010342121124268,3.4644134044647217
fdc6f1f485f8a8b21dfa5f5204bf59f7b500fad9e170edff37584701fc7bbe4f,RobroKools/vad-bert,c4c659fd17dd5807572b3f0f577de8c408401ca7,3.69807505607605,3.4943602085113525,3.3597986698150635
c107a19ac07d1473decbd58308fa0a12c36901c3ef64e12771c78abccb0b9e81,RobroKools/vad-bert,c4c659fd17dd5807572b3f0f577de8c408401ca7,3.2752573490142822,3.258530378341675,3.3982951641082764
bc6bc30363ef31ea8cd90c40e4d17fc2b8aefb3149c1aa91d7400a102db1f772,RobroKools/vad-bert,c4c659fd17dd5807572b3f0f577de8c408401ca7,3.5914745330810547,3.3147618770599365,3.4515702724456787
2feab303a9c6d0321b822c8f0322ba7082699d391d1ba418f286e3fa6831fee6,RobroKools/vad-bert,c4c659fd17dd5807572b3f0f577de8c408401ca7,3.402297019958496,3.374687910079956,3.366195678710937
3975363c0f978aca710d524be157a6be770ff99cefe2e76bffe87adcdfee0a28,RobroKools/vad-bert,c4c659fd17dd5807572b3f0f577de8c408401ca7,3.294394254684448,3.154123067855835,3.396850347518921
73ca11850dd22fb40be2c78a93d9919d90eb3acc13359616e6496a43920590f2,RobroKools/vad-bert,c4c659fd17dd5807572b3f0f577de8c408401ca7,3.1578309535980225,2.934072971343994,3.260786771774292
9d9cd2ce2c51e66f1737d558aa4f6606f192d6f90c284046a63dc2b3a4edc66f,RobroKools/vad-bert,c4c659fd17dd5807572b3f0f577de8c408401ca7,3.380733728408813,3.22681736946106,3.420029401779175
a9b075b461103c0939ea83e2b5748a8d4516ba570d0b4f256e196a7dd5bb3e26,RobroKools/vad-bert,c4c659fd17dd5807572b3f0f577de8c408401ca7,3.18391227722168,2.9885737895965576,3.207380771636963
f37fa745ef2e6cdce784f674c1d27ce4019a6e54c763cfe6b28c4624d3102f53,RobroKools/vad-bert,c4c659fd17dd5807572b3f0f577de8c408401ca7,3.315034866333008,3.014424562454224,3.362492322921753
4a84c74adfbb69378d8be8844a22ff859b7b12c6ffcf191b63f672127fbde3ce,RobroKools/vad-bert,c4c659fd17dd5807572b3f0f577de8c408401ca7,3.149238348007202,3.027242422103882,3.250267744064331
189bbf1774c36eb1eb06b47535670690656e6189733360b6184bee4faf274790,RobroKools/vad-bert,c4c659fd17dd5807572b3f0f577de8c408401ca7,3.269930601119995,3.162583112716675,3.203819513320923
20c0cd812484ae6d0c38ce8365e9abf041e225adab25b11a8f7bdfb1d17433db,RobroKools/vad-bert,c4c659fd17dd5807572b3f0f577de8c408401ca7,3.3528778553009038,3.0787389278411865,3.4093987941741943
102013fa133fd594280b0f171cbc22189dcef1d9b27869b8727e5834bb4580ab,RobroKools/vad-bert,c4c659fd17dd5807572b3f0f577de8c408401ca7,3.328108549118042,3.1516849994659424,3.368055582046509
e0d2f6807e1777b792269b82c9153d3465dcdb3ef33482be122fe049c6e33052,RobroKools/vad-bert,c4c659fd17dd5807572b3f0f577de8c408401ca7,3.36443305015564,3.2986676692962646,3.397952079772949
d767989a86125e9f976c42924df2080c155f3e44d061d720f4b2b36a785c0423,RobroKools/vad-bert,c4c659fd17dd5807572b3f0f577de8c408401ca7,3.097921371459961,3.072317361831665,3.197581052780152
cb97ab29fc0b41d4c9731d06138a233dc62a92e5d3e4070fb35ac26d8f3365e7,RobroKools/vad-bert,c4c659fd17dd5807572b3f0f577de8c408401ca7,3.3189351558685303,3.2328901290893555,3.2860448360443115
a838470a9cc7c8e60d77bbcea8c931c22808627fc6eb457eb17b21ec2aae5ff7,RobroKools/vad-bert,c4c659fd17dd5807572b3f0f577de8c408401ca7,3.1441872119903564,3.1727945804595947,3.407270193099976
81e93a2cd0ff3b8b6c37c0d735b9b19dcc1e8a9051f2dbd14a372f56ec9146c2,RobroKools/vad-bert,c4c659fd17dd5807572b3f0f577de8c408401ca7,3.0663540363311768,2.9892587661743164,3.4341049194335938
9364a950b0ef49e89a129434768fbeaaa7f6cd25f03e905b00f4d9aa14169714,RobroKools/vad-bert,c4c659fd17dd5807572b3f0f577de8c408401ca7,3.163004875183105,3.059410095214844,3.297592639923096
f46f5796094e0e34461b1dd483b7226faefb7ce195d0d5b8397464d2d5b155ef,RobroKools/vad-bert,c4c659fd17dd5807572b3f0f577de8c408401ca7,3.3606128692626958,3.320862054824829,3.4642951488494877
a8ff6fd4dccf360f498c7bcf38de0ad024db004233e460f8805bb450ad75ed1b,RobroKools/vad-bert,c4c659fd17dd5807572b3f0f577de8c408401ca7,3.114504098892212,3.0240747928619385,3.30228590965271
2be9834db7a3a9ac8f41f7e531ab9bb46510e388c1450ab84dfd43149c3d45c2,RobroKools/vad-bert,c4c659fd17dd5807572b3f0f577de8c408401ca7,2.695350646972656,3.143375396728516,2.915327310562134
143cdd326c470bad250d0ce198ed32a399f95ecf5cf88b61f80acb63d1195bbf,RobroKools/vad-bert,c4c659fd17dd5807572b3f0f577de8c408401ca7,3.047564744949341,3.160282850265503,3.3671715259552
1b49832b2aa1a25c22e5576c3697dd391f1cd8ff269885b50902f54d33372717,RobroKools/vad-bert,c4c659fd17dd5807572b3f0f577de8c408401ca7,2.812184333801269,2.9453532695770264,3.105239152908325
f2a8558fc466ff74a6aa12f85ac0c810bb70de8613a8a094e807f6e85a367390,RobroKools/vad-bert,c4c659fd17dd5807572b3f0f577de8c408401ca7,2.989253520965576,2.880779981613159,3.200047016143799
c23db99365520f764ac998b57ada2bec6aed542481a59f1a510ad64da32fc976,RobroKools/vad-bert,c4c659fd17dd5807572b3f0f577de8c408401ca7,3.0248563289642334,3.0103888511657715,3.208101511001587
26f55d7609beb752459a10d296d8d2b52cd6572733bd556d7f1b4219c362b33b,RobroKools/vad-bert,c4c659fd17dd5807572b3f0f577de8c408401ca7,2.982054710388184,3.1439778804779053,3.3558290004730225
58845c52a1cd86eead5833a297ba8e70c3f5ddd5ae795f7e5363f20dbd1d7b05,RobroKools/vad-bert,c4c659fd17dd5807572b3f0f577de8c408401ca7,3.089293956756592,2.882284879684448,3.1470847129821777
c2a01ec9ff1c7c54e9186f1fea2c1efd55355dcc519d87a6b3b7fac17004005e,RobroKools/vad-bert,c4c659fd17dd5807572b3f0f577de8c408401ca7,3.150689125061035,3.2226951122283936,3.4611504077911377
f7d7a8c2170082373e968e21f182d6c169d41a4fcd4d7e933691ded659b12fd4,RobroKools/vad-bert,c4c659fd17dd5807572b3f0f577de8c408401ca7,2.8716611862182617,3.035097360610962,3.1379847526550293
e9aba7e053af2fe39be4622d2a407b3bb83c0650118c0157595e89cb86eb4c4b,RobroKools/vad-bert,c4c659fd17dd5807572b3f0f577de8c408401ca7,2.9912197589874268,3.005316257476806,3.216638326644897
f25c2ed967a151242f4784f21a2b72d1ccbc19b9b856f6f950f490cb5add3fac,RobroKools/vad-bert,c4c659fd17dd5807572b3f0f577de8c408401ca7,2.9546329975128174,2.9956419467926025,3.0914947986602783
c387639010b5a11f60812e6a48c1fea32c0b93a76b330f882d9e95b8ddcb036c,RobroKools/vad-bert,c4c659fd17dd5807572b3f0f577de8c408401ca7,3.194315195083618,3.091540098190308,3.339027643203736
99cea818a9b696dbb52b72b4a581cce49de4f4b9430bc2b20e9ae10bf352cff4,RobroKools/vad-bert,c4c659fd17dd5807572b3f0f577de8c408401ca7,2.81348204612732,3.0039665699005127,3.0625481605529785
c46fb5bda1feeadeb7170461cd3d98e3440d22a0fa93e4b2c26370c703326820,RobroKools/vad-bert,c4c659fd17dd5807572b3f0f577de8c408401ca7,2.9910876750946045,2.969945192337036,3.2382142543792725
404d9147f0311ce96b5e84e203d82bc5c7ffbc9415224e42d4486faf34db739a,RobroKools/vad-bert,c4c659fd17dd5807572b3f0f577de8c408401ca7,3.092804193496704,3.05000901222229,3.2758171558380127
2267eb36eee0edd99f0bee8202438f700df71525dae062d9b803cddc30eb50f9,RobroKools/vad-bert,c4c659fd17dd5807572b3f0f577de8c408401ca7,2.8925235271453857,3.014535665512085,3.038984537124634
2b4d5e6824efb923f053b7d321a7271b80c002ba6670f41dd3f951020b64d974,RobroKools/vad-bert,c4c659fd17dd5807572b3f0f577de8c408401ca7,3.0670883655548096,3.0554378032684326,3.180846691131592
00c884e952fc6d45b3042378f5d4235c52fd8568fa9f95b386d2f89c6bfa61ca,RobroKools/vad-bert,c4c659fd17dd5807572b3f0f577de8c408401ca7,3.1369287967681885,3.016716241836548,3.280736207962036
01373cf143fc3aac3fafd790c790b977598709b26caa3846f301824feeed8dd6,RobroKools/vad-bert,c4c659fd17dd5807572b3f0f577de8c408401ca7,3.073995351791382,3.049832344055176,3.163359403610229
f63e7b8c0a4d6dd09c35f734e8e022f938a0c843080b59beb3a80a0eb63ca6ed,RobroKools/vad-bert,c4c659fd17dd5807572b3f0f577de8c408401ca7,2.861851930618286,2.952597618103028,3.083449363708496
b672fe3343cca42aba4973b4c01c9b145d035b0900c056f8e6012ad1e643ead6,RobroKools/vad-bert,c4c659fd17dd5807572b3f0f577de8c408401ca7,2.9575512409210205,2.977291822433472,3.051710844039917
20422f860d40424036a5009939390904622f8eb6df4fb9fd81c831970b08de7e,RobroKools/vad-bert,c4c659fd17dd5807572b3f0f577de8c408401ca7,3.18079686164856,3.1017892360687256,3.377251625061035
5c8770e6a0ca7e8218c248e80f5926501f8b0116f6031060c094b222a6b37b90,RobroKools/vad-bert,c4c659fd17dd5807572b3f0f577de8c408401ca7,2.9957315921783447,3.0437700748443604,3.159025192260742
940a94b151a5db1c57cac7ef7b125510817c68ab97bd318982b7c87e6a7d27ba,RobroKools/vad-bert,c4c659fd17dd5807572b3f0f577de8c408401ca7,3.03967022895813,3.048063039779663,3.3426525592803955
ebe5f45367fc969869da8633726736309c3c8126d25f769c9cca14c1fc452d2e,RobroKools/vad-bert,c4c659fd17dd5807572b3f0f577de8c408401ca7,2.838140726089477,2.942635536193848,3.1263818740844727
bad25706333ab0a69abd10626d9ac46b440d39c0d6b0b183aa57bd6366b00f3b,RobroKools/vad-bert,c4c659fd17dd5807572b3f0f577de8c408401ca7,2.9025561809539795,2.996122360229492,2.97065544128418
33af14f10989caf2c7f25b5700f848482b87f90d6768cec70ca047a56465b5cf,RobroKools/vad-bert,c4c659fd17dd5807572b3f0f577de8c408401ca7,3.2184934616088867,3.0894997119903564,3.334763526916504
de95adde9d6fba027c71be5af8ff13b477109e964804476d46ddbd7dabbd03b5,RobroKools/vad-bert,c4c659fd17dd5807572b3f0f577de8c408401ca7,3.277614116668701,3.1178057193756104,3.416811466217041
0ebbf793be7e2de33c8a064d99409ad874273d44219d64b96aa2f7b21704c701,RobroKools/vad-bert,c4c659fd17dd5807572b3f0f577de8c408401ca7,2.8039700984954834,2.933346033096313,3.129683256149292
7135b341205b06265bd40744018f4730a7f36ccfad6baa8470130797cc3e0bb2,RobroKools/vad-bert,c4c659fd17dd5807572b3f0f577de8c408401ca7,2.793975830078125,3.0682711601257324,3.0947065353393555
12a12686fb456ade4391501307ce65a42454ebdd9e6633057c7ee3d998c67c4f,RobroKools/vad-bert,c4c659fd17dd5807572b3f0f577de8c408401ca7,2.9649171829223637,2.974172115325928,3.14463472366333
9118a03e9aee1774bc386b8dfed9fb4fc259f993d7344ad889a24145f57fd48b,RobroKools/vad-bert,c4c659fd17dd5807572b3f0f577de8c408401ca7,3.31739354133606,3.094785690307617,3.3786332607269287
95c5b70d6ad558ad7e7b3f744f5f490284a23ca70e53a8bebe215d2003171dea,RobroKools/vad-bert,c4c659fd17dd5807572b3f0f577de8c408401ca7,3.2312142848968506,3.1923844814300537,3.387167930603028
c50b6b16ccf9257cc80203681517616136fadc52e6a04962202638a21f9db8d6,RobroKools/vad-bert,c4c659fd17dd5807572b3f0f577de8c408401ca7,3.266110420227051,3.075932264328003,3.25555682182312
b146b43f25b6c557d7f8d56ca12fb7b237e407314526f7c819bff140c2a88c22,RobroKools/vad-bert,c4c659fd17dd5807572b3f0f577de8c408401ca7,3.1680924892425537,3.037971019744873,3.223487377166748
91af0365dc6b54d4082da344cfbe04d51973acb030afc04757f97c1b9b6b05e2,RobroKools/vad-bert,c4c659fd17dd5807572b3f0f577de8c408401ca7,3.131282329559326,3.093249797821045,3.155385732650757
493ff28fbbe7502d7ba9b92c4b5d53d442caa7acf6b87c67cd3ed70c4dbba6c9,RobroKools/vad-bert,c4c659fd17dd5807572b3f0f577de8c408401ca7,3.247462034225464,2.838358163833618,3.2393925189971924
b8b60b596d4826ffb4f93aadca086ec9d9cb176feb7ca395ab9746b0c167c4ca,RobroKools/vad-bert,c4c659fd17dd5807572b3f0f577de8c408401ca7,3.443375587463379,3.2109644412994385,3.302931070327759
1a91c7e290c2f1f150e77cf687e210277262c2d640dbdd16fdd79a82204ea651,RobroKools/vad-bert,c4c659fd17dd5807572b3f0f577de8c408401ca7,3.095451593399048,2.954097986221313,3.1287877559661865
29cfca97c949cdbdfd1e0e8787f17e59f7e86ea7ad6efdc13ae4ebe8544c8715,RobroKools/vad-bert,c4c659fd17dd5807572b3f0f577de8c408401ca7,3.1139657497406006,2.9729256629943848,3.217787504196167
9e4b450c1924bc02f7114bb949624fcf9270005160c0e292c9abf996eb529982,RobroKools/vad-bert,c4c659fd17dd5807572b3f0f577de8c408401ca7,3.034848928451538,3.142707109451294,3.1624410152435303
72ec46a0736b54e759d4384411a6f0b9c83e8902833971d39c7766ab94868663,RobroKools/vad-bert,c4c659fd17dd5807572b3f0f577de8c408401ca7,3.251896858215332,3.117860078811645,3.42461895942688
0634666beb123c2e04af533add75f6bb60443cc494838b774fac934e52eb1bcb,RobroKools/vad-bert,c4c659fd17dd5807572b3f0f577de8c408401ca7,3.346041440963745,3.2348339557647705,3.2592124938964844
85eff10bce7f5ff8b27fe71c5b2a65e9715a5f410ce29e1fbd5bd05e126562a6,RobroKools/vad-bert,c4c659fd17dd5807572b3f0f577de8c408401ca7,3.239301443099976,3.0400755405426025,3.321006298065185
08d924f13f214a35a60e919a72e51348ffd96f64253da09eebf27a2597eaeea0,RobroKools/vad-bert,c4c659fd17dd5807572b3f0f577de8c408401ca7,3.2616286277771,2.8846099376678467,3.28825044631958
c6cb50916552e48f7370ad175e73faf12d410aa1224737de55ac5cbf52a02d39,RobroKools/vad-bert,c4c659fd17dd5807572b3f0f577de8c408401ca7,3.241323471069336,3.193308591842652,3.336811780929565
e7082ac4903c3417136f44e166f7b4f2978090bf2568b5a5d3eaef8d19d164a0,RobroKools/vad-bert,c4c659fd17dd5807572b3f0f577de8c408401ca7,3.304255247116089,3.2058022022247314,3.33170485496521
bcd8c9cb54e3d80410acb39c6936c988ba0759ca6a7c50701eabc3bd4c4a7093,RobroKools/vad-bert,c4c659fd17dd5807572b3f0f577de8c408401ca7,3.276092767715454,3.050985097885132,3.3351311683654785
b514c0d2a3d52090aae18c48ff6f1d0002148da7ff3d9dcd701b95769145ecd0,RobroKools/vad-bert,c4c659fd17dd5807572b3f0f577de8c408401ca7,3.3074371814727783,3.200754880905152,3.293497323989868
0b336e1bca7d11c4c4e1521ca1a7842b733df0bd7cfce0dccd9498705e26197e,RobroKools/vad-bert,c4c659fd17dd5807572b3f0f577de8c408401ca7,3.297868490219116,3.233954906463623,3.3692996501922607
f8cb6bffa551a736a05031aabbb3774df0e891e0e88079afcff6e5702f1f6e9b,RobroKools/vad-bert,c4c659fd17dd5807572b3f0f577de8c408401ca7,3.1787374019622803,3.0053789615631104,3.184375524520874
655357a2d373c36f5e3549ca08a32351035f22ccd143a14395c2d3ea95906df9,RobroKools/vad-bert,c4c659fd17dd5807572b3f0f577de8c408401ca7,3.2612617015838623,3.2920310497283936,3.3130619525909424
e7a06a307c0fd94399bb948b87fa470ea6649ba06c3c092aee476135a7a83e8f,RobroKools/vad-bert,c4c659fd17dd5807572b3f0f577de8c408401ca7,3.2826380729675293,3.0420663356781006,3.315779209136963
f463f4c1174c87e5a4db0ef7b8a724d2166b6c06d0ddc313c24d0fb9e0be31ee,RobroKools/vad-bert,c4c659fd17dd5807572b3f0f577de8c408401ca7,3.104431390762329,3.069619417190552,3.293797492980957
b71b84560da428ee3388488ea1c13fb885938093052edde1603da722404acb8f,RobroKools/vad-bert,c4c659fd17dd5807572b3f0f577de8c408401ca7,3.319915533065796,3.275426387786865,3.3971590995788574
27a39f083a04f25f8cbfed489459bc3d52e62751fad06b136bd496b28d251922,RobroKools/vad-bert,c4c659fd17dd5807572b3f0f577de8c408401ca7,3.2496159076690674,3.074206113815308,3.3972084522247314
e01223ecc0aadcaf7484e667e3e73591e54c4fb401cf93c51e3c909c383767b8,RobroKools/vad-bert,c4c659fd17dd5807572b3f0f577de8c408401ca7,3.0664656162261963,3.039574384689331,3.268243789672852
c5b2c8673d71e084071933447701880be831ac5a012c9a0edc846936a16033c4,RobroKools/vad-bert,c4c659fd17dd5807572b3f0f577de8c408401ca7,3.1735668182373047,3.1866257190704346,3.4298689365386963
1a29be7cc2d20a43eb478ceb349a950d5ba607e31c8ba2fe87161b63515420d3,RobroKools/vad-bert,c4c659fd17dd5807572b3f0f577de8c408401ca7,3.276095390319824,3.20862364768982,3.294774293899536
9494e66a37e035ca6afab656fc14e4438e92f36ac98af012b569d2ee3a8c2f90,RobroKools/vad-bert,c4c659fd17dd5807572b3f0f577de8c408401ca7,3.4104254245758057,3.2201664447784424,3.3676061630249023
d70ff1d024e07ed4fecfdade4f2c7acbab493f69548fe768b8f75238e363a08c,RobroKools/vad-bert,c4c659fd17dd5807572b3f0f577de8c408401ca7,3.3255040645599365,3.1957008838653564,3.326535701751709
d2bbfda97a9c1b63874ac50d5a42c6f5bdd1b2f21c61a4d63e63b6a10ce7d980,RobroKools/vad-bert,c4c659fd17dd5807572b3f0f577de8c408401ca7,2.8721840381622314,2.9444210529327397,3.10028076171875
4ba8ff8aca1667c63d37d1de2e0c649190e6f82cab79981a820e99c160d6a7d4,RobroKools/vad-bert,c4c659fd17dd5807572b3f0f577de8c408401ca7,2.948679685592652,3.047541856765747,3.1670055389404297
4e2136605b8009473003d8d336516d29850696769fb273ebae45c864a07739e7,RobroKools/vad-bert,c4c659fd17dd5807572b3f0f577de8c408401ca7,2.979881048202514,3.1140713691711426,3.127703189849853
1c823fcb3b40e357a2c138270bf3bc70c0f2ee3a4aa4635ddcfac478a770e637,RobroKools/vad-bert,c4c659fd17dd5807572b3f0f577de8c408401ca7,3.1849656105041504,3.1649556159973145,3.224120855331421
dcdb0649131e8b2647975af79be334e5e9812578b29c1ce3c1f408f5c4b9d1e4,RobroKools/vad-bert,c4c659fd17dd5807572b3f0f577de8c408401ca7,2.8919613361358643,3.053394556045532,3.2189440727233887
bb245ad25061af3bb15b873f194933594ba138457330da233c9fb51d5249d605,RobroKools/vad-bert,c4c659fd17dd5807572b3f0f577de8c408401ca7,3.157954454421997,3.032233238220215,3.17712950706482
00011866e43ea665635fb3a662ffb6b3c1c55499044ecd60b508c3ddcd1111fe,RobroKools/vad-bert,c4c659fd17dd5807572b3f0f577de8c408401ca7,3.0212502479553223,3.1098742485046387,3.2100725173950195
77232ce64f99719ee917ed025763c616cb7998d60eba1d8dbfd483255a07d1e5,RobroKools/vad-bert,c4c659fd17dd5807572b3f0f577de8c408401ca7,2.976412296295166,3.089104652404785,3.2204811573028564
ef803b9e04240d6d0b79ad7a085e95cb8b85f6cb2f74cef92d82e548ca1cfbbe,RobroKools/vad-bert,c4c659fd17dd5807572b3f0f577de8c408401ca7,3.112104177474976,3.031527280807495,3.221024513244629
c1eee26b6fea9737a0564a851cd0d794632ebb0f9bd6e9ae4bfa6248abf5c6eb,RobroKools/vad-bert,c4c659fd17dd5807572b3f0f577de8c408401ca7,2.9380195140838623,3.0558903217315674,3.246720790863037
606331f5d3e68b310c1371689d4c4408ee7da47c8c74f3db4abe869def0f2cb8,RobroKools/vad-bert,c4c659fd17dd5807572b3f0f577de8c408401ca7,2.7521040439605717,3.122058629989624,3.1018052101135254
141f802a73f4f636b74cec69a0de12d165af2e5b1582c2fb53b2a3d2d3456097,RobroKools/vad-bert,c4c659fd17dd5807572b3f0f577de8c408401ca7,2.88957142829895,3.221153974533081,3.133506774902344
097d246e376afedf771043f2a356f9eec570edf48b2a2861a29e9ad74e780baa,RobroKools/vad-bert,c4c659fd17dd5807572b3f0f577de8c408401ca7,3.222611427307129,3.1176702976226807,3.2789227962493896
7da6189c7958339728c51fcd42d6e7d0dedf8595ac338e0f447226a3e6392e74,RobroKools/vad-bert,c4c659fd17dd5807572b3f0f577de8c408401ca7,2.857083320617676,3.153228044509888,3.2012526988983154
6e0570b424be091e14fc243e232cdebceb3aea2984c5a415abba17f2c855dc20,RobroKools/vad-bert,c4c659fd17dd5807572b3f0f577de8c408401ca7,3.4839906692504883,3.2048451900482178,3.3212170600891118
96edb51ad01359f48aad35ce4b78449fb044150ec5c1c579e8c05c64a584b9d2,RobroKools/vad-bert,c4c659fd17dd5807572b3f0f577de8c408401ca7,2.782684564590454,3.1067957878112797,3.0988337993621826
9adf2c6841cac8f80dad5998e1ce408e3c14698347a761ae2ae2604be73ca1a8,RobroKools/vad-bert,c4c659fd17dd5807572b3f0f577de8c408401ca7,2.8074300289154053,3.024245023727417,2.973066091537476
44b1ee770ef57f80cb87486952793f241010bdb917f228691e118dd6ad23b679,RobroKools/vad-bert,c4c659fd17dd5807572b3f0f577de8c408401ca7,3.057590961456299,2.9614508152008057,3.088759183883667
32f6e49091f7398ae26fb7b9d91aeeab60a8e4fc8c41c9ac66c3220c10deabc2,RobroKools/vad-bert,c4c659fd17dd5807572b3f0f577de8c408401ca7,2.807072639465332,3.168963670730591,3.014939308166504
9f966caf03d8c8aaae3fa93a15c0bb29516578f52a3e2a1ddf1f0e9032da264e,RobroKools/vad-bert,c4c659fd17dd5807572b3f0f577de8c408401ca7,2.9549760818481445,3.1006484031677246,3.179031610488892
f9bda600ed62e482b1100cfb2b33efb9edd5c50e4aba482d7c1cfaa13d8a9c19,RobroKools/vad-bert,c4c659fd17dd5807572b3f0f577de8c408401ca7,2.8484504222869877,3.0239531993865967,3.035799264907837
2bcc02904865aa212b61b3565bde965df1460af9e41d5683bf95e662d435ee9c,RobroKools/vad-bert,c4c659fd17dd5807572b3f0f577de8c408401ca7,2.773343324661255,2.989734649658203,3.18045425415039
83e8d3dd410e055bd8a432d7064d4237a2250bb4001d918f0f10ad3e0aab56b2,RobroKools/vad-bert,c4c659fd17dd5807572b3f0f577de8c408401ca7,2.767619371414185,3.0659191608428955,3.140859603881836
c52ed08fb0710afaeb008b7b47e2dc562c193b3183867b6b87e0c358d9e62551,RobroKools/vad-bert,c4c659fd17dd5807572b3f0f577de8c408401ca7,2.878854751586914,3.0222585201263428,3.005460023880005
c57917822d7afc70c19abf790a9fb65a9753cc6b503f29d545696bb8fe6ec1d9,RobroKools/vad-bert,c4c659fd17dd5807572b3f0f577de8c408401ca7,2.7646849155426025,2.9766199588775635,3.14200210571289
4ba31905b982e0a048d9606730d7e3f83080eb680a4ab47864c894a2ff88f3b6,RobroKools/vad-bert,c4c659fd17dd5807572b3f0f577de8c408401ca7,2.648967027664185,3.0370748043060303,3.103363037109375
301bc5ed7f29e86fbc629685a5ac239224c5fa9a41387a8e8c3ecc85752db23a,RobroKools/vad-bert,c4c659fd17dd5807572b3f0f577de8c408401ca7,3.0207183361053467,3.0911662578582764,3.3083198070526123
0cffbcc21245554860251bf98ca0a52e78e28a79779b70b141b265d823ffd0ab,RobroKools/vad-bert,c4c659fd17dd5807572b3f0f577de8c408401ca7,2.767507314682007,3.051546335220337,3.2197415828704834
b266477f8e204df1321a9c0ea684b7223ba962b1e0702975e3eb7415702f7dd2,RobroKools/vad-bert,c4c659fd17dd5807572b3f0f577de8c408401ca7,2.937359571456909,3.052374839782715,3.176717519760132
cd95685ffd833b2787c7164320c67d21fa7efc5c731b7a001489552e2ab2f90a,RobroKools/vad-bert,c4c659fd17dd5807572b3f0f577de8c408401ca7,2.787116765975952,3.048447847366333,3.1529581546783447
c8f10a98e5979543accb60f155627240141128eb3d18704be1e6cdb19a670b02,RobroKools/vad-bert,c4c659fd17dd5807572b3f0f577de8c408401ca7,2.935610294342041,3.047956705093384,3.256877183914185
e35e118bf77fc05faa34c5be6f2eccfaa12cafb804be97749ba7060742bf56cd,RobroKools/vad-bert,c4c659fd17dd5807572b3f0f577de8c408401ca7,3.383997917175293,3.278865098953247,3.320141077041626
48ba0b3bdebbb93140b5346445dd720cd815eea8330dc26ba92befe7fef91b59,RobroKools/vad-bert,c4c659fd17dd5807572b3f0f577de8c408401ca7,3.212350606918335,3.133085012435913,3.179190397262573
0dc51a79ca21954f58ec3b8bd3e913921e7fc30e0e6d1d7a6339fa546f0c6c20,RobroKools/vad-bert,c4c659fd17dd5807572b3f0f577de8c408401ca7,3.2339324951171875,3.056818723678589,3.2074737548828125
475ad7ff4b8f32028152c50fec545e6c1f86d58206176592a32ecaed33489ff6,RobroKools/vad-bert,c4c659fd17dd5807572b3f0f577de8c408401ca7,3.171173334121704,3.049997329711914,3.2475059032440186
a5812d249b5c7f26330f594ad9fc01997a385517fa1614c9aa1134b49813eec8,RobroKools/vad-bert,c4c659fd17dd5807572b3f0f577de8c408401ca7,3.204289674758911,3.1031219959259038,3.226531505584717
96aa70ac468fbfd118dc173411a2949e89c88cb54e4cbbe08d94c085bf518043,RobroKools/vad-bert,c4c659fd17dd5807572b3f0f577de8c408401ca7,3.1252925395965576,3.1092495918273926,3.310535430908203
9fc971e76943ed8744346e1c78248aa37c583b4a88bdfe98631fe4190bd0731c,RobroKools/vad-bert,c4c659fd17dd5807572b3f0f577de8c408401ca7,2.843641757965088,3.158268690109253,3.0948941707611084
7900f13b8ce20f00f9d4badf8858d23e17beb56a04484b52e034986e181a2fd2,RobroKools/vad-bert,c4c659fd17dd5807572b3f0f577de8c408401ca7,3.3392608165740967,3.2257115840911865,3.219846248626709
ff55cd7a076c9fe25dca5caa96ea961df4c1871c8f7faa9d0d4b2db52d329534,RobroKools/vad-bert,c4c659fd17dd5807572b3f0f577de8c408401ca7,3.148419141769409,3.13064956665039,3.2828500270843506
c6b233fcf54eeec755901cfbeceea0dce4ca5cec2834ff0661c824cc81353dd5,RobroKools/vad-bert,c4c659fd17dd5807572b3f0f577de8c408401ca7,3.221891403198242,3.169009208679199,3.317246675491333
cae6828f3276427c9c614a2efd2bd32707671207183fd401a2364303654504f2,RobroKools/vad-bert,c4c659fd17dd5807572b3f0f577de8c408401ca7,2.9565906524658203,3.2705464363098145,3.137701988220215
365db76c50275ee02982ee544704986315e7953842002dbf583321134d4d98b1,RobroKools/vad-bert,c4c659fd17dd5807572b3f0f577de8c408401ca7,3.2439355850219727,3.232835531234741,3.3887598514556885
5f972fd9a9526be61237be27c0ff5d8f2228b48b29da65c40f9d3d2bd4d5454a,RobroKools/vad-bert,c4c659fd17dd5807572b3f0f577de8c408401ca7,3.194483995437622,3.140965700149536,3.1127076148986816
2336ea815582ce1fd90c2c6bf25657d3a9627cf8e14a2adacd125d1b2daf81eb,RobroKools/vad-bert,c4c659fd17dd5807572b3f0f577de8c408401ca7,3.092458724975586,3.14093279838562,3.2459871768951416
59212147295134b18a98780002e21d2764f5b7edd9e3bcd0c9fc28d3a63d71d0,RobroKools/vad-bert,c4c659fd17dd5807572b3f0f577de8c408401ca7,3.1179001331329346,3.143012285232544,3.264153003692627
b62d0226974e95b789a9283bc56e7eb3ae3bbeb85a35d1dc54fb54dc2047470f,RobroKools/vad-bert,c4c659fd17dd5807572b3f0f577de8c408401ca7,3.15913462638855,3.156532526016236,3.09577751159668
87542ca9d43ee19466f23a278d9a5327565644f2714081501b3a72e63eaf60f7,RobroKools/vad-bert,c4c659fd17dd5807572b3f0f577de8c408401ca7,3.23617959022522,3.1395509243011475,3.316199541091919
169d61c0fb13a39bc2b74c1c349533f8b99e99a3dddc5fafcfd8d17bff569a22,RobroKools/vad-bert,c4c659fd17dd5807572b3f0f577de8c408401ca7,3.071331739425659,2.985138177871704,3.1162688732147217
5748820d62a346bfda167e7be60e13f5272e647217f73d30881308a8cc848a4d,RobroKools/vad-bert,c4c659fd17dd5807572b3f0f577de8c408401ca7,3.2203238010406494,3.227451801300049,3.193525075912476
b85f7d34b80aa56ce8959e54eaa26d376ad365fa05c9b2b4b8568a4b8ead6cdb,RobroKools/vad-bert,c4c659fd17dd5807572b3f0f577de8c408401ca7,2.655683755874634,3.1295502185821533,3.0336170196533203
46ebfc4d28074a6ee449b437b412e7c3594b1117b20f128160057b6f774f44c9,RobroKools/vad-bert,c4c659fd17dd5807572b3f0f577de8c408401ca7,2.90993595123291,3.025339841842652,3.297414779663086
248b7ec86ae8fee5bac283e5bac0a34be0739804d4c458d083cfe4862573c6bf,RobroKools/vad-bert,c4c659fd17dd5807572b3f0f577de8c408401ca7,2.9813029766082764,3.0363245010375977,3.152508497238159
1f80542755d36a5743a7909663add046cd685eeb2c830c3a164b4b1d59fa0577,RobroKools/vad-bert,c4c659fd17dd5807572b3f0f577de8c408401ca7,3.3841567039489746,3.3779513835906982,3.3955600261688232
2d14751a7d64276172e001bc590d334b0321548e24661a15c9f0a8cdf6cdf3fe,RobroKools/vad-bert,c4c659fd17dd5807572b3f0f577de8c408401ca7,3.175386428833008,3.1602895259857178,3.2492170333862305
fa7a039c7a864e331a510105567b1e3e2afd5d02af1df034b971c2645b241e69,RobroKools/vad-bert,c4c659fd17dd5807572b3f0f577de8c408401ca7,3.1683802604675293,3.288811445236206,3.204803228378296
3c08c7913a14deac203231a8c868e457614bf7916291a9734fdae728e7c884a4,RobroKools/vad-bert,c4c659fd17dd5807572b3f0f577de8c408401ca7,3.3226430416107178,3.344386577606201,3.315638542175293
be4cb63b20f600972852399491651aac9e3cbabce095a3c93e826fd56faa993e,RobroKools/vad-bert,c4c659fd17dd5807572b3f0f577de8c408401ca7,3.273345708847046,3.2433924674987797,3.3019015789031982
f89698a4541a74946062926f788c156d3bc9e9f53899d52ce9ad220e6d454d5e,RobroKools/vad-bert,c4c659fd17dd5807572b3f0f577de8c408401ca7,3.348177433013916,3.3112118244171143,3.4032013416290283
cc0f5bdc4d26eaa5d5634e1283927d13cbc914e68d373394cb337f95ecb95287,RobroKools/vad-bert,c4c659fd17dd5807572b3f0f577de8c408401ca7,3.281203508377075,3.27532172203064,3.272052526473999
31d2e4d842f95308431fefb1023388622894021f0a27a1d4c0896328cd0777ad,RobroKools/vad-bert,c4c659fd17dd5807572b3f0f577de8c408401ca7,3.2494328022003174,3.2381930351257324,3.2962563037872314
142f7dffeb71351c69543764a8d90c3f7311755825976c6bfa805e133bfeb369,RobroKools/vad-bert,c4c659fd17dd5807572b3f0f577de8c408401ca7,3.355759859085083,3.4096128940582275,3.3332557678222656
7b88f8ae9e71857181cbdb316229b2f75e161d048bde01c4107a724772eee619,RobroKools/vad-bert,c4c659fd17dd5807572b3f0f577de8c408401ca7,2.970378398895264,2.982549905776977,3.2707479000091557
16e48238e2793c70e5b261c39ca7c368e0bb056eb5c0f250d842686878ac5476,RobroKools/vad-bert,c4c659fd17dd5807572b3f0f577de8c408401ca7,2.962329626083374,2.97002911567688,3.142765522003174
fb895ef93501b28b9126e4caed142903061b3999b76dedde8f5256e2d8e04be3,RobroKools/vad-bert,c4c659fd17dd5807572b3f0f577de8c408401ca7,3.04394793510437,2.8819353580474854,3.1001553535461426
ebd1ca9181e5d6a3668f9d67c4d9026fe086b74c0ac865324fb2d394e9cedb00,RobroKools/vad-bert,c4c659fd17dd5807572b3f0f577de8c408401ca7,3.021195650100708,2.983663320541382,3.1115353107452397
6cc7a47cce7788839b0cac5ae728e3a351e15aa321f70d17a7a8db56a3f892b5,RobroKools/vad-bert,c4c659fd17dd5807572b3f0f577de8c408401ca7,2.822638750076294,3.0764122009277344,3.251441717147827
f5293347d20d1e0ead84adb65242d48bafa03b9466895ab1d2ef4be2bf150e3b,RobroKools/vad-bert,c4c659fd17dd5807572b3f0f577de8c408401ca7,2.905820608139038,2.926197290420532,3.063562631607056
011a92d474f38fcd61eeee12ed750a3babda9a9a2dd284ebe56a9d113cde6697,RobroKools/vad-bert,c4c659fd17dd5807572b3f0f577de8c408401ca7,2.785428762435913,3.075882196426392,3.0685088634490967
6ed904905c5c2318cac2d9785c1a79bd29463d7c446fcb60d91c677e79c41fe7,RobroKools/vad-bert,c4c659fd17dd5807572b3f0f577de8c408401ca7,2.823128223419189,3.032193899154663,3.0500545501708984
8c2741b12ef8a3bc4a842f7673caa1a79b2b5b8cd7a67e4e3068224f939cdf45,RobroKools/vad-bert,c4c659fd17dd5807572b3f0f577de8c408401ca7,2.7878377437591557,3.052686214447021,3.1272900104522705
c0a009c51c5c5aec4cb48f6b26ff06e2bf2608eaab290ecff0f791225dfd927b,RobroKools/vad-bert,c4c659fd17dd5807572b3f0f577de8c408401ca7,2.8291025161743164,2.996704339981079,3.125347852706909
e2997286b7cb8041f3c68ebbd6ad1fb4cee183a493d9db6cbd7a6d6e66b23446,RobroKools/vad-bert,c4c659fd17dd5807572b3f0f577de8c408401ca7,2.771655797958374,3.033043146133423,3.1428487300872803
f511af2ca283ce94ae8b343cc6fa00ecd31af366894effb27e3db6b53868e7c7,RobroKools/vad-bert,c4c659fd17dd5807572b3f0f577de8c408401ca7,2.8982722759246826,2.99814248085022,3.152531385421753
cbe93f3f85233effb3e209ce7f4c6947b392c81005311e3f4d124509b16acbd6,RobroKools/vad-bert,c4c659fd17dd5807572b3f0f577de8c408401ca7,2.7301838397979736,2.987370491027832,3.079313039779663
44860afafb0544ec3cf61f7747f2bbadd73aa3319f6dc4ec7543c9cde9e8fb66,RobroKools/vad-bert,c4c659fd17dd5807572b3f0f577de8c408401ca7,2.8784992694854736,3.03483510017395,3.2182047367095947
e4718e2924703dcede62d71079ce36e958ca6f57109bcc6ad4f2f0aa7adef9b2,RobroKools/vad-bert,c4c659fd17dd5807572b3f0f577de8c408401ca7,2.7704708576202397,3.018911123275757,3.049060106277466
29917ab25fbe2c6c7234bb2035b3e9769c3a4e3cbf9fa7b1858593ca784be612,RobroKools/vad-bert,c4c659fd17dd5807572b3f0f577de8c408401ca7,2.7995827198028564,3.022337913513184,3.141003370285034
10a40fcd1eec10eb75d20cd69330c950baee060b278d8eef8fea9133203e8c22,RobroKools/vad-bert,c4c659fd17dd5807572b3f0f577de8c408401ca7,2.94036602973938,2.9731693267822266,3.0751006603240967
7871a541749e24dcb8409061244a85fbd458814f6b7287ab2b69545fc04d2a28,RobroKools/vad-bert,c4c659fd17dd5807572b3f0f577de8c408401ca7,2.9162850379943848,2.869038343429565,3.060019493103028
a8aa506ee2a727ea7a31133d928e7c86442b7a5389d6802d64d67c96e3c1286d,RobroKools/vad-bert,c4c659fd17dd5807572b3f0f577de8c408401ca7,2.718956232070923,3.0572354793548584,3.1384596824646
19c8cf4b2f193e675962d5415eb5d992ae2b1ea54c094655e5dce2152ba361cd,RobroKools/vad-bert,c4c659fd17dd5807572b3f0f577de8c408401ca7,2.7417266368865967,2.981024980545044,2.997892141342163
b7557b513090eefb0428b12be1884cc076958fc5d4646f85ae596e4d1809b8af,RobroKools/vad-bert,c4c659fd17dd5807572b3f0f577de8c408401ca7,3.0093419551849365,2.975435972213745,3.227758884429932
b160b80486f26dfad177bc2266d0f907c2eacb3b5bc52db5321b6c1e502f41aa,RobroKools/vad-bert,c4c659fd17dd5807572b3f0f577de8c408401ca7,3.1929173469543457,2.9988834857940674,3.2817132472991943
ee95844a252b163a93b802e910bc57e36e490c652ec8238feeb99b0197aeee65,RobroKools/vad-bert,c4c659fd17dd5807572b3f0f577de8c408401ca7,3.0016210079193115,3.005781888961792,3.262196779251098
4cbcd7155c7a0aa0ed86506e42cf70a209ce6863b5047eeea875f88f8fb91b90,RobroKools/vad-bert,c4c659fd17dd5807572b3f0f577de8c408401ca7,2.8425679206848145,3.121044158935547,3.313484668731689
dc991d70c8bd1da45dadef110b7e074ce71fbf2d128b13e032d831ff1a00de15,RobroKools/vad-bert,c4c659fd17dd5807572b3f0f577de8c408401ca7,3.160844564437866,3.03271484375,3.2599799633026123
d205f93a444e58c03d1702f0acca5d441ceacb200c534254bba3022539ee3615,RobroKools/vad-bert,c4c659fd17dd5807572b3f0f577de8c408401ca7,3.020322799682617,2.954033136367798,3.2462103366851807
94e19bf8a5e81129f91487b4dc5a38716f77a7313e1454f3d55868f342269698,RobroKools/vad-bert,c4c659fd17dd5807572b3f0f577de8c408401ca7,3.034442663192749,3.019638538360596,3.2320539951324463
a8a40c6098d0b6c041a25e251ecd92be27f7d0ba620f26bb98bf91d21f30fe0e,RobroKools/vad-bert,c4c659fd17dd5807572b3f0f577de8c408401ca7,2.9446024894714355,2.964614152908325,3.231001853942871
3a522158f76746c12ee559d8c6fd29bf46a350de9bca04a6838635a10e610f27,RobroKools/vad-bert,c4c659fd17dd5807572b3f0f577de8c408401ca7,3.0487606525421143,3.146441698074341,3.2598578929901123
c4cbb2db35071d7079060e0e047a221d23dfc34d9bac9c133c3f97c6be5f22a8,RobroKools/vad-bert,c4c659fd17dd5807572b3f0f577de8c408401ca7,3.117743730545044,2.983132123947144,3.1988885402679443
31ba7ef47c8381a3faee944a797a23723ac095fab36d726efa680ab84f501102,RobroKools/vad-bert,c4c659fd17dd5807572b3f0f577de8c408401ca7,3.161592483520508,2.9174654483795166,3.289292097091675
a4c4d15f645fe8d52a8fb45bfc0d3777e0227419aa5952fb56689cc3fb5d0657,RobroKools/vad-bert,c4c659fd17dd5807572b3f0f577de8c408401ca7,3.000720500946045,3.0177597999572754,3.185757875442505
0000ec0af1440fb31d8a41312191e45074f5e9934103d783dd8c4ff78d9a1c19,RobroKools/vad-bert,c4c659fd17dd5807572b3f0f577de8c408401ca7,3.450998544692993,3.116323232650757,3.3208744525909424
5223920d25e83e64206fe4b35f0d526c083a8a7d586398e49db1e757c1847ca5,RobroKools/vad-bert,c4c659fd17dd5807572b3f0f577de8c408401ca7,3.11579966545105,3.219031572341919,3.238039255142212
4851fb81c69f91adc507df8d26989b4cb40d6146157d5fb56336a18cc5e92c3f,RobroKools/vad-bert,c4c659fd17dd5807572b3f0f577de8c408401ca7,3.335508108139038,3.049386501312256,3.418168783187866
9400d8eca1c7df5bf6ce49cd9961fffe7f5e34928667aedad673ea92a1b07ae0,RobroKools/vad-bert,c4c659fd17dd5807572b3f0f577de8c408401ca7,3.321465253829956,3.014209032058716,3.4305765628814697
e1294b7676a54a5d2497af5a74c5ca9637e64e1fa6bb88d96fadceb6fe1ee108,RobroKools/vad-bert,c4c659fd17dd5807572b3f0f577de8c408401ca7,3.232540845870972,3.246784210205078,3.3984763622283936
599bba44f4473ab9dd7f9c1b889e058c5a2106031f63b060b77e67dc90908497,RobroKools/vad-bert,c4c659fd17dd5807572b3f0f577de8c408401ca7,3.3901968002319336,3.1711385250091557,3.3954226970672607
8d1ad7609905795038bccd081f091fd86f0ab473ba903bf20fd16c1a6ed43195,RobroKools/vad-bert,c4c659fd17dd5807572b3f0f577de8c408401ca7,3.468702554702759,3.1334242820739746,3.4063682556152344
5d75a7530df820919c030f8b945ff06b121dc401c00822c2a07a62377e86bd3f,RobroKools/vad-bert,c4c659fd17dd5807572b3f0f577de8c408401ca7,3.4555506706237797,3.109123945236206,3.2954821586608887
55ca1f089eaef3e02ad3392e49dbee3e4219e46883e9557e21b702886ef3c320,RobroKools/vad-bert,c4c659fd17dd5807572b3f0f577de8c408401ca7,3.389470100402832,3.207436800003052,3.3552939891815186
0bafad5f6fc1528cb121db4deadf7c941a4e62a95825581b02ca18e4d957d503,RobroKools/vad-bert,c4c659fd17dd5807572b3f0f577de8c408401ca7,3.2971322536468506,3.1142873764038086,3.441051721572876
b5a7ef3e10c95154556d41241d6bf5172e26bbe6f63a67259f68488608782e9d,RobroKools/vad-bert,c4c659fd17dd5807572b3f0f577de8c408401ca7,3.2174243927001958,2.9846279621124268,3.3730990886688232
f0957742dcac552b7dda9526df84aaf341b2cf561e590beac703d9bfa025d8fd,RobroKools/vad-bert,c4c659fd17dd5807572b3f0f577de8c408401ca7,3.371807813644409,2.991907119750977,3.3243963718414307
5652b0fbe70d6cac1c7ed8af4ed82f50d2caa324869f845d2cbbb62c58adf313,RobroKools/vad-bert,c4c659fd17dd5807572b3f0f577de8c408401ca7,3.431847333908081,3.2312099933624268,3.357168912887573
430405da1f7a97b43b064aafe1a462e614147edc4abc782f3156c9ce9866b77b,RobroKools/vad-bert,c4c659fd17dd5807572b3f0f577de8c408401ca7,3.4266316890716557,3.166180372238159,3.28044056892395
967af2aa43062532a4e7cf698657567145f09d0415d1819bda84954714cdd3c3,RobroKools/vad-bert,c4c659fd17dd5807572b3f0f577de8c408401ca7,3.3534281253814697,3.0439565181732178,3.2670562267303467
d840dc8c85446b2ebbb0ec3c8c77682528491405705f478d283badf6e3cc9401,RobroKools/vad-bert,c4c659fd17dd5807572b3f0f577de8c408401ca7,3.4108006954193115,3.194542646408081,3.3957788944244385
046df5c275c2fbb42a3c194f9a1e89868926a20f39a3f3f4daa0aa44134e94b7,RobroKools/vad-bert,c4c659fd17dd5807572b3f0f577de8c408401ca7,2.996114730834961,2.9345192909240723,3.148449420928955
ef9bc8ded9bda8585f2e41f15ad141f5a88875952de20ba826d3fe0f414f4890,RobroKools/vad-bert,c4c659fd17dd5807572b3f0f577de8c408401ca7,2.9359569549560547,2.994542360305786,3.1644349098205566
20bd01af38d692b0884caf231d34c31dc28cb6d4e0af54ee07f419e727cf6041,RobroKools/vad-bert,c4c659fd17dd5807572b3f0f577de8c408401ca7,3.1778814792633057,3.053354024887085,3.220051050186157
629c985a96c91b870c2834d2182d1d7f8c641458754a5b192d50e320dea2898a,RobroKools/vad-bert,c4c659fd17dd5807572b3f0f577de8c408401ca7,3.016613483428955,2.9692647457122803,3.079076051712036
f5bee8b75bb689e2c931e19ad40cd76a230226ab742a79c6f65e21495af8ddce,RobroKools/vad-bert,c4c659fd17dd5807572b3f0f577de8c408401ca7,3.299154996871948,3.0429513454437256,3.2319467067718506
7e026887084a088904b8cfbc5c6f019f55863cbac4c2838aee182e5b3b2e7def,RobroKools/vad-bert,c4c659fd17dd5807572b3f0f577de8c408401ca7,3.187932252883911,3.0842154026031494,3.3521111011505127
3f970da8d313c4223e6989222d7bc45a0c7e2f907bb588138014b1f399b337fa,RobroKools/vad-bert,c4c659fd17dd5807572b3f0f577de8c408401ca7,3.238185167312622,2.9550931453704834,3.2756924629211426
24f97ad3656ed6d763dbb838adc7553278a19f8adca44ce166a0763e7dd5fe93,RobroKools/vad-bert,c4c659fd17dd5807572b3f0f577de8c408401ca7,3.4295918941497803,3.163179874420166,3.294389247894287
8cf2a35a3dd1339f221664da23db7b5ff251b7f7507b1ef943a1817ff39cffb4,RobroKools/vad-bert,c4c659fd17dd5807572b3f0f577de8c408401ca7,3.3525760173797607,3.126425504684448,3.267844915390014
e99ff6e8f35394547d1bc2facb2364d91ab9be8ce1c99d2b139bb2ac992bd092,RobroKools/vad-bert,c4c659fd17dd5807572b3f0f577de8c408401ca7,3.396433591842652,3.0996415615081787,3.3359692096710205
28482fc3fd31a4a8449d8f749ee71b5a5813f7c0926590e8030bca0b762a2ec5,RobroKools/vad-bert,c4c659fd17dd5807572b3f0f577de8c408401ca7,3.325759172439575,3.0404927730560303,3.2909257411956787
629532ba41e6027654e2a4acab4ab15da2e9259784edc375e2f003cd31081895,RobroKools/vad-bert,c4c659fd17dd5807572b3f0f577de8c408401ca7,3.3373234272003174,3.087651014328003,3.363759279251098
efe8c6e8071c50bff17c772c39e9883121f66c9d044f5449200bd5e9845a1b16,RobroKools/vad-bert,c4c659fd17dd5807572b3f0f577de8c408401ca7,3.494565010070801,3.208893060684204,3.352198600769043
7fd43c1a0942c261c12f9b573088e4fc6fc3b39b85300716fe5a326483d77f39,RobroKools/vad-bert,c4c659fd17dd5807572b3f0f577de8c408401ca7,3.2776074409484863,3.207638502120972,3.254791498184204
904a677930316d9ca12339e25e0127a0397db68257f49828824126dc58988fed,RobroKools/vad-bert,c4c659fd17dd5807572b3f0f577de8c408401ca7,3.159175395965576,3.129477500915528,3.1014249324798584
4f4372a4bd15eb9cb07302f57b03298a56c77e10af084f7aa3847e4f87437aa4,RobroKools/vad-bert,c4c659fd17dd5807572b3f0f577de8c408401ca7,3.1423861980438232,2.9846858978271484,3.150977373123169
3ab1c8c7f4f46e671845cae66db0cbf692a946d9735e351b4d6564b83ab273a1,RobroKools/vad-bert,c4c659fd17dd5807572b3f0f577de8c408401ca7,3.031949996948242,2.9648728370666504,3.234198093414306
23d18e31fc10cbfa675bc983abc4600a671eba1d78c1d89d84eea90dca187730,RobroKools/vad-bert,c4c659fd17dd5807572b3f0f577de8c408401ca7,2.912066698074341,2.875684976577759,3.1269047260284424
cf661617d7572c053706362944a97e184ebc425a283a27f7d38d195d2de88de0,RobroKools/vad-bert,c4c659fd17dd5807572b3f0f577de8c408401ca7,3.046204805374145,3.102144956588745,3.180084705352783
8b4357077f432b3c766475b0a184b88dcee7d4a262ec8878591c0aa9c8e1e61e,RobroKools/vad-bert,c4c659fd17dd5807572b3f0f577de8c408401ca7,3.052308320999145,2.984492063522339,3.144639730453491
11ecab2e1b540b19c89552dd0df1e254b56d3f1f708a2aa81076fe523757136d,RobroKools/vad-bert,c4c659fd17dd5807572b3f0f577de8c408401ca7,3.031901597976685,3.0904908180236816,3.282949686050415
eacce53bb3c809d1acb056eee6ecffe57fd606587c095669124c1683f3f8a088,RobroKools/vad-bert,c4c659fd17dd5807572b3f0f577de8c408401ca7,3.1196744441986084,3.127937078475952,3.229172468185425
b5f7b7f25d096ae5ad3c8f40bee831bb688ed9cf3fcb7b6eed0fcf39e34ba712,RobroKools/vad-bert,c4c659fd17dd5807572b3f0f577de8c408401ca7,3.0527231693267822,2.8309338092803955,3.093381881713867
7d226b6b65fd3b584cb4159c40b3af54d653a49d5bf3e81f7039a4131e56899d,RobroKools/vad-bert,c4c659fd17dd5807572b3f0f577de8c408401ca7,2.9797451496124268,2.952448844909668,3.163059949874878
8b9b970b2e630a4a71a22293cd8a67dbafe1171bc772cf9cc4cd41d93888f308,RobroKools/vad-bert,c4c659fd17dd5807572b3f0f577de8c408401ca7,2.9087979793548584,2.9776370525360107,3.103137969970703
51440fed04f4e15cc54afdcd74e05103a653a24acc930e8499ceebd228cbbdbe,RobroKools/vad-bert,c4c659fd17dd5807572b3f0f577de8c408401ca7,3.092734098434448,2.941457271575928,3.131797790527344
e618c03a6a12575d1e410ff31eae92b8300b42d0e875f27fb609bc5038322ace,RobroKools/vad-bert,c4c659fd17dd5807572b3f0f577de8c408401ca7,3.128780603408813,2.9912877082824707,3.1168458461761475
5ee3e8f142b5c49661de2c76b4c98965463e7b057b4f1ad7c24f703974e72cf9,RobroKools/vad-bert,c4c659fd17dd5807572b3f0f577de8c408401ca7,3.0129010677337646,3.036133050918579,3.1451218128204346
b744e014265bd44474a508c1838d7869829f9ac2f242fb13922675f2b0369111,RobroKools/vad-bert,c4c659fd17dd5807572b3f0f577de8c408401ca7,3.059962034225464,3.0508739948272705,3.0744528770446777
defd49b0dd1c4b256c9cbe98940dc11057a43c694414a81deae706b07d6117c5,RobroKools/vad-bert,c4c659fd17dd5807572b3f0f577de8c408401ca7,2.9533956050872803,3.0275719165802,3.0986199378967285
4396675182ec89da178d505045601645bc47fb93ab823a2505c3da0f912f7619,RobroKools/vad-bert,c4c659fd17dd5807572b3f0f577de8c408401ca7,2.9431164264678955,3.021990776062012,3.051149606704712
976d31a332f2a943c9b1b685e610dd8fc2d1444b0aa5daefcece7f62616d4909,RobroKools/vad-bert,c4c659fd17dd5807572b3f0f577de8c408401ca7,2.9859650135040283,2.993305921554565,3.0460002422332764
b9ba9832ed9428d5ab95e42ad215a70af09ee0e08e1ce2a8949feb1b0354bfaa,RobroKools/vad-bert,c4c659fd17dd5807572b3f0f577de8c408401ca7,3.062324523925781,2.978658676147461,3.206594705581665
5d246379ee3057acc0cfef77f06b007c62bd58de8aa47f9e61212096fca5d9ba,RobroKools/vad-bert,c4c659fd17dd5807572b3f0f577de8c408401ca7,2.927137613296509,3.0000665187835693,3.338365316390991
fbe354d880dd3bc768fb82e5d61cd14c0508e291953d62b9151c5ab811cd0537,RobroKools/vad-bert,c4c659fd17dd5807572b3f0f577de8c408401ca7,2.914524793624878,2.9160754680633545,3.108323812484741
bfafa85076ad56960bc14ab0aaa7b2633eb22e4069cfa97ea36e4b08fb0cf7f7,RobroKools/vad-bert,c4c659fd17dd5807572b3f0f577de8c408401ca7,3.0312399864196777,3.113380193710327,3.135124921798706
73762e5881c46251dd18956b4c149d4bce803442a859226b7041dec423d598ab,RobroKools/vad-bert,c4c659fd17dd5807572b3f0f577de8c408401ca7,2.929455041885376,3.112456083297729,3.046386480331421
33610e04561febd580d466c6e04daffa100cd459f58ace4eb7817960e7ec3de4,RobroKools/vad-bert,c4c659fd17dd5807572b3f0f577de8c408401ca7,2.9502742290496826,2.927922487258911,3.343237400054932
faaa42e032bd505304a94295bd4e54e57cdd495e8c5008e1ea9ef9add463476e,RobroKools/vad-bert,c4c659fd17dd5807572b3f0f577de8c408401ca7,3.0478851795196533,2.962169885635376,3.365746259689331
82be1b320565e9b7a0ceecdf089a2012420c74b005ad34b45057c651a14b97ef,RobroKools/vad-bert,c4c659fd17dd5807572b3f0f577de8c408401ca7,2.943971633911133,2.989156007766724,3.261735200881958
67ffe22686201cc39f446f43a16b6a344e3d58ea8d3162cc64c091fd7e4e80ae,RobroKools/vad-bert,c4c659fd17dd5807572b3f0f577de8c408401ca7,3.15247654914856,3.0841381549835205,3.311532020568848
3c2efdb54f8227a9d3fd6c987fabf667ba036c2ae88c2c1f5723fb0e6357a33d,RobroKools/vad-bert,c4c659fd17dd5807572b3f0f577de8c408401ca7,2.960756540298462,3.043980360031128,3.1678659915924072
81464527019d6b32db47b564f9ed18533e604570d1b5524cb93fbd6645bc3b0c,RobroKools/vad-bert,c4c659fd17dd5807572b3f0f577de8c408401ca7,3.1664507389068604,3.0851821899414062,3.3142240047454834
afa328fc035d86e285aa01e4dbcb8fab8ce16a7a95546d1f20dd6508dd2a242d,RobroKools/vad-bert,c4c659fd17dd5807572b3f0f577de8c408401ca7,3.4285566806793213,3.1765644550323486,3.329592227935791
6b10cdb9f5779b7debdfad2951347ba479a048e005a08586f27e5863a160e657,RobroKools/vad-bert,c4c659fd17dd5807572b3f0f577de8c408401ca7,3.099751234054565,3.04822039604187,3.2398841381073
c74c55534dca32e0df2b7a3f530aa090e3a443c5282abbb223d3b84604821b8e,RobroKools/vad-bert,c4c659fd17dd5807572b3f0f577de8c408401ca7,3.145538568496704,3.086876392364502,3.2352020740509038
5f62674f51cce2696116146b7b20dbff2fcc60cb07b41e6685976fcad33125cf,RobroKools/vad-bert,c4c659fd17dd5807572b3f0f577de8c408401ca7,3.064750909805298,3.032315969467163,3.2801260948181152
b4681f6d664fd0bfc34c84e145b324e8d02614ac748eecf893ce03565b0a7af2,RobroKools/vad-bert,c4c659fd17dd5807572b3f0f577de8c408401ca7,3.1855361461639404,3.1168904304504395,3.1885011196136475
624c13c2407b3c7e30f68ba7f1e8d9864d4b8a2a70c590d8ddbcf5c2b81cd855,RobroKools/vad-bert,c4c659fd17dd5807572b3f0f577de8c408401ca7,3.179433822631836,3.02310848236084,3.237953186035156
16a9599b264ab791c48b1596d31afabf03faaf93b4f133ff1fb12ee3d2e7c7e5,RobroKools/vad-bert,c4c659fd17dd5807572b3f0f577de8c408401ca7,3.2777621746063232,3.0437822341918945,3.2498950958251958
1ef36ccbf005a826484289a4721f01fb0df9a6d83bc87713d648ae9848432af5,RobroKools/vad-bert,c4c659fd17dd5807572b3f0f577de8c408401ca7,3.1613552570343018,3.1095073223114014,3.251777410507202
352f47e3e6154f3a0c10d747abadc9c97e2c504bdbcf545b20e592b4f9d141f9,RobroKools/vad-bert,c4c659fd17dd5807572b3f0f577de8c408401ca7,3.144411325454712,3.0591824054718018,3.2640600204467773
9051c1aa7d2205befcc7390dcac196e281a09deb05167877cb55f7c46852ef51,RobroKools/vad-bert,c4c659fd17dd5807572b3f0f577de8c408401ca7,3.125560760498047,3.126044750213623,3.2565371990203857
74d0009da3e56a53f80d80620add248033d1dfe3b7e20857447533d098ba7e07,RobroKools/vad-bert,c4c659fd17dd5807572b3f0f577de8c408401ca7,3.2874255180358887,3.0757906436920166,3.2732207775115967
796b4d847d8f22f276839c3e5abe2c0627d12bf37b012ff11d4d62c33db2f9e2,RobroKools/vad-bert,c4c659fd17dd5807572b3f0f577de8c408401ca7,3.156456470489502,3.125849962234497,3.212645530700684
3ba119b14feec60212681705d15112f474917df9430f230cf2d3f026bf78a7c3,RobroKools/vad-bert,c4c659fd17dd5807572b3f0f577de8c408401ca7,3.280309200286865,3.1016275882720947,3.265564441680908
896b9ac822d0de83b22d890d8601e921b52bb8714c08ed5e3f0c112a6a5d4156,RobroKools/vad-bert,c4c659fd17dd5807572b3f0f577de8c408401ca7,3.0914952754974365,3.20251202583313,3.263033628463745
0608d5c262cac11311ba07d7773a0e4fb0037fa560cc0bda4c71737c971fe44d,RobroKools/vad-bert,c4c659fd17dd5807572b3f0f577de8c408401ca7,3.097219705581665,3.2160885334014893,3.277376890182495
7cedfcca6be46b86875b6b97d43f0efc6601133a827c51abfcb6731274b82d86,RobroKools/vad-bert,c4c659fd17dd5807572b3f0f577de8c408401ca7,3.362625360488892,3.078089475631714,3.3501639366149902
1b1220b176816aad45f92593434ccbd8e8ceb28676e8a020158249bac6b2ab2e,RobroKools/vad-bert,c4c659fd17dd5807572b3f0f577de8c408401ca7,3.1185824871063232,3.115626335144043,3.2683656215667725
4ce9b80884f0d2714c7f96e681b435f07d7a1d88e153a7532193b54e0ee69a3b,RobroKools/vad-bert,c4c659fd17dd5807572b3f0f577de8c408401ca7,3.2797677516937256,3.003134489059448,3.2061963081359863
ccd556bd439f254f277f6680a27deeb5e2cdb4f2a0a01c170310b686a618f5f0,RobroKools/vad-bert,c4c659fd17dd5807572b3f0f577de8c408401ca7,3.2972750663757324,3.03934383392334,3.2467024326324463
7f30d39df859a460c56e4207d6d1b08247f14e99e066bc0dfa263025a643de01,RobroKools/vad-bert,c4c659fd17dd5807572b3f0f577de8c408401ca7,3.318542718887329,3.074535369873047,3.2022922039031982
8d2a833fb1f77df27e27f25c255519fcaf55a39e7cfad95ff701fed6ac8b8bc4,RobroKools/vad-bert,c4c659fd17dd5807572b3f0f577de8c408401ca7,3.312317132949829,3.17085599899292,3.273350477218628
68df9d014713f1722b4d167f594b167ea7b6a3f10be8f2070f8cb8c709908269,RobroKools/vad-bert,c4c659fd17dd5807572b3f0f577de8c408401ca7,3.2838871479034424,3.036583662033081,3.234933614730835
44ff688d030de49b62e9041481ed2e86db2c80b993553a1d3e4c419b6748dfc1,RobroKools/vad-bert,c4c659fd17dd5807572b3f0f577de8c408401ca7,3.14002537727356,3.170427083969116,3.1399314403533936
0bf7533becb1ef6e6c0b29ee97210d348538d6fc3d828fda77cdf5126b965671,RobroKools/vad-bert,c4c659fd17dd5807572b3f0f577de8c408401ca7,3.239619255065918,3.0725419521331787,3.212937116622925
fff544c473af0f002dcdf8b61a40f33e7d0656e16dc9452c0b1ece10f34e3ff4,RobroKools/vad-bert,c4c659fd17dd5807572b3f0f577de8c408401ca7,3.1704695224761963,3.133920431137085,3.2182188034057617
ddcc7988c8515e7b5fd85b6f9532448f77c9e27620d64cc08f3134dab5ec2552,RobroKools/vad-bert,c4c659fd17dd5807572b3f0f577de8c408401ca7,3.283577680587769,3.0710268020629883,3.200186014175415
fe2c028475defba097da0357ae91c9fe765ec31be47ab2d8ba794f771221507a,RobroKools/vad-bert,c4c659fd17dd5807572b3f0f577de8c408401ca7,3.0798704624176025,2.943826675415039,3.2019522190093994
30d983978d37955e467122afa3bb7c8244c7b73c0ef2fefa1f251c9785ad540f,RobroKools/vad-bert,c4c659fd17dd5807572b3f0f577de8c408401ca7,2.9971015453338623,2.966977834701538,3.0982329845428467
28dd8ecc7d2d64e81b8346f3219949e9a57ac5826c88626ce782a7e92b26c55c,RobroKools/vad-bert,c4c659fd17dd5807572b3f0f577de8c408401ca7,2.983299970626831,2.98869252204895,3.081690788269043
f712e3a8a92c3671b19efe3bfec493356cfba1cb6ead0624d9e7625caacb8b68,RobroKools/vad-bert,c4c659fd17dd5807572b3f0f577de8c408401ca7,3.173551082611084,3.109457015991211,3.1097161769866943
2a6b6bb738bae4968ea4e58607dfd233ee5bb2a8ca34864d7ec317cacc79c341,RobroKools/vad-bert,c4c659fd17dd5807572b3f0f577de8c408401ca7,3.116790533065796,2.99843430519104,3.098564386367798
958e5f7753599633492034c1fb2ee9dfe03be1b28eb60558c55c740250a0d3e8,RobroKools/vad-bert,c4c659fd17dd5807572b3f0f577de8c408401ca7,3.059988021850586,2.9551093578338623,3.0833184719085693
5d750c862797be5ee7df7eddf01eec3b9b46d1ea4ac0ce0d32eec4d4d961a9cd,RobroKools/vad-bert,c4c659fd17dd5807572b3f0f577de8c408401ca7,2.985448837280273,3.223385572433472,3.1663029193878174
46625fecc0c1b7de4b4d0de7712c4db65ede6d3e2ec7f8cfaf88880336e870f4,RobroKools/vad-bert,c4c659fd17dd5807572b3f0f577de8c408401ca7,2.793065309524536,3.055417060852051,3.4825220108032227
804c4c48971d5c66c110b10d7bb011252e81a97e57ff847de7f01bb7683888bb,RobroKools/vad-bert,c4c659fd17dd5807572b3f0f577de8c408401ca7,2.750384569168091,3.0676701068878174,3.315736055374145
e7562e99e25fff62f3a214efdcbf4ce9653377e8286cf42532b926748ec826e9,RobroKools/vad-bert,c4c659fd17dd5807572b3f0f577de8c408401ca7,2.980607271194458,2.963248014450073,3.238164186477661
17a9a0a9ebfb3905ab5493863cc352178167c901c5b2d74fe86a73b2b52177e5,RobroKools/vad-bert,c4c659fd17dd5807572b3f0f577de8c408401ca7,2.889214277267456,3.009100437164306,3.348604440689087
b5f1eb9faba76dc9d037492bbfda56b0412e99ec23275fcf815e46910c6e4d58,RobroKools/vad-bert,c4c659fd17dd5807572b3f0f577de8c408401ca7,2.9178497791290283,2.9989402294158936,3.2647078037261963
31dca2f69ef0658c87fff254e9870381db7ff87d633ab9674364cbae109c22f5,RobroKools/vad-bert,c4c659fd17dd5807572b3f0f577de8c408401ca7,2.974404573440552,3.0483083724975586,3.293180227279663
c1b954b0adfcea8e432982d1385dc47376c5388c8cedb2a25c8484b6fd4a72e1,RobroKools/vad-bert,c4c659fd17dd5807572b3f0f577de8c408401ca7,2.855375051498413,3.10900616645813,3.273564100265503
3ed47ff8af9ffa5a54c799d5087ccd1c899fe5f01dedc5e63a33ab6cb34a2b6c,RobroKools/vad-bert,c4c659fd17dd5807572b3f0f577de8c408401ca7,2.8592517375946045,3.033292055130005,3.2431015968322754
1765eeb2c898b30bd90f475c9330f7486195d02353ee680c2ac410cf0324ee42,RobroKools/vad-bert,c4c659fd17dd5807572b3f0f577de8c408401ca7,2.855375051498413,3.10900616645813,3.273564100265503
75f8afc30d7df214a42c9278a979a41532a67f870059bb463d0f1864a48bff2f,RobroKools/vad-bert,c4c659fd17dd5807572b3f0f577de8c408401ca7,2.9624335765838623,3.094359397888184,3.199920654296875
171051d6186bc419d77eb6bb5aa56019c900fee9c016108b8cd0403fd01cf3c6,RobroKools/vad-bert,c4c659fd17dd5807572b3f0f577de8c408401ca7,2.920203685760498,3.078399896621704,3.246479749679565
b654fcd6309484471aaa9e2c67957e4357c6e9b29b8a47936203974b4b9ecb0d,RobroKools/vad-bert,c4c659fd17dd5807572b3f0f577de8c408401ca7,2.835937261581421,2.9969003200531006,3.413060426712036
4d54d66af069b1e1b57f045a68a175fde196a1b5316bf11c747eeb25d3d3f8b3,RobroKools/vad-bert,c4c659fd17dd5807572b3f0f577de8c408401ca7,3.028571844100952,3.126127004623413,3.331894874572754
583d4100df48d447bd729885ed4af3cfb167c22eb2e5cdac26cffe42fa3eaa16,RobroKools/vad-bert,c4c659fd17dd5807572b3f0f577de8c408401ca7,2.6611902713775635,3.07977032661438,3.1938419342041016
3ab1c6ebd90e3d749603592c67aab948bedf38af37c7c66a6695efcb290b7d29,RobroKools/vad-bert,c4c659fd17dd5807572b3f0f577de8c408401ca7,2.917272090911865,2.9842684268951416,3.183245897293091
10112e6292306dabc8eed59be54ece5d1412c9aba1ab9f2268aa3fc12fd28e3d,RobroKools/vad-bert,c4c659fd17dd5807572b3f0f577de8c408401ca7,3.0318233966827397,3.044602632522583,3.289813280105591
e1aaa9555aa98546c363de108f0c9055e840936f20ea093101474704741b2fef,RobroKools/vad-bert,c4c659fd17dd5807572b3f0f577de8c408401ca7,3.206929922103882,3.2517309188842773,3.3668599128723145
7e623efa1098cd9573238367e2940da33cf6e372c0a5f5417a6abf8bb50e72f9,RobroKools/vad-bert,c4c659fd17dd5807572b3f0f577de8c408401ca7,3.1036384105682373,3.08191466331482,3.243791341781616
90c3debd1e223551adda14f83eccb581388607f55a314fc0c8276fbb3a863d90,RobroKools/vad-bert,c4c659fd17dd5807572b3f0f577de8c408401ca7,3.044604778289795,3.1923062801361084,3.283456563949585
37f1f34289fe8d42f50a66ca6a19b4101cbc888111677f80cf5d38a800aac981,RobroKools/vad-bert,c4c659fd17dd5807572b3f0f577de8c408401ca7,3.0931475162506104,3.1444132328033447,3.354654312133789
7a4ed06d7830f91e39a4c352d3114d8388df08ddeb5d21fcf0d9711133d1568f,RobroKools/vad-bert,c4c659fd17dd5807572b3f0f577de8c408401ca7,3.056335210800171,3.1740260124206543,3.1765079498291016
2737875b7ec4c3591f29eb1ac96c6d2efc5161ea6d63f6e7784b764551b44685,RobroKools/vad-bert,c4c659fd17dd5807572b3f0f577de8c408401ca7,3.050044059753418,3.165538787841797,3.3179402351379395
cb549828f430d8e5155a4deaf23fa55a28f4c7c7ccc07ef446424d90593e8e86,RobroKools/vad-bert,c4c659fd17dd5807572b3f0f577de8c408401ca7,3.014757871627808,3.1431665420532227,3.2902581691741943
7c4e2e29dc34a07d4c83bb193f8668149d2dfd9021ef97b64df5bcb207dd98c1,RobroKools/vad-bert,c4c659fd17dd5807572b3f0f577de8c408401ca7,3.0457088947296143,2.922168493270874,3.2234930992126465
c3b282898b4a1c90b284deeec7767dedef14b70d84daccc55d41f34a05e079b9,RobroKools/vad-bert,c4c659fd17dd5807572b3f0f577de8c408401ca7,3.34072494506836,3.1473329067230225,3.1532866954803467
f5447ad4f63a2b24b9450bfe8dd5c9fee84f0ed9f56345765b19558ee7bf707d,RobroKools/vad-bert,c4c659fd17dd5807572b3f0f577de8c408401ca7,3.180743932723999,3.02353310585022,3.1993534564971924
7153383fa87b2823a1d39ddd438c06b251ea6c9cc5586dec5e7b78a16dda0432,RobroKools/vad-bert,c4c659fd17dd5807572b3f0f577de8c408401ca7,3.1936404705047607,3.087239980697632,3.37961220741272
2c4bfaddbf54a5d7a66d58e91f71c49b9ee17d480f490479665346dd17e9dbb1,RobroKools/vad-bert,c4c659fd17dd5807572b3f0f577de8c408401ca7,3.3874175548553467,3.1447396278381348,3.224082946777344
5065fbc878206fd0dbfe95f16d7825d521808d75d1f6fd5fcf2c246869cfebd4,RobroKools/vad-bert,c4c659fd17dd5807572b3f0f577de8c408401ca7,3.336284875869751,3.110021114349365,3.3142035007476807
d12a7d5c56e053dffa4a7766fbc36db9241046ff292e2bc2e87b1819298d76f8,RobroKools/vad-bert,c4c659fd17dd5807572b3f0f577de8c408401ca7,3.386850357055664,3.120388984680176,3.17925238609314
f0a472ae4f87c267fa60bd9f306b9ff757e01e4c8fbea7cf885d2a7e35cb7c01,RobroKools/vad-bert,c4c659fd17dd5807572b3f0f577de8c408401ca7,3.162359476089477,3.114081382751465,3.301184892654419
ee819a4b2b51641cd14e57b02fa835a6e47f5d395e35c73af8d21cc1ab98299a,RobroKools/vad-bert,c4c659fd17dd5807572b3f0f577de8c408401ca7,3.211261749267578,3.1943676471710205,3.238766431808472
8d08893eeaf0ef89efff931f8f875a8d3c6b8e2a81f313e1c3b48d04c9e6d289,RobroKools/vad-bert,c4c659fd17dd5807572b3f0f577de8c408401ca7,3.2284862995147705,3.131825685501098,3.359220504760742
895d848b2f7b06666d5e4a0c72f15b074d03d814974c47df92c2fe83fdb742dc,RobroKools/vad-bert,c4c659fd17dd5807572b3f0f577de8c408401ca7,3.0621795654296875,3.0717692375183105,3.22312331199646
eb3f525633a992c06cbfc2b30383d408a02a10635c0db6cb3b99c18f7e7a9414,RobroKools/vad-bert,c4c659fd17dd5807572b3f0f577de8c408401ca7,3.330127000808716,3.1497251987457275,3.3460452556610107
54a4d7025f7f0847a005101f98af40cab210d69c0b780385ae9bb7d90064b232,RobroKools/vad-bert,c4c659fd17dd5807572b3f0f577de8c408401ca7,3.251781225204468,2.9235806465148926,3.2654454708099365
dbc54cf886045120a33a9ee6bcad362d228c4d201031a467262b85dae231adf0,RobroKools/vad-bert,c4c659fd17dd5807572b3f0f577de8c408401ca7,3.0006954669952397,3.1042373180389404,3.385199785232544
87c8f2354570c926bb23eceef1afbe30414fa84975e306c0b1f6b2091ef90fd1,RobroKools/vad-bert,c4c659fd17dd5807572b3f0f577de8c408401ca7,3.0891101360321045,2.889024019241333,3.363944292068481
84cffa20d57abc5a1d034492aa165482eec8b2c62fb730a6ba72b62144ed8282,RobroKools/vad-bert,c4c659fd17dd5807572b3f0f577de8c408401ca7,3.039888620376587,3.0670948028564453,3.238415241241455
234f3415a67a3507258e5ed806b326f33cd1db5796bcbd0861fc9b809b4bc578,RobroKools/vad-bert,c4c659fd17dd5807572b3f0f577de8c408401ca7,3.19223952293396,3.053807258605957,3.4707634449005127
17caa96b20c25113b19d41f1a7391e3c0e45eccc7c9e38c8e8d385221bd2f8fc,RobroKools/vad-bert,c4c659fd17dd5807572b3f0f577de8c408401ca7,3.3269965648651123,3.0320403575897217,3.429917812347412
380d94d175fc64b789da70bd21a7b452018df388bfaff72385d21a199779d7f1,RobroKools/vad-bert,c4c659fd17dd5807572b3f0f577de8c408401ca7,3.0104639530181885,3.053948163986206,3.383079290390014
e7c283b05f652a74a4289842963ae98085c53dc74cc0ea7c552807d931123ac0,RobroKools/vad-bert,c4c659fd17dd5807572b3f0f577de8c408401ca7,3.349259614944458,3.1194159984588623,3.363215923309326
91a165e00f069f69e043d885004d37894614f89e9b0dec590de9fc597f804eb2,RobroKools/vad-bert,c4c659fd17dd5807572b3f0f577de8c408401ca7,3.1036150455474854,2.9538824558258057,3.228473663330078
cc56b2240f56a59a99a55fb7e7d58d918986dfd8d8dbcb79d4e2da7c2e2145bd,RobroKools/vad-bert,c4c659fd17dd5807572b3f0f577de8c408401ca7,3.2007763385772705,2.956820487976074,3.259901762008667
903da44a976e2d0745f1d414574c884036b9efa803bb34f0e0f515066478288e,RobroKools/vad-bert,c4c659fd17dd5807572b3f0f577de8c408401ca7,3.2395782470703125,3.156393527984619,3.416032075881958
6dbeb2d725954eab25e24cfe8a3ff36699139c514187568ef2f07e634d27ddb3,RobroKools/vad-bert,c4c659fd17dd5807572b3f0f577de8c408401ca7,3.508534669876098,3.1435554027557373,3.223098039627075
79e7d93a66a911cd4d7d7e0324e3a350d07e5445907bc109e19e182e61e7bb2d,RobroKools/vad-bert,c4c659fd17dd5807572b3f0f577de8c408401ca7,2.7054595947265625,2.9908525943756104,3.148765563964844
970b2a7f0d823cf6368f2e1c7bab794c9b85e35b87b339803c8323f78fc1d529,RobroKools/vad-bert,c4c659fd17dd5807572b3f0f577de8c408401ca7,2.884558916091919,3.2697741985321045,3.12644362449646
b4ebefbadc109ca219106556bec34826afd9b703be55f2ac918cd17358bab450,RobroKools/vad-bert,c4c659fd17dd5807572b3f0f577de8c408401ca7,2.878029584884644,3.1205523014068604,3.1402029991149902
c847d9b1879271799a32a43b847492875804c06adef872bc246b375cec981521,RobroKools/vad-bert,c4c659fd17dd5807572b3f0f577de8c408401ca7,3.169195890426636,3.058882713317871,3.2199318408966064
d521117271c385b54faa823dd0391fc5635c97e20bb73aa272d28fdfb5ba3e1d,RobroKools/vad-bert,c4c659fd17dd5807572b3f0f577de8c408401ca7,2.8718395233154297,3.312509059906006,3.156644105911255
4b16bd5cb091051155c710070f8b90df25d6b05c1976b35c2bc4ae491948adf3,RobroKools/vad-bert,c4c659fd17dd5807572b3f0f577de8c408401ca7,2.951655626296997,2.929058790206909,3.233948945999145
76a06b91828baf8ddc1f92ebca80b9b06e5c3c179829ddcfc911aa549e88b2f8,RobroKools/vad-bert,c4c659fd17dd5807572b3f0f577de8c408401ca7,2.91081976890564,2.981579542160034,3.2523109912872314
14f87d9d29e84f0160e0088f6ab5290a706be89c2d3dae28e173994f94d5c0a8,RobroKools/vad-bert,c4c659fd17dd5807572b3f0f577de8c408401ca7,3.0002329349517822,3.0055716037750244,3.169616937637329
9a773cc8a6911c2df33ed7c759edad4625ef7e587612b50c69d655aa307eff2e,RobroKools/vad-bert,c4c659fd17dd5807572b3f0f577de8c408401ca7,2.969079732894897,3.0529263019561768,3.240070581436157
7ce9cadba6a26967d2d1f77d0257803b1892eced0d7d669b701ee51ed3fce926,RobroKools/vad-bert,c4c659fd17dd5807572b3f0f577de8c408401ca7,3.1051487922668457,3.025545597076416,3.334921598434448
6179cd0aba927b9c3777cc57c0b2f058a881dbba95e70b481402f443de5802e2,RobroKools/vad-bert,c4c659fd17dd5807572b3f0f577de8c408401ca7,3.0456855297088623,2.899666786193848,3.227578639984131
06e8bc1b12a2da9043a35482726b0e4e55cbdfb555b950efd1d057569fbe6e5a,RobroKools/vad-bert,c4c659fd17dd5807572b3f0f577de8c408401ca7,3.2043240070343018,3.0510990619659424,3.226684808731079
0129d772f27e568eeac0361469847fe353c64e5bd9db4e04c93a179d0fbdae87,RobroKools/vad-bert,c4c659fd17dd5807572b3f0f577de8c408401ca7,3.0235321521759038,2.88728404045105,3.2601253986358643
1fdcc751efe7acdf2f5cd50e7ce6ca74e595d1b2dbf5fa88a158d06d846174c5,RobroKools/vad-bert,c4c659fd17dd5807572b3f0f577de8c408401ca7,3.119694471359253,2.909000873565674,3.347597122192383
8c64fe281c136d0fd96ec842dfce7c829efc55e4a23248bad03303e312593765,RobroKools/vad-bert,c4c659fd17dd5807572b3f0f577de8c408401ca7,2.970387458801269,3.1222665309906006,3.2982637882232666
a4a91d824f3472d94c316651d7b54e7a6336326f3e9e3a073e81eea0f30d4bd2,RobroKools/vad-bert,c4c659fd17dd5807572b3f0f577de8c408401ca7,2.937809705734253,3.0022566318511963,3.1592342853546143
a8baf22819c9471739e186f4e6be8a5e68ea7d01aaea7afd9c5e8ab3ed9b9786,RobroKools/vad-bert,c4c659fd17dd5807572b3f0f577de8c408401ca7,2.9554154872894287,3.157645463943481,3.3176944255828857
dcd133e37e3ae2e53b953e2e76d5f465b8e8b7d57bda9778568ff786b9649d51,RobroKools/vad-bert,c4c659fd17dd5807572b3f0f577de8c408401ca7,2.9261531829833984,3.107919692993164,3.224276542663574
aaf56593d2670c8755d89741225ff876724680aa99231e01d1f631da5faa6f95,RobroKools/vad-bert,c4c659fd17dd5807572b3f0f577de8c408401ca7,2.9467697143554688,3.064730167388916,3.3146660327911377
be8a56716560a4067b96c1bd34416d586c8c66c90b41ab94f575c5a552516484,RobroKools/vad-bert,c4c659fd17dd5807572b3f0f577de8c408401ca7,2.8233368396759038,3.124497652053833,3.1904306411743164
7b8a57c9a89b0ed3992820d8d226582551aba7ecc30aa2f4b338c9351d6cf293,RobroKools/vad-bert,c4c659fd17dd5807572b3f0f577de8c408401ca7,2.760077953338623,3.1466546058654785,3.155423402786255
e5b4e810755de2833050a049f1e16d395134209ccc7f9f8068f1959554c39139,RobroKools/vad-bert,c4c659fd17dd5807572b3f0f577de8c408401ca7,3.081170082092285,3.231633424758911,3.285139560699463
99c497c19932c11fe939120db9af917d11cc439643fab74db223a14c815b7f57,RobroKools/vad-bert,c4c659fd17dd5807572b3f0f577de8c408401ca7,2.715012311935425,3.1650660037994385,3.210618495941162
88a1d999ceaec6e7d9b5e3b515b99749a9a08d0bebe6a44ab93a6f8b0868c8dc,RobroKools/vad-bert,c4c659fd17dd5807572b3f0f577de8c408401ca7,2.947682380676269,3.105164766311645,3.2437684535980225
019c0b21f8000440ecd0eaf530e86ded1de171ae3c2c1d80721ff997cb8aa796,RobroKools/vad-bert,c4c659fd17dd5807572b3f0f577de8c408401ca7,2.965321779251098,2.9943952560424805,3.3165218830108643
4d3add111005660ff9a0167510082342929162d36156371180a8ad56f770425c,RobroKools/vad-bert,c4c659fd17dd5807572b3f0f577de8c408401ca7,2.965242624282837,2.93273401260376,3.2833755016326904
730e3a3b5101dad0c41930876b11f988c4299b0c26a6481176a08c3af5be812d,RobroKools/vad-bert,c4c659fd17dd5807572b3f0f577de8c408401ca7,3.04737401008606,2.95393443107605,3.3106448650360107
8bfa44debd54f0cbfbf57379d072f877511c9bc29319a0c0f3f557843787eb29,RobroKools/vad-bert,c4c659fd17dd5807572b3f0f577de8c408401ca7,2.982962846755981,2.997809171676636,3.316755533218384
aaa8b546ea0a1e747868a90377843984a435bea96850969c54f3ec270fe9942d,RobroKools/vad-bert,c4c659fd17dd5807572b3f0f577de8c408401ca7,3.2044570446014404,3.1133933067321777,3.427961587905884
9d624746424c72a549230e30f13e272b73295fa21adbb4409548fab0d40bdf8d,RobroKools/vad-bert,c4c659fd17dd5807572b3f0f577de8c408401ca7,2.726416110992432,3.130512952804565,3.070622205734253
187c784d67a0537b0a39745a9b2e4581c2d1a0e58921e377a04bd473381f199e,RobroKools/vad-bert,c4c659fd17dd5807572b3f0f577de8c408401ca7,2.862003326416016,3.0874171257019043,3.059295892715454
d147c7b4fa1055c0d60468a5dec6a24c43dfc5bbc5fc29294583964ec064253a,RobroKools/vad-bert,c4c659fd17dd5807572b3f0f577de8c408401ca7,3.0569472312927246,3.0649755001068115,3.4051804542541504
ddfd67a3bb7b005b54afd41bf799140d90df0c2d56e9ffe3ec88ab8ce8fc162d,RobroKools/vad-bert,c4c659fd17dd5807572b3f0f577de8c408401ca7,2.784763097763061,3.151381254196167,2.912398099899292
9614611cae0cb50dac1f40a4631a8553d9b53eb6e2c5633b7c384d61f80fe132,RobroKools/vad-bert,c4c659fd17dd5807572b3f0f577de8c408401ca7,2.9218838214874268,3.177029848098755,3.2173328399658203
64b3429c862007b656b308d8d769153af3dba2aa0db22d9f46d877ea7686a399,RobroKools/vad-bert,c4c659fd17dd5807572b3f0f577de8c408401ca7,3.0804014205932617,3.052717685699463,3.241933822631836
0b1ca310ca4fa628f2bc6b5dd6126f115ae4fe59c5fc986b4f14507657945b1d,RobroKools/vad-bert,c4c659fd17dd5807572b3f0f577de8c408401ca7,3.040866613388061,3.127700090408325,3.089683532714844
72acea817cb3ce1366be4e1a420c00c554d6d8157f0345db7da2df2cc5b187ec,RobroKools/vad-bert,c4c659fd17dd5807572b3f0f577de8c408401ca7,2.962888479232788,3.1088593006134038,3.199626207351685
141ebf2f23809b2036a7365fae3fd4256066b0d760b9fa7a90d4b31c3f2be77f,RobroKools/vad-bert,c4c659fd17dd5807572b3f0f577de8c408401ca7,2.6719813346862797,3.2520132064819336,3.066728353500366
154c1f123084a60533c5b34a4fc821f27e12873e11f7e5c963b26539bb8af936,RobroKools/vad-bert,c4c659fd17dd5807572b3f0f577de8c408401ca7,3.080515146255493,3.1527817249298096,3.2584118843078613
6bc6e7ca7ea95626b6396ed7344d5b23ba6122b03d7adc3f88ae39483e01cfca,RobroKools/vad-bert,c4c659fd17dd5807572b3f0f577de8c408401ca7,3.124861478805542,2.982802152633667,3.117342948913574
1c626f429666250d85425fcf4f77d12642e3334ffa734b673011863c9b4e8335,RobroKools/vad-bert,c4c659fd17dd5807572b3f0f577de8c408401ca7,3.20477032661438,3.16701602935791,3.3654847145080566
e93e5752e3b0c1c1512b55886ff1139251a7e98d60e5847ca29aea3b18bed78b,RobroKools/vad-bert,c4c659fd17dd5807572b3f0f577de8c408401ca7,3.1506547927856445,3.128450870513916,3.2279975414276123
0457938a09587021865f92ec6ac729d01920b246c137666096abaa1a49007ecb,RobroKools/vad-bert,c4c659fd17dd5807572b3f0f577de8c408401ca7,3.204481840133667,3.078484058380127,3.441045045852661
f8947eeb1adc5acd37c4defe99a2e8e9a61044bd196977098e5f86611057768c,RobroKools/vad-bert,c4c659fd17dd5807572b3f0f577de8c408401ca7,3.248495817184448,3.1778371334075928,3.289109945297241
435380b410fcc0c907d25141f0c09bfe2e29a033ddf9258c442b6b0ed05da168,RobroKools/vad-bert,c4c659fd17dd5807572b3f0f577de8c408401ca7,3.180678606033325,3.2009470462799072,3.27055025100708
ef4676b5510f65b7f19b81b0db0c06a89660b37a64dfdefc33a791d487847540,RobroKools/vad-bert,c4c659fd17dd5807572b3f0f577de8c408401ca7,3.0619027614593506,2.977066993713379,3.22294282913208
50b23696f725396c8a96bf90e2841d651c8926b1f28786a77316cb63954f0dc1,RobroKools/vad-bert,c4c659fd17dd5807572b3f0f577de8c408401ca7,3.140432834625244,2.9454598426818848,3.287180662155152
6667ada6d47a99da8ffd9b58006225d0af9b65e0325a47c06eb7030d84c26fa1,RobroKools/vad-bert,c4c659fd17dd5807572b3f0f577de8c408401ca7,3.285968065261841,3.0951180458068848,3.4162070751190186
b076cf8ab1569ff7694781db738adc989d2a7f223064ee47ee00f91b22dda753,RobroKools/vad-bert,c4c659fd17dd5807572b3f0f577de8c408401ca7,2.823139905929565,3.120027780532837,3.1424553394317627
4d307a4fa4ef7b9c19b5b79c0e2d4836f678e17b66029cde105b1e522d4310e5,RobroKools/vad-bert,c4c659fd17dd5807572b3f0f577de8c408401ca7,2.9818809032440186,3.1591217517852783,3.1332600116729736
ba7a5458151b80acfb2a5109349c403118a28fd0b2d1a86aae648468bdfc961a,RobroKools/vad-bert,c4c659fd17dd5807572b3f0f577de8c408401ca7,3.014691114425659,3.105332612991333,3.1835830211639404
1203901249930b81ebbe6bbe0df7a617121740376505becd81703946c67a49b6,RobroKools/vad-bert,c4c659fd17dd5807572b3f0f577de8c408401ca7,3.047218084335327,3.11585545539856,3.288663864135742
0399f8301598179cbf3a1902c797144db748168c02408f0b409f0e6d9e0c058a,RobroKools/vad-bert,c4c659fd17dd5807572b3f0f577de8c408401ca7,2.9001615047454834,3.123011827468872,3.161576747894287
d7df35df6a102ec50f3bc395d866e919dd1e8bda22989c126f97ef7728d83eff,RobroKools/vad-bert,c4c659fd17dd5807572b3f0f577de8c408401ca7,3.0457146167755127,3.127314329147339,3.314063310623169
8543ec653ceed6b9bcd3ed3433f8af9ca908f809b3a7d1b8056e5c1cc986457b,RobroKools/vad-bert,c4c659fd17dd5807572b3f0f577de8c408401ca7,3.0951826572418213,3.03359317779541,3.3106281757354736
59ea9737f0ed726f89c84c477a4bfd2c96ac5c713a985e545b559c69e9fc7ee0,RobroKools/vad-bert,c4c659fd17dd5807572b3f0f577de8c408401ca7,3.153538227081299,3.094193696975708,3.28920578956604
ad6c9aa7a00795316529e68d30fef2299ed1db960215c3af2105f37ba36a3b7d,RobroKools/vad-bert,c4c659fd17dd5807572b3f0f577de8c408401ca7,2.97907829284668,3.123115539550781,3.298858404159546
2fb623cfe0c4b1425a63298809752abbe82a1b25b3393ea73bc4504219c3bff3,RobroKools/vad-bert,c4c659fd17dd5807572b3f0f577de8c408401ca7,2.873002767562866,3.065257787704468,3.173084020614624
c1dc18573bb9fecfd6f8d3e6467d57adf131b6729d7dec7ec526adaa3d397a8f,RobroKools/vad-bert,c4c659fd17dd5807572b3f0f577de8c408401ca7,3.180525064468384,3.0585639476776123,3.27947735786438
7b88ab3a292cc5a82454b6f2c4c9cebe4279b4ddda3a0b32d82a6514c5bfb35e,RobroKools/vad-bert,c4c659fd17dd5807572b3f0f577de8c408401ca7,2.937621831893921,3.069854974746704,3.3629541397094727
acacf33893cc59c43f45238f394c7361c90d222b80f71dbc8558507f9741b29b,RobroKools/vad-bert,c4c659fd17dd5807572b3f0f577de8c408401ca7,3.1476449966430664,3.2139482498168945,3.3010034561157227
0baf7c339affbe5df76694883699c5351a94672f7493c89c6c8c016702fe4dc8,RobroKools/vad-bert,c4c659fd17dd5807572b3f0f577de8c408401ca7,3.2707087993621826,2.9890103340148926,3.1631078720092773
3d5fb8d5b16a1088f2fa2c24f3dc870318852f343af66a7c255987312e0085d4,RobroKools/vad-bert,c4c659fd17dd5807572b3f0f577de8c408401ca7,2.9646029472351074,3.0005691051483154,3.2375328540802
53f631913ba706ec5f4f8bb2f45e24551ba5324e389b98fa7733c34a4eedc2a3,RobroKools/vad-bert,c4c659fd17dd5807572b3f0f577de8c408401ca7,3.133517026901245,3.09846568107605,3.3332033157348637
0b13b4fa9118988d58b934a6aa482332ea8fd19d59620b9a44893bb5f2a78385,RobroKools/vad-bert,c4c659fd17dd5807572b3f0f577de8c408401ca7,2.853901624679565,3.1570231914520264,3.131002187728882
8f80f8905e905e1af5753cafa4e7e4c9ba39996275a0c904f766916f59ac227d,RobroKools/vad-bert,c4c659fd17dd5807572b3f0f577de8c408401ca7,3.086796998977661,3.131203413009644,3.229701280593872
b22675079b961bdb9c068ee0b0fc9dfadb9ac021be9500156e421bd1e4dfbb49,RobroKools/vad-bert,c4c659fd17dd5807572b3f0f577de8c408401ca7,3.117403984069824,3.101006031036377,3.3026344776153564
3fb692d24d4d296244e6e4448598a01b11f7af7b6422d6e016a2f42ba345e7f3,RobroKools/vad-bert,c4c659fd17dd5807572b3f0f577de8c408401ca7,2.7530717849731445,3.1426665782928467,3.017158269882202
70e445fda44d330b2c21f1135878b511ebabe57caf608b2621eecabce42b57de,RobroKools/vad-bert,c4c659fd17dd5807572b3f0f577de8c408401ca7,2.722306489944458,3.0768792629241943,3.0792150497436523
cdba102fc2ead495a53000efff6cf441fa1b7b60db991780d120adc1d8b00a07,RobroKools/vad-bert,c4c659fd17dd5807572b3f0f577de8c408401ca7,2.8932204246521,3.118962526321411,3.3693058490753174
c6490d76335f94fed23c397c8f5bf98d054bbaa879ac2195577d087fbe5a2d9f,RobroKools/vad-bert,c4c659fd17dd5807572b3f0f577de8c408401ca7,2.912806272506714,3.224569320678711,3.130495309829712
eabe3cff0135527aae90091659ddc2bf5bf6501aa4b2682294dba83f26716fdb,RobroKools/vad-bert,c4c659fd17dd5807572b3f0f577de8c408401ca7,3.0958385467529297,3.163909673690796,3.250848293304444
8b89356d6a106890b59b3c316118c34888255b0fff5a1124705c20c1bac85bf0,RobroKools/vad-bert,c4c659fd17dd5807572b3f0f577de8c408401ca7,2.72034239768982,3.119171380996704,3.2341296672821045
5430e08cb586425160f7b3d7b109f17c0288d70ef297a2f05189976630ae1461,RobroKools/vad-bert,c4c659fd17dd5807572b3f0f577de8c408401ca7,2.8456051349639893,3.023555994033813,3.2983663082122803
966d8e23fb785478f1fd7379dece94b541a45bea6ec9e200b654b28226a6bac0,RobroKools/vad-bert,c4c659fd17dd5807572b3f0f577de8c408401ca7,2.9507977962493896,2.939708948135376,3.217118740081787
8e979c95d4416f07aad8213e2f56ca25d55a4ba4c3eb455e6b0311f722a70d3c,RobroKools/vad-bert,c4c659fd17dd5807572b3f0f577de8c408401ca7,2.9640350341796875,3.137634515762329,3.201592206954956
fa2e01b1955ecf579cda72212a84396d7131fc2e7b45e83c76c83d3cdc988cda,RobroKools/vad-bert,c4c659fd17dd5807572b3f0f577de8c408401ca7,2.967844009399414,2.9725592136383057,3.251556158065796
28cd64a1a6398a1e44b186e9f91e401c62f0ab83b7fac578ccd9c81bf6069e8b,RobroKools/vad-bert,c4c659fd17dd5807572b3f0f577de8c408401ca7,2.9555037021636963,3.003166913986206,3.1757843494415283
517c47391785233ab895468c26b1cc431d010d47f5c0c23f8a7ff17585277a96,RobroKools/vad-bert,c4c659fd17dd5807572b3f0f577de8c408401ca7,3.0213265419006348,2.984437704086304,3.3222477436065674
7d795706655ec502296eb34a4812a906b28f7523942540b7ae9fad9d1f1d1f76,RobroKools/vad-bert,c4c659fd17dd5807572b3f0f577de8c408401ca7,2.971686601638794,3.071675539016724,3.150280237197876
6af6ef5c3505b0b4786d56a668a471318801bc253a6555db024859ccaacc3272,RobroKools/vad-bert,c4c659fd17dd5807572b3f0f577de8c408401ca7,2.928884267807007,3.130849123001098,3.268173694610596
c23f37f7e0d0d1913b05a46c0597e45f68a946119f51fc882dca0f23aabb1b90,RobroKools/vad-bert,c4c659fd17dd5807572b3f0f577de8c408401ca7,2.863167762756348,3.0657670497894287,3.212561845779419
a97f9ad5251980eb5f71e000c82990850051c84c445763f733d6ac70dade1252,RobroKools/vad-bert,c4c659fd17dd5807572b3f0f577de8c408401ca7,2.78151535987854,3.0495951175689697,3.1520392894744877
3f0458632f876da0de9203eeb5238ae0e30116b2d85f8d86c99b1b13ed863c26,RobroKools/vad-bert,c4c659fd17dd5807572b3f0f577de8c408401ca7,2.864595651626587,3.161245107650757,3.172380924224853
14d5da4fbaa15c2af49f0cb193cc4d4bf3ab6024719d899655a57548f91ae44c,RobroKools/vad-bert,c4c659fd17dd5807572b3f0f577de8c408401ca7,2.9262351989746094,3.0064024925231934,3.2716176509857178
6f85372c301c9aa39e7c5eeafb856d74ef87d6d4680b4de4e9c8ddd3ee29d41e,RobroKools/vad-bert,c4c659fd17dd5807572b3f0f577de8c408401ca7,2.985269546508789,3.071255683898926,3.0955049991607666
9700793bc4cbb9458118920c83f28c040b93334a6c8a39007afb35501f6a7c5a,RobroKools/vad-bert,c4c659fd17dd5807572b3f0f577de8c408401ca7,3.044546365737915,3.0499026775360107,3.164219617843628
2cf2a6a0c9721bcf9faec2cf121287e27d5feee32d4fd42410eb3bc876230499,RobroKools/vad-bert,c4c659fd17dd5807572b3f0f577de8c408401ca7,2.690861940383911,3.1521732807159424,3.073326826095581
290e5849c30f2b5cf85325667b3cb5bfa711da23ef393d0581d067ea5cd77a4d,RobroKools/vad-bert,c4c659fd17dd5807572b3f0f577de8c408401ca7,2.849738836288452,3.095228433609009,3.141717433929444
87d90db4392ea59170e8dfa33d3969d09d32ddf50afb03805aa0785157e26aff,RobroKools/vad-bert,c4c659fd17dd5807572b3f0f577de8c408401ca7,2.772070407867432,3.062993288040161,3.1113064289093018
39de6c853177206ffa8d10d0ab903788dcb3f8a731445e84a7a31fc1aace889a,RobroKools/vad-bert,c4c659fd17dd5807572b3f0f577de8c408401ca7,2.9441096782684326,3.0372135639190674,3.086402654647827
7877716a7ec20ce1c69936b9179926f39d03d23bd81ae6c54343609db4642dce,RobroKools/vad-bert,c4c659fd17dd5807572b3f0f577de8c408401ca7,2.789433240890503,3.0922248363494877,3.091883420944214
a9f3b46e930eb7a3144ce45bcae0ba6c99f12977d2f9d7e201ee55c9f7d86bef,RobroKools/vad-bert,c4c659fd17dd5807572b3f0f577de8c408401ca7,2.903780221939087,2.992685079574585,3.098693609237671
6674dc2a0d55da2e4530c7ab50c3ab3c92961ad6992329fb646aca1dea3a7abb,RobroKools/vad-bert,c4c659fd17dd5807572b3f0f577de8c408401ca7,3.037191390991211,3.094636917114258,3.272852659225464
aed6f30aade31c4d97d7c9c7bdfb6a6994bf47d0b2742cd19977bf3f3b14e96e,RobroKools/vad-bert,c4c659fd17dd5807572b3f0f577de8c408401ca7,2.715832471847534,3.074267864227295,3.043989419937134
3aef2fc70cc30c54df91dea6e69531b6880e119b4367bcaa157c41d4a7d27eb7,RobroKools/vad-bert,c4c659fd17dd5807572b3f0f577de8c408401ca7,2.8889377117156982,2.997246503829956,3.090870141983032
a0a4a87827f1336782fc8d9f8e96f895eeca798c0526b89761a95e1596e59b90,RobroKools/vad-bert,c4c659fd17dd5807572b3f0f577de8c408401ca7,3.3726818561553955,3.245024919509888,3.296085834503174
74b3391ee3b7e15d7c9d5d10e2c19575f232c8164b674b2f0f5bd15b70683143,RobroKools/vad-bert,c4c659fd17dd5807572b3f0f577de8c408401ca7,3.039201498031616,3.116851806640625,3.144038438796997
0e051957bf02aa45abe521532468f434d7184f0ea53b1567c4ca6b45afc967a8,RobroKools/vad-bert,c4c659fd17dd5807572b3f0f577de8c408401ca7,2.842834711074829,3.0377585887908936,3.307422161102295
3cb7d8f1f1b8adf9a5c94c2df9f303cf104e1269781d34ce6ae4a22b12cc1342,RobroKools/vad-bert,c4c659fd17dd5807572b3f0f577de8c408401ca7,2.905348539352417,3.183215618133545,3.168689250946045
e874845324c1687dba3a3594970964802e4d1dc6da7762d2674f6bf6e5404d05,RobroKools/vad-bert,c4c659fd17dd5807572b3f0f577de8c408401ca7,3.1052234172821045,3.110347986221313,3.228661298751831
1f671d93469280793bba757a2671c811a3a0af5da7c3555ae9de330af6a44852,RobroKools/vad-bert,c4c659fd17dd5807572b3f0f577de8c408401ca7,3.149513959884644,3.2644762992858887,3.0920770168304443
dd8d5e5a1f6e50512480c1f92eb822eeaa3b8d9f22db127308311aaffa1044ed,RobroKools/vad-bert,c4c659fd17dd5807572b3f0f577de8c408401ca7,3.036726236343384,2.959531307220459,3.2276790142059326
4fee1a759399bf682cbc7e2387e9aa892e8dbdf50d3bc9f4af32fe48ae17f4c2,RobroKools/vad-bert,c4c659fd17dd5807572b3f0f577de8c408401ca7,3.1720125675201416,3.198513984680176,3.364003896713257
ffdf67a98f86ffae0f29088d3dd9edfe0a8ddc5a194eb812b60317a2c4667c02,RobroKools/vad-bert,c4c659fd17dd5807572b3f0f577de8c408401ca7,3.127427339553833,3.0380971431732178,3.2724857330322266
6231b4f278edce64c3b62fb7e918e58452dc67e8e13153e2a1fe704d13fa0b55,RobroKools/vad-bert,c4c659fd17dd5807572b3f0f577de8c408401ca7,3.115563154220581,3.095715045928955,3.078407526016236
121f2e8eb1389c5185175b363c17a191e2f79904bdfd5644feb7de7c755c5974,RobroKools/vad-bert,c4c659fd17dd5807572b3f0f577de8c408401ca7,3.1388533115386963,3.022765874862671,3.128314733505249
c622c5590a5d0682419df7972aa6b0dc917f3ae1df2c92d056236bed5eb89d30,RobroKools/vad-bert,c4c659fd17dd5807572b3f0f577de8c408401ca7,3.0275323390960693,3.099339008331299,3.2604517936706543
7a58ed00c6abb0096a4765b5a1d11193bf5dd55883d9f0e52d9f73e01a3e5aa2,RobroKools/vad-bert,c4c659fd17dd5807572b3f0f577de8c408401ca7,3.1532554626464844,3.069198608398437,3.219878911972046
89ff94355ca8a1a589362c6492c9c1a98148226921a383437e4b0c3ce8d4d9d1,RobroKools/vad-bert,c4c659fd17dd5807572b3f0f577de8c408401ca7,3.0338823795318604,2.9153106212615967,3.190688371658325
be0c192d735176f18361e9ea7bcc089aa984fb7d62fa1c1f6c3840a18a8b7448,RobroKools/vad-bert,c4c659fd17dd5807572b3f0f577de8c408401ca7,3.1901113986968994,3.024707078933716,3.253746032714844
564201e5b7cae9f98c3e8705bcaf7f4dfa4ab5dc572d9e2135d1be52852d3102,RobroKools/vad-bert,c4c659fd17dd5807572b3f0f577de8c408401ca7,3.095221519470215,3.2406704425811768,3.040749311447144
efda79eaab846fa918954166ae8da9595c7cb4ea7c39f8a76d4c64f7273fd064,RobroKools/vad-bert,c4c659fd17dd5807572b3f0f577de8c408401ca7,3.0532329082489014,3.1114919185638428,3.141531229019165
3ffd0d73d9a0a85592e1116043b11aee050ac7c57570e8bc8c620132134f12c3,RobroKools/vad-bert,c4c659fd17dd5807572b3f0f577de8c408401ca7,2.990930795669556,3.129218816757202,3.3187806606292725
2a59e75c4649959e859bcf1da88e33a817171251f171f6047200d04ba185120b,RobroKools/vad-bert,c4c659fd17dd5807572b3f0f577de8c408401ca7,2.9484565258026123,3.055121660232544,3.2658050060272217
c833761b0e6cbbfc1df91f6e79697ca346062b1176e3aa7912d2a5013fb30e32,RobroKools/vad-bert,c4c659fd17dd5807572b3f0f577de8c408401ca7,2.9932756423950195,3.003939628601074,3.2296245098114014
dbceee3550c4927dc4f557ae718b25727b771133be2dc7512f1cb74b065de79f,RobroKools/vad-bert,c4c659fd17dd5807572b3f0f577de8c408401ca7,2.8538897037506104,3.153427124023437,3.2544095516204834
d9a02587e466f68a8df4186a80bf95739bfbe8bcd8004d54cffa2ce950a04fb0,RobroKools/vad-bert,c4c659fd17dd5807572b3f0f577de8c408401ca7,3.05035138130188,3.1168370246887207,3.2370309829711914
e762b153ae782205bf101adc2f9e07b981c1c389d98429ab08a609af82093f15,RobroKools/vad-bert,c4c659fd17dd5807572b3f0f577de8c408401ca7,2.887871503829956,3.062487840652466,3.2415287494659424
1f1ebab6088cc405b805411bdeafd43580d9e1a487dcad6fd2d1d5948f271f5f,RobroKools/vad-bert,c4c659fd17dd5807572b3f0f577de8c408401ca7,2.9801762104034424,3.005530595779419,3.270142078399658
00b001d571997eaa2c94c37e1a4dbd82f95f81761832a6b9766930d5f596daf2,RobroKools/vad-bert,c4c659fd17dd5807572b3f0f577de8c408401ca7,2.947796106338501,3.011178731918335,3.3521249294281006
17e74d292f1963ffdf727017eda6bb8f726e849532450dfd1ac5b9b8e3b0f0ab,RobroKools/vad-bert,c4c659fd17dd5807572b3f0f577de8c408401ca7,3.2090680599212646,3.198047637939453,3.444909811019897
524dab0b7773ae30e6a1e19025534b01f2f737936817c8a121d3ef1948345bd1,RobroKools/vad-bert,c4c659fd17dd5807572b3f0f577de8c408401ca7,3.007725954055786,3.0653016567230225,3.344085931777954
252318a0b87a0a1f52475602cf41df17e0e642af49b6b3c073a1893f78ff5738,RobroKools/vad-bert,c4c659fd17dd5807572b3f0f577de8c408401ca7,2.9655086994171143,3.0884323120117188,3.352536916732788
183843e7663cce990ebb2e02f25357b6eb2eee5445b88d85984040dcddba5efa,RobroKools/vad-bert,c4c659fd17dd5807572b3f0f577de8c408401ca7,3.0531764030456543,3.046083211898804,3.213873624801636
c76826c45549cfe27b51e48df5e42661a52be57266c9d2a5a58cbce4be172cad,RobroKools/vad-bert,c4c659fd17dd5807572b3f0f577de8c408401ca7,2.981001138687134,3.169020414352417,3.2289974689483643
3de52326505a4e551f39c2841c23a3a9da8989ca3b281e2d06097a34bfa7ea19,RobroKools/vad-bert,c4c659fd17dd5807572b3f0f577de8c408401ca7,2.931165933609009,3.104302167892456,3.2437918186187744
40ae6db110bfee3453ae75830e7c7f0b07941b9f553070166b60dc6c3a5862ea,RobroKools/vad-bert,c4c659fd17dd5807572b3f0f577de8c408401ca7,3.2206056118011475,3.2484493255615234,3.3713228702545166
d62f2c23afad0e25c67e6e76e76000316ed3a788cc7ea6c6d13390a7424b2674,RobroKools/vad-bert,c4c659fd17dd5807572b3f0f577de8c408401ca7,2.692288398742676,3.049839496612549,2.9575202465057373
887f0cdf00dc96748cc943466c4cafcb81671e72e09007d9b1ff8e96aa632a8d,RobroKools/vad-bert,c4c659fd17dd5807572b3f0f577de8c408401ca7,2.914459228515625,3.1871469020843506,3.0409481525421143
b0ae0790afdecbfdb53a7ad52b56ea606b74a83edbd423d23176831b084ad9a2,RobroKools/vad-bert,c4c659fd17dd5807572b3f0f577de8c408401ca7,2.836528778076172,3.219299077987671,3.242185592651367
bea24182015a752526737c9ccbc60504fc2eb1cb0a9a215294c32dfb62c4d1d2,RobroKools/vad-bert,c4c659fd17dd5807572b3f0f577de8c408401ca7,2.8993566036224365,3.0176422595977783,3.3270626068115234
93e6c671ec9b64d158dd421103727207578a4b4ee1b6537af416dee034740458,RobroKools/vad-bert,c4c659fd17dd5807572b3f0f577de8c408401ca7,2.773668050765991,3.010929822921753,3.1183841228485107
a14d19465349c8a9b169f8283d6909f10cfc6206fbbc8b3a764c5e4273b27557,RobroKools/vad-bert,c4c659fd17dd5807572b3f0f577de8c408401ca7,2.797476053237915,3.0539896488189697,3.057223081588745
ca0ac1bce9aecfc3a00e96bd8c0003b62abb4abe0e52c96acdf6e0ead18b1b97,RobroKools/vad-bert,c4c659fd17dd5807572b3f0f577de8c408401ca7,2.7509586811065674,3.103437662124634,3.1496517658233643
3843b8334096a45e7f3baa57624cc283877b789e6e7322579715d05f1d185680,RobroKools/vad-bert,c4c659fd17dd5807572b3f0f577de8c408401ca7,2.806633710861206,3.0096094608306885,3.1180927753448486
2537a5aa2a5c72c2d16da66e97be6409ecfe7d8594c87d0fa6c2c23c9afe27ec,RobroKools/vad-bert,c4c659fd17dd5807572b3f0f577de8c408401ca7,2.6802752017974854,3.1019961833953857,3.2500290870666504
4596edcf57a6facd3247c65a32d3f3bafbec887788e5e5953523e5fdeb988eda,RobroKools/vad-bert,c4c659fd17dd5807572b3f0f577de8c408401ca7,2.9657087326049805,3.074901342391968,3.336000680923462
8432847f1b84ac2390b4a6fd442f3d26200a41e1239538230c50d9ee839806f9,RobroKools/vad-bert,c4c659fd17dd5807572b3f0f577de8c408401ca7,2.8476383686065674,3.059877157211304,3.1512792110443115
01c64519e86baea5f506e449c3f0c42384e5007a314f9035ee7074ad651315ca,RobroKools/vad-bert,c4c659fd17dd5807572b3f0f577de8c408401ca7,2.8583900928497314,2.9211487770080566,3.3734688758850098
45abcd7b9750da8560d9988dbcc47b8d3926f0982e11d4fa6f97959432f1b598,RobroKools/vad-bert,c4c659fd17dd5807572b3f0f577de8c408401ca7,2.8970515727996826,3.103393316268921,3.249642372131348
053018578a1b87d6c7e4609cd0482d9e16e38e72915c7fd283dd827ac4c599e4,RobroKools/vad-bert,c4c659fd17dd5807572b3f0f577de8c408401ca7,2.835688352584839,3.1211652755737305,3.3075551986694336
0fe2d322320a153cbe93c794f6c82286d28f8cf083fe83b6558169b4a125cc8c,RobroKools/vad-bert,c4c659fd17dd5807572b3f0f577de8c408401ca7,3.091805219650269,3.277086973190308,3.3137800693511963
709e4075f50771ddc95062eceec4591510a9a377e6e820e6d3e3edb2cfd97519,RobroKools/vad-bert,c4c659fd17dd5807572b3f0f577de8c408401ca7,2.770423173904419,3.114891767501831,3.274430990219116
922a4c3724252060669fc332e15e896975c8449b50f48ce989e692d7225e744c,RobroKools/vad-bert,c4c659fd17dd5807572b3f0f577de8c408401ca7,2.928723096847534,3.062910795211792,3.367163896560669
3c5fcb97a7ebe2c32301ddb3b368f3407b28990665b09b471425a826629a884a,RobroKools/vad-bert,c4c659fd17dd5807572b3f0f577de8c408401ca7,3.1159043312072754,3.0741872787475586,3.2520461082458496
5d4992fbf5637b43047c857ca5f0912170e4a09c18768bb74039eb21ac94cc87,RobroKools/vad-bert,c4c659fd17dd5807572b3f0f577de8c408401ca7,3.123802423477173,3.05759596824646,3.3829004764556885
0d957d9261d16f6653ed58d6cad9b5d29f383c3d90b71c38c9a8382f65ecdd63,RobroKools/vad-bert,c4c659fd17dd5807572b3f0f577de8c408401ca7,3.028331756591797,3.0655813217163086,3.3791420459747314
1eedaca4bf3a8719bb40ade47ddfff2300eb9d01164d78f236b17553ec75e5f1,RobroKools/vad-bert,c4c659fd17dd5807572b3f0f577de8c408401ca7,3.1210081577301025,3.06021785736084,3.3370423316955566
5dcd3d6d5e7d598a8f41b1329d15d43c2a679570153bb1765c98c08fa42dd8ea,RobroKools/vad-bert,c4c659fd17dd5807572b3f0f577de8c408401ca7,2.950770616531372,3.0490612983703613,3.322659730911255
8d6437997f0b1ba3295004fd66129f42ea2b566cddc48c769ed105f24b5939c5,RobroKools/vad-bert,c4c659fd17dd5807572b3f0f577de8c408401ca7,3.003514051437378,2.9998507499694824,3.284095048904419
e0081a4bf80e2e075ee78c800e7856036d3aa8b7ddc5b2cf6ff16041dbb2737f,RobroKools/vad-bert,c4c659fd17dd5807572b3f0f577de8c408401ca7,3.038022518157959,3.058879137039185,3.2745625972747803
54b530f51225d583aa004bc0d8b3e68db6476c78d0fae8c89c7cdb1ea8cb1351,RobroKools/vad-bert,c4c659fd17dd5807572b3f0f577de8c408401ca7,3.0207207202911377,2.9651639461517334,3.310938835144043
76701418f8787d5f2fc4cc1f1f6a8a6aa675e5a16a8a1252bf55cdf380b627ef,RobroKools/vad-bert,c4c659fd17dd5807572b3f0f577de8c408401ca7,3.17078709602356,3.1181793212890625,3.3719797134399414
f8aea8d92cb487298c3859321298ae5cbe2655e1146fc7eaff6f740393fe0c7f,RobroKools/vad-bert,c4c659fd17dd5807572b3f0f577de8c408401ca7,3.113002061843872,3.007321119308472,3.331601619720459
99bcad607987e8b5c2cd3c59aeb4986490a7ef9192abf527a54d2ef54a6e82ce,RobroKools/vad-bert,c4c659fd17dd5807572b3f0f577de8c408401ca7,3.118218183517456,3.05740737915039,3.3359715938568115
40084c735945782ea9d6ec7e6cd7730c16506de87efcd605523c5d002ff8f00c,RobroKools/vad-bert,c4c659fd17dd5807572b3f0f577de8c408401ca7,3.1292004585266118,3.014820098876953,3.302100896835327
add0ee8a915388ff7960dbb6a10610f7fa8716507a3eb1a0b2445fefddfac858,RobroKools/vad-bert,c4c659fd17dd5807572b3f0f577de8c408401ca7,3.228576898574829,3.0677945613861084,3.279383897781372
6026f04d83e0092b23352acf114a7a9db912af06e6a467cdff15288f96ce5159,RobroKools/vad-bert,c4c659fd17dd5807572b3f0f577de8c408401ca7,3.136089563369751,3.0464375019073486,3.2995054721832275
bb4aa0e9f1dadd0f2cf1e659c0250b906061f61329aa7aee45c853bf97647333,RobroKools/vad-bert,c4c659fd17dd5807572b3f0f577de8c408401ca7,3.242654800415039,3.073138952255249,3.288597345352173
53fdeac60f7aa47e44dd4fc03f65362477b28e90cb55c9a1127cf80121511c7f,RobroKools/vad-bert,c4c659fd17dd5807572b3f0f577de8c408401ca7,3.221642255783081,3.222041130065918,3.226362943649292
0994322693927f2d39b0c7dfd714c01e6d2149e0eb0e55fa54342abbed5e603f,RobroKools/vad-bert,c4c659fd17dd5807572b3f0f577de8c408401ca7,3.385208368301392,3.2971792221069336,3.4070193767547607
0d7583def4a81a11d2610debfad9a1c13518fa0d37a190459db13ac253fab814,RobroKools/vad-bert,c4c659fd17dd5807572b3f0f577de8c408401ca7,3.022538185119629,3.030250072479248,3.3026673793792725
aaceb36b1bf4fc44a78da7d46ff2850e76316fb40baf2bc02965cabead211f7d,RobroKools/vad-bert,c4c659fd17dd5807572b3f0f577de8c408401ca7,3.4854071140289307,3.167000293731689,3.329094886779785
685931630214ebd2d4b0dbb6d4f8c0a93cd2c9dc63ddfee7a7e0860c7cd73d38,RobroKools/vad-bert,c4c659fd17dd5807572b3f0f577de8c408401ca7,3.0907413959503174,2.915661573410034,3.256987810134888
0dc1bd7748b683b40413220e7da8945f449e514aa643d9e3ae2edf6985dcaeb4,RobroKools/vad-bert,c4c659fd17dd5807572b3f0f577de8c408401ca7,3.190842628479004,3.0305304527282715,3.253474235534668
6e3415ea2249715911058c4666f9717ac28bb2a65e14d36c0032ea0b99bf8159,RobroKools/vad-bert,c4c659fd17dd5807572b3f0f577de8c408401ca7,3.1693718433380127,2.9895622730255127,3.303446054458618
7bf29c271fb4bf8d0d94810fb254b6b49243ddd02a2bffa4b833e6ab7b2de7ec,RobroKools/vad-bert,c4c659fd17dd5807572b3f0f577de8c408401ca7,3.2752432823181152,2.89060378074646,3.3203744888305664
deddd14219989bb31dc73b773efb7b122937b631b5857819e74d7dcd1da9d7ce,RobroKools/vad-bert,c4c659fd17dd5807572b3f0f577de8c408401ca7,3.119215726852417,2.894702196121216,3.2489013671875
86a8657ea882ad625c832c4c8633583050ea12acacaf7d2a884c289c1e551677,RobroKools/vad-bert,c4c659fd17dd5807572b3f0f577de8c408401ca7,3.309227228164673,3.054227590560913,3.3481109142303467
4dd6aa3a6ec613d408c32af55184b60fa379573435e5c00f66340b28592b613a,RobroKools/vad-bert,c4c659fd17dd5807572b3f0f577de8c408401ca7,3.386906385421753,3.099912166595459,3.3082406520843506
20d16d8fb1cc8a228132b52145adf2d15932dc988690fe5107af489d512f9aca,RobroKools/vad-bert,c4c659fd17dd5807572b3f0f577de8c408401ca7,3.1576039791107178,2.8956520557403564,3.224170446395874
d7c0ef084a3e7c1c1beb6e50f54a7726c6dc978187319be940a7ad3bdca07339,RobroKools/vad-bert,c4c659fd17dd5807572b3f0f577de8c408401ca7,3.2783844470977783,3.024061441421509,3.2903521060943604
e2fb3c97e2b8519fe2a556579ec3d845067684a927cf70e54175c9a5586d5187,RobroKools/vad-bert,c4c659fd17dd5807572b3f0f577de8c408401ca7,3.4033591747283936,3.093464136123657,3.3038864135742188
542711e92610820d93849a3e487de48a22c6f9d3a844526533010d6fc4077269,RobroKools/vad-bert,c4c659fd17dd5807572b3f0f577de8c408401ca7,3.4802615642547607,3.088249683380127,3.3234851360321045
3f90380cd9f957bee5629fd395c13ee351ba8fa0b29f6ecab48bd394c9e26c63,RobroKools/vad-bert,c4c659fd17dd5807572b3f0f577de8c408401ca7,3.4058773517608643,3.076572895050049,3.286238193511963
efeae295e01808ed9db2e6cfb13ee468e2705906e600a33a3f017c887e5ad23d,RobroKools/vad-bert,c4c659fd17dd5807572b3f0f577de8c408401ca7,2.848773241043091,3.301424026489258,3.3063619136810303
933b56c1d7d4929153e50b936ddea84f5a8f0d4a292ce3fdabc3cd2b25bc3c37,RobroKools/vad-bert,c4c659fd17dd5807572b3f0f577de8c408401ca7,3.123177051544189,2.983229398727417,3.316983461380005
eae38491653294e0dfdcb537e97fc99e34644e2fb80f54b5e4761b22c7fc72c4,RobroKools/vad-bert,c4c659fd17dd5807572b3f0f577de8c408401ca7,2.9871623516082764,2.998512983322144,3.167556047439575
effeb5f9da6fa9b6b4db9de54792e8d5abb929dc6a5bd72e47e62f8ac3eba6b3,RobroKools/vad-bert,c4c659fd17dd5807572b3f0f577de8c408401ca7,3.088002443313598,3.108614921569824,3.2024967670440674
7788ce9e59c3b91a0c84bec6a0a50ab9683ea5e31c350fa6fcc22d47f54934e3,RobroKools/vad-bert,c4c659fd17dd5807572b3f0f577de8c408401ca7,3.0275824069976807,2.9433016777038574,3.174053907394409
39dbea014522e0fa23ff7eb6695002028442e050d3c0df0dbb508247a0093b85,RobroKools/vad-bert,c4c659fd17dd5807572b3f0f577de8c408401ca7,3.044286012649536,3.029970645904541,3.3428046703338623
4870dfd9f717ca8325d378bc7fa463f2c22b9a01e56825c38c1fbdbbbda88053,RobroKools/vad-bert,c4c659fd17dd5807572b3f0f577de8c408401ca7,2.9362714290618896,3.194608211517334,3.198472023010254
8e3aeefef7794aa5b9e14fed238167c2b9ac8091d8fa44e54c5d93916b78573d,RobroKools/vad-bert,c4c659fd17dd5807572b3f0f577de8c408401ca7,2.9706385135650635,3.059605360031128,3.2876944541931152
e11754db7d6a368523b6e7cc2f585474962493448ffcab5ce078e8a22240100d,RobroKools/vad-bert,c4c659fd17dd5807572b3f0f577de8c408401ca7,3.010658264160156,3.0957486629486084,3.3187954425811768
89717a8c631cb856b693c7b4f78c5518fecada3037a2628441e918dd2fbaa520,RobroKools/vad-bert,c4c659fd17dd5807572b3f0f577de8c408401ca7,3.0151185989379883,3.096358060836792,3.3175079822540283
6b57697e025f24b45475cd2b79981039f0a0f00134875804e97a61eb4ced7221,RobroKools/vad-bert,c4c659fd17dd5807572b3f0f577de8c408401ca7,3.05420446395874,3.120060682296753,3.332432270050049
e8553bab2836d423987e92b8560a93ef423418082e28e5f4761c2ca3ca321ac0,RobroKools/vad-bert,c4c659fd17dd5807572b3f0f577de8c408401ca7,3.026727199554444,3.074498414993286,3.314091920852661
014a4742cc28a75c1f2512ed8b3f62790e1ae711ad8570b4d1d59075b458fce4,RobroKools/vad-bert,c4c659fd17dd5807572b3f0f577de8c408401ca7,2.904656410217285,3.1193830966949463,3.2542271614074707
006ffda9f51f9a502649d0d571974a9ea6e8df9815c99264949b69da37693893,RobroKools/vad-bert,c4c659fd17dd5807572b3f0f577de8c408401ca7,3.023216485977173,3.112776517868042,3.3360302448272705
bccca3676f3e22f97dd25fb4d1b030a6ed3bb5364f82fb24b8223b8e0a837aed,RobroKools/vad-bert,c4c659fd17dd5807572b3f0f577de8c408401ca7,3.035722017288208,3.071810483932495,3.310720682144165
e4403c92e67285c7915d57df81bdfdb2a7914fa148ea6ad179f6e1520213dc23,RobroKools/vad-bert,c4c659fd17dd5807572b3f0f577de8c408401ca7,2.932819604873657,3.0783112049102783,3.231376886367798
f73aa452e5fe6d9bc206ca88689dc9a0fca7e3d991c81fca0f9367f4942881ae,RobroKools/vad-bert,c4c659fd17dd5807572b3f0f577de8c408401ca7,2.8559505939483643,3.161293029785156,3.170617818832397
c7239dafbe026619e4fbda915d85c3ae00efa444c0c2cb7b4b4ccee106761ae3,RobroKools/vad-bert,c4c659fd17dd5807572b3f0f577de8c408401ca7,2.767240285873413,3.1189239025115967,3.0966131687164307
a925c06eaa3cc7a71734e257163fa3ead489cb38dc70de0f1367c759ce88c8f2,RobroKools/vad-bert,c4c659fd17dd5807572b3f0f577de8c408401ca7,2.976035594940185,3.2006962299346924,3.255084991455078
06a791009d26b69d0a021de955269691d93f5ab38b7a16007d5fa7678dccda7e,RobroKools/vad-bert,c4c659fd17dd5807572b3f0f577de8c408401ca7,2.727553606033325,3.1410341262817383,3.0698134899139404
dd5a35c4877366ec8da950bfc0fe6f8475f0a21058b28fb4de0f980a0142ab98,RobroKools/vad-bert,c4c659fd17dd5807572b3f0f577de8c408401ca7,3.060630321502685,3.011434316635132,3.362449407577514
22ba3ecd2be1dff53b4a7d4455b5267ce01f62a3e039ffc68eb5bda603a91d39,RobroKools/vad-bert,c4c659fd17dd5807572b3f0f577de8c408401ca7,2.886494874954224,3.0960893630981445,3.3057186603546143
feb6cb01199b79b089b93a044615fdee1c4606e52517bec47e8b9b666cb19768,RobroKools/vad-bert,c4c659fd17dd5807572b3f0f577de8c408401ca7,2.8653929233551025,2.982025384902954,3.242044687271118
ee281d57373238f6ea1dd08154cbe8fed59b648cd10f8ca5aa73b8956d90c8d2,RobroKools/vad-bert,c4c659fd17dd5807572b3f0f577de8c408401ca7,2.895332098007202,3.140308618545532,3.145339250564575
87f48ff7f9734747eab51abd5f11774f20ea754ccc746739cf4d65f736ed6010,RobroKools/vad-bert,c4c659fd17dd5807572b3f0f577de8c408401ca7,2.916312456130981,3.0603084564208984,3.242257595062256
f5b496c2613681d8cdc30b70b2cd53c0b093689ff9bdc13d6be265c0b34752d8,RobroKools/vad-bert,c4c659fd17dd5807572b3f0f577de8c408401ca7,2.988820075988769,3.2955338954925537,3.2848079204559326
6994e2c856c6056e78a867e5da9b05143d353e51d328d7ff2f9e2be96248c37e,RobroKools/vad-bert,c4c659fd17dd5807572b3f0f577de8c408401ca7,2.9506990909576416,3.145650148391724,3.24212646484375
a4e9824088131136f3654de3e3f58bbcb26e1b9bbe832191f1fe77a1d6908366,RobroKools/vad-bert,c4c659fd17dd5807572b3f0f577de8c408401ca7,2.888462543487549,3.104828357696533,3.210047960281372
f944a235968663a3230b7fc5b4e5031cbe60630d312ccc84cb462b1f20e7c6cf,RobroKools/vad-bert,c4c659fd17dd5807572b3f0f577de8c408401ca7,3.029752016067505,3.110814332962036,3.296332836151123
e5b60cdd6f1f52e758234c4a143b1c5a00a92ae70bd128601303564d3fc6bf43,RobroKools/vad-bert,c4c659fd17dd5807572b3f0f577de8c408401ca7,3.0124378204345703,3.0952768325805664,3.173535108566284
c957a760cd89c85b88edb2bdedd65b7caf39dc5acae8361bacb04be1ab2919f2,RobroKools/vad-bert,c4c659fd17dd5807572b3f0f577de8c408401ca7,2.9513518810272217,3.1760683059692383,3.139103412628174
79d28d9ae398a9253ce236d0e5bde70372abcd920e7130ddcd40a1b945133d8f,RobroKools/vad-bert,c4c659fd17dd5807572b3f0f577de8c408401ca7,3.025594711303711,3.1748268604278564,3.189688205718994
e31e4f6712a1bc6324f72675a2546239cafe5496e83f2f9ee6fb9416a870f82f,RobroKools/vad-bert,c4c659fd17dd5807572b3f0f577de8c408401ca7,2.903562068939209,3.119494199752808,3.169555425643921
0453c989b620d7e035a8636d9a9351d44d3c39afc3e4cbe3c6681b5aba41d544,RobroKools/vad-bert,c4c659fd17dd5807572b3f0f577de8c408401ca7,3.0179688930511475,3.0655033588409424,3.1799495220184326
b81835c89c629a91886a4c7648af6e70e774cda25e2034f2a8fe0c3bb172efdd,RobroKools/vad-bert,c4c659fd17dd5807572b3f0f577de8c408401ca7,2.951611280441284,3.169990301132202,3.1807124614715576
9cf77adec2d3c8ae08d715ce5130c65a5e25697dee869de7d9d4085bc909fda7,RobroKools/vad-bert,c4c659fd17dd5807572b3f0f577de8c408401ca7,3.070734739303589,3.1239044666290283,3.302997589111328
c066bccf793c0698fdc6494e16ed5d311a632924b50c400a64de89bbde753658,RobroKools/vad-bert,c4c659fd17dd5807572b3f0f577de8c408401ca7,3.120236158370972,3.131225824356079,3.1660664081573486
b43f4962451225d3d7e6df2ccfc7289a464b04cda4577712062b0a30d70b3362,RobroKools/vad-bert,c4c659fd17dd5807572b3f0f577de8c408401ca7,2.887226819992065,3.132841110229492,3.170191764831543
cd4ae2762b827dead6960715300a97f0e8f11c106dd2a298deb11c59d20dc6c4,RobroKools/vad-bert,c4c659fd17dd5807572b3f0f577de8c408401ca7,2.784454107284546,3.077615976333618,3.18149733543396
7b7ba1c21fbe7996176c792a062ce16b291b3e7ca42b073e5ebb31d96dadfc60,RobroKools/vad-bert,c4c659fd17dd5807572b3f0f577de8c408401ca7,2.921093463897705,3.0822231769561768,3.0871431827545166
41b7a0ea1a52bc8e81c6687c405148031a0723e4ebccf426b2beafc26ee16df0,RobroKools/vad-bert,c4c659fd17dd5807572b3f0f577de8c408401ca7,2.7175137996673584,3.232128143310547,3.222623586654663
f18cab98ff4f76e22b742ba1e018a266127fd1fc0ea6a30e0b754cd4fc823832,RobroKools/vad-bert,c4c659fd17dd5807572b3f0f577de8c408401ca7,2.7713918685913086,3.01880145072937,3.118314027786255
e53bc1da82f97c0728b77aed83c70348088d305f1f6dba44afd38380f65b0375,RobroKools/vad-bert,c4c659fd17dd5807572b3f0f577de8c408401ca7,3.0466854572296143,3.0557186603546143,2.982196807861328
23ed307f35b4cc5031dbb0abaa0fe27c2da95da5b5422a32bd9995065211cd94,RobroKools/vad-bert,c4c659fd17dd5807572b3f0f577de8c408401ca7,2.850250720977783,3.029350996017456,3.2031772136688232
67bee3cda0de73a5e32ad087d79ac1c33423e5648097a4569d3f9047f88857cf,RobroKools/vad-bert,c4c659fd17dd5807572b3f0f577de8c408401ca7,2.964529037475586,3.0560948848724365,3.030526876449585
8155811ade0fb3154bfcc50f768b69e54b886feeba1b7eed338ff49c1246175e,RobroKools/vad-bert,c4c659fd17dd5807572b3f0f577de8c408401ca7,2.731358766555786,2.9785497188568115,3.06192946434021
95a511dad99ca4ea14277ea1a3ef8088120ff10f629263627659d3395b1e4055,RobroKools/vad-bert,c4c659fd17dd5807572b3f0f577de8c408401ca7,2.869255781173706,3.046463251113892,3.074765682220459
c8b1365fce81095a50d56d6442770a970aa507cb1be7368043587964313e0ea0,RobroKools/vad-bert,c4c659fd17dd5807572b3f0f577de8c408401ca7,2.767763376235962,2.9922525882720947,3.085207223892212
ec3cd678af5daa46836ac8c98c157045d7b3d48eb4c990cc1895540889122e87,RobroKools/vad-bert,c4c659fd17dd5807572b3f0f577de8c408401ca7,3.205982446670532,3.0929081439971924,3.1450986862182617
f3dee59c0653d5ca0988f4fcfd226e505a0b5bf6cca0c633f3ecdab25cb035ab,RobroKools/vad-bert,c4c659fd17dd5807572b3f0f577de8c408401ca7,3.272306203842163,3.106250047683716,3.160997152328491
e6eda24226e4c338990c659aec49b95155b8377a97605f6d1d03f1c2029c0752,RobroKools/vad-bert,c4c659fd17dd5807572b3f0f577de8c408401ca7,3.085353136062622,3.1116743087768555,3.3024823665618896
986b4ee33dedb2003cac1d0830fe41b1b50ba9a3c0648e06e0474549e1d1dd82,RobroKools/vad-bert,c4c659fd17dd5807572b3f0f577de8c408401ca7,3.2409920692443848,3.045367956161499,3.124293088912964
bd3613c4c9882eb614cc173aeaab656c6fe1e0a6e3542290dff80a989e59f6d9,RobroKools/vad-bert,c4c659fd17dd5807572b3f0f577de8c408401ca7,3.519484281539917,3.2392706871032715,3.1988167762756348
9dc731dfaa036d1b1347992b75c9682867ee70c04e9ca3a485cb58bbe8eb978c,RobroKools/vad-bert,c4c659fd17dd5807572b3f0f577de8c408401ca7,3.0289623737335205,3.007930994033813,3.2999684810638428
a906545bf4cb4dab1a8cbaaa617c991e60c1f83d285fdfd7fbf042bf280875c5,RobroKools/vad-bert,c4c659fd17dd5807572b3f0f577de8c408401ca7,3.2323756217956543,3.150527000427246,3.341757535934448
c9941d006f8d3ac487e5786315cc51200937fad187072b2ea3e6ee851ad3bc5e,RobroKools/vad-bert,c4c659fd17dd5807572b3f0f577de8c408401ca7,3.124661684036255,3.004880905151367,3.043468713760376
8f31bb0b10df5c986ca88537d22507f890065f68b3385ea11d81cf74e7d45df3,RobroKools/vad-bert,c4c659fd17dd5807572b3f0f577de8c408401ca7,3.0687897205352783,3.129289150238037,3.117603540420532
eb3117b262db6c1a75e190ed122f113ef5bab154e726f8161bd21a4ee8117240,RobroKools/vad-bert,c4c659fd17dd5807572b3f0f577de8c408401ca7,3.2349720001220703,2.99406361579895,3.0886056423187256
d4e9fba01b298d55d0d3f6021913676e43355b526836f5dab0e69fb1780c7fe8,RobroKools/vad-bert,c4c659fd17dd5807572b3f0f577de8c408401ca7,3.30201268196106,3.0727977752685547,3.1370689868927
5326256c4f595e774cee08a5602b9daa7a86f7ff2c75a8ac19da20c91751ccd6,RobroKools/vad-bert,c4c659fd17dd5807572b3f0f577de8c408401ca7,3.5104429721832275,2.9930074214935303,3.2235987186431885
d1ef08c93a504775f26b82d859557a143f9201f2c68110ccf03fe04c2230ef79,RobroKools/vad-bert,c4c659fd17dd5807572b3f0f577de8c408401ca7,3.168962955474853,2.964373111724853,3.0613625049591064
943da81e572c35dd03faf8581c71a7e1a4fe465e9451df202e75319830757e45,RobroKools/vad-bert,c4c659fd17dd5807572b3f0f577de8c408401ca7,3.157204389572144,3.0026233196258545,3.0857534408569336
9bccaa78b3b62eab9ad037f2ebb6b1b94971e6570cf7e906f0407788c0454bd4,RobroKools/vad-bert,c4c659fd17dd5807572b3f0f577de8c408401ca7,3.2161848545074463,3.016495943069458,3.088418960571289
93533a104c5b727eb7e4d4e1bbbb03d250c1178adf5c9ee823d6bbea89a3d19d,RobroKools/vad-bert,c4c659fd17dd5807572b3f0f577de8c408401ca7,3.179046869277954,2.9158051013946533,3.239694118499756
bdbe6d78bda5821a7a64fa141f5a3c61e48d317656e2c5d7139630045c67fa73,RobroKools/vad-bert,c4c659fd17dd5807572b3f0f577de8c408401ca7,3.342873334884644,3.252171754837036,3.3130035400390625
e63d794fbabeef4488ab37a0fb19a9324132e2c06fb279722a6dfba7c845faec,RobroKools/vad-bert,c4c659fd17dd5807572b3f0f577de8c408401ca7,3.256338357925415,3.220277070999145,3.292461633682251
3f0a95f68d726f8b50f917bc893aa9dfcad11248d075496c2d9d1701359b09ac,RobroKools/vad-bert,c4c659fd17dd5807572b3f0f577de8c408401ca7,3.2967865467071533,3.208525419235229,3.2496726512908936
d5a4aec25b2f8190b4bbd6ddf850133987d9a654d72c656e886ea31c0ba15d8a,RobroKools/vad-bert,c4c659fd17dd5807572b3f0f577de8c408401ca7,3.2290709018707275,3.258620500564575,3.2503039836883545
192e78f16d06e2d2dfe7c149eee66b07d24582a8b3b342afe2ab9e98f5d50875,RobroKools/vad-bert,c4c659fd17dd5807572b3f0f577de8c408401ca7,3.2026193141937256,3.16426682472229,3.207754373550415
dde8453d744494ce707245d5fdde917fc368404acd74c5712f4e9f4acb6f2890,RobroKools/vad-bert,c4c659fd17dd5807572b3f0f577de8c408401ca7,3.228503465652466,3.2676315307617188,3.222874879837036
f355dab5298d7a01f66a37259a43b35eba36d52b3bb5774ca64e6408cfc12e21,RobroKools/vad-bert,c4c659fd17dd5807572b3f0f577de8c408401ca7,3.3114473819732666,3.2394611835479736,3.2462408542633057
1a83e0ddcb076f8ec8b02441821d1a15c1789b36ef67c9ea5b026cc0ab4cd6ad,RobroKools/vad-bert,c4c659fd17dd5807572b3f0f577de8c408401ca7,3.253845691680908,3.1804134845733643,3.275014638900757
1fa899e776c4630b4351b5686fd9e0c7ac952d1529fe70db864f7f9a16051d8b,RobroKools/vad-bert,c4c659fd17dd5807572b3f0f577de8c408401ca7,3.1579740047454834,3.2573935985565186,3.2298474311828613
e92a19a3a3641f97faf09001508d7021b8e6d0b285e5f371a23bbcdd5b9ee270,RobroKools/vad-bert,c4c659fd17dd5807572b3f0f577de8c408401ca7,3.257263422012329,3.1582818031311035,3.2737762928009038
9a64f86f20bd580e37cdfb4d4af0a49a90fe4cfab313e73db2dd3f98b472ae58,RobroKools/vad-bert,c4c659fd17dd5807572b3f0f577de8c408401ca7,3.1885874271392822,3.216172456741333,3.2378244400024414
f08771bf8db33985d346dbc6f95dd1943fcd8e961ddfe88f10bab8e132f20392,RobroKools/vad-bert,c4c659fd17dd5807572b3f0f577de8c408401ca7,3.2245562076568604,3.2208707332611084,3.2120535373687744
1b640be7c957d91e5ec822fddb853383a947f033a6e119db6845ed00e0028628,RobroKools/vad-bert,c4c659fd17dd5807572b3f0f577de8c408401ca7,3.2545502185821533,3.1895697116851807,3.248863458633423
16e11afd6031261a70ca8d84062de678b02fc17fa8c5c8f0e88182de035b3013,RobroKools/vad-bert,c4c659fd17dd5807572b3f0f577de8c408401ca7,3.2279486656188965,3.2197787761688232,3.278109312057495
571b9c619b4d30271a9771ea035563cdcb7cc75dea598ce039a7b348abb1a800,RobroKools/vad-bert,c4c659fd17dd5807572b3f0f577de8c408401ca7,3.284930467605591,3.201992511749268,3.241947889328003
a0e50d56b183edbf2e7855dabfbafd5a6e4ed644eff1a91b401a3a3c5d5b5eab,RobroKools/vad-bert,c4c659fd17dd5807572b3f0f577de8c408401ca7,3.197356939315796,3.213406801223755,3.2463579177856445
d92788f9e74c54230641036db0ef787daf4c8a8824670a57e864a306d147675b,RobroKools/vad-bert,c4c659fd17dd5807572b3f0f577de8c408401ca7,3.014897108078003,3.155174970626831,3.246554374694824
ef3cd80e4776fba7bf56e9e6e39ddee19dde392a520789a6e348731f8a7ce9da,RobroKools/vad-bert,c4c659fd17dd5807572b3f0f577de8c408401ca7,2.923979520797729,3.0784080028533936,3.1837944984436035
52c4b921997116c4a3be3422771b5e33f15b3ba2b20f5d1c50603bcbadd5f7c0,RobroKools/vad-bert,c4c659fd17dd5807572b3f0f577de8c408401ca7,2.909470319747925,3.0088343620300293,3.357769727706909
27a8bea8ee0fc4717267d6ef4a7d9bc6a548727892fe46fc7c9580831ef8bf52,RobroKools/vad-bert,c4c659fd17dd5807572b3f0f577de8c408401ca7,2.8797390460968018,3.043599367141724,3.2457849979400635
9024dcf6b2baa2b7989f1126f54411f48b088a4462acd7c279a85c688548ec52,RobroKools/vad-bert,c4c659fd17dd5807572b3f0f577de8c408401ca7,2.833984613418579,3.221699476242065,3.324733018875122
9611554239d0102d4858f76e0d36b44af7f2c0a8f2d40387609ed76ac7887452,RobroKools/vad-bert,c4c659fd17dd5807572b3f0f577de8c408401ca7,2.89624571800232,3.0604703426361084,3.401106119155884
91fb805d6b923efc404e8ee166c9bbc86eeff3eb53e1b519d8a30b7b6104ce5a,RobroKools/vad-bert,c4c659fd17dd5807572b3f0f577de8c408401ca7,2.872162103652954,3.000209331512451,3.2314388751983643
d85afe2d6aee5bf03bbd23f55e5096a627e1d76c5ff52d33ea68533277d12ddc,RobroKools/vad-bert,c4c659fd17dd5807572b3f0f577de8c408401ca7,2.8392059803009038,3.167405605316162,3.233854055404663
ce875e8c394d7c5ee373e1387af6dd236d288b0b21f5bafb796454c1e5003d3b,RobroKools/vad-bert,c4c659fd17dd5807572b3f0f577de8c408401ca7,2.798945903778076,3.093698024749756,3.2473433017730717
1df1bd46507c9b2ac902c594f50f8bb23f62f89b5c34785afedbfe550b1ebeef,RobroKools/vad-bert,c4c659fd17dd5807572b3f0f577de8c408401ca7,2.916480779647827,3.039158582687378,3.351182222366333
15e5d89b63959a87930543785fba6de36a6d6863d9fcf4af2c573866971bc13d,RobroKools/vad-bert,c4c659fd17dd5807572b3f0f577de8c408401ca7,2.7808661460876465,3.1374616622924805,3.490224123001098
8b6340d3111f0ef5b234c9be2891fea1868a4e5e28c9b0d487a02ef902a9361c,RobroKools/vad-bert,c4c659fd17dd5807572b3f0f577de8c408401ca7,3.0336949825286865,2.936326742172241,3.3305857181549072
6679235f6c53e4d63b52258f4ee36bf74251a61f36d361b877a7d6c86efebe83,RobroKools/vad-bert,c4c659fd17dd5807572b3f0f577de8c408401ca7,2.9096033573150635,3.107078790664673,3.330562829971313
d653e9feeaa8ab716da2da4e3003b3fc94ecf890025cba9b7e8438ad23c00baa,RobroKools/vad-bert,c4c659fd17dd5807572b3f0f577de8c408401ca7,2.9457366466522217,2.9821250438690186,3.3046414852142334
0062101d31fa66ccc5c09bbe5dc1917b70fa16e756a5f21ba0355853e43cfd7b,RobroKools/vad-bert,c4c659fd17dd5807572b3f0f577de8c408401ca7,2.996358871459961,3.1079108715057373,3.3609979152679443
dc777334529626c561af833191d80ae2c68b493f80a60b7da5a8f68582b6ef23,RobroKools/vad-bert,c4c659fd17dd5807572b3f0f577de8c408401ca7,2.854480504989624,3.2182106971740723,3.248594284057617
124f4dc664bc75360ac24bde36740c5f874ff9d890cbc2ed36f2f53027bd9942,RobroKools/vad-bert,c4c659fd17dd5807572b3f0f577de8c408401ca7,2.846658945083618,3.17482328414917,3.166149377822876
15faed167022d179ce4de580608f395d945508cb728cc5f0af9c37980709e94e,RobroKools/vad-bert,c4c659fd17dd5807572b3f0f577de8c408401ca7,2.881366729736328,3.097940683364868,3.033726453781128
35347304c84f8f22279996daa587614eb0e052e0b72dd14b961d3cb2456345e7,RobroKools/vad-bert,c4c659fd17dd5807572b3f0f577de8c408401ca7,3.030609369277954,3.06767201423645,3.3567440509796143
e7b4c3789da0d9dbe30b17c5fe8a7deef1a549820a7f3ae6963d4a4845fa0eb4,RobroKools/vad-bert,c4c659fd17dd5807572b3f0f577de8c408401ca7,2.900286674499512,3.0245041847229004,3.147251844406128
4f8f658afd639019c7ee5c51d9fb7b6d0cc2f3034c889e9dacdc9611f44de1d0,RobroKools/vad-bert,c4c659fd17dd5807572b3f0f577de8c408401ca7,2.824992418289185,2.884365558624268,3.397659540176392
a91329c81a64efa7f027040aa3658ea6ee13921b5864499602ba95ccba615481,RobroKools/vad-bert,c4c659fd17dd5807572b3f0f577de8c408401ca7,2.823509931564331,3.0650246143341064,3.14241886138916
cadae214f1f275b6844833782c822c862486acc961cadf7593d380aee061f3c6,RobroKools/vad-bert,c4c659fd17dd5807572b3f0f577de8c408401ca7,2.939570665359497,3.1007094383239746,3.2116246223449707
f2ea12caf70c0a45ce7038fe1e45cfd6126dced783765d6ee7d76b5937cb0e56,RobroKools/vad-bert,c4c659fd17dd5807572b3f0f577de8c408401ca7,3.0440468788146973,3.098649501800537,3.3515915870666504
864f13de71a13c42785dd23ce408d5b022ba3c883b413dc3f8a24c7ae09c8a0f,RobroKools/vad-bert,c4c659fd17dd5807572b3f0f577de8c408401ca7,2.986870050430298,2.943397045135498,3.3539109230041504
5758e1179a561407a2ad5de1de43eb954d9b8de7d548861ab4bb55a1bc773d6a,RobroKools/vad-bert,c4c659fd17dd5807572b3f0f577de8c408401ca7,3.1373305320739746,3.0403339862823486,3.2021610736846924
230b4f5056eaf53accb64fca08c861180a750578aff989f79a47f12e8fb40177,RobroKools/vad-bert,c4c659fd17dd5807572b3f0f577de8c408401ca7,2.8848280906677246,2.996756792068481,3.403747320175171
23e8ae07a15f10a679aed790e4db4498f5f1952947b35f473b370f65df1c19f4,RobroKools/vad-bert,c4c659fd17dd5807572b3f0f577de8c408401ca7,2.99056077003479,3.022378444671631,3.357450485229492
cbcf170ec544f98e609bd2c89c89f714d9146efe70cb41c390bbf64fc9e0f7ca,RobroKools/vad-bert,c4c659fd17dd5807572b3f0f577de8c408401ca7,2.8956377506256104,2.875487327575684,3.2891359329223637
ab278cc25bd7554c49b5b1377863af0b99396ed9e3b688ad9971a803ffb5acad,RobroKools/vad-bert,c4c659fd17dd5807572b3f0f577de8c408401ca7,2.8598744869232178,3.003209590911865,3.3232524394989014
c721f47707bdf51ce05dd296d45a51d50236494bd97044308b9ae53ac898c2b5,RobroKools/vad-bert,c4c659fd17dd5807572b3f0f577de8c408401ca7,2.90156626701355,3.059402704238892,3.257990837097168
3e16c1c5145bb2c7a6c773404c7de15d044cd2bd080a3ed456c110d6595ade1f,RobroKools/vad-bert,c4c659fd17dd5807572b3f0f577de8c408401ca7,2.9836530685424805,2.9913275241851807,3.236020088195801
c55fda858dc464fd0b90062be9263575658f53567aae8c1c5aab9a5a55fa35e1,RobroKools/vad-bert,c4c659fd17dd5807572b3f0f577de8c408401ca7,3.152724027633667,3.086435079574585,3.223440408706665
e1115d555f29ad1b5f0173f37adeeaf5033b9ed188b19c3c8c79613fd48050ce,RobroKools/vad-bert,c4c659fd17dd5807572b3f0f577de8c408401ca7,2.9933578968048096,2.887956142425537,3.336294889450073
f9f0cba643e78a3bf8a5318335bcf85d33979804e7f0bbf259fe1673f338531e,RobroKools/vad-bert,c4c659fd17dd5807572b3f0f577de8c408401ca7,3.097841262817383,3.0073606967926025,3.296904325485229
428b37bed393d078ecb51e4a5d01d60683dd64b0ff8a06494d98ade47628182a,RobroKools/vad-bert,c4c659fd17dd5807572b3f0f577de8c408401ca7,3.1623899936676025,2.883239984512329,3.251697540283203
08e471e17e1370afc553482c0739544fd0579809fb3723feb84132c17944195a,RobroKools/vad-bert,c4c659fd17dd5807572b3f0f577de8c408401ca7,3.18778133392334,2.9822347164154053,3.279260873794556
f6b1164aeafd40133c9916505b436e64cfc239f518f788084daa076f25751541,RobroKools/vad-bert,c4c659fd17dd5807572b3f0f577de8c408401ca7,2.9801156520843506,3.188595056533813,3.1816296577453613
99c84daefdb84c7f4b2ad18c8b88b0c96ab454160f8621931cafd9d86e82fcf7,RobroKools/vad-bert,c4c659fd17dd5807572b3f0f577de8c408401ca7,3.284227132797241,3.044073820114136,3.4237194061279297
e71688ba58147df0ecba37db2d00bad3487473037a3857caff95cb165ee9ecdc,RobroKools/vad-bert,c4c659fd17dd5807572b3f0f577de8c408401ca7,3.3037657737731934,3.1724579334259038,3.337360620498657
335fdaed69ea6ef892980bb4b00a3d0c43495b7028a286c8f988385f35728f1c,RobroKools/vad-bert,c4c659fd17dd5807572b3f0f577de8c408401ca7,3.1223576068878174,3.0439181327819824,3.29213809967041
de27dc8db0533ff30cb6d049c6f4b7f199544d6622459ccd14971bc1f24e0fc3,RobroKools/vad-bert,c4c659fd17dd5807572b3f0f577de8c408401ca7,3.294871091842652,3.1182010173797607,3.3421170711517334
214ed23d0b6555d16a5edbeedd3aeca14d8d25c92e4303b42a0f908a7b7e4d79,RobroKools/vad-bert,c4c659fd17dd5807572b3f0f577de8c408401ca7,3.120352029800415,3.0898711681365967,3.403501272201538
4a8693c31846a6b80c3558a3db427fee8c424a6d86b988cf524554c2baf6de58,RobroKools/vad-bert,c4c659fd17dd5807572b3f0f577de8c408401ca7,3.385085105895996,3.1871888637542725,3.4866082668304443
1d10d117f99cd29ee5a2e74a8fa5292dbd1f3e79a080d279bd625dc7cfb6a635,RobroKools/vad-bert,c4c659fd17dd5807572b3f0f577de8c408401ca7,3.1626875400543213,3.119919776916504,3.113551378250122
d9679009258a177494455cf3850371eea50713705cf843394e33a86a4ad8832c,RobroKools/vad-bert,c4c659fd17dd5807572b3f0f577de8c408401ca7,3.15137267112732,3.00964093208313,3.305327653884888
5acc42dda3d362fda4da109057d596ab2f1128af5c47a136cf5c649c7f8820b0,RobroKools/vad-bert,c4c659fd17dd5807572b3f0f577de8c408401ca7,3.252890348434448,3.123461961746216,3.1837358474731445
8c34443ddbeef23d99a25a761bbee626e87a76a7314a4e03b35f52e3a79757a5,RobroKools/vad-bert,c4c659fd17dd5807572b3f0f577de8c408401ca7,3.1997244358062744,3.062016725540161,3.3072714805603027
1d90a2014366f809821c85f64b0ccb9e2b4978ebfbe570b7d3df8090dda14cf7,RobroKools/vad-bert,c4c659fd17dd5807572b3f0f577de8c408401ca7,2.968458890914917,3.149110794067383,3.171496629714966
bc79ad7b54ea063a4125a2cc535d80ecf8544a19ab1e03be5f11935a4e4ab28d,RobroKools/vad-bert,c4c659fd17dd5807572b3f0f577de8c408401ca7,3.0746896266937256,3.196540594100952,3.322273015975952
e2c320c9f264debbbb19c46ec55be1c11560648de1f3d3d6de11797e02e06bdd,RobroKools/vad-bert,c4c659fd17dd5807572b3f0f577de8c408401ca7,2.883235454559326,2.963731050491333,3.253788948059082
81e75e2c6410afe4528d4267bd0c8d56c0d82e34d7ed99a59a997b416240c4e0,RobroKools/vad-bert,c4c659fd17dd5807572b3f0f577de8c408401ca7,3.1435301303863525,3.00473427772522,3.4341394901275635
72da9600dc13a425037641263c85949029a8dd28c498f9802978472a99faf633,RobroKools/vad-bert,c4c659fd17dd5807572b3f0f577de8c408401ca7,3.225867509841919,2.8959572315216064,3.371082067489624
13445f084acee3742679c194bf0c6430b2b06cc348a772b78e5cc1ef27cb3e29,RobroKools/vad-bert,c4c659fd17dd5807572b3f0f577de8c408401ca7,3.3257365226745605,3.0101332664489746,3.2871079444885254
69f66aa56d5549af1f9dde4747a488865036926552674e1b4495b6bf1bde0e3e,RobroKools/vad-bert,c4c659fd17dd5807572b3f0f577de8c408401ca7,3.104807138442993,3.011329412460327,3.072683095932007
3a960603f43d707c832e230c1601ccee5ad08d3235c464d0fc5c495557dd7c3d,RobroKools/vad-bert,c4c659fd17dd5807572b3f0f577de8c408401ca7,3.2491350173950195,2.905125379562378,3.3028242588043213
a34005510b9e91a5b7325d6f0e4d043ac04739443f24259198f0b1164f577b6a,RobroKools/vad-bert,c4c659fd17dd5807572b3f0f577de8c408401ca7,3.030029296875,3.2097036838531494,3.3124706745147705
8591396687218ef424fd2fcb1ee6b0f95bbe50528346533fed191dd3069da229,RobroKools/vad-bert,c4c659fd17dd5807572b3f0f577de8c408401ca7,3.4075405597686768,3.160828828811645,3.397087812423706
8abca0f69269d6517d44b52457f0807b1c36d59b8c372d8e61cb990df38f307b,RobroKools/vad-bert,c4c659fd17dd5807572b3f0f577de8c408401ca7,2.8574378490448,3.134923219680786,3.226767301559448
0b19d7cc6831dae6f9d9f7977844ead56f6b37e606d8b1002727701f69262858,RobroKools/vad-bert,c4c659fd17dd5807572b3f0f577de8c408401ca7,3.1500487327575684,3.086652994155884,3.4701266288757324
8a41eef04d37fa774e4067145b9bb444a7e71dfeafb2ccc537e3ea474826ecf9,RobroKools/vad-bert,c4c659fd17dd5807572b3f0f577de8c408401ca7,3.2118489742279053,3.0725581645965576,3.3315701484680176
ed067895e7c7a0cc3fbbdd3abacc85abeb57a229abace74edafdb43c437f1198,RobroKools/vad-bert,c4c659fd17dd5807572b3f0f577de8c408401ca7,3.0647194385528564,3.0159153938293457,3.2426531314849854
995c46aa379ab36a2ff6f099e18215abb89ee37a3340b7666d99607b2b565470,RobroKools/vad-bert,c4c659fd17dd5807572b3f0f577de8c408401ca7,2.9922573566436768,3.0510971546173096,3.121555089950561
a563435785a0926dd72832ac0e467e2a5887b442d7148eb8dbd4a1ac4e99a44e,RobroKools/vad-bert,c4c659fd17dd5807572b3f0f577de8c408401ca7,2.68045973777771,3.058339834213257,3.036669969558716
2532d7f9b886e760d945ed1153bed15cc1d53d4a04ffb1e1a1b5c20fa1960942,RobroKools/vad-bert,c4c659fd17dd5807572b3f0f577de8c408401ca7,2.811148405075073,3.1784040927886963,3.066979169845581
7278bd18122d3ad861d5b69863579d5f18b78e05fb55e17cf5fe9ace8766a031,RobroKools/vad-bert,c4c659fd17dd5807572b3f0f577de8c408401ca7,2.834341764450073,3.1602323055267334,3.26086688041687
c98bbb30015c62696391a6a72da281f4de73d5befb5dbde8429b0d05c1eb8841,RobroKools/vad-bert,c4c659fd17dd5807572b3f0f577de8c408401ca7,2.665916681289673,3.013803720474243,3.005376100540161
1f4d9b7861e90875e65a0150f3793ca1fb158b67d5d32a81fc11001753907bc9,RobroKools/vad-bert,c4c659fd17dd5807572b3f0f577de8c408401ca7,2.8965518474578857,2.93513298034668,3.129956722259521
15b8b229205a92e72046030d9d5fe1f0167e700a9cde9899fb1494cab0493709,RobroKools/vad-bert,c4c659fd17dd5807572b3f0f577de8c408401ca7,2.947918176651001,3.0324862003326416,3.250641345977783
d6e119dff0cd67ab9c855615e60a6aafef02925ee11c3e2fb10ef2b13d7c8fe2,RobroKools/vad-bert,c4c659fd17dd5807572b3f0f577de8c408401ca7,2.743339776992798,3.0535151958465576,3.114492654800415
c0d4884a585f6538600bc25bae3fdafc3754ead9839437ad99269f06e3269f42,RobroKools/vad-bert,c4c659fd17dd5807572b3f0f577de8c408401ca7,2.9291656017303467,3.0843989849090576,2.988816022872925
15935886a3b752448269362eee0b483508edcf9d3e84b21902a614a4f284d0a2,RobroKools/vad-bert,c4c659fd17dd5807572b3f0f577de8c408401ca7,2.99793553352356,2.900732517242432,3.3228719234466557
8a0718a9852adcdbcd505c1404d2b00fdf1bb536a74a02750b3d761688f75114,RobroKools/vad-bert,c4c659fd17dd5807572b3f0f577de8c408401ca7,3.005497455596924,2.979637384414673,3.014227867126465
fe25065f0881c84b75ed6fd9c00f8674a8ed8f24497189de734ee631518b90a6,RobroKools/vad-bert,c4c659fd17dd5807572b3f0f577de8c408401ca7,3.003645181655884,3.1966049671173096,3.3038830757141118
08a3369ff823badd1e3504a821e41a8da9b3e5d2a734af7d7961cd4a31a76515,RobroKools/vad-bert,c4c659fd17dd5807572b3f0f577de8c408401ca7,3.027321577072144,3.059025287628174,3.378553628921509
77c7b1ece934fa0ca73192b7c121848be4f270947199597004daa0adedae6bcb,RobroKools/vad-bert,c4c659fd17dd5807572b3f0f577de8c408401ca7,2.810257196426392,3.0743296146392822,3.037468671798706
8859beefaa3598eb0c2640a059c3e3f9826fd7c207ca97013ffee99e29f3a48f,RobroKools/vad-bert,c4c659fd17dd5807572b3f0f577de8c408401ca7,2.7814958095550537,3.25440001487732,3.2716190814971924
96eb0eda89a589322223c51b4d9dcf5c26fd445dbe6d8a4dc92dac74fb3a81f6,RobroKools/vad-bert,c4c659fd17dd5807572b3f0f577de8c408401ca7,2.801645278930664,2.936152696609497,3.092859268188477
a95ce92e74fcf8b474122d5a469e2dfdfa713b071e6127fefe8e9d7f67d9559e,RobroKools/vad-bert,c4c659fd17dd5807572b3f0f577de8c408401ca7,2.8343679904937744,3.055604934692383,3.1217963695526123
5a80d92ae4609043f54a354893fd88c1a039d6eb318b4a1c6dc0ab2024c7ec8a,RobroKools/vad-bert,c4c659fd17dd5807572b3f0f577de8c408401ca7,2.865618228912353,3.3181393146514893,3.1478021144866943
36935cb08b8e102e3ec691f73066b6aa4a7958810f4c2eab67477d79d010cf4f,RobroKools/vad-bert,c4c659fd17dd5807572b3f0f577de8c408401ca7,2.8256962299346924,3.1556167602539062,3.100273370742798
c7f92b8f40e514aeee1f7458a7f1a442fd7ca21a7bda21b5e10b878eeacd3258,RobroKools/vad-bert,c4c659fd17dd5807572b3f0f577de8c408401ca7,2.753270387649536,3.1604199409484863,2.9432289600372314
40726d674a2cd1a01fe9c8042d785a0c4f1b262bb0e1cc331d34baba4e80a7ad,RobroKools/vad-bert,c4c659fd17dd5807572b3f0f577de8c408401ca7,2.708639621734619,3.0193469524383545,3.168620109558105
95d62619d90b1575b571316e845fc6c5a5b72531a611a6e5f5a1be24e8158b86,RobroKools/vad-bert,c4c659fd17dd5807572b3f0f577de8c408401ca7,2.8457224369049072,3.1366288661956787,3.2957375049591064
56b6fb1d63ae634d76b5f9c24d3312ece38f7205632a0c9a5df5b841fdfce506,RobroKools/vad-bert,c4c659fd17dd5807572b3f0f577de8c408401ca7,3.0095858573913574,3.019279718399048,3.328744888305664
1bb176c0786fce480c8902e9e329b2356e013e1de8d7746b3c987ed4647929b6,RobroKools/vad-bert,c4c659fd17dd5807572b3f0f577de8c408401ca7,2.775219678878784,3.1901566982269287,3.1767799854278564
f13bd744d3e9cd15514a30d6960c478745b3d165f3782bc15eb607d0d974a86a,RobroKools/vad-bert,c4c659fd17dd5807572b3f0f577de8c408401ca7,2.97400450706482,3.087245464324951,3.085209608078003
7d1df16ed011cb7adae3933b7a6e5f014ae2ac24c641688ce0bbf8f92b26b3df,RobroKools/vad-bert,c4c659fd17dd5807572b3f0f577de8c408401ca7,2.809548139572144,3.1418116092681885,3.076695203781128
836997405d30e938d7ba3172353b612a32fe809fccae56f5726c992abc8ee13e,RobroKools/vad-bert,c4c659fd17dd5807572b3f0f577de8c408401ca7,2.7921512126922607,3.0552566051483154,3.258264541625977
c3978b7548684f2da22bae0fa32d4fcdcd1feaa4f610abdbb0288134796a6712,RobroKools/vad-bert,c4c659fd17dd5807572b3f0f577de8c408401ca7,3.002568244934082,3.132227897644043,3.42005467414856
2a057ebd3dc6aa718aa9d106792a916c9ef1f5556dd46975a3fa895efebf4c57,RobroKools/vad-bert,c4c659fd17dd5807572b3f0f577de8c408401ca7,2.941211462020874,3.0208840370178223,3.38106107711792
cf18977178e837bee9eaa33e47fa017342a6d1e8512ce0ef0919afefcc6b6f11,RobroKools/vad-bert,c4c659fd17dd5807572b3f0f577de8c408401ca7,3.012180089950561,3.2197601795196533,3.176147222518921
6f95734a7fc0f803f2e65e754e27896c57957900b413225ec61113ed6bdf7ed4,RobroKools/vad-bert,c4c659fd17dd5807572b3f0f577de8c408401ca7,2.886524438858032,3.103637456893921,3.166923999786377
d47083f5d6d76c580d962f1494736d4b47d367cd3159471e584c59b00d686143,RobroKools/vad-bert,c4c659fd17dd5807572b3f0f577de8c408401ca7,2.8171889781951904,3.0419650077819824,3.080965280532837
86940321f5edbcfb9f32bd5091e018a1c60a323929d4851d348db9b3cf171eae,RobroKools/vad-bert,c4c659fd17dd5807572b3f0f577de8c408401ca7,3.0121896266937256,3.1952240467071533,3.183671712875366
128e849212978c45857113bbe56de094ea6b6bfb7d5c770a5956f50ed2b1602c,RobroKools/vad-bert,c4c659fd17dd5807572b3f0f577de8c408401ca7,2.9339869022369385,3.0953361988067627,3.087357759475708
0cf15b7687c66f9c5fe7a93b37313338b79d5b8f4e5a4817bf39c1db0d321305,RobroKools/vad-bert,c4c659fd17dd5807572b3f0f577de8c408401ca7,3.1603457927703857,3.011626482009888,3.273930072784424
5d34f03bd9f4628b04bbc32ca5db34a387e7c37d93ff983d2140d1eaeb2a4037,RobroKools/vad-bert,c4c659fd17dd5807572b3f0f577de8c408401ca7,2.9656996726989746,3.02090072631836,3.189140796661377
baf7a800f9dc1c834553124757f73b83437e31227ed22eeba2a7acab7445a7e0,RobroKools/vad-bert,c4c659fd17dd5807572b3f0f577de8c408401ca7,3.1162166595458984,3.122123956680298,3.3169822692871094
b7722ad1de92349810e391a2575e90a46efc927a49690a005c4413fc8fe7e89b,RobroKools/vad-bert,c4c659fd17dd5807572b3f0f577de8c408401ca7,3.17403507232666,3.0713727474212646,3.2395310401916504
9d5a5376d5b1cf3cf726c303bbc5965133154b716295a5d192100e8659bef280,RobroKools/vad-bert,c4c659fd17dd5807572b3f0f577de8c408401ca7,2.8329217433929443,3.2519619464874268,3.12637996673584
5d43ed9c4b57beda14c4a0d74f135ca0e529f618b4f6e4fa6393aa908b735cd4,RobroKools/vad-bert,c4c659fd17dd5807572b3f0f577de8c408401ca7,3.27494740486145,3.0726311206817627,3.187586545944214
f50ac91ab09a1c013a8bafc21a6a6cef02e553590788d4b43aedf182eec72e47,RobroKools/vad-bert,c4c659fd17dd5807572b3f0f577de8c408401ca7,3.0028960704803467,2.992972612380981,3.2219605445861816
fa544858477613e974b91d0a3c837098d018badc0c81ccf514a8d9c09569e380,RobroKools/vad-bert,c4c659fd17dd5807572b3f0f577de8c408401ca7,3.055746793746948,3.081319093704224,3.189138412475586
c1409e9687f2ebda5fdb3c99c8914bed8bc16ed002343b3a2420a7f322ba7c1d,RobroKools/vad-bert,c4c659fd17dd5807572b3f0f577de8c408401ca7,2.9198238849639893,3.102535963058472,3.246838331222534
dcfbf49524e1edd2ec147782e4b608f111cd2fcefda88fb58dc5cda37ddfb37a,RobroKools/vad-bert,c4c659fd17dd5807572b3f0f577de8c408401ca7,3.15870213508606,3.1512959003448486,3.3093087673187256
986ea5a3464e2f860176695a7ec4c21d5bcbb96b4af6b0636a9a4e52c7706192,RobroKools/vad-bert,c4c659fd17dd5807572b3f0f577de8c408401ca7,3.052009344100952,3.027447462081909,3.181814193725586
06ef2e2fcfeeb06e5e9e42897d06ee6c042d9090f79ee84864a2e4a54d3edda9,RobroKools/vad-bert,c4c659fd17dd5807572b3f0f577de8c408401ca7,3.0984623432159424,3.1261627674102783,3.2345046997070312
de4922c4e70f55b43c3270e313c48f0f0efdc777871f0dc72714524560de719d,RobroKools/vad-bert,c4c659fd17dd5807572b3f0f577de8c408401ca7,3.100413084030152,3.1294045448303223,3.2184529304504395
34f352e20995d1f42088107b9cd67be35d1dada0fe201871881198b926ed80e8,RobroKools/vad-bert,c4c659fd17dd5807572b3f0f577de8c408401ca7,2.5406882762908936,3.1322309970855717,3.080976724624634
6ccd7e6b16891ee452ca849e5c2b1da015d30922cc64918e8debe8f0f7075408,RobroKools/vad-bert,c4c659fd17dd5807572b3f0f577de8c408401ca7,3.0791685581207275,3.0367915630340576,3.09504508972168
db588d6c0231db3a973806d7e984e008025f5148686f72d3b33a7fda292b8754,RobroKools/vad-bert,c4c659fd17dd5807572b3f0f577de8c408401ca7,3.088547468185425,2.9985756874084477,3.299379348754883
60045351e5f3d2436bbfe73532fb6016abdf73aa8150252f9e43d91ed6c669d7,RobroKools/vad-bert,c4c659fd17dd5807572b3f0f577de8c408401ca7,3.152822971343994,3.1755564212799072,3.37859320640564
3ffd68f51693488c87dd393d5972595162d6cfbcaa10c46b565f458a36f514c3,RobroKools/vad-bert,c4c659fd17dd5807572b3f0f577de8c408401ca7,3.1058638095855717,3.168814420700073,3.2390058040618896
096fc1aa13da0f5f4a6b7c793854f20278bd4ec719c7647b5ade5e331913ef32,RobroKools/vad-bert,c4c659fd17dd5807572b3f0f577de8c408401ca7,3.004436731338501,2.984506845474243,3.3184852600097656
8ddc5f85f75e8ad4115c5783de899e1425e7d0dde297b3b6925c7ad03b52aca2,RobroKools/vad-bert,c4c659fd17dd5807572b3f0f577de8c408401ca7,3.0367181301116943,3.1955270767211914,3.311596155166626
d80470a3b8a0fd02319e40b1d783bb2e1bc8e0607c910bd7b185d49b2cdb59d2,RobroKools/vad-bert,c4c659fd17dd5807572b3f0f577de8c408401ca7,2.811568021774292,3.039874315261841,3.1109066009521484
6efd7e1c73f8e0cb9475a407c07169a8508f696ee96ffa8991c1d62bf5c70473,RobroKools/vad-bert,c4c659fd17dd5807572b3f0f577de8c408401ca7,2.9959475994110107,3.012493848800659,3.209838390350342
624ed89ae7fa3570ffe42e6850091b5c1cac96840e452bf890e33242e68dc954,RobroKools/vad-bert,c4c659fd17dd5807572b3f0f577de8c408401ca7,2.979254007339477,3.008107662200928,3.2865281105041504
3062e229549625396cc3316c7e4ca0849f485151af3c51db93f7e8e60b7258c1,RobroKools/vad-bert,c4c659fd17dd5807572b3f0f577de8c408401ca7,2.656100034713745,3.011742115020752,3.051614284515381
603dfd025422e42a2c05364afdfdb466e8b338de19aeb2fdb2dbe91fa406704c,RobroKools/vad-bert,c4c659fd17dd5807572b3f0f577de8c408401ca7,3.0434272289276123,3.044175148010254,3.119488477706909
95d0b078b59565c6a04c7ed64c9474e17d07160d95cac1398e34eac5b06215b4,RobroKools/vad-bert,c4c659fd17dd5807572b3f0f577de8c408401ca7,3.214060544967652,3.0973050594329834,3.353940010070801
74d536d36973987b025ccebeb18c3e44f8fbdcb512172cc6a63cef03440db11f,RobroKools/vad-bert,c4c659fd17dd5807572b3f0f577de8c408401ca7,2.636627435684204,3.1005218029022217,3.166640520095825
119ed48ad5bac1845f0358995a3166190fea9b814e68a38da858d037923407d8,RobroKools/vad-bert,c4c659fd17dd5807572b3f0f577de8c408401ca7,3.0808823108673096,3.235851764678955,3.3650553226470947
72e8413d18d966837c1df0d430279e1e1d573628eb2c7ee482bfe2642568410c,RobroKools/vad-bert,c4c659fd17dd5807572b3f0f577de8c408401ca7,2.815815687179565,3.19049334526062,3.27698016166687
d61f5103f2afde5d9febc2fa15bfdc1c28d99fdd4000b2ce21fb284fee368a3f,RobroKools/vad-bert,c4c659fd17dd5807572b3f0f577de8c408401ca7,2.7297065258026123,3.217361688613892,3.1600654125213623
88b9994815efeeb25d3bd671b54984bed1278e44cf4610c1ad488f3553397011,RobroKools/vad-bert,c4c659fd17dd5807572b3f0f577de8c408401ca7,2.767179012298584,3.058276891708374,3.112854242324829
202b3ef1ed44b6d37ed4e74b0059ba287d3e80098c5a1a82473ef7964f22e522,RobroKools/vad-bert,c4c659fd17dd5807572b3f0f577de8c408401ca7,2.988865375518799,2.9762277603149414,3.274285078048706
917ad7811bc16fd4925f57e000e6a287987414ae77b8b21d1669cec1568d3186,RobroKools/vad-bert,c4c659fd17dd5807572b3f0f577de8c408401ca7,3.0708887577056885,3.1638882160186768,3.422762632369995
326781dda64b645ef9695cdc0195dfaa2605eda912b547b6df78095fb3417bf6,RobroKools/vad-bert,c4c659fd17dd5807572b3f0f577de8c408401ca7,2.9924776554107666,2.9598875045776367,3.2135298252105717
682e654811a1b1e8434f1aa857146e03119dfb46ba30ceadcceacd13b9002a43,RobroKools/vad-bert,c4c659fd17dd5807572b3f0f577de8c408401ca7,2.8621160984039307,3.1346473693847656,3.1811635494232178
b40c5c41ff9105588cc25c0d0b7798cc7481712eadef9e244765086c1c1a9a4e,RobroKools/vad-bert,c4c659fd17dd5807572b3f0f577de8c408401ca7,2.674184083938598,3.1018455028533936,3.2174060344696045
e321fd8777dfc7d9d76d2cb917b59db2045e0bf73b4c566b33ed1b510bb793ef,RobroKools/vad-bert,c4c659fd17dd5807572b3f0f577de8c408401ca7,2.8806560039520264,2.924145460128784,3.2401211261749268
b20d50a9a8760079e7b491175085ddcaf18a75afdbe44af6d8669ce9bda3af1f,RobroKools/vad-bert,c4c659fd17dd5807572b3f0f577de8c408401ca7,2.9858763217926025,3.002248525619507,3.1554524898529053
110f7d8e46750db44df871dd0f860fada619fb7b242109bcc4761be60df69774,RobroKools/vad-bert,c4c659fd17dd5807572b3f0f577de8c408401ca7,3.061019897460937,2.9063384532928467,3.25883412361145
806d079cccff4baf16ad208242db58b06dac83d1886f60dfd5f2b654d46a7b63,RobroKools/vad-bert,c4c659fd17dd5807572b3f0f577de8c408401ca7,2.9223644733428955,3.1274893283843994,3.2362704277038574
5157588632d8419f01fef9c0157049a2e24217ac2ec8025515657c134ba2d273,RobroKools/vad-bert,c4c659fd17dd5807572b3f0f577de8c408401ca7,2.7873597145080566,3.143447160720825,3.091799020767212
44e2d41be13b5775b1cb36b7c489dd4cfa59416683b549c83b6078bbb6886c49,RobroKools/vad-bert,c4c659fd17dd5807572b3f0f577de8c408401ca7,2.900720596313477,3.008444309234619,3.3008995056152344
564dc3f63434ba282c374958a3b018716f4dfc150adad4cc53b634eebbdec86b,RobroKools/vad-bert,c4c659fd17dd5807572b3f0f577de8c408401ca7,3.0121190547943115,2.9875853061676025,3.307670831680298
98841e0d3c725f606b66b138e0d06fa27fa6f9f83a503fd0615abeeebfc7e6ca,RobroKools/vad-bert,c4c659fd17dd5807572b3f0f577de8c408401ca7,2.841916561126709,3.0601460933685303,3.3102056980133057
c9915a900102b68aaae9b7e194f7be9a5960d3d9ac1cfcbbd5503ff2a9bd4420,RobroKools/vad-bert,c4c659fd17dd5807572b3f0f577de8c408401ca7,2.961299180984497,3.1127731800079346,3.095254421234131
ac8b735f8c019e3c85b57532b79ccff822f6421b00428a77bbf3fdc55d26bb7f,RobroKools/vad-bert,c4c659fd17dd5807572b3f0f577de8c408401ca7,2.970844268798828,2.924159049987793,3.3753445148468018
7cabe3a103900820d1236c2e5fbe5563d3db99c55e456002df5a98b27ce02135,RobroKools/vad-bert,c4c659fd17dd5807572b3f0f577de8c408401ca7,2.9695675373077397,3.0820279121398926,3.3612735271453857
10906446e0cec42bab7bd17f9b7bda208f5694eba3fab0d426d7462a48f54985,RobroKools/vad-bert,c4c659fd17dd5807572b3f0f577de8c408401ca7,2.8201138973236084,3.0854580402374268,3.24424147605896
f4bcc0d28ce5aa6b7f3115d170540ab60fea243a1c48a62ebc8b1ac325a83f9f,RobroKools/vad-bert,c4c659fd17dd5807572b3f0f577de8c408401ca7,2.7499423027038574,3.083579540252685,3.084134817123413
a0b56c96793a68bb103041196203374995295ffbbe2ef51284656ff4e5ade7dc,RobroKools/vad-bert,c4c659fd17dd5807572b3f0f577de8c408401ca7,2.8191158771514893,3.2560677528381348,3.1786084175109863
1bf80d7b4e727301518324f1b3625d3a549954757f655cf06c82c2d782f7bd9e,RobroKools/vad-bert,c4c659fd17dd5807572b3f0f577de8c408401ca7,2.9323995113372803,3.055535793304444,3.445559501647949
2cee6f15cb3e5cbdc30e7a50c812596e4cf9ff95bad23165c4daa559be63e670,RobroKools/vad-bert,c4c659fd17dd5807572b3f0f577de8c408401ca7,2.894639253616333,2.973456859588623,3.298658609390259
d4e646f5ea453057a3fc4ead0701e10549fbb44a6e062885c67a7dc19486bff7,RobroKools/vad-bert,c4c659fd17dd5807572b3f0f577de8c408401ca7,3.0528600215911865,3.039622068405152,3.3511343002319336
57c9a486095334da83fb6dc30219871a45b2ee2411c98d1b664a490a0088a2f2,RobroKools/vad-bert,c4c659fd17dd5807572b3f0f577de8c408401ca7,2.9560320377349854,3.0063748359680176,3.199449062347412
8122b776ae0b0f7d740fcbdad7c5743e70f1697763245cb026d5ac4946f7f5b7,RobroKools/vad-bert,c4c659fd17dd5807572b3f0f577de8c408401ca7,3.1008894443511963,2.9999258518218994,3.473010301589966
9e344110658420c9a169e9e54f2d693c265e7acd47529fbd03c4cfcbbb03bcf3,RobroKools/vad-bert,c4c659fd17dd5807572b3f0f577de8c408401ca7,2.862813711166382,3.0406835079193115,3.3486249446868896
e6f66c6cfe0373e20f69f26917dff4c417ffdd40d1d5d0e2a56dda8e8b5671b8,RobroKools/vad-bert,c4c659fd17dd5807572b3f0f577de8c408401ca7,2.9742181301116943,3.037099123001098,3.3755404949188232
2cb2d5aa62dd3ce52aad418771924c721c3aa78866b09c757518eeebb1db953e,RobroKools/vad-bert,c4c659fd17dd5807572b3f0f577de8c408401ca7,2.9727609157562256,3.050137758255005,3.323721170425415
f0fb3b9ef9af8da8389d8a4418e038bc2c7d7fcf64bc6d537fee2f6ed63b75f6,RobroKools/vad-bert,c4c659fd17dd5807572b3f0f577de8c408401ca7,2.8991520404815674,3.0685856342315674,3.3390772342681885
affbd854a72d25ff51a396da0c091daaf0e87b0621e2bbddb093552a9141d2a1,RobroKools/vad-bert,c4c659fd17dd5807572b3f0f577de8c408401ca7,2.9805710315704346,3.010101556777954,3.1139609813690186
3b5dc3b58f6f484d68c529f64b6805bf613abf86bb81ee7ea09523c698ba7c58,RobroKools/vad-bert,c4c659fd17dd5807572b3f0f577de8c408401ca7,2.7986209392547607,3.05532169342041,3.218808889389038
8bf8826fe29727cb8b854791d1c289009463a1c40491a34a172d0080fe0210fd,RobroKools/vad-bert,c4c659fd17dd5807572b3f0f577de8c408401ca7,3.1860673427581787,3.0171515941619877,3.269059896469116
933c7142f8b53e8b4e0e623d6c07ab52ccd86af7a1802d5b238ac1187b9ea006,RobroKools/vad-bert,c4c659fd17dd5807572b3f0f577de8c408401ca7,2.676685094833374,3.0876142978668213,3.102780103683472
d6fdbaf980042c178789c57ecaffea209d8b96f7fad5cc4eeacfe44988590c3f,RobroKools/vad-bert,c4c659fd17dd5807572b3f0f577de8c408401ca7,3.1315417289733887,2.881870985031128,3.3230080604553223
f4b3cbedcbce68f1bf5c4f0983c58d9966c4b0baf531d93f5b7212f29d506ace,RobroKools/vad-bert,c4c659fd17dd5807572b3f0f577de8c408401ca7,3.0207221508026123,3.125654935836792,3.3394885063171387
4439bb859ec9e817b6e19647bfe9a79fc26978405fa97be4c9f9e83737d2bc70,RobroKools/vad-bert,c4c659fd17dd5807572b3f0f577de8c408401ca7,3.1204183101654053,3.037400007247925,3.3409035205841064
0839531e5850eebd4558bb76897693078eecf4c3e8cb941797951ca36876024c,RobroKools/vad-bert,c4c659fd17dd5807572b3f0f577de8c408401ca7,3.132286310195923,2.9402096271514893,3.2652342319488525
db960692680fc62c705a486ce7fcc0ed85913663c95e687bf1d0a3a8b0589861,RobroKools/vad-bert,c4c659fd17dd5807572b3f0f577de8c408401ca7,3.217207670211792,3.06854510307312,3.356614351272583
fb012de5cb9e6dc8416d7a212067afbed894bf5ed1937a39a3728401fe6ba61d,RobroKools/vad-bert,c4c659fd17dd5807572b3f0f577de8c408401ca7,3.124350309371948,2.990323543548584,3.2850210666656494
f9b04eac8b644a4e47bd441b5f79bfe23b2ae756e80962bf821e5a8cdfef95cc,RobroKools/vad-bert,c4c659fd17dd5807572b3f0f577de8c408401ca7,3.2643496990203857,3.2123985290527344,3.2969348430633545
c4162cc0c4dfb558549fde616c39d07a5ff293109f94ce1f24e839ce42ffc762,RobroKools/vad-bert,c4c659fd17dd5807572b3f0f577de8c408401ca7,3.169605493545532,3.043231725692749,3.2076685428619385
4b49882e98f92f3163889e6f6879701418cfee62b87d4a44d3efdb07453be323,RobroKools/vad-bert,c4c659fd17dd5807572b3f0f577de8c408401ca7,3.2261345386505127,3.104952335357666,3.41019868850708
7838a4db2fff3a64fa4eb128a5a2377ca89683b56e77bb54b02ce00bd440b20d,RobroKools/vad-bert,c4c659fd17dd5807572b3f0f577de8c408401ca7,3.108515977859497,2.9935429096221924,3.279747486114502
9f468c26eeff10bb04a91f7ccc55476a8f66df57ce0721981ec224b0aae3609a,RobroKools/vad-bert,c4c659fd17dd5807572b3f0f577de8c408401ca7,3.145763874053955,3.041055679321289,3.3586409091949463
7b01d560e55bcba405440212d298eaa0902575d201e78fe3e591e78d30bc3b3f,RobroKools/vad-bert,c4c659fd17dd5807572b3f0f577de8c408401ca7,3.071681499481201,3.0559229850769043,3.204216718673706
95399160c5ac04eca5ded4ec932887905bc97776f3236d035b1d3f25da3237af,RobroKools/vad-bert,c4c659fd17dd5807572b3f0f577de8c408401ca7,2.849767208099365,3.117848873138428,3.1593196392059326
c58d06247a6e33c7c9d9210c83ec871bdd90123e7d761bda2263cc662537b119,RobroKools/vad-bert,c4c659fd17dd5807572b3f0f577de8c408401ca7,2.9710898399353027,3.0778801441192627,3.2369744777679443
451af1355ad7194ffe185f13df2984d617837089c93fd21013ae7412b5670d56,RobroKools/vad-bert,c4c659fd17dd5807572b3f0f577de8c408401ca7,3.0173685550689697,2.973288059234619,3.335489511489868
d14a7440f14a5ba3beba09474884f20d31758f39ea0fb9a67f2eb5fe57d71882,RobroKools/vad-bert,c4c659fd17dd5807572b3f0f577de8c408401ca7,3.1159827709198,3.017486572265625,3.2664730548858643
3eb54bbe55a0daea2471da2f1b7146d03446a55e3b6dd0247c6a1cb4362a08f3,RobroKools/vad-bert,c4c659fd17dd5807572b3f0f577de8c408401ca7,2.875738859176636,3.098604917526245,3.250380277633667
c4d989204181e864bb8b215aa3c674cba69810f1bfb5c3a643ad6a757ef7b7f1,RobroKools/vad-bert,c4c659fd17dd5807572b3f0f577de8c408401ca7,3.0176491737365723,3.002059936523437,3.197115421295166
3ce1c2af40e344a04342f859e45724954a7ecb050a7ebec215a68575fc1772fb,RobroKools/vad-bert,c4c659fd17dd5807572b3f0f577de8c408401ca7,3.06028151512146,3.015526533126831,3.2620270252227783
1a4e5048416c374df165add802c09afcd6f578172cae0089949988529294a23e,RobroKools/vad-bert,c4c659fd17dd5807572b3f0f577de8c408401ca7,3.258089542388916,3.0725018978118896,3.332893133163452
593d619a773d2f6a528908cda8bc8dc96e2eea077d1d94b36e94738c8aed7dd8,RobroKools/vad-bert,c4c659fd17dd5807572b3f0f577de8c408401ca7,3.0039899349212646,2.9107141494750977,3.3220255374908447
7eb9c684879b310896075c35dadee714277611da47baee8bda1e07ce0b91d73f,RobroKools/vad-bert,c4c659fd17dd5807572b3f0f577de8c408401ca7,3.1158201694488525,2.9064760208129883,3.3922247886657715
271783319d04182e5ac6eea86621badfaf57036ebe441a6f279949c63e673e02,RobroKools/vad-bert,c4c659fd17dd5807572b3f0f577de8c408401ca7,2.908721208572388,3.060617446899414,3.289794445037842
be0b4345cbc18a62851fb85ce12547ee660602e057564014df400082e2c2a7b4,RobroKools/vad-bert,c4c659fd17dd5807572b3f0f577de8c408401ca7,3.1428377628326416,3.0193865299224854,3.4245028495788574
f8957627b3cd1def2534312105bbf4bbfc6ef4f65ed1c70224b1c63569b5296d,RobroKools/vad-bert,c4c659fd17dd5807572b3f0f577de8c408401ca7,2.9983057975769043,2.9618611335754395,3.334792375564575
b3afef6354fdd940d60a2142c97531bdf976d376395c79b6479cbd53c5ecb3b3,RobroKools/vad-bert,c4c659fd17dd5807572b3f0f577de8c408401ca7,3.098830461502075,2.865588426589966,3.419142484664917
c9480b62a9a827a42f79384eed90f02098105c660327d19acdf3d3e25d3f7572,RobroKools/vad-bert,c4c659fd17dd5807572b3f0f577de8c408401ca7,3.109893083572388,2.866851568222046,3.22676944732666
4eba359e9e8dc5300fb03bdf6d079fa91c8301765562cf5785a95833fab82c5a,RobroKools/vad-bert,c4c659fd17dd5807572b3f0f577de8c408401ca7,2.861259698867798,3.086883783340454,3.119919776916504
c514f79fb877c527d7c5e3102007f02aed01ef8565906893a42d3cf889effb21,RobroKools/vad-bert,c4c659fd17dd5807572b3f0f577de8c408401ca7,2.612220287322998,3.2712996006011963,3.143247127532959
2133334cd69bb0fd96be254070e67ac6e1d6fdb33977664650cf960c6bfd1aca,RobroKools/vad-bert,c4c659fd17dd5807572b3f0f577de8c408401ca7,2.84661602973938,3.092571496963501,3.126662015914917
70bb1fb6c553ac2bcde71ce26db2d0390b5a29adc01b44923bb34aa523748034,RobroKools/vad-bert,c4c659fd17dd5807572b3f0f577de8c408401ca7,2.8684470653533936,3.1181530952453613,3.207331895828247
645972d91c7076825e395eae97fee895319cb8261cea8ba0ed2913458ec338a0,RobroKools/vad-bert,c4c659fd17dd5807572b3f0f577de8c408401ca7,2.786813497543335,3.012580633163452,3.032186269760132
0b8888a016811d1d4ef74e8255463b90ded2742f82f41d141318279d57f12ce4,RobroKools/vad-bert,c4c659fd17dd5807572b3f0f577de8c408401ca7,2.8116743564605717,3.114884853363037,3.120548725128174
e9bcdf310bfe8f746a85f7f45e284a5435e13494e22faba7c29515c66830ce23,RobroKools/vad-bert,c4c659fd17dd5807572b3f0f577de8c408401ca7,2.775750637054444,3.1652867794036865,3.090496063232422
899c3d52b5be232447764dd787234d8653e799ffbe88b31700ecadaa1e88f2b1,RobroKools/vad-bert,c4c659fd17dd5807572b3f0f577de8c408401ca7,2.6617376804351807,3.128773927688598,3.100881338119507
98c0b24c84fdf2802619552320d308c5423f6e254907642e60df88b6f8d9dcec,RobroKools/vad-bert,c4c659fd17dd5807572b3f0f577de8c408401ca7,2.696235418319702,3.12468695640564,3.0692896842956543
b49176175319be489c0649d4d3c8e3c5c6a2a402139ec45cae78982b8c529639,RobroKools/vad-bert,c4c659fd17dd5807572b3f0f577de8c408401ca7,2.9898784160614014,3.1670925617218018,3.1862404346466064
6b74bdbe926394c9008d109be1e030b650c44f9e99e11ea26bb2c553df0f280d,RobroKools/vad-bert,c4c659fd17dd5807572b3f0f577de8c408401ca7,2.7922942638397217,3.042915105819702,3.236539363861084
ebf9a5ca5f8a30622287a34968c8d6406af36717ad371d3d42fbceea0360ed04,RobroKools/vad-bert,c4c659fd17dd5807572b3f0f577de8c408401ca7,2.7741262912750244,3.1463119983673096,3.339738368988037
d325723228aa37d0df12ad91381a261d6eb6e69ecfd4056ffd3eeec02028fcfe,RobroKools/vad-bert,c4c659fd17dd5807572b3f0f577de8c408401ca7,2.8558802604675293,3.117903470993042,3.1022756099700928
a60f890a1f0c9c4c515eabe8f12b14f337b46ceeccd0ab48fa14aba350cec551,RobroKools/vad-bert,c4c659fd17dd5807572b3f0f577de8c408401ca7,2.994428873062134,3.1673429012298584,3.1855039596557617
882e9ebe97f635ae7d90725f4002d6d85705a9a8f43d5794593752cf5ab96b00,RobroKools/vad-bert,c4c659fd17dd5807572b3f0f577de8c408401ca7,2.6427738666534424,3.1472597122192383,3.095088005065918
eea44caf2c8976855e622cf736f457fc741190b784e94bb40ecc4dd7142be6c6,RobroKools/vad-bert,c4c659fd17dd5807572b3f0f577de8c408401ca7,2.9735653400421143,3.062428474426269,3.3015198707580566
5f03da52add8ba600b430ab4209d8fb583a2ff257cb531f5b9974fc2ffb87093,RobroKools/vad-bert,c4c659fd17dd5807572b3f0f577de8c408401ca7,2.992213249206543,3.0907399654388428,3.3590807914733887
7b2c7a8bb265865b112c566ac1a249b9d09c44a59a9540aebeb809454fa66be4,RobroKools/vad-bert,c4c659fd17dd5807572b3f0f577de8c408401ca7,2.8369510173797607,2.969944715499878,3.2226879596710205
e73797d4f5243b074f9d673e23f00f91b14a650e5dbda00d0e130489f8e8c83c,RobroKools/vad-bert,c4c659fd17dd5807572b3f0f577de8c408401ca7,2.9505717754364014,3.0353007316589355,3.167655229568481
fc005c4966ca86ed97c84f4a98017eabaaee90c58482cb259bb86c8c075885c3,RobroKools/vad-bert,c4c659fd17dd5807572b3f0f577de8c408401ca7,2.8638570308685303,3.0655174255371094,3.2300422191619877
8785c41664a8980b4bfe0df00fd578609824d9dd1b161c40a5e8406af027df05,RobroKools/vad-bert,c4c659fd17dd5807572b3f0f577de8c408401ca7,2.860011339187622,2.9650161266326904,3.225749969482422
17e41b73ad5272f02bbade21ecc35b31c00b4e38ad229765fee307487162ea2b,RobroKools/vad-bert,c4c659fd17dd5807572b3f0f577de8c408401ca7,3.0796825885772705,3.0386605262756348,3.370920181274414
3d812eac901a7049a743b38943c6ce49a87a2cd5b8ee75b3e61d8674ef980f54,RobroKools/vad-bert,c4c659fd17dd5807572b3f0f577de8c408401ca7,2.9838955402374268,3.069499254226685,3.1098358631134038
c764fe845716f9f504db75decb06eaf8b2802454f8d01f3a7262908e3831dc39,RobroKools/vad-bert,c4c659fd17dd5807572b3f0f577de8c408401ca7,3.0512888431549072,3.01314115524292,3.140639543533325
1516736eaf95b4a3ea0946c62dbe2b943736cfd0038ef64ec2dfd96e311ffe12,RobroKools/vad-bert,c4c659fd17dd5807572b3f0f577de8c408401ca7,2.944175243377685,2.940131664276123,3.1528823375701904
6e6db33b1d789401d03f4e5344845bcb10f3249ce2d2889e8b7cd64746e082c7,RobroKools/vad-bert,c4c659fd17dd5807572b3f0f577de8c408401ca7,3.028664350509644,3.049827814102173,3.240862846374512
c80dcdafe5e23cadd128bf6c04d1ce28b546c520500bea8aff348492edaf85d4,RobroKools/vad-bert,c4c659fd17dd5807572b3f0f577de8c408401ca7,2.9895291328430176,2.9401051998138428,3.18508529663086
e3076619c2201f5fd1040da9ebb55a6a012424cdfb08d8d0bee6806b4213d9b5,RobroKools/vad-bert,c4c659fd17dd5807572b3f0f577de8c408401ca7,2.981334686279297,3.0932953357696533,3.157320737838745
4487bc1f871879f97859364e50d4ee63d96f722b45cccbf012698e728b898e78,RobroKools/vad-bert,c4c659fd17dd5807572b3f0f577de8c408401ca7,3.0172102451324463,3.064257860183716,3.152593851089477
024afbae3dfe31a71ff4de2c3befd546ee47d494cb4cae8a1e3e41eacd6be00f,RobroKools/vad-bert,c4c659fd17dd5807572b3f0f577de8c408401ca7,3.0751779079437256,2.9922540187835693,3.2501628398895264
371c1fe98e736e7fdd98321bdcdef85539cd077002e6e9b09040e21d8ddce839,RobroKools/vad-bert,c4c659fd17dd5807572b3f0f577de8c408401ca7,3.0904972553253174,2.963663339614868,3.1852126121521
c7c588b704af6a7c209f558ee6b3c13e8b7e9615e86e8e506e7882da7baa0924,RobroKools/vad-bert,c4c659fd17dd5807572b3f0f577de8c408401ca7,3.2720160484313965,3.262809991836548,3.338629007339477
c2e2d1f33f129f2882630f9860f0d1182a5c9794506a2592fe516114a04708ba,RobroKools/vad-bert,c4c659fd17dd5807572b3f0f577de8c408401ca7,3.3544304370880127,3.19482159614563,3.356125593185425
2e0852b91d784e1c68ab20524fd9d2c1abff9cc73f057b393194723fdf4aef83,RobroKools/vad-bert,c4c659fd17dd5807572b3f0f577de8c408401ca7,3.218373537063598,3.185401678085327,3.206253290176392
985a7e93c3ddbf484af2fbc4b33de3b6fa86ea21613fe170ff845eb3a069688e,RobroKools/vad-bert,c4c659fd17dd5807572b3f0f577de8c408401ca7,3.246962547302246,3.2226245403289795,3.2295870780944824
322d39c9c404b2970f51345c97cae275c4bcccc3cd91297ed31d9f3e666db3f6,RobroKools/vad-bert,c4c659fd17dd5807572b3f0f577de8c408401ca7,3.07797646522522,3.0268714427948,3.292905569076538
61182654727e80f1193e55126a3dad0da72c9eb22aad3b1730896d037496beed,RobroKools/vad-bert,c4c659fd17dd5807572b3f0f577de8c408401ca7,3.2378621101379395,3.1964447498321533,3.295152425765991
47bc4244760aafeb3aaa22483021e9692820d5eef1093deb203fe5a8fd1b2bcc,RobroKools/vad-bert,c4c659fd17dd5807572b3f0f577de8c408401ca7,3.347686052322388,3.240147352218628,3.267268180847168
5aa300a5ec0c459aa20be8717bf930f2f21624ce3ca43a9f4324e946cb24b20d,RobroKools/vad-bert,c4c659fd17dd5807572b3f0f577de8c408401ca7,3.194272994995117,3.1123716831207275,3.205716848373413
7367e9171c0e6a25f9fe7ac379c4803cb6d91d4022201c44fd0ea1eb0491ded3,RobroKools/vad-bert,c4c659fd17dd5807572b3f0f577de8c408401ca7,3.2325241565704346,3.2491300106048584,3.288187265396118
4d33fd32ede60fd019eaaba44fa8c8556ed6fc4abf8e717754cbcad1473c61f9,RobroKools/vad-bert,c4c659fd17dd5807572b3f0f577de8c408401ca7,3.2366230487823486,3.1458370685577397,3.193791389465332
f9cf468275e251acdef86ba95948288c561fd6299adf186714406b171cccde78,RobroKools/vad-bert,c4c659fd17dd5807572b3f0f577de8c408401ca7,3.07439923286438,3.115894079208374,3.25368332862854
a8a0a1087a0f4827d534b8929080295ece4d49bf36b2174edb44e897cdaba816,RobroKools/vad-bert,c4c659fd17dd5807572b3f0f577de8c408401ca7,3.2393901348114014,3.205416440963745,3.260871410369873
9dd38aa570d610c3f18d6e3bd2610dd2a5af30652fed1e1370ba2d0bd4113c9a,RobroKools/vad-bert,c4c659fd17dd5807572b3f0f577de8c408401ca7,3.134000778198242,3.160595178604126,3.2925093173980717
a82eab4acd7ecd5b5b38621d5208f2c76c0f5ade0a5937dd7e0984d88718becd,RobroKools/vad-bert,c4c659fd17dd5807572b3f0f577de8c408401ca7,3.247977495193481,3.190674066543579,3.249234437942505
bfc43f98358b49e360440cd353e44bd5e8c09e24e2b5636e6bcaa70f5081309b,RobroKools/vad-bert,c4c659fd17dd5807572b3f0f577de8c408401ca7,3.119862794876098,3.1258883476257324,3.328122854232788
a748b95778984abe2013a7245f4adcf8432a6cbda70b48f65788234b59bdb0a1,RobroKools/vad-bert,c4c659fd17dd5807572b3f0f577de8c408401ca7,3.163386344909668,3.1582772731781006,3.223962545394897
591ec4de224c077d276b77a7182f52dcf1cdae25def33d485c4b487619abcda1,RobroKools/vad-bert,c4c659fd17dd5807572b3f0f577de8c408401ca7,3.208495616912842,3.072459936141968,3.301409959793091
9420d9717c85e99e8cc61b11a033084b36e40c82778758e6a39b84b6aa7d7de2,RobroKools/vad-bert,c4c659fd17dd5807572b3f0f577de8c408401ca7,3.230277299880981,3.074526786804199,3.207385540008545
22c7588a9b6b231f89cbf740f68521dc770baff0203f859803911cc96cbd6cbe,RobroKools/vad-bert,c4c659fd17dd5807572b3f0f577de8c408401ca7,3.0096447467803955,3.0104947090148926,3.2418482303619385
6cbad0ff47411ac3a9a9dc2fdf4bc48ebeb420bb6bf74aae446aae29d32788fb,RobroKools/vad-bert,c4c659fd17dd5807572b3f0f577de8c408401ca7,3.1519877910614014,3.2484591007232666,3.2540884017944336
5f6ddead7e249dabac219d17373c6ffcd148a11c39d5771ec1f52ab025cafee4,RobroKools/vad-bert,c4c659fd17dd5807572b3f0f577de8c408401ca7,3.030332565307617,3.031705856323242,3.103353261947632
2612ac2461bafeebd5fbd02fdd3d624356a145a06c1a5f5c96485a98fd972e4a,RobroKools/vad-bert,c4c659fd17dd5807572b3f0f577de8c408401ca7,3.1330997943878174,3.131033420562744,3.30389142036438
ba7fa3ccbaa522529a6fc6cf06546d5c08c094b9517df746050acd7416a22868,RobroKools/vad-bert,c4c659fd17dd5807572b3f0f577de8c408401ca7,2.952924489974976,3.087019920349121,3.2205440998077397
d21ed17866b268a90b6027a2f0c7c4c67c0766f9c63736f7aa2195f93c8feb92,RobroKools/vad-bert,c4c659fd17dd5807572b3f0f577de8c408401ca7,3.122565984725952,2.874907732009888,3.281480550765991
4180412f318ec368e0a95ddb3efe080ec1ab01983b88571dba3eb11f7a9cba42,RobroKools/vad-bert,c4c659fd17dd5807572b3f0f577de8c408401ca7,3.173870086669922,3.058403730392456,3.269867181777954
08c5e1bb3c046101678c0a817f81a98044cdd4a936af37b6421e6954256bf9a3,RobroKools/vad-bert,c4c659fd17dd5807572b3f0f577de8c408401ca7,3.0319507122039795,3.0097901821136475,3.181623935699463
981e3bad8a93cb9d2d57291de5539f875ae7ce214469aef9060c4a687282337d,RobroKools/vad-bert,c4c659fd17dd5807572b3f0f577de8c408401ca7,3.130559206008911,3.1751511096954346,3.2101190090179443
d6743b75239d70973d54b69ce03bb296e4e8bc697631b0f9b5a417730bdaed40,RobroKools/vad-bert,c4c659fd17dd5807572b3f0f577de8c408401ca7,3.1731317043304443,3.048701047897339,3.2255067825317383
6ddaa052e4d65726e7d4d6df3240c6eee8777a9a090651dd8a61c8e1002c0e4c,RobroKools/vad-bert,c4c659fd17dd5807572b3f0f577de8c408401ca7,2.963148355484009,3.061278820037842,3.106868028640747
e81656e50699235408e39f8ee9615928644f6f3052c12e988d8cb437c7a705ab,RobroKools/vad-bert,c4c659fd17dd5807572b3f0f577de8c408401ca7,3.1145193576812744,3.17700743675232,3.2599804401397705
c4904bea055520c2766774c016643a3282be71d90009ca057597d8fac060c2a6,RobroKools/vad-bert,c4c659fd17dd5807572b3f0f577de8c408401ca7,3.0709481239318848,2.975588798522949,3.1504621505737305
e767784ac1a18a657e70ec06595ba576985fc01a6bee115fb13cedbac5d97ede,RobroKools/vad-bert,c4c659fd17dd5807572b3f0f577de8c408401ca7,3.1735408306121826,2.9944746494293213,3.144814968109131
d2284301c4a53b2c6f0cacf59f09a9b9dd312e40d81a93942fd61afff1a4f499,RobroKools/vad-bert,c4c659fd17dd5807572b3f0f577de8c408401ca7,2.8898370265960693,3.0905919075012207,3.2644784450531006
1cd25be8730d6fc3f348af2b647f56203e0f0dbfe2cdd2e14fb612a645cc9e57,RobroKools/vad-bert,c4c659fd17dd5807572b3f0f577de8c408401ca7,3.1220815181732178,3.100120306015014,3.1133453845977783
ddaf706ae1d1766bab72a08ce687da985f5c8020c4586d8ea22b71eb14af201f,RobroKools/vad-bert,c4c659fd17dd5807572b3f0f577de8c408401ca7,2.78450608253479,3.1415631771087646,3.1736207008361816
05e2489b48d6639c07a1a466fec7819fa8fcc74e87a9f66e5095abbd1a3baf2c,RobroKools/vad-bert,c4c659fd17dd5807572b3f0f577de8c408401ca7,2.9510748386383057,3.0508649349212646,3.159941434860229
65bcfd9d520d9737b2b8eff2ba1cf51e36cf2a46d085f241ac3b4a70792bca79,RobroKools/vad-bert,c4c659fd17dd5807572b3f0f577de8c408401ca7,2.9867818355560303,3.0579307079315186,3.3047103881835938
d4d1db0c5d77b20231c681e2c22f21fabc4062ef620dd5d31ce1bbf07ca713f0,RobroKools/vad-bert,c4c659fd17dd5807572b3f0f577de8c408401ca7,2.9621527194976807,3.015586376190185,3.304654836654663
9161de83773d166b08a3cfc2b399ee73fa14dcde1a873e973a5a4cd52f838ceb,RobroKools/vad-bert,c4c659fd17dd5807572b3f0f577de8c408401ca7,2.848349332809448,2.9941565990448,2.957428216934204
c6cc542439b14497df60720d2f282927c1f978e4dc2d3823ad4cffe4f486fe24,RobroKools/vad-bert,c4c659fd17dd5807572b3f0f577de8c408401ca7,3.006032466888428,2.935667991638184,3.2975897789001465
12ebf513ed3f9aa2bd0ebc0f793a97935016a00a0b1e911b03a9dedba4f92f95,RobroKools/vad-bert,c4c659fd17dd5807572b3f0f577de8c408401ca7,2.962148904800415,2.956423282623291,3.2416861057281494
4aff02c4fb908911d3b55ed2fc63b6e934a31724f2e116e131ded50ddea56ef8,RobroKools/vad-bert,c4c659fd17dd5807572b3f0f577de8c408401ca7,2.826040983200073,3.009770631790161,3.2427308559417725
3025d7eafa3f4ba699ee88fde4a973fc6aebd77688d8dbbb96f3fdba232cdae9,RobroKools/vad-bert,c4c659fd17dd5807572b3f0f577de8c408401ca7,2.794538736343384,3.140188694000244,3.2449593544006348
af4a012733ab13d0d2295ae6fa7e6ec83efc528a6ece738e44aac729e391a008,RobroKools/vad-bert,c4c659fd17dd5807572b3f0f577de8c408401ca7,2.9637396335601807,3.1792123317718506,3.207710027694702
6fe0c2bbf0ff5081f32252430575fe0916a4516e3a317dd0ac0f1e3939d65bfd,RobroKools/vad-bert,c4c659fd17dd5807572b3f0f577de8c408401ca7,3.1420769691467285,3.095874786376953,3.2192611694335938
cb8cd3f43085774e512cb7cb02cf455943bfb85428b64c6a38f04ba186b7d1ae,RobroKools/vad-bert,c4c659fd17dd5807572b3f0f577de8c408401ca7,3.1522979736328125,3.028884172439575,3.290636777877808
d94a6c8eae9dd44995032fcf827bed1fb64c1e1a37320aa04d52f82e33aa9072,RobroKools/vad-bert,c4c659fd17dd5807572b3f0f577de8c408401ca7,2.979465961456299,2.994536638259888,3.235485792160034
f65ca5e70854085b699bbb4cddff8328a1a3224bea254134eb232211464fe4d0,RobroKools/vad-bert,c4c659fd17dd5807572b3f0f577de8c408401ca7,3.0755436420440674,2.9999709129333496,3.242513418197632
be01d90c8e59fd7fe45430dc8c7aea293edf84493c4ce5d2c0ccaa5712b3a06e,RobroKools/vad-bert,c4c659fd17dd5807572b3f0f577de8c408401ca7,2.828497886657715,3.13647723197937,3.1920058727264404
a68e3e3910e8755d96a9b8a3b14f9e210ccc7bdb902f40b74a62532abf9f76e8,RobroKools/vad-bert,c4c659fd17dd5807572b3f0f577de8c408401ca7,2.989775896072388,3.010176420211792,3.371317148208618
e4f021f5e4b56f43f3cfe7a4269c20d3bdfcfe10c9098caab0e0bcfe00b4ded7,RobroKools/vad-bert,c4c659fd17dd5807572b3f0f577de8c408401ca7,3.065925359725952,3.1638636589050293,3.301783323287964
c44402076bdb02904737ef10d3ae262ea96604cbb6a6ede2161ac1b936445d3b,RobroKools/vad-bert,c4c659fd17dd5807572b3f0f577de8c408401ca7,3.074228525161743,3.183709144592285,3.1135523319244385
f710ad05f87dc783a94fec7d6cb90046dd3cd7f69924f6632ed667715547f5e5,RobroKools/vad-bert,c4c659fd17dd5807572b3f0f577de8c408401ca7,3.0950024127960205,3.0926191806793213,3.365090131759644
707912396ea99627f6bf58b227508e673f44778e0f677933da81df64d02b852b,RobroKools/vad-bert,c4c659fd17dd5807572b3f0f577de8c408401ca7,2.7551963329315186,3.1532859802246094,3.211399793624878
752b1f6f1dc8712b6dd50cc877141e2364fc4b60cf861d62f2b7214f53c74465,RobroKools/vad-bert,c4c659fd17dd5807572b3f0f577de8c408401ca7,2.8724019527435303,3.2941830158233643,3.4237823486328125
1566c99f21e925dcd6c9cfece27dddf805f1e48ecce69c833ebb9399e21214c8,RobroKools/vad-bert,c4c659fd17dd5807572b3f0f577de8c408401ca7,2.7747414112091064,3.1277108192443848,3.197791576385498
7927c839a70ff71216913e5f1b34597b6234941025c688ef04a5a5565e287374,RobroKools/vad-bert,c4c659fd17dd5807572b3f0f577de8c408401ca7,3.145801544189453,3.172825574874878,3.2283718585968018
4d7cb49af3378ed54cf43fb4b92b0089eb96efa8e9eab1dfa5f3f617db5c6086,RobroKools/vad-bert,c4c659fd17dd5807572b3f0f577de8c408401ca7,2.995904922485352,3.063931703567505,3.225757837295532
1aa3d32842bd46b91daf7c769af8914a91b23f6b3018dff069f2af410ae4458c,RobroKools/vad-bert,c4c659fd17dd5807572b3f0f577de8c408401ca7,2.8783538341522217,3.0033740997314453,3.18678879737854
f93f1e9fa79ce54d55374d5893377323729fcb20bea1dc2b6c59c47d44f85b58,RobroKools/vad-bert,c4c659fd17dd5807572b3f0f577de8c408401ca7,3.258342266082764,3.140516757965088,3.162297487258911
5975bde58861c80f3a877dac5ba3fb64b5e52bda7985cd781bc71b665f02a522,RobroKools/vad-bert,c4c659fd17dd5807572b3f0f577de8c408401ca7,2.919361114501953,3.0371901988983154,3.1900219917297363
3f4ffbdbe1e58502525eaff58c6a0922f5ac624a669300fab6f8d915afc3b017,RobroKools/vad-bert,c4c659fd17dd5807572b3f0f577de8c408401ca7,2.9420979022979736,3.101395606994629,3.2871649265289307
ae788fe9d8b5b3d4d7a81bf5a69195818e6026d003dcf97f03985930a7454a69,RobroKools/vad-bert,c4c659fd17dd5807572b3f0f577de8c408401ca7,2.955927610397339,3.108612298965454,3.035804510116577
b65b42cc297e5d960c93e9f2f51bf112ffc1ec748092cd57315706584fbf560a,RobroKools/vad-bert,c4c659fd17dd5807572b3f0f577de8c408401ca7,3.164621353149414,3.093557357788086,3.377741575241089
a6a29ab1e7349987717ad9412647306e6e4d76490decfc1d087fdb556d702647,RobroKools/vad-bert,c4c659fd17dd5807572b3f0f577de8c408401ca7,3.2362756729125977,3.104976892471313,3.274077177047729
d3cc8dde8f31a2818e2c321a5c5b3a312a9f53be71bfd6dfbfb77077a961dae7,RobroKools/vad-bert,c4c659fd17dd5807572b3f0f577de8c408401ca7,3.197016477584839,3.150118112564087,3.228746175765991
246906ee6f14e810909b8f55375d22620baef06360a7b5f641b5a27396dbb2f2,RobroKools/vad-bert,c4c659fd17dd5807572b3f0f577de8c408401ca7,3.1331706047058105,3.10153603553772,3.2567355632781982
d67a7688f450bf07765813ec8f6a8863fdbf3eb2232161e9162bdf46db348467,RobroKools/vad-bert,c4c659fd17dd5807572b3f0f577de8c408401ca7,3.197957754135132,3.031231164932251,3.1151483058929443
e3a9b12eb481e0b491e28cab10b885661cacaa522a856710031dca595ec18599,RobroKools/vad-bert,c4c659fd17dd5807572b3f0f577de8c408401ca7,3.170767307281494,3.1268205642700195,3.172157526016236
6b8024062127f247a2c73a73d3367c3e5c9941d47f622772f9b9cf99143dfe6d,RobroKools/vad-bert,c4c659fd17dd5807572b3f0f577de8c408401ca7,3.1941118240356445,3.059943199157715,3.2483534812927246
fb378584972354b344daa1e241ea54ed34b916f6725838f834fb318ce84ac80f,RobroKools/vad-bert,c4c659fd17dd5807572b3f0f577de8c408401ca7,3.257281541824341,3.1677355766296387,3.2148141860961914
3847add914d255a1472b86c7fcc63ea1e9d51eaecbcbe6a1145c9396cea48e9a,RobroKools/vad-bert,c4c659fd17dd5807572b3f0f577de8c408401ca7,3.195438861846924,3.076340436935425,3.0623881816864014
faabf34aa2acf2b27078f7867ac2fb740b424e1edc18ac97f1fab3782130f939,RobroKools/vad-bert,c4c659fd17dd5807572b3f0f577de8c408401ca7,3.227032423019409,3.1341888904571533,3.14786958694458
b8329b8e23ee69c799979bc0a1f6d01ca08560cc13399da4cf092a2672cd5b17,RobroKools/vad-bert,c4c659fd17dd5807572b3f0f577de8c408401ca7,3.2137935161590576,3.02824330329895,3.154531955718994
c0f9f85b3df4946b0627394fdad3c9c1991bfe694735e9d99ad24904208d4204,RobroKools/vad-bert,c4c659fd17dd5807572b3f0f577de8c408401ca7,3.1826274394989014,3.182999849319458,3.2134768962860107
252a262828c34bcaa2cfab63f77fcb75b127726e2abc6f95a2d526443dea037e,RobroKools/vad-bert,c4c659fd17dd5807572b3f0f577de8c408401ca7,3.234334707260132,3.05476713180542,3.138757944107056
af18f6223901df9bbefdda65c1849bd2b0d0ca4d832cb7864869e29633dc4996,RobroKools/vad-bert,c4c659fd17dd5807572b3f0f577de8c408401ca7,3.2817952632904053,3.160508155822754,3.109384059906006
0e5264dc4b80008242bef71caa52028bbef5b1141f347ed1324cd16bcf3ffe86,RobroKools/vad-bert,c4c659fd17dd5807572b3f0f577de8c408401ca7,3.2735037803649902,3.119394540786743,3.165435552597046
abee69465166579806cb99db867adf97d18ce34ee87f116cd2104990cb5a8415,RobroKools/vad-bert,c4c659fd17dd5807572b3f0f577de8c408401ca7,3.124629259109497,3.111182928085327,3.0876166820526123
bbfb3c7951eed4fe0a63e82009fa44ad85b90e7a561029f4df75b96d0d85794c,RobroKools/vad-bert,c4c659fd17dd5807572b3f0f577de8c408401ca7,3.0524017810821533,3.155454397201538,3.2854650020599365
8f4688726f97f6fe7546af5c6028e3914e492f6d17904daf29525ede3ddd59bf,RobroKools/vad-bert,c4c659fd17dd5807572b3f0f577de8c408401ca7,3.170975923538208,3.237224817276001,3.221642017364502
035dc2f5840e702e132a5b88bf6fc1b7b5cd0114c352b3c2addf26f842dc0318,RobroKools/vad-bert,c4c659fd17dd5807572b3f0f577de8c408401ca7,3.071020603179932,3.1537044048309326,3.309779167175293
f461ef0d42de0388a2f1c27fba97e345957df1a8ee1be84febad3d199efdb026,RobroKools/vad-bert,c4c659fd17dd5807572b3f0f577de8c408401ca7,3.221280574798584,3.1731958389282227,3.257122039794922
392813bc6276122ca60fdd0bf93cd125d40877c9f69f270e8b0fb63bc5f6cc89,RobroKools/vad-bert,c4c659fd17dd5807572b3f0f577de8c408401ca7,3.129504919052124,3.0549566745758057,3.088303565979004
e73c52145c8cfa0af4bd290fead8c6d3b2a1dd766ede6efa66e76b56c047bc04,RobroKools/vad-bert,c4c659fd17dd5807572b3f0f577de8c408401ca7,3.108144760131836,3.0291507244110107,3.405142307281494
ec9a312b809e08cea97db3aa0d1d4c2e0cb8536930cc1a34e959f4fc5c63fa9a,RobroKools/vad-bert,c4c659fd17dd5807572b3f0f577de8c408401ca7,3.097697496414185,3.0707879066467285,3.2986607551574707
90e0b22533c056786e477f72761c32cdc2746a0e3bc99be6b9ba26348ec88587,RobroKools/vad-bert,c4c659fd17dd5807572b3f0f577de8c408401ca7,3.17541766166687,3.206164121627808,2.9948697090148926
3ac62d32ca4fb7d1b36eefc85dfe1eb0a70b212008fb752124f3196b73f0bddd,RobroKools/vad-bert,c4c659fd17dd5807572b3f0f577de8c408401ca7,3.237032651901245,3.1383936405181885,3.1922361850738525
3dc69042b768d5f57a96b1830aea90a27a416af6f11ff32ec2000f7da83b49f4,RobroKools/vad-bert,c4c659fd17dd5807572b3f0f577de8c408401ca7,3.3032379150390625,3.111401319503784,3.3218748569488525
59c0cdeed77bc2c19c43ac738c263be34bc076d6fcd74ac9f93cfd52016ace80,RobroKools/vad-bert,c4c659fd17dd5807572b3f0f577de8c408401ca7,3.128583669662476,3.151569604873657,3.190377950668335
d4adb2417dfeadc54a6de6549cea3c77e70db45c6674c01e5b25ca8817fcac28,RobroKools/vad-bert,c4c659fd17dd5807572b3f0f577de8c408401ca7,3.211980104446411,3.128626823425293,3.3840019702911377
9af696a263d116ef58a387da0453485636ddf37db4632d31b937da310f148b62,RobroKools/vad-bert,c4c659fd17dd5807572b3f0f577de8c408401ca7,3.177537679672241,3.030608654022217,3.080883502960205
f2fccc959d71f60f7b40a13511fefb9d371a50b83b4c5584bec445fc4edf3325,RobroKools/vad-bert,c4c659fd17dd5807572b3f0f577de8c408401ca7,3.2813408374786377,3.241705179214477,3.3661229610443115
ec234bf320b9862aeaa645030ae5b309840b924e2a04c47f4466515db2a11ee4,RobroKools/vad-bert,c4c659fd17dd5807572b3f0f577de8c408401ca7,3.175075054168701,3.126645565032959,3.2036843299865723
ce888868db379eaa68fa07b93fbf3cba6237a9484301acec2dc5ae22374f26b5,RobroKools/vad-bert,c4c659fd17dd5807572b3f0f577de8c408401ca7,2.9254226684570312,3.289386749267578,3.2169606685638428
32856214c55c23561cf9e97fc999195425df8cc46bc699b043e4e660bc1d4b58,RobroKools/vad-bert,c4c659fd17dd5807572b3f0f577de8c408401ca7,2.797912836074829,3.19989275932312,3.268229961395264
9e8d49596f8a6a4648423f0882713530fdf95c60cdc274c02b9458bb0b9a5822,RobroKools/vad-bert,c4c659fd17dd5807572b3f0f577de8c408401ca7,2.992939710617065,3.188992977142334,3.1515607833862305
50bc5d7c51e8d0330215fea6153e936cc938fbe5da7c62c3dc2904a88302555d,RobroKools/vad-bert,c4c659fd17dd5807572b3f0f577de8c408401ca7,3.047719240188598,3.043531656265259,3.254901170730591
ba567ab083e02d799bdb5a31941a2dea63fb7cabec0d399b48f9ba4f60e35861,RobroKools/vad-bert,c4c659fd17dd5807572b3f0f577de8c408401ca7,2.7201874256134038,3.2402193546295166,3.264211416244507
98f0aa78134fd0c89ad8e5c173a97b02b46e163580821df78435e29f8c40f25d,RobroKools/vad-bert,c4c659fd17dd5807572b3f0f577de8c408401ca7,2.946930170059204,3.1026182174682617,3.2174084186553955
bfe5f4a39bade00aa3f656faf938555bc05df780f261c833c690749a5b4d8b99,RobroKools/vad-bert,c4c659fd17dd5807572b3f0f577de8c408401ca7,3.118124723434448,2.9773168563842773,3.35790753364563
0c02c2fc39502b3d7dd3f175c0fb4cbf816f2d95c3d8d23d9fe1fd085f6d37e2,RobroKools/vad-bert,c4c659fd17dd5807572b3f0f577de8c408401ca7,2.975367307662964,3.12943434715271,3.376735210418701
1217575767c58651f729e14343171cd87d8dd88634a941fc3941d0e1287039c6,RobroKools/vad-bert,c4c659fd17dd5807572b3f0f577de8c408401ca7,3.0189244747161865,3.04538893699646,3.162584066390991
d7bf38d3d3733e8e68e2170a75cd98eb61148cda6c4ecaca26e3ea04794b0b8d,RobroKools/vad-bert,c4c659fd17dd5807572b3f0f577de8c408401ca7,3.052809476852417,2.970000982284546,3.392791509628296
a2763c77da7020fca91519bb8048545158b4db7184868180ab8d510e3cca5cb0,RobroKools/vad-bert,c4c659fd17dd5807572b3f0f577de8c408401ca7,2.8944456577301025,3.0924134254455566,3.2006289958953857
633bad6eaf65560ff3d72f6ff4fae471ab013d986d91330850e32d738bdb054f,RobroKools/vad-bert,c4c659fd17dd5807572b3f0f577de8c408401ca7,2.81369948387146,3.149649381637573,3.268176794052124
ceed317aacd37ac859c181fa1ad3694ddac9c780983e01fcb6de9842a6809c08,RobroKools/vad-bert,c4c659fd17dd5807572b3f0f577de8c408401ca7,3.0303351879119877,3.131123304367065,3.297816276550293
b005a65168cf8b8f7b6fe36d940232b6af0d62fb98391af16de720571427d666,RobroKools/vad-bert,c4c659fd17dd5807572b3f0f577de8c408401ca7,3.034712314605713,3.060048818588257,3.3579976558685303
072a89f8e2e22336e17c36f5fe9efe4ca67146aa8f2ca13ee7a5a1704705bdea,RobroKools/vad-bert,c4c659fd17dd5807572b3f0f577de8c408401ca7,2.943969964981079,3.1259710788726807,3.2373764514923096
a9c7f601080461219be14ad64fc84755d7407582a8cbadb3ca044c4a26218c57,RobroKools/vad-bert,c4c659fd17dd5807572b3f0f577de8c408401ca7,3.0026514530181885,3.1969969272613525,3.266815423965454
f12f2fbd5c34a9a9681553bab788008460c2ee7c77e20b57ef1ec041cd0e42b8,RobroKools/vad-bert,c4c659fd17dd5807572b3f0f577de8c408401ca7,3.0124435424804688,3.0300557613372803,3.4028215408325195
52224edb1550e986c6e10bb80ab8a38ec71f456eded505ca109cab14aa9450c3,RobroKools/vad-bert,c4c659fd17dd5807572b3f0f577de8c408401ca7,2.996835470199585,2.921311140060425,3.176905632019043
7a8eb44d3347ebe4714faf8109e8fe456a24152cf3cdef580f57d45cb07fe21b,RobroKools/vad-bert,c4c659fd17dd5807572b3f0f577de8c408401ca7,2.965806245803833,2.9605815410614014,3.206874132156372
55309ca76c48c635fd22f10329d539e880b56672def23dccba078891c6628be1,RobroKools/vad-bert,c4c659fd17dd5807572b3f0f577de8c408401ca7,3.133481502532959,3.1466729640960693,3.276684045791626
7fccde0d24d0a831551c6532084edf85f165f97036743496baa3efa8fe9eb8a0,RobroKools/vad-bert,c4c659fd17dd5807572b3f0f577de8c408401ca7,3.092856407165528,3.098743200302124,3.2536427974700928
e2707edd2d094e53e2e5207c9d35303812d56bc28a842f33fde4619ade9c2f3c,RobroKools/vad-bert,c4c659fd17dd5807572b3f0f577de8c408401ca7,3.1151816844940186,3.142548084259033,3.430914163589477
d5187b338c29b89dd5a13c35a95a68b347be80b3b3a381e2d70d25aec1d02c33,RobroKools/vad-bert,c4c659fd17dd5807572b3f0f577de8c408401ca7,3.0538318157196045,3.010443925857544,3.2333834171295166
ed45a79d244eb6f71c23dd067fe680057cfcfa4f42155a7af71d330a6a7df801,RobroKools/vad-bert,c4c659fd17dd5807572b3f0f577de8c408401ca7,3.0453779697418213,2.873442411422729,3.2873260974884038
125c1f01128ab274e19afed4ad3952c2c66aba0feaab0582e37c1e754478a731,RobroKools/vad-bert,c4c659fd17dd5807572b3f0f577de8c408401ca7,3.1687703132629395,3.0640151500701904,3.3784215450286865
5b173372ef73851da29ad4aca8315cc1f96c52721f692dc64f9e1157fe690a42,RobroKools/vad-bert,c4c659fd17dd5807572b3f0f577de8c408401ca7,3.062886953353882,3.1032960414886475,3.317898988723755
0b5f26b3f70c8efcc0a01548c3832ea5c40e27aa899f7b09b9fe3e17e43d386b,RobroKools/vad-bert,c4c659fd17dd5807572b3f0f577de8c408401ca7,3.108180284500122,2.9981281757354736,3.3112871646881104
1fc0fada2fdf7a5b3f0255bcc932bfb671c089dad643104963cbd3f7ba0fdb85,RobroKools/vad-bert,c4c659fd17dd5807572b3f0f577de8c408401ca7,3.116190195083618,3.086167812347412,3.400751829147339
200576a9303faa78c5f728c6960bfe83caec47cf6fd158a657d449be556067e6,RobroKools/vad-bert,c4c659fd17dd5807572b3f0f577de8c408401ca7,3.0875556468963623,2.883338689804077,3.4169647693634038
aefda33f2bf1af4428669429490132a310e8ee88d735288504c9137536f14f3c,RobroKools/vad-bert,c4c659fd17dd5807572b3f0f577de8c408401ca7,3.193822145462036,3.0836899280548096,3.399533987045288
67ea0d125203e14dbb5b85b153b42e9c05aeb3435a507875e731e09a6cb3376a,RobroKools/vad-bert,c4c659fd17dd5807572b3f0f577de8c408401ca7,3.1115667819976807,2.895457029342652,3.2395358085632324
f58c0e8f571de28ec68ebd5d53a3798caef31c8eaa33d59604d156e209148226,RobroKools/vad-bert,c4c659fd17dd5807572b3f0f577de8c408401ca7,3.2233641147613525,3.004528760910034,3.4191207885742188
2d771ab2afe9cde9d56f445042301f0fdd872b4e1f17e37ee089c6f83dbfb819,RobroKools/vad-bert,c4c659fd17dd5807572b3f0f577de8c408401ca7,2.836833000183105,3.149261713027954,3.1348812580108643
efe59fa65456211a01cb13eb873dabf01f4f6d620799087cd95e843e09fdf51f,RobroKools/vad-bert,c4c659fd17dd5807572b3f0f577de8c408401ca7,3.042895793914795,3.118425130844116,3.2514359951019287
17ba3a959c918b494830de7fbd18dbe60c8f380ce475887f48edc7d4dff4e088,RobroKools/vad-bert,c4c659fd17dd5807572b3f0f577de8c408401ca7,3.3082611560821533,3.1358180046081543,3.3719332218170166
f11161e898b5192e9755c3c2c3b979a5c95a5eff71123b815e03d14763c48a4d,RobroKools/vad-bert,c4c659fd17dd5807572b3f0f577de8c408401ca7,3.279121160507202,3.008076906204224,3.3411688804626465
7682a19c3e4e85ec6eb73ad40574bdc580f5225b643c60bebe0a3e42552d3fc5,RobroKools/vad-bert,c4c659fd17dd5807572b3f0f577de8c408401ca7,3.317754983901977,3.045440435409546,3.531200408935547
7d45a5f91c92d57e4fe561b4eba8a5db27a0d3fc73efe06e81f1dd00cc2595bd,RobroKools/vad-bert,c4c659fd17dd5807572b3f0f577de8c408401ca7,3.226999521255493,3.14168643951416,3.4612905979156494
86bba77419704ae543d6724c7a8686d96344b05f9c82a04a5cfc175b02efb85b,RobroKools/vad-bert,c4c659fd17dd5807572b3f0f577de8c408401ca7,3.262192964553833,3.0125529766082764,3.3279433250427246
96a4312a0dc93ffae0dcd8b2f7eb4ddc196ec5c60a9ded5e30a450b27aecea45,RobroKools/vad-bert,c4c659fd17dd5807572b3f0f577de8c408401ca7,3.1763718128204346,3.180273532867432,3.3239634037017822
cbf2ea38706ff2f352e154f97e9d19452d68377571b095fc576d493a15377e8a,RobroKools/vad-bert,c4c659fd17dd5807572b3f0f577de8c408401ca7,3.313265085220337,3.0859954357147217,3.3715357780456543
9d507ee390b83092e01f7f1e0f7ea01ab1c6f39446d5649d586ad980b3010d60,RobroKools/vad-bert,c4c659fd17dd5807572b3f0f577de8c408401ca7,3.213096618652344,2.987039804458618,3.3850648403167725
c77f32ef1019b8f42b0ddf6fa0bcf360b396a963f19d936e4f87ce1c5c0164cc,RobroKools/vad-bert,c4c659fd17dd5807572b3f0f577de8c408401ca7,3.271239280700684,3.0505566596984863,3.386513948440552
b6529cf4c4d4205530b511e6f297be2940a16927bd61a6a65cbd564f76c7ffe7,RobroKools/vad-bert,c4c659fd17dd5807572b3f0f577de8c408401ca7,3.210579633712769,3.018244981765747,3.2197062969207764
eaf99015a67db7a5c0b2d6bb9e08e07d1d054a0b37661bcab91dd5f5abc6445b,RobroKools/vad-bert,c4c659fd17dd5807572b3f0f577de8c408401ca7,3.35893177986145,3.169186353683472,3.3251421451568604
a9b9e0904372fa8290d1720c8791b1986b973b1fc0a323dd78871b30feb9d735,RobroKools/vad-bert,c4c659fd17dd5807572b3f0f577de8c408401ca7,3.2047078609466557,2.990710496902466,3.324336528778076
f8d7462d5da33e505558e4237b2332937b814d4c89f906df698d4e9c3081e5c2,RobroKools/vad-bert,c4c659fd17dd5807572b3f0f577de8c408401ca7,3.341317892074585,3.1718995571136475,3.37856674194336
24dfa4817fe32f624f74ba0b6f37d73e784e023c4dcbf159b8cfbacff655f292,RobroKools/vad-bert,c4c659fd17dd5807572b3f0f577de8c408401ca7,3.3068885803222656,3.10938048362732,3.210219621658325
47dc5a1763d025665409fa69c1a425ba5beae04ec2a77fcc9a9f708bb2b9bd7f,RobroKools/vad-bert,c4c659fd17dd5807572b3f0f577de8c408401ca7,3.3249223232269287,3.1355185508728027,3.46368145942688
2fc7f9f554de02c32ac57316dcf467e54619b69249bdcb727a8fce66a8f3a02a,RobroKools/vad-bert,c4c659fd17dd5807572b3f0f577de8c408401ca7,3.241693019866944,3.1646854877471924,3.311185836791992
0db7b3468fe7269a0f9135557debbe7471e76a84000dbf2602c0e2c8b0f84fab,RobroKools/vad-bert,c4c659fd17dd5807572b3f0f577de8c408401ca7,3.1411726474761963,3.0670859813690186,3.3472492694854736
4a4272ca0d401b488997662cb4169bd3da56ecbe8fa80a6d9698f7bdc6e533f4,RobroKools/vad-bert,c4c659fd17dd5807572b3f0f577de8c408401ca7,3.1758620738983154,3.10504150390625,3.1224029064178467
e1c147b095b3f796028640bc4360b85bdba6fb599c1fd79b2de5c87d946241ad,RobroKools/vad-bert,c4c659fd17dd5807572b3f0f577de8c408401ca7,3.1413052082061768,3.019117593765259,3.297347068786621
45607641f753403d9de7dc340ed3b0dcdbcb4de2aaca68595a0fa9d52ba0d480,RobroKools/vad-bert,c4c659fd17dd5807572b3f0f577de8c408401ca7,3.310577392578125,3.007020711898804,3.5263006687164307
d3bc8398535e6b5c1b0fbdafc9ac508c49ecbe0d865298737e22b0335705b792,RobroKools/vad-bert,c4c659fd17dd5807572b3f0f577de8c408401ca7,3.3961009979248047,3.2073585987091064,3.3323428630828857
4c9e1ae093768b8547b3570b04394bf8468515f3028d5049bbf4778bda56f3b9,RobroKools/vad-bert,c4c659fd17dd5807572b3f0f577de8c408401ca7,3.2435104846954346,3.021867036819458,3.4173924922943115
e07f619a5d080616ad4c5f1f42d1166ed49a10a65e29814e4ae19b9401cd9bee,RobroKools/vad-bert,c4c659fd17dd5807572b3f0f577de8c408401ca7,3.2092573642730717,3.028160810470581,3.4226231575012207
9d0997be28da9a173a6aff5a0de1ecf50bff68d06dfaee4f71b07d673e155d9e,RobroKools/vad-bert,c4c659fd17dd5807572b3f0f577de8c408401ca7,3.0704500675201416,3.04552960395813,3.333547353744507
f52962dde921285c747ee7e4358642b5ded6f94a3818f7734ec34548c1cf8f4e,RobroKools/vad-bert,c4c659fd17dd5807572b3f0f577de8c408401ca7,3.2614662647247314,3.0432753562927246,3.2892277240753174
7d75ef3b0dcb7cbbb9ff779ef288f6af354b13c2fad59d60f259c658e942eee5,RobroKools/vad-bert,c4c659fd17dd5807572b3f0f577de8c408401ca7,3.287036657333374,3.089119911193848,3.405780076980591
2a58095d054e3d6b4f4dead4854ec616c5640aae886d2bedf94c36730e55e5b8,RobroKools/vad-bert,c4c659fd17dd5807572b3f0f577de8c408401ca7,3.1563608646392822,3.082925796508789,3.305826187133789
121e081e6bef56a53ec9f697fc644e44e8676d77b17f1c42ff4cd3f0950ba362,RobroKools/vad-bert,c4c659fd17dd5807572b3f0f577de8c408401ca7,3.0861847400665283,3.0788071155548096,3.328655242919922
337a58e4321453efde988b2c6e8caed8e83f5b42ceb6b75cc50dcddaa5ccf16c,RobroKools/vad-bert,c4c659fd17dd5807572b3f0f577de8c408401ca7,3.1513540744781494,3.04378342628479,3.22839903831482
dc61de70aaa8605ca42492d587caf8613ec0ba5cfeca8696149a7b7f52e63be7,RobroKools/vad-bert,c4c659fd17dd5807572b3f0f577de8c408401ca7,3.189737558364868,3.2069284915924072,3.3839683532714844
bc1c94ce545d91fa7ef36e1b2442ebbedeedfe335c7ed5125e71b326757179fa,RobroKools/vad-bert,c4c659fd17dd5807572b3f0f577de8c408401ca7,2.841892004013061,2.981611490249634,3.102010726928711
154572a6ca633a766ca5d3f73fd6b1331a03274dc2184b657ace5a3bac9d0246,RobroKools/vad-bert,c4c659fd17dd5807572b3f0f577de8c408401ca7,2.890000820159912,3.1366190910339355,3.222664594650269
e5a26ce34ca45763de3d85146450dede88a7b5193d0db6cf952ea499704f6643,RobroKools/vad-bert,c4c659fd17dd5807572b3f0f577de8c408401ca7,2.892540693283081,3.126550912857056,3.145103693008423
f661f5c1137d4b737528926e1ef09a8f3a2ffa191f3b1871c035fc85f660041d,RobroKools/vad-bert,c4c659fd17dd5807572b3f0f577de8c408401ca7,2.9535717964172363,2.9450814723968506,3.152824878692627
ab188c8322f280a2319815a6d9289e5f88a9bcd94385df45ffb8860c31960966,RobroKools/vad-bert,c4c659fd17dd5807572b3f0f577de8c408401ca7,2.9437143802642822,3.0010573863983154,3.374616861343384
6825b5443743d7ab28f6949e299b8fbb5fa6e1721cb7da25ce3675244ab44e56,RobroKools/vad-bert,c4c659fd17dd5807572b3f0f577de8c408401ca7,3.046377182006836,3.052785634994507,3.22080135345459
6cb59163b47ccf86fa01da5eb00f121112fba47f0a5197a6ee36423824777637,RobroKools/vad-bert,c4c659fd17dd5807572b3f0f577de8c408401ca7,3.0084683895111084,3.046555280685425,3.092810869216919
81c93574fa34bd571942aece78c1dab2f4add3d9d22da010f2edf2d0731fa2e9,RobroKools/vad-bert,c4c659fd17dd5807572b3f0f577de8c408401ca7,2.929511547088623,3.103565454483032,3.1426568031311035
d4511762f956bb770e11d59ea542e8271f1685e9297a743020997647613973fc,RobroKools/vad-bert,c4c659fd17dd5807572b3f0f577de8c408401ca7,2.878179788589477,2.9657583236694336,3.169189691543579
a9d15825c7e664c10397d95522fdc885c4c841e7062964644169099a4768b25e,RobroKools/vad-bert,c4c659fd17dd5807572b3f0f577de8c408401ca7,3.116138458251953,3.05422043800354,3.3058419227600098
163660f0862ca14045a8a765413920a678265099c19a5803f4a7a5df2ca47fde,RobroKools/vad-bert,c4c659fd17dd5807572b3f0f577de8c408401ca7,2.9852898120880127,3.1095058917999268,3.2715015411376958
ee9495429e9d604ba861d302572584724ef8efb47044642af35c477b4e9e3be1,RobroKools/vad-bert,c4c659fd17dd5807572b3f0f577de8c408401ca7,3.134746789932251,2.998248338699341,3.422884464263916
5fcb50c44d0648223c189f9e38a373e5b75963ae73a44cbaefd58e1f14a5ebff,RobroKools/vad-bert,c4c659fd17dd5807572b3f0f577de8c408401ca7,3.0369553565979004,3.01665472984314,3.2724759578704834
0ae79963b525380761b51473f4bca10f1c80024537464f1c2520b58290f0f0bf,RobroKools/vad-bert,c4c659fd17dd5807572b3f0f577de8c408401ca7,2.989033460617065,2.9092252254486084,3.273252487182617
6124dbf905ea51c502d27c34892463447afe4bfd2586158da47c4df1fce657d8,RobroKools/vad-bert,c4c659fd17dd5807572b3f0f577de8c408401ca7,2.965794086456299,3.0566928386688232,3.2567667961120605
c852afe486c3660030b04b8def8e79d562e3e651a3252cd571362d485af03e49,RobroKools/vad-bert,c4c659fd17dd5807572b3f0f577de8c408401ca7,3.039356470108032,3.0281896591186523,3.2503621578216557
e8b01a2c467c71b11bf2281457246710cdefe81717b6c20ff38e6a31aa3f47c9,RobroKools/vad-bert,c4c659fd17dd5807572b3f0f577de8c408401ca7,3.092152833938598,2.9578053951263428,3.389615774154663
61df54f5f3bd7ab828737a1f230f1b9cacbc1f2ca532e7c322463c00c92d5f99,RobroKools/vad-bert,c4c659fd17dd5807572b3f0f577de8c408401ca7,3.109443426132202,3.044984579086304,3.2932708263397217
458bff302ed8985c1a283fb0e6447650259ecdb9b72fce20e69afe36c6ebe0df,RobroKools/vad-bert,c4c659fd17dd5807572b3f0f577de8c408401ca7,3.1174638271331787,3.100285768508911,3.2834620475769043
97f1a454579d64eefe909110be1502e7246a3e95566dc658e208704358819607,RobroKools/vad-bert,c4c659fd17dd5807572b3f0f577de8c408401ca7,3.0741255283355717,3.032576560974121,3.391340494155884
8872f282c7b1394878674339aa968ad4c772d18842dac48547f8e0b630a10ee5,RobroKools/vad-bert,c4c659fd17dd5807572b3f0f577de8c408401ca7,3.218035936355591,3.001847505569458,3.391772747039795
6e439923cc0bae8120018a5bb769b1213a95fa98d3c836a91544034473df84e9,RobroKools/vad-bert,c4c659fd17dd5807572b3f0f577de8c408401ca7,3.022839307785034,3.068311214447021,3.2470972537994385
6f8e735bc5234554974dc18c7dc9b07998791ceab89d7f162d0154e107835593,RobroKools/vad-bert,c4c659fd17dd5807572b3f0f577de8c408401ca7,2.942861795425415,3.0721452236175537,3.4373764991760254
b13995862c54608aa171c909de9a553aec95d5ab4c95e1c14f5b4e39c5521ee6,RobroKools/vad-bert,c4c659fd17dd5807572b3f0f577de8c408401ca7,3.272761344909668,3.01096248626709,3.349382877349853
9f3cf202d285e11b94cebf87c026f24e03a0385e3885719a49d20f7dddfc4559,RobroKools/vad-bert,c4c659fd17dd5807572b3f0f577de8c408401ca7,3.0725653171539307,2.878697156906128,3.3356754779815674
0681bbeb5fee178bfdaa86adc6454dcccaf89d1065c7ac7d99018de6d809125b,RobroKools/vad-bert,c4c659fd17dd5807572b3f0f577de8c408401ca7,3.2861502170562744,3.0963175296783447,3.344688892364502
7cbf396230bc08a8cecb5077be5ae9720ca735b6fffb64220974d73ef8b4534d,RobroKools/vad-bert,c4c659fd17dd5807572b3f0f577de8c408401ca7,2.955317735671997,3.104379653930664,3.3141443729400635
8c460200fb02b8b3a95504473927c81de031098ed44225d9aff6d8907f8a3adb,RobroKools/vad-bert,c4c659fd17dd5807572b3f0f577de8c408401ca7,3.083768606185913,2.999847888946533,3.411209344863892
3f622e567c2515751b31e2bbe51abe056e3deb393551f1c735b4f4aa097bf880,RobroKools/vad-bert,c4c659fd17dd5807572b3f0f577de8c408401ca7,3.224740505218506,3.1017327308654785,3.370551109313965
af8007a4373b8844b3324270800e20f1c17da7c3f7ccc363f6214a213ab6b088,RobroKools/vad-bert,c4c659fd17dd5807572b3f0f577de8c408401ca7,2.9489054679870605,2.910390138626098,3.26513409614563
691b272cbbc6b2c1a31e0b0a6c2af5073928c6183b3d56f25fc9ced80e38260a,RobroKools/vad-bert,c4c659fd17dd5807572b3f0f577de8c408401ca7,3.169157028198242,2.973662614822388,3.3310580253601074
0a14c0a6f2219999fde3e5c1f8565916b0e321ffbf9b8e682f2d30752fbcb54f,RobroKools/vad-bert,c4c659fd17dd5807572b3f0f577de8c408401ca7,3.184176206588745,2.982627868652344,3.303229570388794
91b09514012b58025f516d2436c36f33389501a0a4b10de3c25eb51addcceabd,RobroKools/vad-bert,c4c659fd17dd5807572b3f0f577de8c408401ca7,3.297376871109009,2.986733913421631,3.327549457550049
3b8945595a991d4d3ed249a064577790b350b2b65d36c93bd7cdab13ba98fc4c,RobroKools/vad-bert,c4c659fd17dd5807572b3f0f577de8c408401ca7,3.274756908416748,3.0797698497772217,3.4734444618225098
e16f4bfc77db50b7f7e9c410e19718f19b3e89ae183742b5e5bd07541baeacf6,RobroKools/vad-bert,c4c659fd17dd5807572b3f0f577de8c408401ca7,3.1744272708892822,3.1377437114715576,3.345221757888794
d9e7e1961aae4939c584cd29ad703c30cbd55399d5576bdc959e9cfaa8429d10,RobroKools/vad-bert,c4c659fd17dd5807572b3f0f577de8c408401ca7,3.245546102523804,3.042341709136963,3.283768892288208
0ca7805e4b0914d74b69be7f47a41ecbbb167e4b9f0777e9f61f1a896b6c8462,RobroKools/vad-bert,c4c659fd17dd5807572b3f0f577de8c408401ca7,3.2389042377471924,2.983749866485596,3.2141029834747314
6c6d9dbb6193b5190e45deecca8a0f52492d01a2b5492e8f8486c083750980f7,RobroKools/vad-bert,c4c659fd17dd5807572b3f0f577de8c408401ca7,3.31323504447937,3.031768560409546,3.338698148727417
d9a8fedb266b2b4c60a59ec204084960b2d4be2f1bf1a034a29a99c880509f7d,RobroKools/vad-bert,c4c659fd17dd5807572b3f0f577de8c408401ca7,3.327439546585083,3.09128212928772,3.2839200496673584
4f73fd55cbb7472d9375547f3c0feae831670eaf7123408db5380dac2b03dc87,RobroKools/vad-bert,c4c659fd17dd5807572b3f0f577de8c408401ca7,3.1879665851593018,2.9508087635040283,3.261419773101806
e4b443768128222d1e5c7d36c597a88829ec276d00aa67ac5fa5bcb3b1f57cc3,RobroKools/vad-bert,c4c659fd17dd5807572b3f0f577de8c408401ca7,3.1707193851470947,2.948784351348877,3.3737621307373047
f7939d50e91fe84745c32fc74a20214d25469c9ffe7eaf7b7f8022d11b919e44,RobroKools/vad-bert,c4c659fd17dd5807572b3f0f577de8c408401ca7,3.275663137435913,3.046968698501587,3.3429996967315674
31eb6148e0b86f17e45023e77ad7b39a6f66ec293f62fe6813f58a667fbfe1a5,RobroKools/vad-bert,c4c659fd17dd5807572b3f0f577de8c408401ca7,3.201159954071045,3.023207902908325,3.259927034378052
1a9ac79f46cbc5174f119f0e22a0092bad3ff5e2241edb130c55dd4ce387316d,RobroKools/vad-bert,c4c659fd17dd5807572b3f0f577de8c408401ca7,3.341702461242676,3.0186123847961426,3.253643035888672
992324637de5c16a0acdd2bc42b9b06f08eaa480e64298d3a4ca5fc29ee53ddf,RobroKools/vad-bert,c4c659fd17dd5807572b3f0f577de8c408401ca7,3.346918821334839,3.019972085952759,3.306976556777954
ca9351cd80c68bbd702eb2bb7a6bfd6a10b7cdfd5f5c13133f48a89817971ab9,RobroKools/vad-bert,c4c659fd17dd5807572b3f0f577de8c408401ca7,3.215367078781128,3.012925386428833,3.3045003414154053
1d211d0e4d6b05fec73c99eddb38b6661cd80e60876d9a8cb66ab664d9211803,RobroKools/vad-bert,c4c659fd17dd5807572b3f0f577de8c408401ca7,3.282634019851685,3.048156976699829,3.342806339263916
36146b36de292717b6f3735362d48849830d24ecc3eeeb142c5958c6209db2a7,RobroKools/vad-bert,c4c659fd17dd5807572b3f0f577de8c408401ca7,3.207266569137573,3.0717904567718506,3.411975622177124
6de6efc084619e914b1e059a446f4a47021455bbc25cf604a7c1a1fc6c6cb75c,RobroKools/vad-bert,c4c659fd17dd5807572b3f0f577de8c408401ca7,3.574574708938598,3.173011779785156,3.425719976425171
bb8cea32d40ba7cf620a9e2095efe9007894b578e0050efcdf4a188793e65f67,RobroKools/vad-bert,c4c659fd17dd5807572b3f0f577de8c408401ca7,3.382455587387085,3.101738214492798,3.4174184799194336
7637926dced6857b4ea532dec62819a500da20bc56c7c8615b02bcf36a5deee0,RobroKools/vad-bert,c4c659fd17dd5807572b3f0f577de8c408401ca7,3.396260023117065,3.0804197788238525,3.5060245990753174
120f74041da61f2d4e3999c5425dcf2093086096389d4b2de7d1d3cbd63d7f7a,RobroKools/vad-bert,c4c659fd17dd5807572b3f0f577de8c408401ca7,3.144793748855591,3.061150074005127,3.399800062179565
b43c5e99fb5aefedce84872d3c069d2050d0e04f95028fc7b0d3d99ef5532d0a,RobroKools/vad-bert,c4c659fd17dd5807572b3f0f577de8c408401ca7,3.231494426727295,3.0964481830596924,3.4275622367858887
2d7052d92ea7e96b6973b0ec05a88ff565f4e82939b6a3a08a1dd754205c819d,RobroKools/vad-bert,c4c659fd17dd5807572b3f0f577de8c408401ca7,3.1520421504974365,3.0706441402435303,3.3515748977661133
becdbe0a8feb173a5057dac57f4771dcb86f1babc020c78da12a351a3bae19fb,RobroKools/vad-bert,c4c659fd17dd5807572b3f0f577de8c408401ca7,3.308969259262085,3.0648956298828125,3.4713852405548096
3bb5c75e3e2caf44cf6b8f1107238161bcfcd0bdb2980d807c9a202eddfc5f1b,RobroKools/vad-bert,c4c659fd17dd5807572b3f0f577de8c408401ca7,3.008543968200684,2.9154655933380127,3.2197282314300537
2d8aba6561eac78bf903017e383555c0680bd9cf54b80b56c4c3f76e74b155b3,RobroKools/vad-bert,c4c659fd17dd5807572b3f0f577de8c408401ca7,3.199052095413208,3.001192331314087,3.285482168197632
3ed8c19bc3324e4d422301cd5b8c3741ff78023f01e86d12d9f0b76886f7142d,RobroKools/vad-bert,c4c659fd17dd5807572b3f0f577de8c408401ca7,3.249163627624512,3.0463008880615234,3.3267064094543457
34466773192c56e992dc8ea0e8e73237a827ab06d45194b2d6a2886892a2352f,RobroKools/vad-bert,c4c659fd17dd5807572b3f0f577de8c408401ca7,2.9525680541992188,3.0170936584472656,3.1875810623168945
26d71e8a0d9bf8a54d8d19ce2367b09d2305e93e52787b862e1cc72c62ba03c6,RobroKools/vad-bert,c4c659fd17dd5807572b3f0f577de8c408401ca7,3.165125131607056,2.909374713897705,3.320378065109253
f0be97ac307e07d120b9c7e4e30c1db2472bcd2f9923a265870fac4fbd3f7997,RobroKools/vad-bert,c4c659fd17dd5807572b3f0f577de8c408401ca7,3.243086099624634,3.0140926837921143,3.411015272140503
757c4cf9bb947f7cc0bb128e7a24e2c2cd55f8d93811e7caf599332fd6feeef7,RobroKools/vad-bert,c4c659fd17dd5807572b3f0f577de8c408401ca7,3.107694625854492,3.062180519104004,3.2992427349090576
db8d59117b3c5644e5e365fbb72deb277022698816ee06b888ddb4e2ea156d8f,RobroKools/vad-bert,c4c659fd17dd5807572b3f0f577de8c408401ca7,3.2580716609954834,2.936938524246216,3.3647263050079346
1176a6477067db2ae97f3b4a8549ba26aab0237bf28d2c71fa6d687cc16cf931,RobroKools/vad-bert,c4c659fd17dd5807572b3f0f577de8c408401ca7,3.345693826675415,3.054839849472046,3.4362547397613525
e9b6ec1219e0680537ec4f87f58b8564bd489fff8ae9d56313705c9597743957,RobroKools/vad-bert,c4c659fd17dd5807572b3f0f577de8c408401ca7,3.08846116065979,3.045086622238159,3.358939409255981
80167c097a4d90b8f093578aae1b949fbb72b147c647b979274402b61e99b1b5,RobroKools/vad-bert,c4c659fd17dd5807572b3f0f577de8c408401ca7,3.017831325531006,3.0600063800811768,3.2531564235687256
e391e2966243300dc102c7e5031a4567b4d15a8d55e25c550d4ae43ffc7017e6,RobroKools/vad-bert,c4c659fd17dd5807572b3f0f577de8c408401ca7,3.0834145545959477,3.0224602222442627,3.257936716079712
d3138cdff8657e2e60c42c5eae39b8e77a726b9b6710d752b5b1e1ed9890730d,RobroKools/vad-bert,c4c659fd17dd5807572b3f0f577de8c408401ca7,3.169883728027344,3.1023223400115967,3.2752485275268555
3ceb442e1f5d053c79531169b143e9354e745ee4a3d65f6657408695325a3891,RobroKools/vad-bert,c4c659fd17dd5807572b3f0f577de8c408401ca7,3.075284004211426,3.0789644718170166,3.494220972061157
a5b8f2dc037fd44ecceba6a3561ecb4923d21a32e452173ee2a280750c4029ec,RobroKools/vad-bert,c4c659fd17dd5807572b3f0f577de8c408401ca7,3.1682753562927246,2.9995713233947754,3.2434685230255127
7d5373cbd65e2f7640ee12cff8d513396e634e2488e500f1af846cf09fcb46b4,RobroKools/vad-bert,c4c659fd17dd5807572b3f0f577de8c408401ca7,3.144203424453736,2.844255208969116,3.338684320449829
930d4b3831384353ac26faacb5e97c17d727879e4701339afe9bb2f42c859eec,RobroKools/vad-bert,c4c659fd17dd5807572b3f0f577de8c408401ca7,3.059999227523804,3.0492618083953857,3.131848096847534
9938cfef8f186aa20e7de7083ee0420926995221e447a874fb853c767799ccc1,RobroKools/vad-bert,c4c659fd17dd5807572b3f0f577de8c408401ca7,3.025902032852173,2.9894371032714844,3.2397704124450684
985e00ed9f48e094d8bf5dee60b96b3aca330285488f1f74401700325e9c59f1,RobroKools/vad-bert,c4c659fd17dd5807572b3f0f577de8c408401ca7,3.0298683643341064,3.0132806301116943,3.2172601222991943
aa8b63969868a235c4c6d2368b9264713af6cf884d9985e260b3d66eb4a9750e,RobroKools/vad-bert,c4c659fd17dd5807572b3f0f577de8c408401ca7,3.114058017730713,2.9509594440460205,3.300579786300659
10c1cd1abbddb52b2ef821e37865a19b27a2def2a586df3c939cf9a88fb85af4,RobroKools/vad-bert,c4c659fd17dd5807572b3f0f577de8c408401ca7,2.961895704269409,3.0263447761535645,3.229988813400269
bfbc0a061562a76a91031983fcb056c65f10eb6db8ca13432732163a35ead55f,RobroKools/vad-bert,c4c659fd17dd5807572b3f0f577de8c408401ca7,3.0696609020233154,3.0388617515563965,3.287541151046753
9dd6ef657161a536e900fe55b54deb1cbeaf77cbbd209f72ddc45b1e8809eb8f,RobroKools/vad-bert,c4c659fd17dd5807572b3f0f577de8c408401ca7,2.9674503803253174,3.003812551498413,3.174923181533813
1ff9de808a43d57a8e44ba47f71c7685932f1acc882e9aa93b558481e390d654,RobroKools/vad-bert,c4c659fd17dd5807572b3f0f577de8c408401ca7,2.964482545852661,3.0087153911590576,3.214531421661377
9b9f739f4beaca69c7e4938eede5c414b8d992e9db00c8ebce68d7137388f418,RobroKools/vad-bert,c4c659fd17dd5807572b3f0f577de8c408401ca7,2.9819130897521973,2.987789392471313,3.232133150100708
76c9043ae19a3eb48b26f84b2f4edcc8cc3d34f00a655e2c25612c034e79b44b,RobroKools/vad-bert,c4c659fd17dd5807572b3f0f577de8c408401ca7,2.807452440261841,3.22971510887146,3.1686251163482666
5e1fe5cf8a2ff14586380f236258fbbe7328c23d59f541b9c42fe42e6d5beab0,RobroKools/vad-bert,c4c659fd17dd5807572b3f0f577de8c408401ca7,2.841970682144165,3.0985944271087646,3.2246224880218506
301748726d7f9d6b49d95d407aabcce857373c90b5a5cd994b6b386e523ebcd3,RobroKools/vad-bert,c4c659fd17dd5807572b3f0f577de8c408401ca7,2.9858524799346924,3.160041093826294,3.3869550228118896
6be75d9aa3d436c7b8254c3c51fab7956e22355c8839d5a21d9d766a885dfad0,RobroKools/vad-bert,c4c659fd17dd5807572b3f0f577de8c408401ca7,2.855936288833618,3.12471079826355,3.253145217895508
86a79c6fc0e353046c64ba2adf781302dbd2664be2f4cdb2b6222a54c2928b8b,RobroKools/vad-bert,c4c659fd17dd5807572b3f0f577de8c408401ca7,3.0087716579437256,3.019149780273437,3.2415359020233154
31d124771ca7807be5778ccacc84a1c9965de39e62aed69e2467688a63b3e04c,RobroKools/vad-bert,c4c659fd17dd5807572b3f0f577de8c408401ca7,2.9378669261932373,3.0311877727508545,3.313330888748169
144dfdd0fe06e797c8b8b8b716fd1202908e834e8fa98fb464de47664c8378f2,RobroKools/vad-bert,c4c659fd17dd5807572b3f0f577de8c408401ca7,3.0829885005950928,3.048102140426636,3.3155739307403564
37432c6c61bee29baed9b577ffa858637762b83798ec01ab00312494611b391f,RobroKools/vad-bert,c4c659fd17dd5807572b3f0f577de8c408401ca7,3.0161168575286865,3.087402105331421,3.362750768661499
091bc2a5f4afcbcd2f4eeadbc4b62d86b9fbdfd2fa6ea0cf508eb1a30bac481d,RobroKools/vad-bert,c4c659fd17dd5807572b3f0f577de8c408401ca7,2.870643615722656,3.018756628036499,3.238461494445801
62658a06c3b2bd407d779e3273d379af69180ad56c6e99bf710de15d6714dc9b,RobroKools/vad-bert,c4c659fd17dd5807572b3f0f577de8c408401ca7,3.075725555419922,3.066256523132324,3.32949161529541
654dc955ba782aabced406a22c54dbf02b5b4395f9ccb3ae719d335db5fcfdbe,RobroKools/vad-bert,c4c659fd17dd5807572b3f0f577de8c408401ca7,2.934101819992065,3.026728630065918,3.3509535789489746
74720bf6adb77e58bb921f052b92e934f3a7709917df0d141ef9d853aefd07e7,RobroKools/vad-bert,c4c659fd17dd5807572b3f0f577de8c408401ca7,3.1375186443328857,3.041386604309082,3.360948324203491
654e328678bbe03d30612a54afd313aa17fd04eae160ca3549f474338320a6d8,RobroKools/vad-bert,c4c659fd17dd5807572b3f0f577de8c408401ca7,3.296576976776123,3.121046781539917,3.4571611881256104
e44e73cbed553768e535416a64cbd325e57d0d90aaeb80303352ba230aa621be,RobroKools/vad-bert,c4c659fd17dd5807572b3f0f577de8c408401ca7,3.131697416305542,3.0541539192199707,3.3449008464813232
494c1b4e61dab6702806a8aadb497b256d7c3794df7fe89bf19cb9d950ebc501,RobroKools/vad-bert,c4c659fd17dd5807572b3f0f577de8c408401ca7,3.178219079971313,3.0084097385406494,3.3914897441864014
c9e4da8e8478519bd8bdda18d514e956e89ebf7edee202f6a4798ea6335a9281,RobroKools/vad-bert,c4c659fd17dd5807572b3f0f577de8c408401ca7,3.058202028274536,3.018629789352417,3.4705092906951904
43ee3898e43321d0a792fa36b47d3b5d135c2e6de00b2210c772486e8361de17,RobroKools/vad-bert,c4c659fd17dd5807572b3f0f577de8c408401ca7,3.329735040664673,3.109784841537476,3.409385204315185
8625b8613cd2f5a29b9daa7009ea1bd8b3c2ef61bc2bdb1044ca3f4c081eb9d8,RobroKools/vad-bert,c4c659fd17dd5807572b3f0f577de8c408401ca7,3.5571043491363525,3.0804402828216557,3.462644577026367
024c199f14a03d117e8a5e173e4a027adbeee7edb058a6078b2f662ea0b59624,RobroKools/vad-bert,c4c659fd17dd5807572b3f0f577de8c408401ca7,3.161837339401245,3.05798602104187,3.2507903575897217
d673a6fef803a4d64573a89a92b5250a461dbe4668d3b8b4d545bee8cd72c48b,RobroKools/vad-bert,c4c659fd17dd5807572b3f0f577de8c408401ca7,3.2121336460113525,3.050126075744629,3.4854419231414795
9568264158dff52a605f9ae575cc2961f2a41b3afd787857373ca63a34a6c08e,RobroKools/vad-bert,c4c659fd17dd5807572b3f0f577de8c408401ca7,3.2626328468322754,3.033684015274048,3.339606523513794
cf983042bbd46d63ed5624d04d10bc419294aa336614d1fed9347c57fa6cd20a,RobroKools/vad-bert,c4c659fd17dd5807572b3f0f577de8c408401ca7,3.3826799392700195,3.161900281906128,3.3771770000457764
91b7d63df174cf51b7da09101633c6dbe9e50e8fd09e5d42214c5c73767c6f49,RobroKools/vad-bert,c4c659fd17dd5807572b3f0f577de8c408401ca7,3.2635815143585205,3.1406843662261963,3.390126943588257
0f7378528fb1aea94509e094ff4e21cacc527e65475dd6d6a699d78ed7c35d6d,RobroKools/vad-bert,c4c659fd17dd5807572b3f0f577de8c408401ca7,3.291289567947388,3.056475877761841,3.36201286315918
1d614b6358a753fcc7a5dab24b40e3966afbc0dd1178cfede1ad990a444f0eac,RobroKools/vad-bert,c4c659fd17dd5807572b3f0f577de8c408401ca7,3.2725131511688232,3.109370708465576,3.3034794330596924
92e12b743a9d6fba980bb062579d3f89c2bd824d32c7f0eebd02911b2471d213,RobroKools/vad-bert,c4c659fd17dd5807572b3f0f577de8c408401ca7,3.4495224952697754,3.119367837905884,3.2302072048187256
8113214fc3bc86ec7d9d97f591d3f90f5d3a69ac635d616464ed8ccf64426d56,RobroKools/vad-bert,c4c659fd17dd5807572b3f0f577de8c408401ca7,3.311321496963501,2.99170470237732,3.3623292446136475
e56d2a25efe4c2b71bde1e4c3f529627247a4e47a2f962361cc9855d8ae90b7a,RobroKools/vad-bert,c4c659fd17dd5807572b3f0f577de8c408401ca7,3.402421474456787,3.164936780929565,3.3198912143707275
2ab365ae52fde111b1a8bfadb26786e8b1baf9dbffe27272acb68f85782385a5,RobroKools/vad-bert,c4c659fd17dd5807572b3f0f577de8c408401ca7,3.48201847076416,3.183922529220581,3.392803907394409
62557c72592b4fbbce17bff09de8c30371896bb2c63a337f5e1b46097927574e,RobroKools/vad-bert,c4c659fd17dd5807572b3f0f577de8c408401ca7,3.400371789932251,3.1774098873138428,3.234848737716675
a0303256fa055dec9ba9aa8c8528764d5a56dd5b2983297d59e6b8cffdc0f3a8,RobroKools/vad-bert,c4c659fd17dd5807572b3f0f577de8c408401ca7,3.265713214874268,3.12893009185791,3.335145711898804
79785e43f639546799b3b6fc31e2674368e1c7153be2e39ba27e677ba3fd2c0f,RobroKools/vad-bert,c4c659fd17dd5807572b3f0f577de8c408401ca7,3.31787109375,3.092617988586426,3.340256452560425
23805c100c98332cd38e61f5f661ab769a27969292df213e3856a7e22e46180c,RobroKools/vad-bert,c4c659fd17dd5807572b3f0f577de8c408401ca7,3.06921124458313,2.8674750328063965,3.322946548461914
c194461b7ec9d19eba562ac3a59678c58f12bb79e309668979d756dbe917df34,RobroKools/vad-bert,c4c659fd17dd5807572b3f0f577de8c408401ca7,3.394001007080078,3.085824728012085,3.406169176101685
7b174b2f4cfdd56a23a7ae2fcf1f2d372b2718962695a90b4cd23fc034e78fb4,RobroKools/vad-bert,c4c659fd17dd5807572b3f0f577de8c408401ca7,3.0649096965789795,2.8901755809783936,3.3518080711364746
319dd48c948eab201ac5881fe0046d9d75845767730dd67aa2ff029336dfa4bf,RobroKools/vad-bert,c4c659fd17dd5807572b3f0f577de8c408401ca7,3.253790140151977,2.9572479724884038,3.3174564838409424
fa5985dc072254d37946833eee51b920a51a9e73875831068d07529482a5e61e,RobroKools/vad-bert,c4c659fd17dd5807572b3f0f577de8c408401ca7,3.344898223876953,3.111811399459839,3.369689464569092
77a678fe1624000c6eee0832da25f89bdcb956ab5669255f4180a310a599f188,RobroKools/vad-bert,c4c659fd17dd5807572b3f0f577de8c408401ca7,3.401090383529663,3.0763845443725586,3.479530096054077
ba7b1852a2ccc185dd39414f9e337b2efa7de01730fbe70131c45c99250f93c9,RobroKools/vad-bert,c4c659fd17dd5807572b3f0f577de8c408401ca7,3.3286800384521484,3.131502389907837,3.3600499629974365
99b5e455e4bc0bab4b4f67cb68b168d6816f815060a35861cd5e8115ca83ab6b,RobroKools/vad-bert,c4c659fd17dd5807572b3f0f577de8c408401ca7,3.409635305404663,3.0097670555114746,3.464009046554565
8358ca7742dfaa406d471b63a6f2cb2326e0f89fe60913b5c928659cb3befe6c,RobroKools/vad-bert,c4c659fd17dd5807572b3f0f577de8c408401ca7,3.2723910808563232,3.0333430767059326,3.4124844074249268
5177cdf168334d0449ec3047fd4b0c10d1e53fbee7d52115cc9cde18b51ef7c4,RobroKools/vad-bert,c4c659fd17dd5807572b3f0f577de8c408401ca7,3.41428542137146,3.169595956802368,3.365610361099243
f66a2e2a6778bb2004525280b9caef46c10dd083a6d1e8267f06eb2d079265cd,RobroKools/vad-bert,c4c659fd17dd5807572b3f0f577de8c408401ca7,3.475289821624756,3.188653945922852,3.5712010860443115
da1b004df50d2377e1925c0da649d99ad0c54b0edf3f1def837e1b5844062a7c,RobroKools/vad-bert,c4c659fd17dd5807572b3f0f577de8c408401ca7,3.329166412353516,3.1398584842681885,3.400050401687622
7293b48fbf13863bf60a1c303758cc922b8473ce2b06c0fa0c6a2ba165a0eea0,RobroKools/vad-bert,c4c659fd17dd5807572b3f0f577de8c408401ca7,3.1414663791656494,2.881422519683838,3.3641622066497803
6251a3451bee8d528a763647dbc880be017a657c8ea23d89768ef900c7640717,RobroKools/vad-bert,c4c659fd17dd5807572b3f0f577de8c408401ca7,3.3463051319122314,3.066561460494995,3.4298312664031982
9a56ab0b39111be6b454f7d180db9f393bf782595ec459358a1c50ca1d047c78,RobroKools/vad-bert,c4c659fd17dd5807572b3f0f577de8c408401ca7,3.2782673835754395,3.139188051223755,3.468996286392212
dc3e1a8a2aaf04f01c14d725788cc67545d75ea5e1bbfeffb230b4c4d61de78b,RobroKools/vad-bert,c4c659fd17dd5807572b3f0f577de8c408401ca7,3.253851890563965,3.037243127822876,3.479295015335083
eb00e3c8ca4373cbc67fdbf6c61120e35a111ac5666b9f017df81cc61d418f17,RobroKools/vad-bert,c4c659fd17dd5807572b3f0f577de8c408401ca7,2.9386870861053467,2.853452444076538,3.195215940475464
26034770b1304a0530295058172dda6967943d713d7a10819f5a2fe0b975183b,RobroKools/vad-bert,c4c659fd17dd5807572b3f0f577de8c408401ca7,2.930006742477417,3.1390740871429443,3.22690224647522
0b998c25f0aa0b30600f31202c64c9e6b0c0b3a5237101fe357ad19451b92360,RobroKools/vad-bert,c4c659fd17dd5807572b3f0f577de8c408401ca7,2.9525701999664307,3.0829436779022217,3.231266975402832
3042224c3bb17b95f805935645ceede36456d577fd62edec94c647e3a920b79b,RobroKools/vad-bert,c4c659fd17dd5807572b3f0f577de8c408401ca7,3.095241069793701,2.9241747856140137,3.253302812576294
bad1d9a73a671fcb2721f8797277062a09a09401e49ff784278363cf6f429d74,RobroKools/vad-bert,c4c659fd17dd5807572b3f0f577de8c408401ca7,3.151894807815552,2.9696600437164307,3.276256799697876
68855aa0b257225ef803d9a9224c468ffbdcd08b184b2df650e16fd3b3c14aa9,RobroKools/vad-bert,c4c659fd17dd5807572b3f0f577de8c408401ca7,3.096599578857422,3.0121281147003174,3.3219125270843506
707ec79ca1a75091ea40033b43a8a4ed1ac9c748673ebf376d9762e378a94791,RobroKools/vad-bert,c4c659fd17dd5807572b3f0f577de8c408401ca7,3.133993625640869,2.975806951522827,3.170074939727783
f17f924bc94d623a5eb553089f3e5a59271e8e17ee89c0c203c45ffefc10c71a,RobroKools/vad-bert,c4c659fd17dd5807572b3f0f577de8c408401ca7,3.1608502864837646,2.9720258712768555,3.3449103832244877
dc30476914d595bba6d0a296e564756d6bd43cc3d44e1598ac1c2d6b88f6fd43,RobroKools/vad-bert,c4c659fd17dd5807572b3f0f577de8c408401ca7,3.117095708847046,2.9708480834960938,3.268790006637573
0100d4da2f04075d9d7888edd1665c9d5f2409669d7285371f80394e57277442,RobroKools/vad-bert,c4c659fd17dd5807572b3f0f577de8c408401ca7,3.101083993911743,2.96996545791626,3.241892099380493
501e28c6b777ed0f1c4c92a901b8175248e441d666756f747c94581eaaa4fbf1,RobroKools/vad-bert,c4c659fd17dd5807572b3f0f577de8c408401ca7,3.1188676357269287,3.0075528621673584,3.267006158828736
2463c1a827826d2cea450bf5bacbf7dad70f58e2e5af6ab3719b58afa2091c37,RobroKools/vad-bert,c4c659fd17dd5807572b3f0f577de8c408401ca7,3.001087188720703,2.8916571140289307,3.161118268966675
c8b393b3ee856512e403acd19bdac7bc8a09d7a2288892fa0c8d3966ae52a451,RobroKools/vad-bert,c4c659fd17dd5807572b3f0f577de8c408401ca7,3.0116994380950928,2.9160711765289307,3.250412702560425
fe5ca4d03e03655b782e43b745cb3ec45795aa8e1fe8f4fc4e97449dbb3b22af,RobroKools/vad-bert,c4c659fd17dd5807572b3f0f577de8c408401ca7,3.051415205001831,3.0445683002471924,3.256485939025879
dfa27daeb889bc54fae799675d8eb526f586f5febea7baa31b2de55894d76add,RobroKools/vad-bert,c4c659fd17dd5807572b3f0f577de8c408401ca7,2.988438367843628,2.9996039867401123,3.383737802505493
eaea6e9f8331c8de7e46819b9a0edde9d76e26aa55267365c4e4a3c3ded37a91,RobroKools/vad-bert,c4c659fd17dd5807572b3f0f577de8c408401ca7,2.986778974533081,3.0894253253936768,3.2872772216796875
dffe6bf0b61bd30e6d5ea3280ce92f0f8a04fd8e52d29628e69284b49d7632a1,RobroKools/vad-bert,c4c659fd17dd5807572b3f0f577de8c408401ca7,2.892505168914795,3.1414835453033447,3.2235357761383057
c7bfb01f4fd1f7879eb05933119e4247f036e80ff0167e208d87c8f03ba5dbb6,RobroKools/vad-bert,c4c659fd17dd5807572b3f0f577de8c408401ca7,3.0046253204345703,3.046639919281006,3.3415472507476807
211cc7ce06139593fa7da9e48299687400706692515c2e3a90d793931e45f146,RobroKools/vad-bert,c4c659fd17dd5807572b3f0f577de8c408401ca7,2.8995890617370605,3.190063953399658,3.0367743968963623
154b51e5809016eb5ad66793d0ed15550e5ee8ddbf5cc205aa1923ce72c20143,RobroKools/vad-bert,c4c659fd17dd5807572b3f0f577de8c408401ca7,3.0411691665649414,3.006093263626098,3.3945508003234863
4cce86152c40e76640d8b9e080561af3d31440787645ed96e8d447ddecb9cb4a,RobroKools/vad-bert,c4c659fd17dd5807572b3f0f577de8c408401ca7,2.9985673427581787,3.0316522121429443,3.1850106716156006
516b42fac6069725fb6e734d186a57116701cfebecb407b9192d9056b8d40157,RobroKools/vad-bert,c4c659fd17dd5807572b3f0f577de8c408401ca7,3.0369579792022705,3.0059151649475098,3.323415994644165
32272e1899bd3f72bfbb2e1ef7b465824ff2d21e23ceeb1b4bf934e8d25a30a2,RobroKools/vad-bert,c4c659fd17dd5807572b3f0f577de8c408401ca7,3.0542080402374268,3.0010221004486084,3.2851665019989014
c0ccb300aa27aac6f86277a5b42587e848e9314b3196534df646160010219720,RobroKools/vad-bert,c4c659fd17dd5807572b3f0f577de8c408401ca7,3.068676233291626,2.9581503868103027,3.3045103549957275
78b9ecac9f94160b322526e7d108de2c2c01e7fc06b022687da8206aed1b7670,RobroKools/vad-bert,c4c659fd17dd5807572b3f0f577de8c408401ca7,3.210070848464966,3.021756172180176,3.338991403579712
d1448fcafc2536a3f633ebe3ce0f6b7e4544c578105d83b8b43fd4874c18d31b,RobroKools/vad-bert,c4c659fd17dd5807572b3f0f577de8c408401ca7,3.146070718765259,2.9368436336517334,3.3480563163757324
e77e15a6f145baf4b42ead41bc721b95b054b9f863fe3855fa332525fa767abf,RobroKools/vad-bert,c4c659fd17dd5807572b3f0f577de8c408401ca7,3.267395257949829,3.0409305095672607,3.4185073375701904
a78f18e8692f7ae3b1bdd90c23576da04c99d8776d3abe88fe46af114cb72bf9,RobroKools/vad-bert,c4c659fd17dd5807572b3f0f577de8c408401ca7,3.181859254837036,2.962785482406616,3.379331588745117
95bc18c5b7803e85632e3d263b043e921c40fde9bb9a106382d73711cb74e026,RobroKools/vad-bert,c4c659fd17dd5807572b3f0f577de8c408401ca7,3.123624086380005,2.925105333328247,3.272050142288208
5d6f534dd598817d61ca0769c7645cff4360b9bc067e34a5315884985250b5a8,RobroKools/vad-bert,c4c659fd17dd5807572b3f0f577de8c408401ca7,3.230595588684082,3.0015907287597656,3.321408033370972
6f0a3dfc76fd5f94c71e9fa2afb837839c1982a9ccf1d3bd956d01a3f862ddce,RobroKools/vad-bert,c4c659fd17dd5807572b3f0f577de8c408401ca7,3.13506817817688,2.9638447761535645,3.362712144851685
60b8e9a0506b312daff5f885b7a9bb3f302b9085b4c4de2e9c5612565242adca,RobroKools/vad-bert,c4c659fd17dd5807572b3f0f577de8c408401ca7,2.981982469558716,3.0402228832244877,3.2379262447357178
33cd440fc26376cd62f754973de3137b7ccc71cdeeba239fda06e0445be65043,RobroKools/vad-bert,c4c659fd17dd5807572b3f0f577de8c408401ca7,3.0448739528656006,2.9755358695983887,3.187198638916016
018f6bd41a223162e8472074df5bc49fc7f4debb06932e2c7536462c49f1978a,RobroKools/vad-bert,c4c659fd17dd5807572b3f0f577de8c408401ca7,3.093961238861084,2.8978705406188965,3.3581812381744385
4b4b3078c6fcd63bd3c9d0da61fc5fff69183a86d7dd9aef529b1a46625a7016,RobroKools/vad-bert,c4c659fd17dd5807572b3f0f577de8c408401ca7,3.299811124801636,3.15601134300232,3.3065435886383057
d1a4fd3c2d3a4e7376ed99f0001a52d0e9d7a39399f57ee8cbd96bcc975ff89e,RobroKools/vad-bert,c4c659fd17dd5807572b3f0f577de8c408401ca7,3.126535177230835,3.1011650562286377,3.2800638675689697
de48b2696c552fe75d6483cea62115ac203d49ad66c21336e9d2dc37c812929d,RobroKools/vad-bert,c4c659fd17dd5807572b3f0f577de8c408401ca7,3.0950963497161865,3.07653546333313,3.3008735179901123
8ca76ac388615eee1d3da39ab38c2ca2461b2071e2a722f11726502a1ef8767e,RobroKools/vad-bert,c4c659fd17dd5807572b3f0f577de8c408401ca7,3.1937270164489746,3.005190134048462,3.2339894771575928
ce6bd094ed34354471bcf1b2a4558cac3227e51f4e644b685099517a12811607,RobroKools/vad-bert,c4c659fd17dd5807572b3f0f577de8c408401ca7,3.274037599563598,3.002012252807617,3.1670637130737305
29647fd12e7c694995429637b60a8cbb7ce5efebdb0c541fefc39b637e838e36,RobroKools/vad-bert,c4c659fd17dd5807572b3f0f577de8c408401ca7,3.070929765701294,3.0630805492401123,3.250034809112549
e7abe221aaaca80f1270d44b293f005cab54fc845314c7f5690d6fa5b5d0d658,RobroKools/vad-bert,c4c659fd17dd5807572b3f0f577de8c408401ca7,3.406761646270752,3.1736948490142822,3.4228856563568115
164cded5b02e88f4379bf224eb9e4e1149bf34540539f5151741a3cfc03c769a,RobroKools/vad-bert,c4c659fd17dd5807572b3f0f577de8c408401ca7,3.186145067214966,3.041166067123413,3.198083639144897
b88c57c744027ffc5a44a15dc839201eff509737581efb94a7e002896165c1ec,RobroKools/vad-bert,c4c659fd17dd5807572b3f0f577de8c408401ca7,3.2478973865509038,3.123725175857544,3.2536792755126958
00651e15d71b3cce5d064279296f48b62f24b58628c9983d8bd005e01054362c,RobroKools/vad-bert,c4c659fd17dd5807572b3f0f577de8c408401ca7,3.117850542068481,2.9785306453704834,3.2839245796203613
e48c3917db57fa5973302cc8330c1c968900cfd84e0aa3d61b680affcee64d0c,RobroKools/vad-bert,c4c659fd17dd5807572b3f0f577de8c408401ca7,3.0462019443511963,2.9733846187591557,3.2603561878204346
331003c1d7f58c14785598631d65aab8dd1acba6a56f4f1b5c259cd5947a1f46,RobroKools/vad-bert,c4c659fd17dd5807572b3f0f577de8c408401ca7,3.229090452194214,3.0305097103118896,3.2587549686431885
8d3768b8ab63c9613999574c052dd4ff94a09bbffcd9dfdb2add5838e9c7a96a,RobroKools/vad-bert,c4c659fd17dd5807572b3f0f577de8c408401ca7,3.182485580444336,3.131489992141724,3.239158391952514
dc851749596fcc2043b578ea263dd5e3bad212316d22bb8e607535250ae84f8d,RobroKools/vad-bert,c4c659fd17dd5807572b3f0f577de8c408401ca7,3.2571775913238525,3.035027503967285,3.3904504776000977
00971c8e2bfdd36fb78280f174cb4bfcc384e0ea81e70f4faf92e3857f18ebb8,RobroKools/vad-bert,c4c659fd17dd5807572b3f0f577de8c408401ca7,3.199141263961792,3.062751054763794,3.3158209323883057
35f3de5d7a0b49663297b41c5695a219409fe0c51e744bb0788b6d31b5132284,RobroKools/vad-bert,c4c659fd17dd5807572b3f0f577de8c408401ca7,3.2292592525482178,3.136661529541016,3.4697511196136475
b6fce2527687db0429273139e15e35dd147f0bfe723443f25bfd9278ffe56a03,RobroKools/vad-bert,c4c659fd17dd5807572b3f0f577de8c408401ca7,3.233508348464966,3.04378342628479,3.435811281204224
c91188acb6bf9c64b7b728632dc067f054e7b97c4d7c0731a27755ad2cec255f,RobroKools/vad-bert,c4c659fd17dd5807572b3f0f577de8c408401ca7,3.2066988945007324,3.0335118770599365,3.3699748516082764
8d41b105df95a246ff25830fee32a0fb38d1ef03a532b19b8f5bee05c35ec8a9,RobroKools/vad-bert,c4c659fd17dd5807572b3f0f577de8c408401ca7,3.2619333267211914,3.040205955505371,3.328431367874145
355aa5c1411795e4609cc207709257c63ee9604c84f3ede06e5f94e3fa7b2f68,RobroKools/vad-bert,c4c659fd17dd5807572b3f0f577de8c408401ca7,3.234799861907959,3.0838165283203125,3.429013729095459
65986ec4786a2e1b9ff6b6a773a77ea11129404b0e43df2c7a77fe2b1713bb61,RobroKools/vad-bert,c4c659fd17dd5807572b3f0f577de8c408401ca7,3.250009536743164,3.0222976207733154,3.3520631790161133
934166815c65d8b479e5fa3a2b401f9d37f70a04d77c8b5e449832c12062ff71,RobroKools/vad-bert,c4c659fd17dd5807572b3f0f577de8c408401ca7,3.235954999923706,3.065100908279419,3.41833758354187
b03922b45ceb0448db4b65b83e14b02493ca2ab6e6bd031f12694a903447f2ee,RobroKools/vad-bert,c4c659fd17dd5807572b3f0f577de8c408401ca7,3.265941858291626,3.054243803024292,3.3829598426818848
562b9c40915f2cef00a5ec8b30f37bf0e9c92089e7012a1525d83683f1f8d2f7,RobroKools/vad-bert,c4c659fd17dd5807572b3f0f577de8c408401ca7,3.2288615703582764,3.040369272232056,3.3558595180511475
4dd48d61033ef36ee9e450427db40831b30687d4b692212d2ce15643c11899ab,RobroKools/vad-bert,c4c659fd17dd5807572b3f0f577de8c408401ca7,3.271047353744507,3.049598455429077,3.3760411739349365
4d356d015caa413a668a3fce6346ddf90ce29c1f2e2fc4fd399c62e855b4c785,RobroKools/vad-bert,c4c659fd17dd5807572b3f0f577de8c408401ca7,3.232257604598999,2.9960105419158936,3.3502213954925537
a4470bc213af5dd4236edef4469207769d9a63fc6312947b45da988bf44bc485,RobroKools/vad-bert,c4c659fd17dd5807572b3f0f577de8c408401ca7,3.277303457260132,3.0508432388305664,3.3812811374664307
e80448e34305b2e1a9bf369f0c8942f5ce0b214dac38f32a6889b7db6b7cb85d,RobroKools/vad-bert,c4c659fd17dd5807572b3f0f577de8c408401ca7,3.231563806533813,3.0122764110565186,3.343363046646118
923c6068fbf9dd2d6b9ab62178b984b348ef8cb3e4931f6843fcb918e37fc09c,RobroKools/vad-bert,c4c659fd17dd5807572b3f0f577de8c408401ca7,3.0613255500793457,2.960515260696411,3.439377546310425
ce81c905bb9d32a0ec2d78b5193e2d1c9a19fd55262f5d9802ea0a8b627f23ac,RobroKools/vad-bert,c4c659fd17dd5807572b3f0f577de8c408401ca7,2.976358652114868,3.028852701187134,3.25260853767395
bcbea62fbe51b2c6aa93f352e640fd28b92a33b7844c6cf5b7c0351fdbf2dd9c,RobroKools/vad-bert,c4c659fd17dd5807572b3f0f577de8c408401ca7,2.948932886123657,3.1222314834594727,3.2758336067199707
98ab796a5b25bb8d3d46b08cf611c2d55482b09fde15489adea60fb57151759b,RobroKools/vad-bert,c4c659fd17dd5807572b3f0f577de8c408401ca7,2.988423109054565,3.0460855960845947,3.3060836791992188
ebf8ff37f43a47b58a8f5b29783a3b39286c815c52ac7241da727a8d0c5f3399,RobroKools/vad-bert,c4c659fd17dd5807572b3f0f577de8c408401ca7,3.0362331867218018,3.059450387954712,3.254647254943848
7c02a007e6df4186165df6991886a1e5b2e1c43ffbf26838676b1bdcc97cea41,RobroKools/vad-bert,c4c659fd17dd5807572b3f0f577de8c408401ca7,2.9532570838928223,3.0875980854034424,3.36269760131836
7daa229e4053c7e1013cee12fd5ba9947c8c89a60c6c02081622971f9a5702df,RobroKools/vad-bert,c4c659fd17dd5807572b3f0f577de8c408401ca7,3.0408546924591064,3.0440633296966557,3.3209567070007324
2867acd804ea67cacad7f9ac6392f2f32a9848ddef7bb5ca49a09fb90f739716,RobroKools/vad-bert,c4c659fd17dd5807572b3f0f577de8c408401ca7,2.965078115463257,3.046191930770874,3.321408271789551
4fec3f584109bf2c6f65459e6a34db12f99f8837c3d544f69e2d61ad24049067,RobroKools/vad-bert,c4c659fd17dd5807572b3f0f577de8c408401ca7,3.000331401824951,3.079521894454956,3.2423250675201416
a3baf9a884f70614d707c1d0a92f976ada6c78604391b872f7d66d9f412ec9e6,RobroKools/vad-bert,c4c659fd17dd5807572b3f0f577de8c408401ca7,2.9232356548309326,3.0180108547210693,3.2108094692230225
04c4b5d1b4b3f3fd021a2d6ae741a688c20c2630c3bbf863beb48baedb7061b8,RobroKools/vad-bert,c4c659fd17dd5807572b3f0f577de8c408401ca7,2.8744709491729736,3.128060102462769,3.22078537940979
d6c8bc5d7dab696203545d8ff79f268e626a01123e20f9f87615ea578cf07e29,RobroKools/vad-bert,c4c659fd17dd5807572b3f0f577de8c408401ca7,3.119006633758545,3.121317148208618,3.3349006175994877
5861218b20cf0474051cabe19028b71f137d99c7f16a5fbdea0e3b1019e36c2a,RobroKools/vad-bert,c4c659fd17dd5807572b3f0f577de8c408401ca7,3.0193259716033936,3.047539472579956,3.157881021499634
93f4fc5565733a554ca834741173bb28a14cca8c65374c5713aa6fd8095c910c,RobroKools/vad-bert,c4c659fd17dd5807572b3f0f577de8c408401ca7,2.926344156265259,2.94469690322876,3.2902615070343018
46defb35a01efc640884a7b5ca569fa9f336fbcfd6a261b861fa94b662a0cfd0,RobroKools/vad-bert,c4c659fd17dd5807572b3f0f577de8c408401ca7,3.0073366165161133,3.240294933319092,3.300032377243042
ac30007ea1beb21a4f2fb36ce6b1739fc3430f4500371a1c28d2ccbfaf3665f9,RobroKools/vad-bert,c4c659fd17dd5807572b3f0f577de8c408401ca7,3.089801073074341,3.1915016174316406,3.39372181892395
8974c2cfb9c1206f0ac104b78df449d737f58155b408c5f3fc753971e219265c,RobroKools/vad-bert,c4c659fd17dd5807572b3f0f577de8c408401ca7,3.142454147338867,3.1598117351531982,3.217456579208374
1dd70783e117f42a691cb105b744b44593246c705350c1611aa447220f3eaabf,RobroKools/vad-bert,c4c659fd17dd5807572b3f0f577de8c408401ca7,2.855583906173706,3.099296808242798,3.27250075340271
a7c74fd8caa0ac96dbcd660eb2d64befd3cc3628198d3aeb581b2481bb625977,RobroKools/vad-bert,c4c659fd17dd5807572b3f0f577de8c408401ca7,3.102316379547119,3.201159238815308,3.3694064617156982
5b7a934bedae62726398dd8a955f36dc0963f4001a6824de8550633dd17c1300,RobroKools/vad-bert,c4c659fd17dd5807572b3f0f577de8c408401ca7,2.9816930294036865,3.0454659461975098,3.194542646408081
c3f7f7dc6e3da7a9fc1140c3a465348f8be2497a40bbfde8b7f3fc95eb2905b3,RobroKools/vad-bert,c4c659fd17dd5807572b3f0f577de8c408401ca7,3.2260305881500244,2.946286916732788,3.320028066635132
7e9f23be95efbc9b50d95c8ed3cb606fd91c06803211c28769ca61fd94004c1e,RobroKools/vad-bert,c4c659fd17dd5807572b3f0f577de8c408401ca7,3.202043056488037,2.939568281173706,3.3814024925231934
836023af5020295441c98284fe7d47fb896280abff8423fd423a24734b139b70,RobroKools/vad-bert,c4c659fd17dd5807572b3f0f577de8c408401ca7,3.2158801555633545,3.140777349472046,3.3364837169647217
1394de8a2d390ede8b5c6bf8bcf69e83e99c707349a267590699e935b1e80ac4,RobroKools/vad-bert,c4c659fd17dd5807572b3f0f577de8c408401ca7,2.9543797969818115,3.155889749526977,3.3287603855133057
3213b8507ca0f07c5b9a2cc8d1d87068098639cee9bb6c1617e7f9b72f42747c,RobroKools/vad-bert,c4c659fd17dd5807572b3f0f577de8c408401ca7,3.0198447704315186,3.034344434738159,3.376128435134888
415a924527ec4ba4b254c7f151591e4e2f85b3fba5b8de01d7301d1fd3da0971,RobroKools/vad-bert,c4c659fd17dd5807572b3f0f577de8c408401ca7,2.9621901512146,3.1755523681640625,3.379953145980835
60d3f6be7e2654006c4cc43636fbd4939ff57fa52040eb2ff5ea9d8bf3d1b1ef,RobroKools/vad-bert,c4c659fd17dd5807572b3f0f577de8c408401ca7,2.973957300186157,3.0712451934814453,3.368089199066162
c76da44efe87cdb9eb60fde3bb4371ad8bf99afff8a67be27f02eb8abff4191e,RobroKools/vad-bert,c4c659fd17dd5807572b3f0f577de8c408401ca7,2.8974969387054443,3.0940418243408203,3.300113677978516
efed74bbe4b143d74b8dc86b2270a640de12d2d6a5167068a62eb12828211101,RobroKools/vad-bert,c4c659fd17dd5807572b3f0f577de8c408401ca7,3.1020524501800537,3.067873239517212,3.311386823654175
61f5b5bb1a080b920053c1f2d7b0ab0cbdf5d09509df356e6b4389267e14ba9a,RobroKools/vad-bert,c4c659fd17dd5807572b3f0f577de8c408401ca7,2.932271242141724,3.126699209213257,3.3616886138916016
dbaeaa88af3cc587c44d41dbd9cddce40db6e2aaa0bbd2fe9f4057bbe9e53e7a,RobroKools/vad-bert,c4c659fd17dd5807572b3f0f577de8c408401ca7,2.965505838394165,3.083817958831787,3.3376708030700684
26bc752b57b94cc29732b0d782819d0a6b7430b3f1934806b09b1e230692b71b,RobroKools/vad-bert,c4c659fd17dd5807572b3f0f577de8c408401ca7,3.0673604011535645,3.0612270832061768,3.2724363803863525
cf94391949435080befa2d18db8d12e979b1251e8f905625e49abfdf98f5886d,RobroKools/vad-bert,c4c659fd17dd5807572b3f0f577de8c408401ca7,2.900081157684326,3.18328857421875,3.333192110061645
9a6b4f408308b2222044e49ebca38a92b6a6ccb46e5256c2e486517ff357b96b,RobroKools/vad-bert,c4c659fd17dd5807572b3f0f577de8c408401ca7,3.1795973777771,3.0543324947357178,3.301612138748169
b1adce783307ce5e87e1fd1a21b64718ff1f006d3cddb49b53a7620722ef8d18,RobroKools/vad-bert,c4c659fd17dd5807572b3f0f577de8c408401ca7,2.880431652069092,3.1256468296051025,3.304527997970581
a7a41a75ee5c824e0a1e591f5ea4269ac8831eb14b02cdc9a557b25e2dfc9fa7,RobroKools/vad-bert,c4c659fd17dd5807572b3f0f577de8c408401ca7,3.1632540225982666,3.0650908946990967,3.2740774154663086
018755a9275add698e7ca305b577cfe2cd5cd414fd10384373e954493d62480e,RobroKools/vad-bert,c4c659fd17dd5807572b3f0f577de8c408401ca7,3.1777148246765137,3.107342004776001,3.2503087520599365
7b201bc16f331c4a379a20817cd40ef1d0eab25c573b8683222e96b4558f5d1e,RobroKools/vad-bert,c4c659fd17dd5807572b3f0f577de8c408401ca7,3.058700561523437,3.024555921554565,3.203850030899048
526f0b682e61fc51e1189e98ab980dffbc4a610c3ba8e5631fc47ec3bb9980d8,RobroKools/vad-bert,c4c659fd17dd5807572b3f0f577de8c408401ca7,3.4247727394104004,3.153518915176392,3.3448989391326904
174fa782d2f589e15300abd9af519eeb8db54fcdf0f8529fbbf4d8d2557533b0,RobroKools/vad-bert,c4c659fd17dd5807572b3f0f577de8c408401ca7,3.2663094997406006,3.012687921524048,3.3605775833129883
f55bb9c8021f8770057241cadade5f3f167942bf627f46f95c3e54c556edf4c5,RobroKools/vad-bert,c4c659fd17dd5807572b3f0f577de8c408401ca7,3.148315191268921,3.154202699661255,3.2533280849456787
799783fc88781a9e6a47ddb9d0fa301aa446e8fa05b8e60bcb5ef36ca0b2b4eb,RobroKools/vad-bert,c4c659fd17dd5807572b3f0f577de8c408401ca7,3.158473253250122,3.0014162063598637,3.2549517154693604
865c1ebaaf40ae2a5002fc1949d35ca5175aad39b40e18a3d5be345d0a155022,RobroKools/vad-bert,c4c659fd17dd5807572b3f0f577de8c408401ca7,3.278676748275757,3.15254807472229,3.240576982498169
7784c60bdc4a785ea5bd3b87ee4bbfa0f6a84cba26f8bd61984c28849bc954f7,RobroKools/vad-bert,c4c659fd17dd5807572b3f0f577de8c408401ca7,3.256373643875122,3.1111905574798584,3.303365707397461
ae01ff97921a56c8ec13982cd812e579cd357cdc83e63a0bbd32b26d3b306abb,RobroKools/vad-bert,c4c659fd17dd5807572b3f0f577de8c408401ca7,3.209514856338501,3.1324121952056885,3.3002572059631348
9622672275b28cec5eb4eba18dc3883dea89b543d743cefa34f305ccbb9d5bc8,RobroKools/vad-bert,c4c659fd17dd5807572b3f0f577de8c408401ca7,3.158760070800781,3.1710965633392334,3.233107089996338
b7ec80a46c878bbc834341fb842d4c585cd80f26aec7be81824f7824e02dce3e,RobroKools/vad-bert,c4c659fd17dd5807572b3f0f577de8c408401ca7,3.3439714908599854,3.142009019851685,3.245790719985962
b78fc0797db1d299371c263f477d6cb768b23a9a400a2dbc34029fc83c91dc36,RobroKools/vad-bert,c4c659fd17dd5807572b3f0f577de8c408401ca7,3.2771401405334477,3.1909868717193604,3.2188074588775635
61dd29b201cde06580889327570704e17c05d1673967b30427d979dcfef916e1,RobroKools/vad-bert,c4c659fd17dd5807572b3f0f577de8c408401ca7,3.276214599609375,3.13679575920105,3.182701349258423
9309b8943497b99ed54ea922823a160e0cf54f2ab90343685fbd3ba76202a864,RobroKools/vad-bert,c4c659fd17dd5807572b3f0f577de8c408401ca7,3.2779901027679443,3.182220220565796,3.2340023517608643
eb3736a745d0c327b732b182d6c233e2cc62d475a8050be394c55bcdb5281fe8,RobroKools/vad-bert,c4c659fd17dd5807572b3f0f577de8c408401ca7,3.270624876022339,3.133705139160156,3.159307718276977
2e13bb32f3cb4923ab666addbb2a6cf0e3653a0e5694ede5007a2abf531fc94e,RobroKools/vad-bert,c4c659fd17dd5807572b3f0f577de8c408401ca7,3.274111747741699,3.167006254196167,3.2297682762146
719527ff906bfe9ff4612de5fcac682a28f7a1fb0d3c3b81366e29c2cfa3e114,RobroKools/vad-bert,c4c659fd17dd5807572b3f0f577de8c408401ca7,3.053318500518799,3.0180318355560303,3.2577850818634038
b6730f075b3bda90673a56f1fcc623d6d7244a7bcbc1815dedb95364532f8fb1,RobroKools/vad-bert,c4c659fd17dd5807572b3f0f577de8c408401ca7,2.93774962425232,3.0177159309387207,3.285616636276245
fe81d9808eb8326738b1c315ee2a347eeb3f8c513277540b57193074611c1a81,RobroKools/vad-bert,c4c659fd17dd5807572b3f0f577de8c408401ca7,2.971230745315552,3.164052248001098,3.322366952896118
567d2b330a6b5043d0c55297f4ef2f7c415b6d89fe9be4d1f7d62f735af2525c,RobroKools/vad-bert,c4c659fd17dd5807572b3f0f577de8c408401ca7,2.883076429367065,3.1303322315216064,3.239829540252685
2cd759d45b876d9793fb7c02fc561c1053c06344012fb8a3f101533bf5c3f38d,RobroKools/vad-bert,c4c659fd17dd5807572b3f0f577de8c408401ca7,3.097857713699341,3.059861898422241,3.320500612258911
099309491e4d4d416ff62dba05fafe72884627ca6bd8be104cddd5c27bad634a,RobroKools/vad-bert,c4c659fd17dd5807572b3f0f577de8c408401ca7,2.9426825046539307,3.0493204593658447,3.1248157024383545
515ed5d5ede9ae4dd444733933a57ab45f9a0ac181d7829d678b2c9d36a4ae4e,RobroKools/vad-bert,c4c659fd17dd5807572b3f0f577de8c408401ca7,3.031205415725708,3.022170066833496,3.0752108097076416
77f33e5af2c7e0cfb05f4d40ab9ffb542117be3d40dc442b8b0ea22af441fdd2,RobroKools/vad-bert,c4c659fd17dd5807572b3f0f577de8c408401ca7,3.02575159072876,2.856957197189331,3.257788896560669
7443dee9790328059adb630b9b91bda6428fb7e1bde75b3d73db9a9feb78344e,RobroKools/vad-bert,c4c659fd17dd5807572b3f0f577de8c408401ca7,2.8707518577575684,2.8455851078033447,3.2384345531463623
feb958b37c2ceeb954527a7229300b968b724d9536fb9e5f44723c456a6aa79c,RobroKools/vad-bert,c4c659fd17dd5807572b3f0f577de8c408401ca7,3.157658815383911,3.0124192237854004,3.2510640621185303
7d515fdca294644bc705be2d09685c4966e62110a07e780534a39e6196a82998,RobroKools/vad-bert,c4c659fd17dd5807572b3f0f577de8c408401ca7,3.0770070552825928,2.9997899532318115,3.234293937683105
e619b24cef078a3a2783d38c280893913204fca0f3078b85c52f07e85052d1cd,RobroKools/vad-bert,c4c659fd17dd5807572b3f0f577de8c408401ca7,3.0959813594818115,2.976740598678589,3.1632769107818604
b7a8e0d5d3b2ee808e692c44126f419a12d7b44fd7aeafeeceef2ab26de06d1d,RobroKools/vad-bert,c4c659fd17dd5807572b3f0f577de8c408401ca7,3.0295310020446777,2.9725358486175537,3.174464464187622
dc4d1e27eb88101c2a9a0307a9de98d59dd44a0da07e476eacabf84298e22db8,RobroKools/vad-bert,c4c659fd17dd5807572b3f0f577de8c408401ca7,3.063889741897583,2.9884274005889893,3.159717321395874
ee7159e3c547cacf44a511b806e899bfc86805248c558df3a7f6bc22bcb79ca4,RobroKools/vad-bert,c4c659fd17dd5807572b3f0f577de8c408401ca7,2.830833196640014,3.0570545196533203,3.212573766708374
63ea003822a60ae4267ae227a7edbfba98f05290079773acc05370ece6493895,RobroKools/vad-bert,c4c659fd17dd5807572b3f0f577de8c408401ca7,3.2086856365203857,3.269489288330078,3.4176063537597656
d744843461757059e90fddf77171697b2b60ebc2ddae8c76643267806589c309,RobroKools/vad-bert,c4c659fd17dd5807572b3f0f577de8c408401ca7,3.086963176727295,2.973651885986328,3.3462798595428467
d764050d16bbdf2c377699e91783b5e86e410ef22796507219937fbbec14ccec,RobroKools/vad-bert,c4c659fd17dd5807572b3f0f577de8c408401ca7,2.7928597927093506,3.0202648639678955,3.214317560195923
572a97755862fb86fbd258a986e516acfd2399a91a6ba1a063aee04f02c16d78,RobroKools/vad-bert,c4c659fd17dd5807572b3f0f577de8c408401ca7,3.201554298400879,3.1356799602508545,3.3841230869293213
63aae32481ddd6b90fe96645c264bab1d69fec154c96e07be36ef3dd6b0f4b70,RobroKools/vad-bert,c4c659fd17dd5807572b3f0f577de8c408401ca7,3.198516368865967,2.978710412979126,3.3342106342315674
334f87a50c549b83e83ce275b629d0b2d0e3820efe3d0347c44aa15f852eb8f5,RobroKools/vad-bert,c4c659fd17dd5807572b3f0f577de8c408401ca7,3.103347063064575,2.941624879837036,3.309222459793091
8776cdfc72113af798d2cfa1085d1c93d90b43589f4ad12db3bff1b2f81cfc3b,RobroKools/vad-bert,c4c659fd17dd5807572b3f0f577de8c408401ca7,3.024749279022217,2.9210727214813232,3.3534533977508545
11e8618e4e64496d2a4e062b62ddcc3281c14c8c96f3b3e18bb977c33626eaa4,RobroKools/vad-bert,c4c659fd17dd5807572b3f0f577de8c408401ca7,3.141009569168091,3.043787002563477,3.316026449203491
637b12968f0fbad2bd0f5c99a5bc0ed4b4dcb1a435e67300c31fd4c6928bba0b,RobroKools/vad-bert,c4c659fd17dd5807572b3f0f577de8c408401ca7,2.9823596477508545,3.010237216949463,3.1203296184539795
2d73cd0ab90cf4e27466f54060e16ac324a4874fd25b7e9311f59734db080853,RobroKools/vad-bert,c4c659fd17dd5807572b3f0f577de8c408401ca7,3.083519697189331,2.9837279319763184,3.2448644638061523
c82d02125be3dafe815b1d765c8baa2cedba82d756fdb0650aef1cb4d22486a5,RobroKools/vad-bert,c4c659fd17dd5807572b3f0f577de8c408401ca7,2.799926996231079,3.065982818603516,3.294450044631958
d3bc13dda676ece8a5f5d414ae9aa06f3398b21552d5dff82eaf645c3dbc39c8,RobroKools/vad-bert,c4c659fd17dd5807572b3f0f577de8c408401ca7,2.891897201538086,3.1927878856658936,3.257878065109253
ce46c923a5053550be1fbca5730deb5acbb9b641bb0d8563aef58bdb38d739e2,RobroKools/vad-bert,c4c659fd17dd5807572b3f0f577de8c408401ca7,3.057407855987549,3.119004011154175,3.32056212425232
86db05d79a89ee484979027102d2ebea6695a720873ff5474730f80aead8ccbc,RobroKools/vad-bert,c4c659fd17dd5807572b3f0f577de8c408401ca7,3.25667405128479,3.0327186584472656,3.392516851425171
d2057e9043e119c05fab5a2cff990071a767d6930e4a90c01956fe0440deafe0,RobroKools/vad-bert,c4c659fd17dd5807572b3f0f577de8c408401ca7,3.061908483505249,3.0778486728668213,3.267274141311645
d0adea33a1dbaf508c78dbe8f4af6cc0215e44e408c4ce87fe39904d947c0849,RobroKools/vad-bert,c4c659fd17dd5807572b3f0f577de8c408401ca7,2.9960882663726807,2.898811101913452,3.3648526668548584
7fa49d18ebe797637e442344dd488852ec12e1809979efc7bc06b35406388985,RobroKools/vad-bert,c4c659fd17dd5807572b3f0f577de8c408401ca7,3.5385396480560303,3.1904990673065186,3.5002665519714355
39c3a8925b6b1858a755c25b43e8cfed04ddf2f70e39170be959360d79e026fa,RobroKools/vad-bert,c4c659fd17dd5807572b3f0f577de8c408401ca7,3.2431013584136963,2.9595160484313965,3.309443712234497
15b239a4c2f7bd3600d5dd28100bb9dbafe168b6b7a8a2387db7bd1b3db53ee8,RobroKools/vad-bert,c4c659fd17dd5807572b3f0f577de8c408401ca7,3.4960951805114746,3.0621867179870605,3.367652177810669
7c91440ff1aae89aa05e96c5a0a24f44e41c00ad498539ea550552309f3ae160,RobroKools/vad-bert,c4c659fd17dd5807572b3f0f577de8c408401ca7,3.499532699584961,3.268875360488892,3.4881479740142822
329075d504e5173930df38af3ae96c556d5283118d93c32133cb7fa1086fb49f,RobroKools/vad-bert,c4c659fd17dd5807572b3f0f577de8c408401ca7,3.2925710678100586,2.941680192947388,3.3795764446258545
2daf9ac29aa2c63b9d9a12a6a67346effc2d11451853b1cfe12780f2c8ddce0a,RobroKools/vad-bert,c4c659fd17dd5807572b3f0f577de8c408401ca7,3.193009853363037,3.035572052001953,3.413031101226806
3f8b9659edfea69172714e1f4bd76b1767c517dffc1cf297c44a325754666951,RobroKools/vad-bert,c4c659fd17dd5807572b3f0f577de8c408401ca7,3.6238434314727774,3.141329526901245,3.441821336746216
42ffa7f1eebeb37d96a715236942567fde486ddb2d9190567583087b42d04825,RobroKools/vad-bert,c4c659fd17dd5807572b3f0f577de8c408401ca7,3.655876874923706,3.1098828315734863,3.38277530670166
ad5bc6a9b73a856c8f669f6a906823abe6e9ef4a1b393eafe75e2767232e2d25,RobroKools/vad-bert,c4c659fd17dd5807572b3f0f577de8c408401ca7,3.322107553482056,3.0441455841064453,3.426635980606079
87826d96ef965753a497ddbb2521e6c7bfea6cc94b7ebbe7cebc1aeb9636fe49,RobroKools/vad-bert,c4c659fd17dd5807572b3f0f577de8c408401ca7,3.321218252182007,2.9855589866638184,3.2696805000305176
60d53531183dfbc79e6369edef843d589637ec211e800857f1960a5cdba0d608,RobroKools/vad-bert,c4c659fd17dd5807572b3f0f577de8c408401ca7,3.427607297897339,3.110714673995972,3.43094801902771
72ae638d157c14f16f4574f30e5b3ff604c174bb112e1318a127430b0d66770e,RobroKools/vad-bert,c4c659fd17dd5807572b3f0f577de8c408401ca7,3.6302125453948975,3.1730990409851074,3.3699047565460205
de9074c9658fd92b346e34011d53671e93da6777ab7df216a0e65ee91e419c17,RobroKools/vad-bert,c4c659fd17dd5807572b3f0f577de8c408401ca7,3.306608200073242,3.12872576713562,3.5015902519226074
9bfc643c07b8fe4579362a512960402e4284b0547b594822cb36ec6430f505b6,RobroKools/vad-bert,c4c659fd17dd5807572b3f0f577de8c408401ca7,3.562108278274536,3.1806037425994877,3.4506802558898926
39d32561bedccc6e7cde6d6fa67ab72227e33fd351c9af5222c82ece86e43fa8,RobroKools/vad-bert,c4c659fd17dd5807572b3f0f577de8c408401ca7,3.389148473739624,3.2387421131134038,3.397751569747925
a9a19fc3cb0db97fa1f5bb17283c086aebbf958d595381a01e5f015353fa395e,RobroKools/vad-bert,c4c659fd17dd5807572b3f0f577de8c408401ca7,3.36771297454834,3.0581674575805664,3.452476739883423
975f018ca78b73fdab32c30c8d239432993b0f878d41b0859738531ac8772a1f,RobroKools/vad-bert,c4c659fd17dd5807572b3f0f577de8c408401ca7,3.459667205810547,3.124011516571045,3.5290181636810303
b25fa1435a5638247b6a46661e574f532f9b4673c937b392d822b5ef9dacdc47,RobroKools/vad-bert,c4c659fd17dd5807572b3f0f577de8c408401ca7,3.386704683303833,3.1666152477264404,3.30833101272583
9677f5b2dff1a76eef8eadb7b67e35e73df625ae1b989a8ebf0f1393603b0b59,RobroKools/vad-bert,c4c659fd17dd5807572b3f0f577de8c408401ca7,3.54575514793396,3.148514032363892,3.3349478244781494
5534620cffaf74c1f4fbed4b518845657134d4a7ac3ec7607f3b3bce77a9849d,RobroKools/vad-bert,c4c659fd17dd5807572b3f0f577de8c408401ca7,3.3882782459259038,3.216761827468872,3.2923247814178467
bdb3fd5289f4fc424f598f8c9d86b3de0853efbf546a8129a2318ef97aa6fc16,RobroKools/vad-bert,c4c659fd17dd5807572b3f0f577de8c408401ca7,3.407415866851806,3.159480094909668,3.3916261196136475
bb49727a0f0fdf6b8aa55643189f1b0cf7131bc89d62e78c2569ab5ecf90b8f3,RobroKools/vad-bert,c4c659fd17dd5807572b3f0f577de8c408401ca7,3.301652669906616,2.915600538253784,3.3619158267974854
680224f14c182fdbe61934dc316b6d959436146d90655f5722ddaea9bfc4d433,RobroKools/vad-bert,c4c659fd17dd5807572b3f0f577de8c408401ca7,3.314081907272339,3.006519079208374,3.355142831802368
5347666e5fb80ac723d234d17784e0c5c6ced86edd28fc0226ef3c3fff3a1db7,RobroKools/vad-bert,c4c659fd17dd5807572b3f0f577de8c408401ca7,3.2836005687713623,2.909379482269287,3.313201427459717
9ab18c14b96e528fbdc0639af6a8d7e22692d8d5d4aca3f6d44f7f3af0dfe327,RobroKools/vad-bert,c4c659fd17dd5807572b3f0f577de8c408401ca7,3.311483860015869,3.075800895690918,3.321550130844116
83cc919e74237d5a9459dff463d80fd79bc317902d74b65d88e1140c566aac8d,RobroKools/vad-bert,c4c659fd17dd5807572b3f0f577de8c408401ca7,3.5123608112335205,3.2448418140411377,3.5159361362457275
6d25e21369ebf89fb612fedda13f99ee5c2f18bb4951c23ec11df4348f126390,RobroKools/vad-bert,c4c659fd17dd5807572b3f0f577de8c408401ca7,3.3041441440582275,3.021646738052368,3.320708036422729
c73ca2871f934249c1e02a8a87b84562c6854dbec2f4ddd550e06ba91f37f91a,RobroKools/vad-bert,c4c659fd17dd5807572b3f0f577de8c408401ca7,3.5195634365081787,3.0742111206054688,3.4480559825897217
e86da77f1b0cf6982f635effacb3e8291bff8faed9f2cce6ba7af297ebee5d2d,RobroKools/vad-bert,c4c659fd17dd5807572b3f0f577de8c408401ca7,3.305994272232056,3.27815580368042,3.518771886825561
d87c27025de8cb1ca5fa6847628b1406cfebbd69b3d2c208ede5b2099eeada1e,RobroKools/vad-bert,c4c659fd17dd5807572b3f0f577de8c408401ca7,3.168797254562378,3.1487088203430176,3.368988513946533
aee3866298fed7ada2ad37def328938bac9d2785df5d072966e40c1488f20dd0,RobroKools/vad-bert,c4c659fd17dd5807572b3f0f577de8c408401ca7,2.8990557193756104,3.1944172382354736,3.2592921257019043
c75c9927d3f56ddb5b2fcbe937f2b4ce7f3d3c726ff5231d2d9da09360be3f9a,RobroKools/vad-bert,c4c659fd17dd5807572b3f0f577de8c408401ca7,2.9137136936187744,3.134148359298706,3.3437671661376958
a0a222dbbc0ab710a3ea19e294464cd96868c3c646e152041ea4799ad376c312,RobroKools/vad-bert,c4c659fd17dd5807572b3f0f577de8c408401ca7,3.103672981262207,2.9507393836975098,3.262803316116333
034431a681dc2419e7a9281417b949f6b2859ee07d137bdab13dee6dcae95d91,RobroKools/vad-bert,c4c659fd17dd5807572b3f0f577de8c408401ca7,2.9064767360687256,3.101255178451538,3.180139303207397
4a5c6cae9df13a38c3cd7d8da18c3ba5f8bbae55ed4220e9f8e64355835b1523,RobroKools/vad-bert,c4c659fd17dd5807572b3f0f577de8c408401ca7,3.2072794437408447,3.2399041652679443,3.2328312397003174
754d3884f98a87721b84e0e0921b2efc9b7ba705c508c49515a30fdd2043f5d1,RobroKools/vad-bert,c4c659fd17dd5807572b3f0f577de8c408401ca7,3.178272247314453,3.080514430999756,3.277580738067627
83ac6e0597b94ae70aeba320be104644bfcc8c58969da8e6c8d95186e7358e7e,RobroKools/vad-bert,c4c659fd17dd5807572b3f0f577de8c408401ca7,3.003340244293213,3.0214788913726807,3.286917209625244
f18a1e566c651878520a4a2b9ea74a5c81a01dbb43df40d7d59afb1a8c438036,RobroKools/vad-bert,c4c659fd17dd5807572b3f0f577de8c408401ca7,2.935704469680786,3.0830066204071045,3.304102659225464
6cf35a55b08f334467af54547069ac558381fd3c6aa4878c3eb7952b6a9b89dc,RobroKools/vad-bert,c4c659fd17dd5807572b3f0f577de8c408401ca7,2.868650436401367,3.0200064182281494,3.16822361946106
8f89934bd3afedbedba6eeb4a0eb45752c61765147844648f9f8d1462ff1a6c7,RobroKools/vad-bert,c4c659fd17dd5807572b3f0f577de8c408401ca7,3.149249315261841,3.1276471614837646,3.227039098739624
76f5457fc09bb5db989dd47891facd1ae0ab2e5621a402fc132c1eb198b9200b,RobroKools/vad-bert,c4c659fd17dd5807572b3f0f577de8c408401ca7,3.0621590614318848,3.038770914077759,3.258220911026001
42298b54bce7255a82fa249ef4c07b16a106b6d453171c1cf79071f1f5029660,RobroKools/vad-bert,c4c659fd17dd5807572b3f0f577de8c408401ca7,3.056769847869873,3.006232023239136,3.228681325912476
02daf1a62cd185d73b48aecae51c01356d738ceebb3894a6ed14852f389b80f2,RobroKools/vad-bert,c4c659fd17dd5807572b3f0f577de8c408401ca7,3.033745288848877,3.015092134475708,3.2248520851135254
c29df97f2fe07794a0d23fc10f15a2c550c26d97e627af5ba2bd6f893703537f,RobroKools/vad-bert,c4c659fd17dd5807572b3f0f577de8c408401ca7,2.8302361965179443,3.0655243396759038,3.272404909133911
c737acdc53f39403178613b7c8e769f6afa4f3828a0db0550b3a94e462b357b9,RobroKools/vad-bert,c4c659fd17dd5807572b3f0f577de8c408401ca7,3.110329389572144,3.047557830810547,3.3828628063201904
cb4f70d1eb07fd559b95d5737b2ca5d10aa9578c4367225e39888d60f7d286f5,RobroKools/vad-bert,c4c659fd17dd5807572b3f0f577de8c408401ca7,3.3117868900299072,3.1210453510284424,3.350588083267212
7c2af20cb7e6fab364f5373138e8b242339a21e4952be317d466b69f30dfcddc,RobroKools/vad-bert,c4c659fd17dd5807572b3f0f577de8c408401ca7,3.098734140396118,3.121301889419556,3.3289568424224854
036d98d307f5345ec6f3b769b2f64bdc05bedba942b6e687b554bf68f16275c4,RobroKools/vad-bert,c4c659fd17dd5807572b3f0f577de8c408401ca7,3.2251808643341064,2.98624587059021,3.385985374450684
b66387f676f571d8e2f67b5486753d2b6c9454ec9ee83223f5fb802eeee8028c,RobroKools/vad-bert,c4c659fd17dd5807572b3f0f577de8c408401ca7,2.997811317443848,3.1147985458374023,3.243550539016724
1a728b24c38b8efc8b2ec4f29019de2da0a7e946653d3e3e412485a4594b3a63,RobroKools/vad-bert,c4c659fd17dd5807572b3f0f577de8c408401ca7,3.272817850112915,3.0310299396514893,3.4216644763946533
9aac5f68bc9cefee1a60f818438a529012df5e22f68b28fc076fd3baf47a22be,RobroKools/vad-bert,c4c659fd17dd5807572b3f0f577de8c408401ca7,2.9970173835754395,2.983703374862671,3.3704841136932373
96d066d42758da5eb527f4aaff7a3c22afed23f08572c1251245de9a27ae2ba5,RobroKools/vad-bert,c4c659fd17dd5807572b3f0f577de8c408401ca7,2.96233868598938,2.9901936054229736,3.199385643005371
66da3f4192b0c166d3892e6b39b17b1a0e42007ff1550055c9052e2e1246b6ad,RobroKools/vad-bert,c4c659fd17dd5807572b3f0f577de8c408401ca7,2.8402645587921143,3.067191362380981,3.2546627521514893
8ed45ea7650fb987df34b4adc66aff6efddcb75ebedeff71f7e2237d240459f2,RobroKools/vad-bert,c4c659fd17dd5807572b3f0f577de8c408401ca7,3.2172863483428955,3.0468590259552,3.4028823375701904
038fac1a1864068017bc8025746be4878fbd174ddd58dcba8dd501e63214415d,RobroKools/vad-bert,c4c659fd17dd5807572b3f0f577de8c408401ca7,3.12702751159668,3.070533037185669,3.289970636367798
36d60c2c92c3a8385a27277280818ab5ae4f0da18ef137a4903ea9c3ea06be90,RobroKools/vad-bert,c4c659fd17dd5807572b3f0f577de8c408401ca7,2.942831993103028,3.0346014499664307,3.2164652347564697
2f4ebc6c6466c5cfad472927e574ca2edcfb5b312a79fd6b98c3c8d4c8e6de73,RobroKools/vad-bert,c4c659fd17dd5807572b3f0f577de8c408401ca7,3.048632860183716,2.8438191413879395,3.3621280193328857
90bad380e3497513c46ab37cfba00ad5b9cc5089c73d9eff42e3e9fdca5c0594,RobroKools/vad-bert,c4c659fd17dd5807572b3f0f577de8c408401ca7,2.814037799835205,3.052896022796631,3.1592745780944824
aaa796c315af4c75045fdf6365fe5d11dd7bc373dce54cb3893428001123f112,RobroKools/vad-bert,c4c659fd17dd5807572b3f0f577de8c408401ca7,3.25615668296814,3.125193357467652,3.3912339210510254
1a62c59539d2bfc9eaf486901899ea3ae8c4137d0e2fdcb1ed2cb68161817a28,RobroKools/vad-bert,c4c659fd17dd5807572b3f0f577de8c408401ca7,3.141374349594116,2.9554011821746826,3.3191487789154053
91dc74d3fecdf42cbad71bd901d91ee5f8e8ea8d4fa59367a7e56aae3deafb1d,RobroKools/vad-bert,c4c659fd17dd5807572b3f0f577de8c408401ca7,3.3653719425201416,3.003382921218872,3.355841875076294
c21389817411a693334bf78ab5334f93d787f5b575d608fb360b14e16ba85b95,RobroKools/vad-bert,c4c659fd17dd5807572b3f0f577de8c408401ca7,3.2313692569732666,3.1056807041168213,3.3297364711761475
684e7aa50c0935e42c7a26ed42106bd8e5c444cd26209e639d60fee5f16b663c,RobroKools/vad-bert,c4c659fd17dd5807572b3f0f577de8c408401ca7,3.3363046646118164,3.0458006858825684,3.4485952854156494
7b9a0ab5a7d2a6f093a11a1876d3d242fcf2a0dbc4b756df00d432cee7f2cc14,RobroKools/vad-bert,c4c659fd17dd5807572b3f0f577de8c408401ca7,3.305668354034424,3.1589176654815674,3.4920990467071533
a7faf835c06f836c39e2c1926200e1a3674faaed33418b8294399db024c5a153,RobroKools/vad-bert,c4c659fd17dd5807572b3f0f577de8c408401ca7,3.286284685134888,3.2410519123077397,3.328050374984741
5a94f656127c164ac381a705a1787adf09547ee8ed5226cb805b4b1424cf716a,RobroKools/vad-bert,c4c659fd17dd5807572b3f0f577de8c408401ca7,3.38647723197937,3.066361665725708,3.498620748519897
ab8475459b409eb6fbf2c58b709c53c3144876b1e4a300216a089a096f004c72,RobroKools/vad-bert,c4c659fd17dd5807572b3f0f577de8c408401ca7,3.4463648796081543,3.0750772953033447,3.4308876991271973
180d20504d302887a8269a26bb1061d846c1afc459181edfd8dc6acc1a5fe850,RobroKools/vad-bert,c4c659fd17dd5807572b3f0f577de8c408401ca7,3.3138647079467773,3.0970284938812256,3.4488308429718018
c78537a2c53a427c80cf0295abffcb361da8382d9f433dadd397d4e27039e77f,RobroKools/vad-bert,c4c659fd17dd5807572b3f0f577de8c408401ca7,3.386592149734497,3.192958116531372,3.405238628387451
0ffa35618021f5005d2ab90e4343983823eb2e6e7128798570e71230aed050d8,RobroKools/vad-bert,c4c659fd17dd5807572b3f0f577de8c408401ca7,3.517401695251465,3.2100441455841064,3.5497286319732666
ff365bee9a1cc1fea0547d49388fa53f499e9da65fb91d4e3a2fb37052519f2d,RobroKools/vad-bert,c4c659fd17dd5807572b3f0f577de8c408401ca7,3.1660964488983154,3.0632517337799072,3.393776655197144
3fbfe176481d4b5cf77d88ab00e68e224348fdddec00946faa7a39e78253dfc1,RobroKools/vad-bert,c4c659fd17dd5807572b3f0f577de8c408401ca7,3.1144371032714844,2.9579648971557617,3.3374266624450684
d0366fe1df7a8f06295bc0696f17e4024025d3aececcbdbcabcdc8411001bef6,RobroKools/vad-bert,c4c659fd17dd5807572b3f0f577de8c408401ca7,3.238441705703736,3.132291793823242,3.392810344696045
8e158d9af67a1ff37fa775cf1ae375749e2ae46b3c6ff36a8f9056cd5b9f28cd,RobroKools/vad-bert,c4c659fd17dd5807572b3f0f577de8c408401ca7,3.652307987213135,3.2355031967163086,3.493134021759033
e44673d3b4ae35cdf569b564111d0f936f6e9556aaf24ea3e536cd0300b2f675,RobroKools/vad-bert,c4c659fd17dd5807572b3f0f577de8c408401ca7,3.4047563076019287,3.0967695713043213,3.466912031173706
18ec878b14200499ae34926c410804ed1a5adeb8a0c72949d6e6478165c5a4fe,RobroKools/vad-bert,c4c659fd17dd5807572b3f0f577de8c408401ca7,3.473980665206909,3.306527853012085,3.508633852005005
a0552852b5b44ed4686933796fd6adc74b73e4316273179b666ff15cff3f85e3,RobroKools/vad-bert,c4c659fd17dd5807572b3f0f577de8c408401ca7,3.340550661087036,3.0919711589813232,3.3224973678588867
d9a46b2eb07a985dbe5bea2f6419bdb5a980212770d5dac6875d0fb3d5413846,RobroKools/vad-bert,c4c659fd17dd5807572b3f0f577de8c408401ca7,3.1911089420318604,3.0607388019561768,3.318956136703491
60f61fdefee6837996fbd45d362494d82a7f5e2576795574b0a981b4bb155619,RobroKools/vad-bert,c4c659fd17dd5807572b3f0f577de8c408401ca7,3.3923609256744385,3.2143547534942627,3.410747766494751
45d9681753201a465b9e9f4c6647e7f41513d9622524b73662ae7d8d454cb4a6,RobroKools/vad-bert,c4c659fd17dd5807572b3f0f577de8c408401ca7,3.2951347827911377,3.071096181869507,3.2570114135742188
0c85079ce26e97997f980b7ff60f377d328166bd1157b848a018a499a1308227,RobroKools/vad-bert,c4c659fd17dd5807572b3f0f577de8c408401ca7,3.21596097946167,3.127970933914185,3.301966905593872
119b3f16d7dc45527350711ccaf785336416bdfb71f16544a7eb760cbaa9ebda,RobroKools/vad-bert,c4c659fd17dd5807572b3f0f577de8c408401ca7,3.1335203647613525,2.981931209564209,3.2286102771759038
f298de27d433bcbc7ef8c3ed41f0f1a55fe19bdd8ebfbe2ab72ee04b6963d00f,RobroKools/vad-bert,c4c659fd17dd5807572b3f0f577de8c408401ca7,3.130876302719116,2.974236249923706,3.2836639881134038
567ffb7f35dc119fffe6ce47ea412bd83b1c7b4f1a8499f17422c775f0b3b42c,RobroKools/vad-bert,c4c659fd17dd5807572b3f0f577de8c408401ca7,3.2278482913970947,3.0254037380218506,3.3040788173675537
bd7d7d0f88059174e339ecc79f940f6b31edd2bc42d6f8de3964b203c6dd34de,RobroKools/vad-bert,c4c659fd17dd5807572b3f0f577de8c408401ca7,3.3199923038482666,3.121605634689331,3.390031576156616
a551710baa215c5b3a2900beb54c5ad043764a275b7915d718084dd7452bcbdb,RobroKools/vad-bert,c4c659fd17dd5807572b3f0f577de8c408401ca7,3.282696008682251,3.0015671253204346,3.3142104148864746
afaa68d812b74df93708b15bb86e91a13c7075f46b55cecc7cd4c9a13ca8744e,RobroKools/vad-bert,c4c659fd17dd5807572b3f0f577de8c408401ca7,3.1181414127349854,3.0807271003723145,3.5084073543548584
1805a57ed7eff3df032ea20881d1f2798477ca0b9c571bdd105216313b20e0f2,RobroKools/vad-bert,c4c659fd17dd5807572b3f0f577de8c408401ca7,3.1881022453308105,3.0234408378601074,3.307294607162476
0587f94c152a809e3893a9cdddf820eb8d3ce094e787e0ae3e5ed9e1f921f8d4,RobroKools/vad-bert,c4c659fd17dd5807572b3f0f577de8c408401ca7,3.2741916179656982,2.97940731048584,3.37809419631958
f76c34f1fafe1311cddefc6484f50c704330c387147562af33a6a94dee93e4e2,RobroKools/vad-bert,c4c659fd17dd5807572b3f0f577de8c408401ca7,3.2778799533843994,2.9462015628814697,3.3228604793548584
691458dbec02feb56684b508cb08e549ba550611fe2724de6b0b81f83f2ea011,RobroKools/vad-bert,c4c659fd17dd5807572b3f0f577de8c408401ca7,3.176656007766724,3.122572660446167,3.320556879043579
0230862b5c40f26fccef438a394d2eeec7f5f7f00a9886685c72f7f2cafa9805,RobroKools/vad-bert,c4c659fd17dd5807572b3f0f577de8c408401ca7,3.0224769115448,2.9770987033843994,3.2850024700164795
a90d6a28349d3844bb0651757f10f37d6f0c0b0fffe287e1dbc9fb32097d5432,RobroKools/vad-bert,c4c659fd17dd5807572b3f0f577de8c408401ca7,3.1685683727264404,3.0024333000183105,3.204481363296509
35227dd8712e68c6c299f04c1d3cd0209ad9bed2d72e621efec0c6702f073e17,RobroKools/vad-bert,c4c659fd17dd5807572b3f0f577de8c408401ca7,3.1264326572418213,2.9941658973693848,3.4077377319335938
50759e4915b8fbd771ade248a75c8ec81eba81027ed742b93c3023ab0da6b7f5,RobroKools/vad-bert,c4c659fd17dd5807572b3f0f577de8c408401ca7,2.956810235977173,3.1246426105499268,3.109963178634644
14124efb29f4afbb129abf7d8859d58daf2b63f9b383a8b15be0c9ba40c27786,RobroKools/vad-bert,c4c659fd17dd5807572b3f0f577de8c408401ca7,2.9471726417541504,3.140275239944458,3.4315953254699707
5359bed8ea9153fb977306c1cca3737d828f49750382ab6966c8a4e9aaa31598,RobroKools/vad-bert,c4c659fd17dd5807572b3f0f577de8c408401ca7,3.317173719406128,3.033454656600952,3.317603826522827
faf4ee7932134e5638790da05ef1031b99376a47ca74e65491ef28dc06bd2767,RobroKools/vad-bert,c4c659fd17dd5807572b3f0f577de8c408401ca7,2.957535743713379,2.879048109054565,3.279882431030273
f4772e6c445ea4a8c4590f0624c49bd0c9451fc7fa3bfac13cd7a8ced58ae624,RobroKools/vad-bert,c4c659fd17dd5807572b3f0f577de8c408401ca7,2.9586331844329834,3.0266659259796143,3.248281240463257
028eb853f1ea253ada9e56208e5b88fb0985efd5e24dd6d1edd01500cd430061,RobroKools/vad-bert,c4c659fd17dd5807572b3f0f577de8c408401ca7,3.0028927326202397,3.011294364929199,3.248587846755981
1028255e6e31c98b426214c374aeafb3ec617984aba661d6cd262d3676d0e737,RobroKools/vad-bert,c4c659fd17dd5807572b3f0f577de8c408401ca7,3.0057260990142822,2.9946985244750977,3.27337908744812
e7b05bd59537d08602eb6a156ebd73b85d3c91d056141d3f1c393639aae8e821,RobroKools/vad-bert,c4c659fd17dd5807572b3f0f577de8c408401ca7,2.903757810592652,3.047262191772461,3.381636381149292
aa186d56101eb0adabb18960b694dac67a84a200cc436fa215678222356fb4d2,RobroKools/vad-bert,c4c659fd17dd5807572b3f0f577de8c408401ca7,2.868223190307617,3.067739248275757,3.368220806121826
2e33821394a5fb3796e5d47d7375a615c09f5e29898b991a33cf4ee4db32e0d0,RobroKools/vad-bert,c4c659fd17dd5807572b3f0f577de8c408401ca7,3.402608156204224,3.1618943214416504,3.300400495529175
b2f3390a808beed078376d4d375af89849045488610ea2f58297e5b85c1763f9,RobroKools/vad-bert,c4c659fd17dd5807572b3f0f577de8c408401ca7,3.014148235321045,2.90378475189209,3.412182092666626
0c4716934d92e11b5f37d1bde70a68236edd6baa5b6e4b724a92cdd20ad6bab1,RobroKools/vad-bert,c4c659fd17dd5807572b3f0f577de8c408401ca7,3.128957509994507,3.0764822959899902,3.190116167068481
16e12c6ca7c57aeade3ae1fe205f95edc943cfa954c2fcb1051a8535658dd426,RobroKools/vad-bert,c4c659fd17dd5807572b3f0f577de8c408401ca7,2.91918683052063,2.9731810092926025,3.361441373825073
cb49ac5d8a20fd50e950c5bfc99a15cbc006430bfeb33cd0a6329ad14c4be602,RobroKools/vad-bert,c4c659fd17dd5807572b3f0f577de8c408401ca7,2.894758462905884,3.053543329238892,3.2058496475219727
40f88bdb26ee1a6fb8eac705ea222696b5a2b9a27668e21d5b9deafe8701eff9,RobroKools/vad-bert,c4c659fd17dd5807572b3f0f577de8c408401ca7,2.953298807144165,3.0228936672210693,3.199825525283813
a07ade7be2af4fdb28a05a1ad69e222d096b90e0637111da3cba76a770b35480,RobroKools/vad-bert,c4c659fd17dd5807572b3f0f577de8c408401ca7,2.99579119682312,3.1860034465789795,3.233578681945801
6ba368151364b6c73d5b021cca537097a62731bea8ce217cd2fb03aa1865dfa4,RobroKools/vad-bert,c4c659fd17dd5807572b3f0f577de8c408401ca7,3.1420743465423584,3.068967580795288,3.118102788925171
a94e58c5998f2871eb6ff144b335cd9dee44952daeccd781c6183d236fd4624d,RobroKools/vad-bert,c4c659fd17dd5807572b3f0f577de8c408401ca7,3.1102969646453857,3.177783966064453,3.3764803409576416
f4bd405e6be014acff45e737eb4acbaf8d4adc125dfdc63b159f5c03add92008,RobroKools/vad-bert,c4c659fd17dd5807572b3f0f577de8c408401ca7,2.890510082244873,2.886298418045044,3.1990396976470947
92370df144c83881143fbaaf9c804f59e5194d70a9e201f95f8a826786bb40a7,RobroKools/vad-bert,c4c659fd17dd5807572b3f0f577de8c408401ca7,2.952522993087769,3.0990211963653564,3.239498853683472
5ba6970a6a78b9ea5271318d0fe3f9ce0d1e5fdbd2f9fbf5b62017734cd5d1d7,RobroKools/vad-bert,c4c659fd17dd5807572b3f0f577de8c408401ca7,2.8938534259796143,3.061122179031372,3.102119445800781
5761b8aa9b66b068f690c8d2e0bb84702c6fdab8c62d14261cc90bbce1056c7a,RobroKools/vad-bert,c4c659fd17dd5807572b3f0f577de8c408401ca7,3.1282408237457275,3.070664644241333,3.1140570640563965
21cba58434fe2e756371d0592a243c5a29ef31870dfb645042e7e390d322429e,RobroKools/vad-bert,c4c659fd17dd5807572b3f0f577de8c408401ca7,2.8015029430389404,2.968675136566162,3.1754181385040283
f2176c02390a5ac2979244ba27cc6af819851cd13fa1552b6f00e02ac1e6fb64,RobroKools/vad-bert,c4c659fd17dd5807572b3f0f577de8c408401ca7,3.018962860107422,2.825060606002808,3.330718278884888
1df3751b4c7f5aa43c7ea3f5af75961a24dd7358ddbee027f0098174e345053c,RobroKools/vad-bert,c4c659fd17dd5807572b3f0f577de8c408401ca7,2.9930098056793213,3.012847185134888,3.2200725078582764
4cc4d598b2389dc4c88565add9c8477048857dc2d71e11c7014986492cce9dee,RobroKools/vad-bert,c4c659fd17dd5807572b3f0f577de8c408401ca7,2.834693670272827,3.0417277812957764,3.20618224143982
1b4e2b0def272e3b6399287a4d6b1936eece7fe903e0e8ca52cf45cc138c7e08,RobroKools/vad-bert,c4c659fd17dd5807572b3f0f577de8c408401ca7,3.002744436264038,2.907242774963379,3.2211263179779053
7492c422eeb94c4ff024069e029922ea78c501f873765d09be040d8d2f452e7b,RobroKools/vad-bert,c4c659fd17dd5807572b3f0f577de8c408401ca7,3.227008104324341,3.103432893753052,3.175894021987915
482e0dcccda39127158c0dbd6a2621bf2bf6e0a1a16a7b76ef8d7486146c969a,RobroKools/vad-bert,c4c659fd17dd5807572b3f0f577de8c408401ca7,3.135852098464966,3.080655336380005,3.294471502304077
faf63b67cec32b4cc47ea479a8bdebb04d0f76682b4c3c957e96deef94506406,RobroKools/vad-bert,c4c659fd17dd5807572b3f0f577de8c408401ca7,3.263329029083252,2.912466526031494,3.31479287147522
6e873dbb0d9d7537ce09bf9980a2899f58ddaadd41a77cafea2661a6564ccc85,RobroKools/vad-bert,c4c659fd17dd5807572b3f0f577de8c408401ca7,2.8531715869903564,2.9667115211486816,3.17700719833374
caacd6b3bb183afeb4d35542d06d32632c72d25c693d8ac8a93f5cc1ab58ebe1,RobroKools/vad-bert,c4c659fd17dd5807572b3f0f577de8c408401ca7,3.2183823585510254,3.092163324356079,3.358408212661743
1592cd09b82d0c9a7fa86fe5b95e75d9e012c6b2d74d93134556a56faa63742d,RobroKools/vad-bert,c4c659fd17dd5807572b3f0f577de8c408401ca7,3.275181770324707,2.9448676109313965,3.3391335010528564
747aa5b902dd1e2034f1d974121658cbc8c0c479909a632b76e8674028b89fd2,RobroKools/vad-bert,c4c659fd17dd5807572b3f0f577de8c408401ca7,3.10507607460022,2.9420478343963623,3.33862566947937
a4d26024c416dd5a61719f965c1032b3ef61d24b27a12071646d9070adea4f52,RobroKools/vad-bert,c4c659fd17dd5807572b3f0f577de8c408401ca7,3.115231513977051,3.0131092071533203,3.2196853160858154
e0155fc7035181d2af0f118b2c045b9a3fdec57a726b338a9087f543fd6de213,RobroKools/vad-bert,c4c659fd17dd5807572b3f0f577de8c408401ca7,3.1671154499053955,2.886908054351806,3.264011144638061
7d18ab2ecc6ef33df274c757cd43a585e8d6f231066330a669aede1a3ff75767,RobroKools/vad-bert,c4c659fd17dd5807572b3f0f577de8c408401ca7,3.1044933795928955,2.921808958053589,3.298288583755493
c133284d9c88ab8a8a0d57dd9ac332078d6be620621bd5f0ff4a37402d7906f0,RobroKools/vad-bert,c4c659fd17dd5807572b3f0f577de8c408401ca7,3.1805882453918457,2.958516836166382,3.3557708263397217
e296472e078d5fc9748242b600d922d7b4eda14bcb29eb4aee1959762470ba32,RobroKools/vad-bert,c4c659fd17dd5807572b3f0f577de8c408401ca7,3.113609790802002,2.9263179302215576,3.2278523445129395
14e7f9dfbfd7e4d67ddf4818fd30d76614726dcf959ea12266f8000c861e9a03,RobroKools/vad-bert,c4c659fd17dd5807572b3f0f577de8c408401ca7,3.138568162918091,2.969848871231079,3.378873825073242
10a0edc5fd7fd3fda8af67609d890d5bd16edb8537ab1748aa7a4312a31f44d4,RobroKools/vad-bert,c4c659fd17dd5807572b3f0f577de8c408401ca7,3.1359670162200928,3.060210466384888,3.347358465194702
503ff8d223403e1f93090e20be87b9554bf37671daa1925b0f5079a2be8fb26b,RobroKools/vad-bert,c4c659fd17dd5807572b3f0f577de8c408401ca7,3.1812903881073,3.16424298286438,3.376835584640503
7abae1387a74f856ef501de4fa30a5150fd95477bb7990b15261bb1f1f6362fb,RobroKools/vad-bert,c4c659fd17dd5807572b3f0f577de8c408401ca7,3.1854372024536133,2.8940269947052,3.325378179550171
7dfc771cf07a9459a89135c913957297c022a438a3ca083db733e475d39bdd60,RobroKools/vad-bert,c4c659fd17dd5807572b3f0f577de8c408401ca7,3.4656121730804443,3.121229648590088,3.4712164402008057
2407db8fbe8446363752a0e2b928b285a6e818d1428e96226c9dcfbe0c303815,RobroKools/vad-bert,c4c659fd17dd5807572b3f0f577de8c408401ca7,3.104500532150269,2.866761445999145,3.2351419925689697
b80f030feef26982daaccec8a34ab09930ac10eb042ec37d07c88adfce8a4c8a,RobroKools/vad-bert,c4c659fd17dd5807572b3f0f577de8c408401ca7,2.9788167476654053,2.956151008605957,3.346816062927246
1007cf0a5b95f170a6bef93457b619947dd96bf3f4095df2c4b3c5663582ccd4,RobroKools/vad-bert,c4c659fd17dd5807572b3f0f577de8c408401ca7,3.164015769958496,3.126729249954224,3.2724874019622803
c0c6cf4f88ab4b1e7e27dc72904516cc45babb28ab789de7a80ace8afcefe55a,RobroKools/vad-bert,c4c659fd17dd5807572b3f0f577de8c408401ca7,3.343684434890747,3.0451347827911377,3.285968065261841
f4daee3a579135e89bbf38e23750652be81306556c90118d175c07f505a2389d,RobroKools/vad-bert,c4c659fd17dd5807572b3f0f577de8c408401ca7,3.1839380264282227,2.9027669429779053,3.3493106365203857
2b7e771ab2a023248d27b9fb21ab3ac7949edc9483298d90b0149ab90e8dced5,RobroKools/vad-bert,c4c659fd17dd5807572b3f0f577de8c408401ca7,3.3110196590423584,3.1638829708099365,3.4742817878723145
11ae67e49887379b0a1a21b220447a12a31bef7b4b886b04a2ff4d7f83890409,RobroKools/vad-bert,c4c659fd17dd5807572b3f0f577de8c408401ca7,3.272087335586548,3.0778775215148926,3.38653826713562
c900d8d46b6cee8d6732ad460f68021a569d59aff01e6dc3db3a533f003a2b06,RobroKools/vad-bert,c4c659fd17dd5807572b3f0f577de8c408401ca7,3.236400604248047,3.059349298477173,3.3288581371307373
dcf2637ca05966351eac8e1b4f37a2f6402f4ef3c6c3acf9c0dcafcf945a6c29,RobroKools/vad-bert,c4c659fd17dd5807572b3f0f577de8c408401ca7,3.1163551807403564,2.738578081130981,3.359057664871216
a75d1225746902cf9e4a28dd42c8ed1f372043cf5ec8f17df9a449d4866d2938,RobroKools/vad-bert,c4c659fd17dd5807572b3f0f577de8c408401ca7,3.363874673843384,2.9991021156311035,3.4161386489868164
c64bcec4e4a5401574056cb2951fcbf65e38cc10a77b43208fc05b611013f105,RobroKools/vad-bert,c4c659fd17dd5807572b3f0f577de8c408401ca7,3.2847845554351807,3.183800220489502,3.401353597640991
e23ae5701a4182bcdb5bb723964da26d09d80aeaf580f28de631753fd866436b,RobroKools/vad-bert,c4c659fd17dd5807572b3f0f577de8c408401ca7,3.014347791671753,3.068109035491944,3.257832765579224
433aee9b9ac8db5025d065782d4d67328fe8993fb81043e8d75278998bbe233f,RobroKools/vad-bert,c4c659fd17dd5807572b3f0f577de8c408401ca7,3.610379457473755,3.028088331222534,3.489715814590454
fb25df4981197ee12168e53dcbb19121c1425d636c040539d4d50cf8f05e0163,RobroKools/vad-bert,c4c659fd17dd5807572b3f0f577de8c408401ca7,3.2073488235473637,3.096234083175659,3.3555428981781006
f4c6603d81e5e7a4137281095409b30f03b1610c2202798c49f5678e9230f986,RobroKools/vad-bert,c4c659fd17dd5807572b3f0f577de8c408401ca7,3.215637445449829,2.8383703231811523,3.3082261085510254
a3379d389d2e185864ad0ce02116654017e00d00d85f4720168146bbe2ec34af,RobroKools/vad-bert,c4c659fd17dd5807572b3f0f577de8c408401ca7,3.154538869857788,3.127481460571289,3.302025079727173
515770e9aaa11f72c71034c1c994e6e8268a15c0ad160bfcb7a1d41d81d334e0,RobroKools/vad-bert,c4c659fd17dd5807572b3f0f577de8c408401ca7,2.900447368621826,3.052222728729248,3.210192918777466
b66fa31b2be504a198f838a8c4da0c1b83f4a24db30ec19bb602ab748ff6a763,RobroKools/vad-bert,c4c659fd17dd5807572b3f0f577de8c408401ca7,3.1065337657928467,3.03431248664856,3.3348748683929443
3e01d3cb66f6502c87bc6239de04b04a0437d09b275962c26321486e7cd9845c,RobroKools/vad-bert,c4c659fd17dd5807572b3f0f577de8c408401ca7,2.8941898345947266,3.054720878601074,3.142378568649292
ab635d65e6c090644cbdf144a26ecc3eea88e7345e4b2fc5773d6cccaa8fb1ca,RobroKools/vad-bert,c4c659fd17dd5807572b3f0f577de8c408401ca7,3.1186118125915527,3.1248128414154053,3.2811315059661865
54a94ba94e9485dd0b57e16a8effa1650da87a6a25a58a2f217f8be488cb05b2,RobroKools/vad-bert,c4c659fd17dd5807572b3f0f577de8c408401ca7,3.0286200046539307,2.8760719299316406,3.40433669090271
75f94c25b37e79fc9555c0a2394a9688bab28572e91e372211b0b913d35c13c2,RobroKools/vad-bert,c4c659fd17dd5807572b3f0f577de8c408401ca7,3.1002418994903564,3.09204626083374,3.28809118270874
d64b625e6318c2a2aa2fdb6f34eb020131ac5b4817e3dc818775fb4e4acd4615,RobroKools/vad-bert,c4c659fd17dd5807572b3f0f577de8c408401ca7,2.961121797561645,3.104494333267212,3.098655462265014
ac1872e35ce0e842cf89e06fa25bcff9da5740384ea7f7d1b91b58fa48b450c5,RobroKools/vad-bert,c4c659fd17dd5807572b3f0f577de8c408401ca7,2.9831039905548096,3.0904788970947266,3.209345579147339
77925323f65446e15e64a139c2c0a87899ecf8ab3b9456b7158231f7a299eda5,RobroKools/vad-bert,c4c659fd17dd5807572b3f0f577de8c408401ca7,3.05810546875,2.798140048980713,3.289450168609619
9e775850f7375a4caa8aca2786505192c3ce0358996a5828c3ca522a577eb467,RobroKools/vad-bert,c4c659fd17dd5807572b3f0f577de8c408401ca7,2.933114767074585,2.95478892326355,3.1531689167022705
7f9363e1c39780a0514854c2a8267095169bce9b48c042fb5aebbdb6fed90556,RobroKools/vad-bert,c4c659fd17dd5807572b3f0f577de8c408401ca7,3.0623133182525635,3.0270040035247803,3.299804925918579
46e6482dd16ed78ac16c83bbd5cccf068b8dd83d7c8db2aee99b1a2051f9f2d3,RobroKools/vad-bert,c4c659fd17dd5807572b3f0f577de8c408401ca7,2.879478454589844,3.087916135787964,3.156241178512573
c7f177a6df8e18eb1aeb22c97050cf47c005e0ea992121b0eea39c9e3ac36863,RobroKools/vad-bert,c4c659fd17dd5807572b3f0f577de8c408401ca7,2.7034671306610107,2.970914125442505,3.165828227996826
7635ffe79ed0b016a0a90b1278b4b4fa12e13cdeed884fad85e95dca50270592,RobroKools/vad-bert,c4c659fd17dd5807572b3f0f577de8c408401ca7,2.8872525691986084,3.046281337738037,3.119539976119995
d97d120eab7d93a4b22700a95636b88f2f672a542497443df668cfeccc28851a,RobroKools/vad-bert,c4c659fd17dd5807572b3f0f577de8c408401ca7,2.9956488609313965,3.096414089202881,3.2198522090911865
51d8ed4870204a164e9e83923a0ddd896104d3088809ea31c46b8e4d4af3e84f,RobroKools/vad-bert,c4c659fd17dd5807572b3f0f577de8c408401ca7,3.045973539352417,2.962600946426392,3.1976914405822754
8ac2ef33df0edee8b6f36f3bee6b8fc8bfec943a1dbe2287c5b6952a645a199f,RobroKools/vad-bert,c4c659fd17dd5807572b3f0f577de8c408401ca7,3.1450157165527344,3.0725743770599365,3.296781063079834
1df7488333fd76da588e47125f3ad20a9052a09aa49d10ab49d6940c798c4451,RobroKools/vad-bert,c4c659fd17dd5807572b3f0f577de8c408401ca7,3.041577100753784,2.845590353012085,3.240058183670044
3846f87b12a24447baf4530023bb236dcd166726c2c78504d5a8ae26ce8e4156,RobroKools/vad-bert,c4c659fd17dd5807572b3f0f577de8c408401ca7,3.265991449356079,3.0073342323303223,3.274688243865967
41824e594d498b60226ba910a5c0da2670018d284fb634c94d80c61fa239a7e9,RobroKools/vad-bert,c4c659fd17dd5807572b3f0f577de8c408401ca7,3.164332628250122,2.988066911697388,3.226543664932251
f28b4ba91d3ccf9220bbf080dd17876a720c73fddb8971f944aba9072ab5a3b1,RobroKools/vad-bert,c4c659fd17dd5807572b3f0f577de8c408401ca7,3.2535946369171143,3.058098554611206,3.254457473754883
23fef46b8127fc262c4e4270403938a152116ff557f1d05cd263b08b2a160140,RobroKools/vad-bert,c4c659fd17dd5807572b3f0f577de8c408401ca7,3.1748783588409424,3.0066044330596924,3.2956275939941406
785a46e1a7ce6cccc361206f3ec52a7c276479230920f4cbea19651e50617ecc,RobroKools/vad-bert,c4c659fd17dd5807572b3f0f577de8c408401ca7,3.2241311073303223,2.98504638671875,3.2260096073150635
d3ea5009eae4fb8c137924a7581e9631e6f3a46d8aa01a0d1945168569acd899,RobroKools/vad-bert,c4c659fd17dd5807572b3f0f577de8c408401ca7,3.1072723865509038,2.9492404460906982,3.284680128097534
c18cdc9806586614af1cf7725f101b6d4c0021c9426dd97f254d2a6346f866c5,RobroKools/vad-bert,c4c659fd17dd5807572b3f0f577de8c408401ca7,3.195967435836792,3.070614814758301,3.309220552444458
a9e74fd6639b60fb26fc27398a18bd326b41d877716546b3e3bfa2c09847082f,RobroKools/vad-bert,c4c659fd17dd5807572b3f0f577de8c408401ca7,3.172063112258911,2.9248135089874268,3.3448710441589355
3ccb544bf0764993e5654a9f8475f84037b38c72f9f7bf568b1e05c888a4f096,RobroKools/vad-bert,c4c659fd17dd5807572b3f0f577de8c408401ca7,3.181567430496216,2.93545150756836,3.325502157211304
b7782a81d241c0d719c0280e777eb5a9501688e9fa837ba449ffbf004659214a,RobroKools/vad-bert,c4c659fd17dd5807572b3f0f577de8c408401ca7,3.180261850357056,2.930547952651977,3.2761106491088867
10c4674a6c44c3aad60aee30902e2ff56f56f9bfcaa914d1325a700648ed0b07,RobroKools/vad-bert,c4c659fd17dd5807572b3f0f577de8c408401ca7,3.1774566173553467,2.914637327194214,3.2425239086151123
1129a07f07c14c113d9b6bda1c224f01c0e893a496d064ea1585cc9b7ac0d469,RobroKools/vad-bert,c4c659fd17dd5807572b3f0f577de8c408401ca7,3.142568349838257,2.945087194442749,3.275380373001098
54504c0b0b3b75a1ff8c93b0cc14478b2af423ca9defd0d6795607200bf2c041,RobroKools/vad-bert,c4c659fd17dd5807572b3f0f577de8c408401ca7,3.1340553760528564,2.951817989349365,3.192166805267334
7da1c678f524872a5b4c2ecba99b2bda60b541eac0ec437a07b577789e8a3936,RobroKools/vad-bert,c4c659fd17dd5807572b3f0f577de8c408401ca7,3.2805936336517334,2.912803888320923,3.3583805561065674
348412769017ab6f8f0729f89858b9197956aa7b961fff203e58b375578d9284,RobroKools/vad-bert,c4c659fd17dd5807572b3f0f577de8c408401ca7,3.36999773979187,2.9426400661468506,3.309894323348999
f190134454f823d8bcc08366a34f16780033077dac8e68320bfe161e7bc57dfb,RobroKools/vad-bert,c4c659fd17dd5807572b3f0f577de8c408401ca7,3.379823923110962,3.011030912399292,3.327156782150269
1045915f62068c2fafec2a2eccae922c97c8681e87e019fe0c46cbf96416bd10,RobroKools/vad-bert,c4c659fd17dd5807572b3f0f577de8c408401ca7,3.373256206512451,3.115013837814331,3.4277045726776123
4bda10c14d7aa7f583fe1a13a8210ee4c078f29591f9b22649e045023ce6eb14,RobroKools/vad-bert,c4c659fd17dd5807572b3f0f577de8c408401ca7,3.4179818630218506,2.955888032913208,3.378082275390625
ccad1771eff571b147acc2c8130cb0e4a58199e3f513ff3b1926d5ff6c52a70f,RobroKools/vad-bert,c4c659fd17dd5807572b3f0f577de8c408401ca7,3.365151643753052,3.115509271621704,3.366867780685425
2d3c6c73ee6c716ea63b58bd01e0b74d1d9ff4a0932fa43e348cf746e9e2f144,RobroKools/vad-bert,c4c659fd17dd5807572b3f0f577de8c408401ca7,3.3713719844818115,3.0575575828552246,3.4243338108062744
1de62253a7c24011ca333eb9a2ae0f287677bb7d83e1e7e3a573ddfa1da1d3fe,RobroKools/vad-bert,c4c659fd17dd5807572b3f0f577de8c408401ca7,3.3828742504119877,3.0880556106567383,3.4796087741851807
554b8c46a15d67c0def7acd4f1b4b8148459a829a4691b81b92067880a54432e,RobroKools/vad-bert,c4c659fd17dd5807572b3f0f577de8c408401ca7,3.416828155517578,3.1609480381011963,3.3815314769744877
3f282704474f43f9acbe591fc37e7111e5699fdc6da453bc1f6fd8032b964374,RobroKools/vad-bert,c4c659fd17dd5807572b3f0f577de8c408401ca7,3.300067186355591,3.050306558609009,3.3720924854278564
418665c2fc4402ae9fe2f9afc47f27d0de4ebf97ff133f69504c7f7d3477c0d7,RobroKools/vad-bert,c4c659fd17dd5807572b3f0f577de8c408401ca7,3.338153600692749,2.9627957344055176,3.43141508102417
54b93c1af569d0d353ce1c0aff4cc00508ab0480c669ca0fafb864a720cc6eba,RobroKools/vad-bert,c4c659fd17dd5807572b3f0f577de8c408401ca7,3.319885492324829,3.016296863555908,3.3604657649993896
ae960f8276369917ea361950246609ac46eacee82b209c17f9ba63729d98c424,RobroKools/vad-bert,c4c659fd17dd5807572b3f0f577de8c408401ca7,3.3133580684661865,3.087656021118164,3.4012393951416016
762b1001b5d6069dfd55f8e7012322c8e8a6aff78d360f9407d72ff742c82f74,RobroKools/vad-bert,c4c659fd17dd5807572b3f0f577de8c408401ca7,3.330392360687256,3.0495352745056152,3.386183500289917
c968f5aa20ba2d5a8b7e5e2e5c5c81c4597c8b79030644c8d3d222f065f3feca,RobroKools/vad-bert,c4c659fd17dd5807572b3f0f577de8c408401ca7,3.361252546310425,2.9356062412261963,3.3958797454833984
81820e2577bb83d862a1067ff1156abb299fd8532d040f5df43ea6447b954a9c,RobroKools/vad-bert,c4c659fd17dd5807572b3f0f577de8c408401ca7,3.3150570392608643,3.048630952835083,3.398047685623169
8a26cb83233117b4ed0c93df145d798115d5c0afe971bafa0874754ad6bd7ac4,RobroKools/vad-bert,c4c659fd17dd5807572b3f0f577de8c408401ca7,3.19657301902771,2.9519784450531006,3.229227066040039
b2dede35c6483525f5215149a29cee38f61daf57bb85a21d0dfea5e6c031efcb,RobroKools/vad-bert,c4c659fd17dd5807572b3f0f577de8c408401ca7,2.988041877746582,3.07055926322937,3.260157346725464
eb88a10ac572b79c48c42e1ceac448fb612a44fc432e17be68d7982db68d798c,RobroKools/vad-bert,c4c659fd17dd5807572b3f0f577de8c408401ca7,3.061163663864136,2.995616912841797,3.322051763534546
961f02c2ef30e669ec70c1af54c940630406288a66c08113187b81a166929b8e,RobroKools/vad-bert,c4c659fd17dd5807572b3f0f577de8c408401ca7,3.093861818313598,3.023393154144287,3.3197953701019287
f8fc41f1fcf50bc55c4da05a2b45246a5db24dd06e8c6f6a0a70204623083e06,RobroKools/vad-bert,c4c659fd17dd5807572b3f0f577de8c408401ca7,3.138662576675415,3.0251424312591557,3.3974413871765137
f53fbbbbd25cd5731bb79d178874ebd36bf8a8c6f639e4f4883fb8083d9b37b6,RobroKools/vad-bert,c4c659fd17dd5807572b3f0f577de8c408401ca7,3.118690252304077,3.045552015304565,3.3045732975006104
9863655f748fdafcc7d57aa1db2fe2e7bb82988d88d9ba4e83e02d6f250edffa,RobroKools/vad-bert,c4c659fd17dd5807572b3f0f577de8c408401ca7,3.034400224685669,3.017411470413208,3.1888134479522705
bbc674beeed93908a1b860a3d82145a41524d8fd8df19a3b3491186a87c61c0f,RobroKools/vad-bert,c4c659fd17dd5807572b3f0f577de8c408401ca7,2.962567090988159,2.961155652999878,3.181922912597656
19b729bdb998e38f9423b6aeb2bf64727412fe12223fe99072eb8140e1121559,RobroKools/vad-bert,c4c659fd17dd5807572b3f0f577de8c408401ca7,3.2823822498321533,3.055905103683472,3.351808786392212
bdc389c271a8349d12a3268f4c89022f3b419f43dc7fdaf12472c02bf27d1757,RobroKools/vad-bert,c4c659fd17dd5807572b3f0f577de8c408401ca7,3.351138114929199,3.069922924041748,3.362391948699951
55506f8286b43530e7abbf8ed4fbadc79945db9b99176b80e02e5f65d862d931,RobroKools/vad-bert,c4c659fd17dd5807572b3f0f577de8c408401ca7,3.073888301849365,3.028405904769897,3.3059301376342773
b790a8cbb794749220fda688d7ff02e422f43edf3b09f9033a6e7cf6dff886f2,RobroKools/vad-bert,c4c659fd17dd5807572b3f0f577de8c408401ca7,3.2719292640686035,2.9381468296051025,3.343740224838257
3581e59e14a44da22fa8fa84e516c1aedd7a0ae1cc49e08c1276c0ec1b0ee319,RobroKools/vad-bert,c4c659fd17dd5807572b3f0f577de8c408401ca7,3.4580774307250977,3.0494987964630127,3.4061920642852783
ad687e25adf565ed19222a1694dde6ef9a09c6d8a277962bb929cdee131f7683,RobroKools/vad-bert,c4c659fd17dd5807572b3f0f577de8c408401ca7,3.5891292095184326,3.039362668991089,3.434364080429077
01efd070828bb04278fd7c7d161782ab57ac0c5bc71326323bb7635741db1617,RobroKools/vad-bert,c4c659fd17dd5807572b3f0f577de8c408401ca7,3.291588306427002,3.032615423202514,3.463944673538208
ab565b5ffc954a6d4b118ccb8dbd9713f219ccd0c06a06d131d248403573ee81,RobroKools/vad-bert,c4c659fd17dd5807572b3f0f577de8c408401ca7,3.3239519596099854,2.947532892227173,3.373054981231689
1261aeaed0d333b79904bdc89608dcefbc8648b009720c93d8dc15065b4b90c7,RobroKools/vad-bert,c4c659fd17dd5807572b3f0f577de8c408401ca7,2.9656612873077397,2.777357816696167,3.1297318935394287
925ab761158c431ff7c48f228551d4ffa5e257969dd918236a99af6c53be9264,RobroKools/vad-bert,c4c659fd17dd5807572b3f0f577de8c408401ca7,2.837557554244995,3.146564245223999,3.2558577060699463
31f1bc01cc543ec48ea7c198db39661a93500449d0543e8d735a6bef8e7a6cb7,RobroKools/vad-bert,c4c659fd17dd5807572b3f0f577de8c408401ca7,2.876981496810913,3.001314401626587,3.217723846435547
dd73f32917ee1a1a349e6fc69755f5038333efef6f66df77ff7679a3aadfeb08,RobroKools/vad-bert,c4c659fd17dd5807572b3f0f577de8c408401ca7,3.0052621364593506,3.1835601329803467,3.233439445495605
5d19d84cdbd32719418c639f7885aad9e335c23a5d37f0d63d96d1b087b5fc02,RobroKools/vad-bert,c4c659fd17dd5807572b3f0f577de8c408401ca7,2.8602535724639893,3.079035520553589,3.175086736679077
4e6ebdebf8f359c185f3d8ad9d8fea98677b0d61420b282e248de45638bf698c,RobroKools/vad-bert,c4c659fd17dd5807572b3f0f577de8c408401ca7,3.117114543914795,3.107384204864502,3.2696473598480225
de57e2953499a3daf25ab2ff032bdec39a982ff5a50d1515d72835ae693c2f23,RobroKools/vad-bert,c4c659fd17dd5807572b3f0f577de8c408401ca7,2.8787951469421387,3.0906262397766118,3.1396095752716064
fb6202869444ac3f33ed6d385dcb2deaf17f1e4afa398c9ccb0ec717cdeaa5b4,RobroKools/vad-bert,c4c659fd17dd5807572b3f0f577de8c408401ca7,3.1225926876068115,3.1471285820007324,3.248788595199585
f3e9cef1ca712e925682c9218ce85f15e9bf337f68ba08baecd3fd5816009087,RobroKools/vad-bert,c4c659fd17dd5807572b3f0f577de8c408401ca7,2.980186700820923,2.812278985977173,3.220047235488892
6bbcda59cac3c748a8ab9306010ff7aba1be8982f2ceb7f44dc3eed8f2fd5ba1,RobroKools/vad-bert,c4c659fd17dd5807572b3f0f577de8c408401ca7,3.0507798194885254,3.108182907104492,3.201600790023804
c63b49b00194bed0bee1ffdb245cbc38e51dbcecd30aefd941e39d64d56bd492,RobroKools/vad-bert,c4c659fd17dd5807572b3f0f577de8c408401ca7,2.9797725677490234,3.170839548110962,3.189509391784668
03e0c53d0e59254c48051b2d160a0853fbc4c867726d4c777e6144adc7717257,RobroKools/vad-bert,c4c659fd17dd5807572b3f0f577de8c408401ca7,3.1443536281585693,3.201350450515747,3.289447069168091
6d8eeffff2675be2923d80a6cf55d472f5e1c76f801be38c6b795b5da254bed7,RobroKools/vad-bert,c4c659fd17dd5807572b3f0f577de8c408401ca7,3.078644275665283,3.150963544845581,3.199129343032837
6de1c5132f13e351b4568242b06c5b045bf7ce4a5e4d7d55285af2906dc08203,RobroKools/vad-bert,c4c659fd17dd5807572b3f0f577de8c408401ca7,3.0448532104492188,3.065413475036621,3.26244854927063
101e5e913f77a7702cb7615280f60322e38fdc91a4b9fb01645e72e4f224bd90,RobroKools/vad-bert,c4c659fd17dd5807572b3f0f577de8c408401ca7,2.9252817630767822,3.1796414852142334,3.257766962051392
615ddae6df2d6daf29b8ce6a4108f726f2ec38272a5459eb2c3c67216b34449c,RobroKools/vad-bert,c4c659fd17dd5807572b3f0f577de8c408401ca7,3.0566089153289795,3.0787692070007324,3.393772840499878
dca9d0a934c651856e95004fb1e21e72ccacb36e556a18460a486111e9846b11,RobroKools/vad-bert,c4c659fd17dd5807572b3f0f577de8c408401ca7,3.019467353820801,3.075923442840576,3.348706007003784
38bfdcbbf97e7f4267c9c7b0a4aedc645dee4c57f0e109e726cb523d1dfab5c7,RobroKools/vad-bert,c4c659fd17dd5807572b3f0f577de8c408401ca7,2.856400728225708,3.0178940296173096,3.1717417240142822
a1f63b85eb4a7ffaa53d0e5c825ebc913c9e0fac5617461971224cbd1f8008c5,RobroKools/vad-bert,c4c659fd17dd5807572b3f0f577de8c408401ca7,2.885903596878052,3.01453185081482,3.2163240909576416
25277b174c1a662b099bc3e1fb94e624bc2a5e7005c394e810981f91ee17b4c3,RobroKools/vad-bert,c4c659fd17dd5807572b3f0f577de8c408401ca7,2.802506923675537,3.1274454593658447,3.320828676223755
a1cb3be9ed60a7be8a6772bf67d165a1190ae68dac7f66fc8825071875000abb,RobroKools/vad-bert,c4c659fd17dd5807572b3f0f577de8c408401ca7,2.728031635284424,3.0953686237335205,3.179034948348999
db566fef665360710534b6c6b6a70edb238eaeb57d16231f3b850e87552ea779,RobroKools/vad-bert,c4c659fd17dd5807572b3f0f577de8c408401ca7,2.8520283699035645,3.136848211288452,3.29242205619812
4e146864b545066c5d1959fdcd8a87f498b15c83f66b06065e7181fb4ddeeca6,RobroKools/vad-bert,c4c659fd17dd5807572b3f0f577de8c408401ca7,3.109118700027466,3.176036834716797,3.310495615005493
7e7d4789dae7d497a282346517362c896f72febee3a5eb34a773f0a441c43691,RobroKools/vad-bert,c4c659fd17dd5807572b3f0f577de8c408401ca7,2.763355255126953,3.157407760620117,3.3581342697143555
15fd646470cb2d132efed959a5e86d23ada1b6a20230e3f14bad82d6e18f62f0,RobroKools/vad-bert,c4c659fd17dd5807572b3f0f577de8c408401ca7,2.9166741371154785,3.1096832752227783,3.373311281204224
c6d765bebbaf09b3fb77b260842ac49932eabe7da5a2ebf1ccee2ecf97fc58ad,RobroKools/vad-bert,c4c659fd17dd5807572b3f0f577de8c408401ca7,2.8957104682922363,2.850654363632202,3.302938938140869
4b1386dc51be36de2c5dfd08f6a129170ecef7c629ab6a088ee63f94867a209d,RobroKools/vad-bert,c4c659fd17dd5807572b3f0f577de8c408401ca7,3.0406768321990967,3.1510202884674072,3.3128697872161865
f49bd6997749ada5630d628d5c785526a6948b9fb6bbaf6ea98f3f4b0fe5f1d7,RobroKools/vad-bert,c4c659fd17dd5807572b3f0f577de8c408401ca7,3.036834716796875,3.1623361110687256,3.308897018432617
ce94645c41452d9261573fe63672b10b99b4a91d99eaa93e038f7e0ed76ebc24,RobroKools/vad-bert,c4c659fd17dd5807572b3f0f577de8c408401ca7,2.9966020584106445,3.1456058025360107,3.354953527450561
462d020d717d1a99db8662d72f55cca0e52d3324ed4ef720558aa1de325348f0,RobroKools/vad-bert,c4c659fd17dd5807572b3f0f577de8c408401ca7,3.304161787033081,3.0550050735473637,3.241605520248413
8882109f91bcc9ea63631740f1126b5271ccd93ed538aa8bcf0c769309f41307,RobroKools/vad-bert,c4c659fd17dd5807572b3f0f577de8c408401ca7,3.324469566345215,2.92653489112854,3.4047467708587646
6bfea75beecae1f4dcb592cc873a364d218c456f38f0aca531e6514edcf27a3a,RobroKools/vad-bert,c4c659fd17dd5807572b3f0f577de8c408401ca7,3.48311448097229,3.211889743804932,3.3583672046661377
f492ebd29fc534388a020c5c957a4265ad2554fec47968adf2a0827189e45d7b,RobroKools/vad-bert,c4c659fd17dd5807572b3f0f577de8c408401ca7,3.398365259170532,3.1120564937591557,3.386855363845825
35bd8a3cf97f7611a78f8963a3f449c79b3d1e17c4553bedef1273500c025e93,RobroKools/vad-bert,c4c659fd17dd5807572b3f0f577de8c408401ca7,3.3249568939208984,3.127429723739624,3.2740066051483154
d42a10ae0468cbcdd82db6c71ceefb75de1368ac60b76ce842f18705be5bc158,RobroKools/vad-bert,c4c659fd17dd5807572b3f0f577de8c408401ca7,3.3801052570343018,3.013627767562866,3.3485894203186035
6069f88f97e51cc72142701318551578a80c5736fbc3eb41399c0aa6e45ac983,RobroKools/vad-bert,c4c659fd17dd5807572b3f0f577de8c408401ca7,3.411618709564209,3.1631920337677,3.2817938327789307
9f393124b0bd3233b198593fd98c7aaf47655f273bf4bae46c2185471b1d99a5,RobroKools/vad-bert,c4c659fd17dd5807572b3f0f577de8c408401ca7,3.2618110179901123,3.0005929470062256,3.310553312301636
75fd8a9e5c2a2006c2632d0b3fddb68dfdb37fd91e18864b0198969f842c8d5e,RobroKools/vad-bert,c4c659fd17dd5807572b3f0f577de8c408401ca7,3.361541986465454,3.1130483150482178,3.289794683456421
5d180d5d532558ea7c12d45ab6a26ca0659293d74203a6b2cc7013f548b31cfd,RobroKools/vad-bert,c4c659fd17dd5807572b3f0f577de8c408401ca7,3.504812717437744,3.188903570175171,3.453533411026001
e77e34fd683d413c6d1c9902e02deb4b903a6bb2c809f482166332ce75567079,RobroKools/vad-bert,c4c659fd17dd5807572b3f0f577de8c408401ca7,3.257689952850342,3.0000221729278564,3.2665977478027344
37b1a123e87e50ef2b2b7a076e859d75714ef7f60e35e2021d4bd2c9522bbfa3,RobroKools/vad-bert,c4c659fd17dd5807572b3f0f577de8c408401ca7,3.278425693511963,3.084627866744995,3.2780728340148926
5b86c20491e8891db080e8e4ec0eb43e8148b1fee74ad743dcbfc5aaa640afa1,RobroKools/vad-bert,c4c659fd17dd5807572b3f0f577de8c408401ca7,3.415508985519409,3.16822361946106,3.417804956436157
c43c050057953dcb5d27d7522a22da2a693275ae1767368ea24836d87b4f7bd8,RobroKools/vad-bert,c4c659fd17dd5807572b3f0f577de8c408401ca7,3.4142825603485107,3.117191791534424,3.4307453632354736
9d5466a4734441d654b5fc2eade1fa931b3da3d05d5b646fedce4791e78386df,RobroKools/vad-bert,c4c659fd17dd5807572b3f0f577de8c408401ca7,3.351163625717163,3.088172674179077,3.326939344406128
87f41fb4589db0b3d69a3a74b41a0e344f407a14f3ac561676e67569d1299a26,RobroKools/vad-bert,c4c659fd17dd5807572b3f0f577de8c408401ca7,3.3118736743927,3.1349852085113525,3.329143047332764
60cd130688ccdec58b9b676f2579b348f2e91c3401ba6332b48c2ef7140b8310,RobroKools/vad-bert,c4c659fd17dd5807572b3f0f577de8c408401ca7,3.2351267337799072,3.151563167572021,3.331651210784912
2af1661204dcbb7f0b93ea6a6eec09b1bcace4dcb4e2b5a1c2de980e21ca9aa0,RobroKools/vad-bert,c4c659fd17dd5807572b3f0f577de8c408401ca7,3.178445816040039,3.119635343551636,3.2961745262146
ebb3ec5f65c65261845fef9232b871894f4cd686c6c8622de8d973fc10edd5fd,RobroKools/vad-bert,c4c659fd17dd5807572b3f0f577de8c408401ca7,3.144535541534424,3.104830503463745,3.35307240486145
363b7027e864c9fd4def2a14a7ee97665df22f44768271af85245d791b4395b1,RobroKools/vad-bert,c4c659fd17dd5807572b3f0f577de8c408401ca7,3.2539713382720947,3.007165670394897,3.3457367420196533
f82244a800effb3f7e68f6460dcfa47c31d353c79247a89f8fa07ee33a20763b,RobroKools/vad-bert,c4c659fd17dd5807572b3f0f577de8c408401ca7,3.128499746322632,3.0589470863342285,3.3461451530456543
f3879ace0f6cff6916936df54d6b5563f8036071e52932738ebd749fcdb2ce60,RobroKools/vad-bert,c4c659fd17dd5807572b3f0f577de8c408401ca7,3.283170461654663,3.011929512023926,3.3554930686950684
f2bc83d981da8585585d54ff0c98fdbe1e2ef3ff9d9b88cda221dfb6b0477e5d,RobroKools/vad-bert,c4c659fd17dd5807572b3f0f577de8c408401ca7,3.351691961288452,3.1122279167175293,3.420661211013794
b464de251c151025e3774a3ea3d692f3e7ab22d5a81bca67e48f43bb190e6928,RobroKools/vad-bert,c4c659fd17dd5807572b3f0f577de8c408401ca7,3.4050776958465576,3.0916566848754883,3.3865883350372314
78293448d4614e8140a8c5f578c87d45c315682ff283065e3a335f20d61cfe28,RobroKools/vad-bert,c4c659fd17dd5807572b3f0f577de8c408401ca7,3.3059515953063965,3.0181684494018555,3.3536410331726074
3f04816045ad25eff8a222facf456971ba4a7af0f0de3cf43788f5f6dd931008,RobroKools/vad-bert,c4c659fd17dd5807572b3f0f577de8c408401ca7,3.283432722091675,2.9891717433929443,3.354084253311157
4c7ce410ba1bf236d6d233a3877dcb089088306172b8ea3c8eda830074ee5fa5,RobroKools/vad-bert,c4c659fd17dd5807572b3f0f577de8c408401ca7,3.302623987197876,3.0416388511657715,3.365960597991944
222f43f3cdbb14f00be7e2f008160f3a177ec4cb16a957fd60d5e065042b68ec,RobroKools/vad-bert,c4c659fd17dd5807572b3f0f577de8c408401ca7,3.3223466873168945,3.034184694290161,3.3960368633270264
10745bb611e84408e8382bfedbbfabacc47990def946c2186c55b51d905ceba5,RobroKools/vad-bert,c4c659fd17dd5807572b3f0f577de8c408401ca7,3.2221126556396484,3.086955547332764,3.351933002471924
ddce45ee89660db87a25d0913d5dde8685377f37941329744db03b2b2614e2b6,RobroKools/vad-bert,c4c659fd17dd5807572b3f0f577de8c408401ca7,3.2886979579925537,3.0081896781921387,3.3424184322357178
c12c1870badb09e74f57ef27580cd3fcbc7cfff4333b4e83cd9dfa3ebcfe4b58,RobroKools/vad-bert,c4c659fd17dd5807572b3f0f577de8c408401ca7,3.3427655696868896,3.061105966567993,3.429832696914673
fa6c047e17d0416d1140c2501ad2734e0f00050edd50d0b1137cbb4796044a47,RobroKools/vad-bert,c4c659fd17dd5807572b3f0f577de8c408401ca7,2.859997272491455,3.0799922943115234,3.325531482696533
a558798bdc75a38a8ff09904947504e3a813267c61ed751ae7290f678b43b99b,RobroKools/vad-bert,c4c659fd17dd5807572b3f0f577de8c408401ca7,3.1191036701202397,3.069450616836548,3.275949239730835
7c7d2f4fc67892a89bdf57d98fbcedc2274a5241dc6a9a393a28d52e383d4ddf,RobroKools/vad-bert,c4c659fd17dd5807572b3f0f577de8c408401ca7,3.0594642162323,3.131265640258789,3.2800419330596924
3ee825e9363aeb7c4f0fcf367443dd72bd55102b6f6a7351ea41508bd808aa9b,RobroKools/vad-bert,c4c659fd17dd5807572b3f0f577de8c408401ca7,3.008897066116333,2.9760425090789795,3.2287538051605225
edaa1aa180aa1b38ad5e18aeec4307351dcda278559366027912104cce4b2be3,RobroKools/vad-bert,c4c659fd17dd5807572b3f0f577de8c408401ca7,3.112365961074829,3.0712101459503174,3.2950260639190674
28c0ac5520c2346b3dbcf600825fae14460a9e38a7d78ddaf173f13005bb278b,RobroKools/vad-bert,c4c659fd17dd5807572b3f0f577de8c408401ca7,3.186671495437622,3.055046319961548,3.263521432876587
85c94dcccd32fa45de3f51ec211d1671e59346ce9a0bf47243c0342b5aa4258e,RobroKools/vad-bert,c4c659fd17dd5807572b3f0f577de8c408401ca7,3.025256872177124,3.0213711261749268,3.2712490558624268
091553b73088319f7d8e0b5bb64563a273c08dd39088f78aec219536241c6605,RobroKools/vad-bert,c4c659fd17dd5807572b3f0f577de8c408401ca7,3.0713231563568115,3.123394250869751,3.288884401321411
d118e5d962b0b5b59e9795228f23833eb4ae028f0dbe802c4de058e3c2d88e06,RobroKools/vad-bert,c4c659fd17dd5807572b3f0f577de8c408401ca7,3.1224265098571777,3.118140935897827,3.2827961444854736
93e71485a8b75c44551dd7db89397a370475d44808bdbac1187be944d3239629,RobroKools/vad-bert,c4c659fd17dd5807572b3f0f577de8c408401ca7,3.1108391284942627,3.106125831604004,3.261694431304932
9f1d3703ab55c22934ce2d47f252e667870f87da6e2cea7219a8764e43b36acc,RobroKools/vad-bert,c4c659fd17dd5807572b3f0f577de8c408401ca7,2.71362566947937,3.154792308807373,3.111128807067871
a44747de05c5aa13cac661f83aed2c266fa32ffa4c1fbce7d381850c4a7c5a6b,RobroKools/vad-bert,c4c659fd17dd5807572b3f0f577de8c408401ca7,3.1407103538513184,3.0990893840789795,3.288892984390259
69fe54ef3393ea67a50eb31e3376aa932b0089d0287dec4421a6bad171d6da68,RobroKools/vad-bert,c4c659fd17dd5807572b3f0f577de8c408401ca7,2.8495233058929443,3.1768312454223637,3.2504312992095947
47f7ff94207dfeb4ce1dcda192dfc28ed28d8f89a1a517433bf43c1d9363430f,RobroKools/vad-bert,c4c659fd17dd5807572b3f0f577de8c408401ca7,2.748709917068481,3.096829414367676,3.1294100284576416
b6013289e5a0a237cf220a13baa3218b0e49bf5eb81fdf9b5be7735bbe7c55e7,RobroKools/vad-bert,c4c659fd17dd5807572b3f0f577de8c408401ca7,2.838221311569214,3.0937721729278564,3.1678311824798584
4f563e9428124f18b8e0e8df81efa22a6bd4c39258810d3b898f30688353ab34,RobroKools/vad-bert,c4c659fd17dd5807572b3f0f577de8c408401ca7,2.8978612422943115,3.2546980381011963,3.22228741645813
3d7f9d4d65e6a4846f37c90a6667e6ebc2adff47e92dd23c551968ae7366753e,RobroKools/vad-bert,c4c659fd17dd5807572b3f0f577de8c408401ca7,2.961172342300415,3.0804343223571777,3.121398687362671
04a7f93abb51f6ed302d840f1aed1c3f19a034853fed13b1f988eafd817fd939,RobroKools/vad-bert,c4c659fd17dd5807572b3f0f577de8c408401ca7,2.954118490219116,3.0918989181518555,3.203962564468384
13dc5d5e7bd9b558ec4e5f0c890a6935009aef139a2b39a71bbdcfc3c7aa6a0f,RobroKools/vad-bert,c4c659fd17dd5807572b3f0f577de8c408401ca7,2.4733073711395264,3.1468963623046875,3.145465612411499
5cad9edf1d6341c137770b0541b3b6c054487884cdd32ce0c86f9b94c731c7a0,RobroKools/vad-bert,c4c659fd17dd5807572b3f0f577de8c408401ca7,2.505279779434204,3.185638189315796,3.108067989349365
23ee34cb46b2ec2066d33e576b31ac07c805ba4cf1522b94eb0b9f600b378837,RobroKools/vad-bert,c4c659fd17dd5807572b3f0f577de8c408401ca7,2.7946739196777344,3.230403184890747,3.107604503631592
18c9a010064bb46c9910109da4feabaf6b00e16b73c3235317bcdcd1cc6563d7,RobroKools/vad-bert,c4c659fd17dd5807572b3f0f577de8c408401ca7,2.81592869758606,3.09189772605896,3.0992090702056885
9f93fdbd498d347514c118381fb0f780843b5b513e60fcbb0d46a0f8d6a44b5b,RobroKools/vad-bert,c4c659fd17dd5807572b3f0f577de8c408401ca7,2.599922180175781,3.034319400787353,3.1418168544769287
63c1c988c8f35cef8aea69db7b1e0c4e855885b45a4792a0cd97b31bc2cb06d6,RobroKools/vad-bert,c4c659fd17dd5807572b3f0f577de8c408401ca7,2.62624740600586,3.1904587745666504,3.144277334213257
6169d0d39561c7ab914021ec01cb5ed76c1de36abb4c55e6d54c9053bda41ebe,RobroKools/vad-bert,c4c659fd17dd5807572b3f0f577de8c408401ca7,2.582058906555176,3.136692762374878,3.195962905883789
761e094a0bf39ebf5f7532d4da024e6035342cb603412c6c3cd3f44b38e4d2f4,RobroKools/vad-bert,c4c659fd17dd5807572b3f0f577de8c408401ca7,2.796875238418579,3.2043604850769043,3.242220640182495
e95f270d2b99f4094e3d908ee6bf4b98e6bcca96e7b053e43fed3b3c93a022cd,RobroKools/vad-bert,c4c659fd17dd5807572b3f0f577de8c408401ca7,3.005548477172852,3.011565685272217,3.246588945388794
33d9391fc71539a6928a1c6313f3dd59660b7a6f00042f5155b634095f0f954f,RobroKools/vad-bert,c4c659fd17dd5807572b3f0f577de8c408401ca7,2.9871649742126465,2.999953031539917,3.1882007122039795
8f48460f57cae165b4e7db89ccef33cf23e461c137070a58231755c3e26e71e8,RobroKools/vad-bert,c4c659fd17dd5807572b3f0f577de8c408401ca7,2.9638431072235107,2.973352432250977,3.159698247909546
84158aaf353d9d3cdbdc837368b8f2c2322c10f2fbdb75e1dfb5d3fab668aa57,RobroKools/vad-bert,c4c659fd17dd5807572b3f0f577de8c408401ca7,3.06221604347229,2.960613965988159,3.20536470413208
73256b342134d5cc100c2b02ef829c9545f8a07045790a0c55212f7da4cd1ad7,RobroKools/vad-bert,c4c659fd17dd5807572b3f0f577de8c408401ca7,3.149320363998413,3.053990602493286,3.2670109272003174
400be3b21588065616ef50e54d855040eb8d41a76c2c6bd185d4152a1e932d9f,RobroKools/vad-bert,c4c659fd17dd5807572b3f0f577de8c408401ca7,3.114671468734741,2.996789693832397,3.273659467697144
871b8185b2298c3cee086708cb94e71c6c81b6d6fa3b30a7db449f7f634e2ccf,RobroKools/vad-bert,c4c659fd17dd5807572b3f0f577de8c408401ca7,3.0931079387664795,2.906316041946411,3.175441026687622
377e7aec7fed5535f2d08b51c54e7fab81ed98e8e94fa7b3f58f086ceb92d107,RobroKools/vad-bert,c4c659fd17dd5807572b3f0f577de8c408401ca7,3.0502374172210693,3.094863176345825,3.3497817516326904
baa0ce5325169ad7422c3bca21475881f278b12835bd398771010db768b9f1d7,RobroKools/vad-bert,c4c659fd17dd5807572b3f0f577de8c408401ca7,3.137540578842163,2.922678232192993,3.049666404724121
3eb007eaba30c4a1075cbcd559ee144da02e6c5217cfda65649a81696e4fc8b7,RobroKools/vad-bert,c4c659fd17dd5807572b3f0f577de8c408401ca7,3.0639994144439697,3.087642192840576,3.278277635574341
ad292e1224a5d9c579549f155a85a6edd6ea38e82bdf1023ef1005cb0d6058e4,RobroKools/vad-bert,c4c659fd17dd5807572b3f0f577de8c408401ca7,3.284071922302246,3.0119974613189697,3.175565719604492
e56dbb391332107cd380ca1d14367126b9d7d6b90d9e323aa0296f3d8c4a0907,RobroKools/vad-bert,c4c659fd17dd5807572b3f0f577de8c408401ca7,3.138197183609009,2.997873067855835,3.274192571640014
5458e54238e4aa7f906342d00435aefaf8c80971ec4425ad9a6cf32335db6305,RobroKools/vad-bert,c4c659fd17dd5807572b3f0f577de8c408401ca7,3.2055885791778564,3.110816717147827,3.1744627952575684
d654297d19d67bcfd6a9b8deb745c878228b87460793031a5d6ef5e8e8cb5dfe,RobroKools/vad-bert,c4c659fd17dd5807572b3f0f577de8c408401ca7,3.253588914871216,3.073082208633423,3.2585883140563965
2faf7609909539c489accb3de9f7109319004a0a8f52b5d3b6fc7906d18ae6f3,RobroKools/vad-bert,c4c659fd17dd5807572b3f0f577de8c408401ca7,3.191338300704956,3.1132149696350098,3.3170883655548096
0099288a2480ddad107dea3781c03c6f90226d57f4d9905ce530537742e4e57e,RobroKools/vad-bert,c4c659fd17dd5807572b3f0f577de8c408401ca7,3.258331537246704,3.033203363418579,3.238358736038208
dd9b859af050cca70848b7ec1a6eda87cf140dc491a19eb311209d2f1ea2a884,RobroKools/vad-bert,c4c659fd17dd5807572b3f0f577de8c408401ca7,3.464501142501831,3.1074836254119877,3.28301215171814
da2caf4e8342429cfaaf5ce164ac1fbd347ff175fc7d4ce99eef50b90eabb18f,RobroKools/vad-bert,c4c659fd17dd5807572b3f0f577de8c408401ca7,3.1602044105529785,3.067612648010254,3.205641984939575
cd9500d714bdda443337fbea9a663e17e2bc5224ae18e316997c48f5e2e8c4ae,RobroKools/vad-bert,c4c659fd17dd5807572b3f0f577de8c408401ca7,3.051708936691284,2.83943247795105,3.2882120609283447
0648b253a9e6b405236fa118eed38f484e313fcc1d9a1e52116142f58f182d36,RobroKools/vad-bert,c4c659fd17dd5807572b3f0f577de8c408401ca7,3.3548450469970703,3.049705266952514,3.353654623031616
a8d01e44c019b7f927332aaf07bed0fa97b18a0919347fdb4fcdf3dd59554d39,RobroKools/vad-bert,c4c659fd17dd5807572b3f0f577de8c408401ca7,3.145561933517456,3.0329370498657227,3.4334704875946045
ddb90f0a2f4f26f0dad775bb97e3e1fe929872d9eeb6879d2df9f5cd4a8f0da3,RobroKools/vad-bert,c4c659fd17dd5807572b3f0f577de8c408401ca7,3.31949520111084,3.07582688331604,3.342076063156128
335cc44f9248fa2e22d4de0b83ff8b4f7cb51993d57f63f32c05685e277de0d3,RobroKools/vad-bert,c4c659fd17dd5807572b3f0f577de8c408401ca7,3.250636339187622,3.072658061981201,3.373124361038208
bfd70775ebf485e17eb0d5d46ed0bb3a2c2c414bc7b067d8148f8578d3b17e44,RobroKools/vad-bert,c4c659fd17dd5807572b3f0f577de8c408401ca7,3.395876169204712,3.189525842666626,3.4286890029907227
5afc8423b49515e43bd53711c49453d7e020b0f1a68cb35f0e0e85c05b30ea7f,RobroKools/vad-bert,c4c659fd17dd5807572b3f0f577de8c408401ca7,3.132599115371704,3.137948751449585,3.2435390949249268
9f566840b4649fddf28283d1d60f1a651076ba90f7c555d45b6a0618070fb491,RobroKools/vad-bert,c4c659fd17dd5807572b3f0f577de8c408401ca7,3.106417417526245,3.1943109035491943,3.336609363555908
172301b4d993070afe62ef9afadeb9edf493f6301b9bdd2d1d378f6974d22dd2,RobroKools/vad-bert,c4c659fd17dd5807572b3f0f577de8c408401ca7,3.1527273654937744,3.2181737422943115,3.32047963142395
23098a9fec10b49a02b10c218a00981c74399fbf622ca2ea3db3514eee15beef,RobroKools/vad-bert,c4c659fd17dd5807572b3f0f577de8c408401ca7,3.280278444290161,3.167289972305298,3.382416009902954
a4fb3719cdd008200dd6520ed16fe6d28f7df40280a5eb3e73676abffa6f026d,RobroKools/vad-bert,c4c659fd17dd5807572b3f0f577de8c408401ca7,3.1500933170318604,3.1117258071899414,3.238577127456665
ffe3b2eccfd36628739a420d9b48f41582effdd66d63036c28137f5686df5ec6,RobroKools/vad-bert,c4c659fd17dd5807572b3f0f577de8c408401ca7,3.2010998725891118,3.026885509490967,3.3099477291107178
9a4cd51433e90f5711561a731587ba7ea483f4f313cc6b1ba323aa84454f1a02,RobroKools/vad-bert,c4c659fd17dd5807572b3f0f577de8c408401ca7,3.0590310096740723,3.068242311477661,3.181694984436035
8315f7a1fc2ff369a607b3a535bc79c19a65e5e766235719ee0dea081c915691,RobroKools/vad-bert,c4c659fd17dd5807572b3f0f577de8c408401ca7,3.075736284255981,3.2000820636749268,3.422227144241333
1d0fe79403531a53ca1ade03cae3dbf32f08171be16eb7284ee4d06491b7ea23,RobroKools/vad-bert,c4c659fd17dd5807572b3f0f577de8c408401ca7,3.049039363861084,2.934528350830078,3.2515499591827397
6d02cd063ecf9cd1963fcf7dbb7e7626a4975d424821222c63bee6028ee0c821,RobroKools/vad-bert,c4c659fd17dd5807572b3f0f577de8c408401ca7,2.630962610244751,3.0550291538238525,3.1661860942840576
42847925c35571c86834b1ec2870244736e1aeb9b951f0aec1377bcf53849171,RobroKools/vad-bert,c4c659fd17dd5807572b3f0f577de8c408401ca7,2.949786901473999,3.020839214324951,3.2447726726531982
ac5cce30991f95eac316bc475ee6d1c26a1d76a1d0ffecf8738b525b338ae209,RobroKools/vad-bert,c4c659fd17dd5807572b3f0f577de8c408401ca7,3.0192391872406006,3.0759365558624268,3.1597721576690674
7a56417e7de411079fd673dea22085b347f09d417098e00e0b0b1c2e8051dd09,RobroKools/vad-bert,c4c659fd17dd5807572b3f0f577de8c408401ca7,2.9283287525177,2.855102062225342,3.1208741664886475
2cc1c8006892ae49b80ecc06b584807f5c0d2d0a8107f419f002a4314a289ffc,RobroKools/vad-bert,c4c659fd17dd5807572b3f0f577de8c408401ca7,2.674723863601685,3.041437864303589,3.202221632003784
98b18228169030de7b5bc2bfc37efc8f8e19487dde484259e1f0f71f559db427,RobroKools/vad-bert,c4c659fd17dd5807572b3f0f577de8c408401ca7,2.567495822906494,3.1152920722961426,3.0565426349639893
cc43945f51c6db1b23d27c1f236e2134dde56f2dae3711a86494f5bfe85bb8d3,RobroKools/vad-bert,c4c659fd17dd5807572b3f0f577de8c408401ca7,2.787372350692749,3.0480399131774902,3.204526662826538
0ed5e9f8f54352871bd94e39f618126c7b73a99150f4d2fb8b87942034f3677e,RobroKools/vad-bert,c4c659fd17dd5807572b3f0f577de8c408401ca7,2.5765273571014404,3.111747980117798,3.084728240966797
7d7daf498dee4619d3100465c61978fc4143b9f0197a098299e565ba3217d3aa,RobroKools/vad-bert,c4c659fd17dd5807572b3f0f577de8c408401ca7,2.8604207038879395,3.029069662094116,3.082308530807495
b63ec0b20417eca86ef54cde995bde4feb0d70f17cf4536f79153796bab3b7ee,RobroKools/vad-bert,c4c659fd17dd5807572b3f0f577de8c408401ca7,2.906976222991944,3.14628005027771,3.1359102725982666
d3417427c6efd3678a06ed8ee808a25c49531bc503e851d685114581f91d2314,RobroKools/vad-bert,c4c659fd17dd5807572b3f0f577de8c408401ca7,2.9148590564727783,2.9431540966033936,3.125373601913452
eb04a2f8b9bd28a9fde40d45c8cc6421f2b0cd0060bd43fc022e9bb6dda3384e,RobroKools/vad-bert,c4c659fd17dd5807572b3f0f577de8c408401ca7,2.785072565078736,3.0863795280456543,3.151139497756958
b6c045d933ac7287b059c779ca5942c0ef27940ff9f920a11f32866a0c6f8a09,RobroKools/vad-bert,c4c659fd17dd5807572b3f0f577de8c408401ca7,2.8037354946136475,2.964484691619873,3.010161638259888
7bbb903c6306e6d54249e23ebac5ae6cd1b8c57c9715573cfa9b9bc186acaf66,RobroKools/vad-bert,c4c659fd17dd5807572b3f0f577de8c408401ca7,3.0882437229156494,3.124556303024292,3.209299087524414
8284bd1939ea774c39972850c21bae4e7a34c28c1f8f0cffbfefa395b5418fa2,RobroKools/vad-bert,c4c659fd17dd5807572b3f0f577de8c408401ca7,2.774779319763184,3.216442108154297,3.1660430431365967
96df1ed258577bcbb2e6920a23733aa99d5f79c0802d61f565d28df1dc520595,RobroKools/vad-bert,c4c659fd17dd5807572b3f0f577de8c408401ca7,2.8009073734283447,3.221496343612671,3.1347217559814453
faed20f5e01cf31c0eb13469dc57417abf3ffb0738a026661ee6342642ce2d2d,RobroKools/vad-bert,c4c659fd17dd5807572b3f0f577de8c408401ca7,2.717811822891236,3.113772392272949,3.1371612548828125
c6ea3889c99bc982ac5ec2e0f728f8a54f3ff6b9e56b6e883bb2a1ab0761ec9e,RobroKools/vad-bert,c4c659fd17dd5807572b3f0f577de8c408401ca7,2.6136834621429443,3.081221342086792,3.102185010910034
58b93157c50b29846ffa2080ce3ed0c24217606cda2f565e8f4715e810a2189f,RobroKools/vad-bert,c4c659fd17dd5807572b3f0f577de8c408401ca7,3.0141921043396,2.9801058769226074,3.298065185546875
c5c6e07b69241c6359944df1a556eb0ead51667dfb6adc22eb6e032a80489fc1,RobroKools/vad-bert,c4c659fd17dd5807572b3f0f577de8c408401ca7,2.7622199058532715,3.0145199298858643,3.161046266555786
da5d9d6dc0a7016091cb208786ab8fb808557012e991c6918962fd7e4d8a10e0,RobroKools/vad-bert,c4c659fd17dd5807572b3f0f577de8c408401ca7,2.6355817317962646,3.0621063709259038,3.097395181655884
6e4169185ae44bdcd1118450404b25eafc4f9b10d6bb9dd04209f8a6a2163cbf,RobroKools/vad-bert,c4c659fd17dd5807572b3f0f577de8c408401ca7,2.6002180576324463,2.975381851196289,3.152595996856689
3a8407e5f52ccc03433c23ab29163dbdbb3a03ff8cff4437d257c5d5b078d7fa,RobroKools/vad-bert,c4c659fd17dd5807572b3f0f577de8c408401ca7,2.72102952003479,3.1215603351593018,3.0969295501708984
7880283f12476b6eaaec20668c8cba4c197741c85838a46dacfc3a38f0e6de74,RobroKools/vad-bert,c4c659fd17dd5807572b3f0f577de8c408401ca7,2.614575862884521,3.0019657611846924,3.1435043811798096
9fde168df2506a8241d2735a57fd5756b6729e9d395fab2c2d84f4e9e4087b53,RobroKools/vad-bert,c4c659fd17dd5807572b3f0f577de8c408401ca7,2.633133172988892,3.053074598312378,3.026551485061645
1979f0af4cc1ac2fef123c472a5ef9cec43a3f9a8f3ccd282cbc42eb7242364e,RobroKools/vad-bert,c4c659fd17dd5807572b3f0f577de8c408401ca7,2.721935510635376,3.0528481006622314,3.203470468521118
da61dd0f9858ac428b4d95b19b7654f2e8a045d8622f1133fe860b12e20f2435,RobroKools/vad-bert,c4c659fd17dd5807572b3f0f577de8c408401ca7,2.614990711212158,3.0065114498138428,3.0780928134918213
5d2379e57ba635b21666c44f6f133e6873667dfd45e20b1249ce7c85f9c45b6c,RobroKools/vad-bert,c4c659fd17dd5807572b3f0f577de8c408401ca7,2.7350542545318604,3.05481505393982,3.1847891807556152
b2b67982a45f19917b6184a5a10b1a9c77168310285625eb11ce53f1a248d357,RobroKools/vad-bert,c4c659fd17dd5807572b3f0f577de8c408401ca7,2.5027048587799072,3.0100653171539307,3.012378931045532
a55fe19d57c470b3073b7c52eccf86abce49993447ca0047b39a5b681d6e4ddb,RobroKools/vad-bert,c4c659fd17dd5807572b3f0f577de8c408401ca7,2.838217496871948,3.0191919803619385,3.133986234664917
7ac875d13d37914b9eaefc1c1eedae3acc19b619bd1510d7b0a204576182ec3f,RobroKools/vad-bert,c4c659fd17dd5807572b3f0f577de8c408401ca7,2.8290035724639893,3.0117883682250977,3.1471264362335205
ea737d5ec27bfd57350f6b1d7e83ce00c5cbbb60eb136e5cae589ecc58dcf4d6,RobroKools/vad-bert,c4c659fd17dd5807572b3f0f577de8c408401ca7,3.2403457164764404,3.0760512351989746,3.3201797008514404
8b4f79204949a880b9573dc50b1db4c5804dd73ee397c41a428102a0978a9928,RobroKools/vad-bert,c4c659fd17dd5807572b3f0f577de8c408401ca7,3.318214178085327,3.079314947128296,3.207566738128662
e9cb9d9e1d4370bbe735e0a7aec8f45c98e9ad4f471f98155a8c743d508afd34,RobroKools/vad-bert,c4c659fd17dd5807572b3f0f577de8c408401ca7,3.061221122741699,2.9850447177886963,3.189449548721313
6454b690915c354cd6000e529027555ab59465a501cfb22b24c17ffd2a82452a,RobroKools/vad-bert,c4c659fd17dd5807572b3f0f577de8c408401ca7,2.83870530128479,2.902367353439331,3.2321436405181885
d90374a74d284a68c94ffaf5430b818fc2816bd121c4cc326070151231138453,RobroKools/vad-bert,c4c659fd17dd5807572b3f0f577de8c408401ca7,3.2466490268707275,3.064591646194458,3.1380369663238525
8807d736581fe547816b17555293bf5b8addc7e253528fe90c4fbadcc49b0cb7,RobroKools/vad-bert,c4c659fd17dd5807572b3f0f577de8c408401ca7,3.1746633052825928,2.974972009658813,3.115220546722412
285afd0a5155b8d4be55a78cfa43ba6211490a8812eba397b54c380f0db0b443,RobroKools/vad-bert,c4c659fd17dd5807572b3f0f577de8c408401ca7,3.195995330810547,3.0271787643432617,3.107897996902466
10963f80205e224973988318d81e9838af823f94efae4634b53165c2f3078628,RobroKools/vad-bert,c4c659fd17dd5807572b3f0f577de8c408401ca7,2.956528425216675,2.9903807640075684,3.2365195751190186
d45b23cac9996841b55d81936ef78804a0919b350e799bfa169791169ef89eb5,RobroKools/vad-bert,c4c659fd17dd5807572b3f0f577de8c408401ca7,3.1515309810638428,3.0516579151153564,3.148931741714477
4df91e5c41f46529ead7be5aea75148200cada153a3f226fb7b235407c2ce762,RobroKools/vad-bert,c4c659fd17dd5807572b3f0f577de8c408401ca7,3.244381666183472,3.0284743309021,3.138019800186157
fdf721a6d8b8d0fe72e1335887b649da36c522c4f3b3823a0c416c461637c77f,RobroKools/vad-bert,c4c659fd17dd5807572b3f0f577de8c408401ca7,3.332479238510132,2.972765684127808,3.109060525894165
992173d607eec6c59c627d727b9a6b870cdadc614eb7d0d4040c26afe68c9c76,RobroKools/vad-bert,c4c659fd17dd5807572b3f0f577de8c408401ca7,2.837009906768799,3.032005548477173,3.17771315574646
57ebc87219e61848e57682368c34f97c06011203fe2120aef0c3fbfe4ebc8e86,RobroKools/vad-bert,c4c659fd17dd5807572b3f0f577de8c408401ca7,3.182259321212769,2.98797345161438,3.2076265811920166
5c2c5bd244d93d7074d508bd106774c4c6b84fe900e4428edbf6a7c04870d109,RobroKools/vad-bert,c4c659fd17dd5807572b3f0f577de8c408401ca7,3.1443536281585693,2.89249324798584,3.1820709705352783
05947c0446fab0381d36a31854814e806ad1e9e2532e75b9b0ce9e7e19468d02,RobroKools/vad-bert,c4c659fd17dd5807572b3f0f577de8c408401ca7,3.3225884437561035,2.986292839050293,3.104066848754883
948e0213b203565432a5c7f4cd77af254755a2b9e32295d221f6ad6a7d0e46fd,RobroKools/vad-bert,c4c659fd17dd5807572b3f0f577de8c408401ca7,3.222325563430786,3.1474053859710693,3.2747607231140137
8ba5a6972c2e4305a34aec713e41e2afba999619bcd1146c2cc3461f167f22a0,RobroKools/vad-bert,c4c659fd17dd5807572b3f0f577de8c408401ca7,3.308117389678955,3.10727334022522,3.2964885234832764
e1003b3666725f7c6383e848c57853454766cd20d0bdc8d4209aad3249fb8281,RobroKools/vad-bert,c4c659fd17dd5807572b3f0f577de8c408401ca7,2.949667692184448,3.0067508220672607,3.1539220809936523
6740045303f706c0ae749b6e9ff5aecc17fedc030620874238a3a847b261ce21,RobroKools/vad-bert,c4c659fd17dd5807572b3f0f577de8c408401ca7,3.098408937454224,2.9935996532440186,3.193511247634888
5be94f7940bf326f606c559c4be8fc8a28b4a86b32b09b032772a9f6f7faa43a,RobroKools/vad-bert,c4c659fd17dd5807572b3f0f577de8c408401ca7,3.103707790374756,3.143663167953491,3.2323532104492188
32af363d2f586116a618c560116a57e60d3b9975d62b46f4793019fddb64ef6b,RobroKools/vad-bert,c4c659fd17dd5807572b3f0f577de8c408401ca7,3.283397912979126,3.2551887035369877,3.2925360202789307
7056dbd3c107f6dfff4f7f2d454f5dee53d9e2091916f1bb382b27415392d50a,RobroKools/vad-bert,c4c659fd17dd5807572b3f0f577de8c408401ca7,3.2922635078430176,3.201130151748657,3.275466203689575
838232f655841ad73940117bda8255dee2bd7b7de1bb87946b438a976592b01f,RobroKools/vad-bert,c4c659fd17dd5807572b3f0f577de8c408401ca7,3.1104283332824707,2.964399576187134,3.3629372119903564
d9ca9b16ae7e066ff86546b260c40b75445a49cb74cd683fec9f691e9bac2e78,RobroKools/vad-bert,c4c659fd17dd5807572b3f0f577de8c408401ca7,3.038827419281006,3.128153085708618,3.222877025604248
44c81010a19846cf4621394b9d033c415291ccef159d08c56f80de0a4d32fad2,RobroKools/vad-bert,c4c659fd17dd5807572b3f0f577de8c408401ca7,2.942319393157959,3.061035394668579,3.25842809677124
df70d6b2a0a7ba727d9ed4863cf12f1f57f3b6907e67d54de338ad847b3fd2b8,RobroKools/vad-bert,c4c659fd17dd5807572b3f0f577de8c408401ca7,3.308339834213257,3.191305637359619,3.256063461303711
4ebb297ed8d5c21f771603428d12b657360cbc533acc981abf2b155ffd742001,RobroKools/vad-bert,c4c659fd17dd5807572b3f0f577de8c408401ca7,3.0738766193389893,3.1136248111724854,3.2064034938812256
7f35b6b91ff317105fc5cf9786a3fa9e3552450a5988cb7095468e75f98ef6c9,RobroKools/vad-bert,c4c659fd17dd5807572b3f0f577de8c408401ca7,3.144787311553955,3.116180658340454,3.396623134613037
5f047588ef373192dc7820d6166f6bb591bb6f6f0572d3734ad5a5ebde61bb64,RobroKools/vad-bert,c4c659fd17dd5807572b3f0f577de8c408401ca7,3.205296277999878,3.1322948932647705,3.250204086303711
8ba7ff9bb53708d0d1db39c838897a77866e5ea3f14b4b0d904adea814295dac,RobroKools/vad-bert,c4c659fd17dd5807572b3f0f577de8c408401ca7,3.054699659347534,3.064715623855591,3.354441404342652
05c9d7faa40615ad2484c79457fa773d72c6b4d39e83df4382e33c30b1e841e9,RobroKools/vad-bert,c4c659fd17dd5807572b3f0f577de8c408401ca7,3.171765089035034,3.2111074924468994,3.1890857219696045
847fc66124d42cda84b76127c7449321c90461b19d9a56211befd6a040085e3c,RobroKools/vad-bert,c4c659fd17dd5807572b3f0f577de8c408401ca7,3.0551674365997314,3.091969490051269,3.3198039531707764
8379d8adc55e2cd1ddb0d7e2e480c71461a9a3d3d196f737fbe2ab44afac3484,RobroKools/vad-bert,c4c659fd17dd5807572b3f0f577de8c408401ca7,2.8368406295776367,3.127422332763672,3.0982589721679688
16130c7eb76410418da4892a63c290a7dee5ffa3a9542838fd5b8700b5647ebf,RobroKools/vad-bert,c4c659fd17dd5807572b3f0f577de8c408401ca7,2.5674521923065186,3.109236001968384,3.046628713607788
01fe9b60685277a87cd952654bbdfc776556cdee8aed955ce5455887461e27dc,RobroKools/vad-bert,c4c659fd17dd5807572b3f0f577de8c408401ca7,2.714768648147583,3.0951449871063232,3.0448153018951416
825496bc6549cb166692d6c2e7104a108bd0edbc3d1f68efc2d592af125369b8,RobroKools/vad-bert,c4c659fd17dd5807572b3f0f577de8c408401ca7,2.868443727493286,3.233294010162353,3.1791179180145264
c286d1cfbb6a55f4bed9a813058943a972e76718ecb12343f2b869e2b7c3edca,RobroKools/vad-bert,c4c659fd17dd5807572b3f0f577de8c408401ca7,2.762535810470581,2.985430955886841,3.079516649246216
bf3ce49b2d09a39575cd14486258e2258971e290f9dd69a44df58a5f6054988c,RobroKools/vad-bert,c4c659fd17dd5807572b3f0f577de8c408401ca7,2.639575242996216,3.1275007724761963,2.9641261100769043
1e3437058c52d7eba1e60744161a4c0393f01cc447c9ac06ce83f351fd4205d1,RobroKools/vad-bert,c4c659fd17dd5807572b3f0f577de8c408401ca7,2.440659523010254,3.152119874954224,3.046537160873413
4c870fc4654632f20a516e2045ddfe198fa56dcedf8ea98df52229b5a4cf5497,RobroKools/vad-bert,c4c659fd17dd5807572b3f0f577de8c408401ca7,2.713902235031128,3.17209267616272,3.1070024967193604
db5656caeb685b11a28e90e0ade643c0603ba9062e5fb054fc09600adc2b9444,RobroKools/vad-bert,c4c659fd17dd5807572b3f0f577de8c408401ca7,3.004217624664306,3.132012367248535,3.26162338256836
236c17c7e83ade0075c9e9b2f5a74ecddf0b4c3f0f7593c88af24917c1b14d9e,RobroKools/vad-bert,c4c659fd17dd5807572b3f0f577de8c408401ca7,2.7361974716186523,3.1480066776275635,3.1347150802612305
37c56aaaed753cd4d9b33f6114f7ad99541822284fa86a249e923c42b8135d70,RobroKools/vad-bert,c4c659fd17dd5807572b3f0f577de8c408401ca7,2.8832497596740723,3.1882150173187256,3.1194684505462646
ca94126147de2fda0a344029e384cca8a621c19446f300b2b80b7e79e5b77c92,RobroKools/vad-bert,c4c659fd17dd5807572b3f0f577de8c408401ca7,2.608398199081421,3.096592664718628,3.1039793491363525
bd62f53b44cdb7bdd6739dd2eddb11a4ae894bbbace90ee6216ce12289fb9194,RobroKools/vad-bert,c4c659fd17dd5807572b3f0f577de8c408401ca7,2.687805414199829,3.160670757293701,3.109575033187866
ac40740ff887daed3df4e6e85c9bc0dbb90b476e0ce68cbe9124dad547f6e5db,RobroKools/vad-bert,c4c659fd17dd5807572b3f0f577de8c408401ca7,2.631079912185669,3.137380361557007,3.087291717529297
4aff9360c48331022f4d13fb92520e9b0013454e1a3aa92f171fd25f62582130,RobroKools/vad-bert,c4c659fd17dd5807572b3f0f577de8c408401ca7,2.894228935241699,3.081401824951172,3.102282285690308
a09882a96accba1eed73ea4ebca09f9b185548e4884ec8b605b62c3ce167d47d,RobroKools/vad-bert,c4c659fd17dd5807572b3f0f577de8c408401ca7,2.785165548324585,3.092981100082397,3.058995485305786
68597ef96a9877e64132dfd12efa1646ee4f383d67a97c1a380fd702ef79cf86,RobroKools/vad-bert,c4c659fd17dd5807572b3f0f577de8c408401ca7,2.6616857051849365,3.263046264648437,2.990612745285034
d510e28e8c377478c4b4f906e3a0e76745f0155d39ed88ebd8224232752851d3,RobroKools/vad-bert,c4c659fd17dd5807572b3f0f577de8c408401ca7,2.9554553031921387,3.140925168991089,3.1354198455810547
884527d6a0386260bdab7ac6cd10605cd82578d3ec1c978aca60f294d38b49cb,RobroKools/vad-bert,c4c659fd17dd5807572b3f0f577de8c408401ca7,2.852614164352417,3.1393988132476807,3.146194696426392
9b9a9fd8cc616023d95e638ca4c2f671ea8f79ef87713444da2a70c8b7b5c231,RobroKools/vad-bert,c4c659fd17dd5807572b3f0f577de8c408401ca7,2.620839834213257,3.175644636154175,3.0034544467926025
6f5dd78335c2972379d143839ce7ce27e0902b1146e892aca4f8053cb4245f6a,RobroKools/vad-bert,c4c659fd17dd5807572b3f0f577de8c408401ca7,2.7368063926696777,3.1227681636810303,3.19466233253479
4cc44c443478b7fae8e0bce6288fae506e4d88778337c91b6bb4c3b3099a87ba,RobroKools/vad-bert,c4c659fd17dd5807572b3f0f577de8c408401ca7,2.7450203895568848,3.1783735752105717,3.153114080429077
ce9bd429b30ba04881ba4efe23e4a6a97bc703053a67927f83b266a94003dc57,RobroKools/vad-bert,c4c659fd17dd5807572b3f0f577de8c408401ca7,2.5323760509490967,3.2001712322235107,3.230491876602173
34708e86311ce30c864124893cb996166c178ec575d3c8542b87a88645cd1f26,RobroKools/vad-bert,c4c659fd17dd5807572b3f0f577de8c408401ca7,2.6936066150665283,3.0928637981414795,3.0723297595977783
bbca2cb5fc2f27cc0203e71ddad22111a2ce7622232925cf24a3daf70a44b576,RobroKools/vad-bert,c4c659fd17dd5807572b3f0f577de8c408401ca7,2.987649440765381,3.114475965499878,3.152992486953736
8fe50b1d85bb515482bc469ee306c58cdfa56492f20af6a18c2ea5fb5b65056e,RobroKools/vad-bert,c4c659fd17dd5807572b3f0f577de8c408401ca7,2.6959028244018555,3.2628066539764404,3.1496589183807373
715b4cfabb95cdece0f3467a11eeced0502efaff2e9604f7e292886c5905bf26,RobroKools/vad-bert,c4c659fd17dd5807572b3f0f577de8c408401ca7,3.001540184020996,2.99536395072937,3.0751755237579346
679f7a9690d2257a060dc628cfa1ef777f9cb9a98f5e8d45c33c12506d285d30,RobroKools/vad-bert,c4c659fd17dd5807572b3f0f577de8c408401ca7,2.7077949047088623,3.3026673793792725,2.9295051097869877
8721d112864f58b4f1de90e38471adb5d2002478a359ce6a0fb9f86e8a2bd3e1,RobroKools/vad-bert,c4c659fd17dd5807572b3f0f577de8c408401ca7,2.734508752822876,3.125847816467285,3.1118505001068115
72fe79a75c1b3290152dced061d8b81ca9233aef4e9f3a78d8fd97ca20c0f78c,RobroKools/vad-bert,c4c659fd17dd5807572b3f0f577de8c408401ca7,2.828854322433472,3.145042181015014,3.1180548667907715
6201bb413ecb1157ba18d735f647335afb596500359c8d1f8dc421f0119eeaaa,RobroKools/vad-bert,c4c659fd17dd5807572b3f0f577de8c408401ca7,2.812519788742065,3.096944570541382,3.071357488632202
93fc26c3bd773d19681287651843cda9a147bb0f42104006ebee7d22a4442d64,RobroKools/vad-bert,c4c659fd17dd5807572b3f0f577de8c408401ca7,3.0918643474578857,3.304307460784912,3.257613182067871
158b3384fb453428a44212f800f7c60694ac385e45bf0691a2f71fb1b251ad2d,RobroKools/vad-bert,c4c659fd17dd5807572b3f0f577de8c408401ca7,2.7505252361297607,3.087303638458252,3.200235605239868
dd0244739aad9a290f963a16f8a572246679ec801a8e89d213d048a94cc50563,RobroKools/vad-bert,c4c659fd17dd5807572b3f0f577de8c408401ca7,2.894195079803467,3.025320529937744,3.122586965560913
4f1c3d53bff1c101397db981562dd93868cacec090b7ec7069d05e9e40b0764b,RobroKools/vad-bert,c4c659fd17dd5807572b3f0f577de8c408401ca7,3.235966444015503,2.9896719455718994,3.2168283462524414
a45b2c1e218095711b192f308cf0190dd72ae34d913cdf80816b118d1d934a1c,RobroKools/vad-bert,c4c659fd17dd5807572b3f0f577de8c408401ca7,3.3265819549560547,3.2072761058807373,3.263936758041382
1192c21fa9ddc70c75508d17a0f1be818b5939b93076cca70eca880157a523a7,RobroKools/vad-bert,c4c659fd17dd5807572b3f0f577de8c408401ca7,3.138190746307373,3.263840675354004,3.2813217639923096
d353fd3c914be8640cb5e665dea336c20545979e968a639cc943e336273d08e2,RobroKools/vad-bert,c4c659fd17dd5807572b3f0f577de8c408401ca7,3.082864284515381,3.14123272895813,3.31997013092041
0f26b815caf8eba9ba171ba2ed02b2e027a7dd926ca5360c996336e7e60cba05,RobroKools/vad-bert,c4c659fd17dd5807572b3f0f577de8c408401ca7,3.000038385391236,3.077660322189331,3.177147388458252
fd8db2f6cd1a9b59d82f7b87ff8ccf011d54cc3c847a6d70288a576040da2148,RobroKools/vad-bert,c4c659fd17dd5807572b3f0f577de8c408401ca7,3.292150020599365,3.09151029586792,3.290586471557617
deeee41b39e1f895e1fa2973056b60ea3d75ab9390f1e5267f94a9cd2e0b61df,RobroKools/vad-bert,c4c659fd17dd5807572b3f0f577de8c408401ca7,3.0241310596466064,3.175621747970581,3.3216395378112797
0cc6db369759e9fd4454701e228475dcdd0ae1ece3c6796455f8aa06cc7fe345,RobroKools/vad-bert,c4c659fd17dd5807572b3f0f577de8c408401ca7,2.901589155197144,3.0523855686187744,3.179257392883301
510ebe2c2554605e071dd3c3fe1169ac16378a27b1d8bdd72a8fc20c670869b6,RobroKools/vad-bert,c4c659fd17dd5807572b3f0f577de8c408401ca7,3.190660238265991,3.080009698867798,3.2148637771606445
c1296707f739e26350880939f9cbe57d80b8dff546b6696a117d137ce454e598,RobroKools/vad-bert,c4c659fd17dd5807572b3f0f577de8c408401ca7,3.029826641082764,3.237516403198242,3.253170728683472
8102d80efb6aaf5703b7bc326f74ac5d94e27b17c48ab4ab17b08e97112ef701,RobroKools/vad-bert,c4c659fd17dd5807572b3f0f577de8c408401ca7,3.1248679161071777,3.220622539520264,3.319892644882202
cdc07e4f4adee1d555dceb84dc9166ce0bc3deeec60b7c3fb653f167d063fa27,RobroKools/vad-bert,c4c659fd17dd5807572b3f0f577de8c408401ca7,3.180382013320923,3.1097984313964844,3.299992799758911
cf9fc5db1eb28b783369aeebf7bed325b7cbd2dc2afda4e411ec16fa1770efbd,RobroKools/vad-bert,c4c659fd17dd5807572b3f0f577de8c408401ca7,3.177821397781372,3.1768901348114014,3.3203227519989014
420139366c56ab9ed8f697e56c25508f39c1ef753cf0cc86b9940820647b564a,RobroKools/vad-bert,c4c659fd17dd5807572b3f0f577de8c408401ca7,3.115905284881592,3.042710542678833,3.3623950481414795
808b94b3f05ab562614bf1a815b327876dde7724ef91e289b99bd8a5a74845aa,RobroKools/vad-bert,c4c659fd17dd5807572b3f0f577de8c408401ca7,3.3208553791046143,3.152458906173706,3.261928081512451
c1eb65c4305445681d9014922f8585e2e61d1111ecfac30f6a0448b3b42191bb,RobroKools/vad-bert,c4c659fd17dd5807572b3f0f577de8c408401ca7,3.258843183517456,3.1391470432281494,3.312969446182251
6e9fd5fb02d0c20d1cc96b8533198506ff5c0c80824e22991a9e9359921a54e9,RobroKools/vad-bert,c4c659fd17dd5807572b3f0f577de8c408401ca7,3.0072596073150635,3.1868460178375244,3.203115224838257
d264f5a41591c5fbf97c20a907a40fe3d9b43d39ff489ca1deaa8c0513e70e0a,RobroKools/vad-bert,c4c659fd17dd5807572b3f0f577de8c408401ca7,3.168060541152954,3.228121519088745,3.2548277378082275
db7ea49d0b2aef7c6af838111bb71777df8043c7281f40e6857d5fd84c9e922f,RobroKools/vad-bert,c4c659fd17dd5807572b3f0f577de8c408401ca7,2.9557955265045166,2.9525766372680664,3.14600133895874
caf926b4973487b346e771509323d9d29528e21e502fef1e8123355f6f088b96,RobroKools/vad-bert,c4c659fd17dd5807572b3f0f577de8c408401ca7,3.413815975189209,3.074459314346313,3.24692177772522
1f8aa4e1b2fcaaac9ac201ac39e3427c4d427d0e8d523af5d3f61901b2924d98,RobroKools/vad-bert,c4c659fd17dd5807572b3f0f577de8c408401ca7,3.199253797531128,3.3712046146392822,3.1628549098968506
63ac7e0e8cf3f9b5ba8a505f55779d436f6076663fe590ab60cad2f0c87458fa,RobroKools/vad-bert,c4c659fd17dd5807572b3f0f577de8c408401ca7,3.143354892730713,3.0640900135040283,3.233161687850952
e182584965fe2256ff598728de8c41850e461b11541e525a81ff47fa3663a9f7,RobroKools/vad-bert,c4c659fd17dd5807572b3f0f577de8c408401ca7,3.127230405807495,3.098564863204956,3.1624295711517334
fea55c45ebbcfe784a84dc07f373ce9cbf53fbc5617a6c02e369880fc78dbd33,RobroKools/vad-bert,c4c659fd17dd5807572b3f0f577de8c408401ca7,3.120384931564331,3.134153127670288,3.198000431060791
b613bb16250b5fe01a255ea36f11073dcab7f79c0777ad6c1c724cadbd22cf7c,RobroKools/vad-bert,c4c659fd17dd5807572b3f0f577de8c408401ca7,3.349680662155152,3.315224885940552,3.28631854057312
5f100b31734f1eb698b2cdad49e7fe301b5fc52995ad0e8a0a8bde269ea2c68b,RobroKools/vad-bert,c4c659fd17dd5807572b3f0f577de8c408401ca7,3.2265608310699463,3.175511121749878,3.3348662853240967
39b7b83d2552d84a3dfa9faf55e9e4e2e0cce7b2ada6cea2c06f6a374ebbb3d8,RobroKools/vad-bert,c4c659fd17dd5807572b3f0f577de8c408401ca7,3.134589910507202,3.070286750793457,3.1689016819000244
ec8ca12592e489db6152331595f6e6ff5e0c204fbf98ad43d0ee542398a29986,RobroKools/vad-bert,c4c659fd17dd5807572b3f0f577de8c408401ca7,3.2773993015289307,3.0400054454803467,3.324483156204224
bb33167822ae00452d52903e0b3e792f8b5aa3c0b9a48bf7182f44d463e1db63,RobroKools/vad-bert,c4c659fd17dd5807572b3f0f577de8c408401ca7,3.3146700859069824,3.1842291355133057,3.278578042984009
8f434983bc026fb6c7a91141c3557698d13c38623f00964aab811a53ea316c46,RobroKools/vad-bert,c4c659fd17dd5807572b3f0f577de8c408401ca7,3.1883997917175293,3.041021585464477,3.2020881175994877
4f497a4d8950cf8547dd75b77b8e8fd4a867267c5fa83e81b1fabaf64af4a903,RobroKools/vad-bert,c4c659fd17dd5807572b3f0f577de8c408401ca7,2.717064142227173,3.1737735271453857,3.1051971912384038
7d7b5b03ddd09161cbecdcad3931bfdfb750942f67b7cf450818a8d73a19dfdf,RobroKools/vad-bert,c4c659fd17dd5807572b3f0f577de8c408401ca7,3.154315710067749,3.123939275741577,3.294174909591675
de7b574b98f780f007541088e4be35882d1d7245dc16e5b0e1f4cde1bbd81ce7,RobroKools/vad-bert,c4c659fd17dd5807572b3f0f577de8c408401ca7,2.774170160293579,2.970337152481079,3.12383246421814
95ebd5176e8f45cc235bbc73682a861dddb610c8c68e9e62eb82b05f8ffc8eff,RobroKools/vad-bert,c4c659fd17dd5807572b3f0f577de8c408401ca7,2.8955838680267334,3.103488683700561,3.0992472171783447
ddbbbfd23806a153b3bef17d6eaf39825e0cc58ca4d97257b771e857f68a5060,RobroKools/vad-bert,c4c659fd17dd5807572b3f0f577de8c408401ca7,2.9484846591949463,3.1009676456451416,3.147430419921875
8490e6e6208993790807d28ff5bbf0e209339d5f701a30ad0bd7770f9fbc6660,RobroKools/vad-bert,c4c659fd17dd5807572b3f0f577de8c408401ca7,2.9415624141693115,3.146292924880981,3.1445441246032715
c545a029ed03535b890455f684cc3275ffb13fd424342ea4aec9c0d0f1874e1f,RobroKools/vad-bert,c4c659fd17dd5807572b3f0f577de8c408401ca7,2.9737722873687744,3.0279979705810547,3.059901714324951
5398e5423e2efaff5e4a4f4da5606423b1596c341ba775f5bef16af7c00d121b,RobroKools/vad-bert,c4c659fd17dd5807572b3f0f577de8c408401ca7,3.004734754562378,3.0964386463165283,3.235450506210327
d82b55e2431a9705d1dede903d200a5bdc6fff85b0f6f138a7f0d625a7de3d3f,RobroKools/vad-bert,c4c659fd17dd5807572b3f0f577de8c408401ca7,2.9760191440582275,2.879868268966675,3.149775743484497
276b6b934dbf6234cdaee106a13bc2b2da712cc5337d93fdd1c56d40e0e6acd1,RobroKools/vad-bert,c4c659fd17dd5807572b3f0f577de8c408401ca7,2.7676734924316406,3.0351483821868896,3.071613311767578
dc1365fde2d960bfc25236b985195f74c602cdf26dac150cd5a9e19006cc1b00,RobroKools/vad-bert,c4c659fd17dd5807572b3f0f577de8c408401ca7,2.9441041946411133,3.23087477684021,3.1644179821014404
2a4a161eca58af94251b6d7fd6978e6834759819e1340217592429595cb95b5b,RobroKools/vad-bert,c4c659fd17dd5807572b3f0f577de8c408401ca7,2.79167914390564,2.9336931705474854,3.1545569896698
815a71aa366131a56ed2afc5dec36c9b164abcf94d77594ebee31551e8f661b6,RobroKools/vad-bert,c4c659fd17dd5807572b3f0f577de8c408401ca7,2.690310478210449,3.1558337211608887,3.0804972648620605
7de4c7dd5ff3933ceb06f99a162f0ce875f296d844874fd67469ae9f028de99a,RobroKools/vad-bert,c4c659fd17dd5807572b3f0f577de8c408401ca7,2.9253170490264893,3.013887882232666,3.1470205783843994
2cd3f1670611d639a5db00f711fe30824ebe53be37e5870c04dccaa8045829c9,RobroKools/vad-bert,c4c659fd17dd5807572b3f0f577de8c408401ca7,2.5602521896362305,3.039534568786621,3.1087961196899414
13c7c6bc47fc4bcdd078575f8c7fa619271e24023b2aa2853f24e447a1988c03,RobroKools/vad-bert,c4c659fd17dd5807572b3f0f577de8c408401ca7,3.049551486968994,3.118657350540161,3.200979471206665
969d60849487a07c2b97f9e41132680aeb6e7fd7c559976182509c436d469f47,RobroKools/vad-bert,c4c659fd17dd5807572b3f0f577de8c408401ca7,2.8981049060821533,3.068080186843872,3.18110728263855
3e40b71a5e68216bdbba735b6a445bfd0e13a330ea039f3ef568fea951e905fb,RobroKools/vad-bert,c4c659fd17dd5807572b3f0f577de8c408401ca7,2.9188172817230225,3.075026750564575,3.3597354888916016
d89a5548d73663ec6e56b26b9d2c0faba27ed0f633f6511a23e18047ab2e5157,RobroKools/vad-bert,c4c659fd17dd5807572b3f0f577de8c408401ca7,2.8480024337768555,3.121150255203247,3.2346749305725098
e73c13c469e866b2bac246affcedab42142cc9e71ccc5074d4d197046d40f51d,RobroKools/vad-bert,c4c659fd17dd5807572b3f0f577de8c408401ca7,2.8686535358428955,3.020106792449951,3.23372220993042
91598c4d41b9273799d5a625b49e2e4febb127291f071a7f22f04d042f82a98b,RobroKools/vad-bert,c4c659fd17dd5807572b3f0f577de8c408401ca7,2.933933734893799,3.068603515625,3.2032454013824463
a4981da2bc67ae588a4a19fe884143d2ca1b4c469fae8447046eec5d4c05cdf6,RobroKools/vad-bert,c4c659fd17dd5807572b3f0f577de8c408401ca7,2.9486522674560547,3.1061251163482666,3.2610011100769043
84ecbe7951f28e736419080db9ea0bfac7313f5861f474cedc53276a4e10aaae,RobroKools/vad-bert,c4c659fd17dd5807572b3f0f577de8c408401ca7,2.928251028060913,3.073298215866089,3.1890311241149902
63541c718cf7e341537a4386468b5d41e39c04e7797f6bf0cdf0ac57a5323f1b,RobroKools/vad-bert,c4c659fd17dd5807572b3f0f577de8c408401ca7,2.953375816345215,3.08303451538086,3.236621856689453
bc6835cf641f34574dfc4a7ff1aa82cf2c19e166b04733d7544b314485264b5e,RobroKools/vad-bert,c4c659fd17dd5807572b3f0f577de8c408401ca7,2.9641823768615723,3.086714029312134,3.261203527450561
0d2f89660fdfbec4425f886e105d4e0bb4c6798abf0e4be82454fe371d0f71d6,RobroKools/vad-bert,c4c659fd17dd5807572b3f0f577de8c408401ca7,2.9467599391937256,3.104118824005127,3.209773302078247
6388ae421ac80a337df01561c0400bd55810a3b027dcd9c0036c0cee9290c00c,RobroKools/vad-bert,c4c659fd17dd5807572b3f0f577de8c408401ca7,2.928456544876098,3.0965795516967773,3.219198226928711
c0b6256039c09943241ee3a15a9ae82f18ca009f03dc007d89e75a76995d16e1,RobroKools/vad-bert,c4c659fd17dd5807572b3f0f577de8c408401ca7,2.995713949203491,3.104893922805786,3.1970982551574707
fab678fa97dbee46622d07f361fad7bf8ad4259cd2ee9fc763d3fb71c009b826,RobroKools/vad-bert,c4c659fd17dd5807572b3f0f577de8c408401ca7,3.2736756801605225,3.13128399848938,3.39006781578064
2d6c1f39f7e4191710522cccf755700beed4e9eb2e1d59ca2a91b5c69493fe62,RobroKools/vad-bert,c4c659fd17dd5807572b3f0f577de8c408401ca7,3.1934075355529785,3.037644863128662,3.364116907119751
ed74c8490f6610a9de3dd2430427ce6f566831eb455f8e3b183dd740f55e2d6c,RobroKools/vad-bert,c4c659fd17dd5807572b3f0f577de8c408401ca7,3.4312093257904053,3.106372594833374,3.293079137802124
eddde679be5ea53f90adf44ae67a0b20ae00c84cf29fc1976691801c0be7b5b4,RobroKools/vad-bert,c4c659fd17dd5807572b3f0f577de8c408401ca7,3.384138822555542,3.1818087100982666,3.343604803085327
565344f20e70607e79af29a3bcfa97c3fdd7320a7b14d3b83e5a77e12d03163c,RobroKools/vad-bert,c4c659fd17dd5807572b3f0f577de8c408401ca7,3.307784080505371,2.9427192211151123,3.306401491165161
141e25dfe914d3a0d0f7c81dc7c863220407a821b74b83e222b3345a764af3ee,RobroKools/vad-bert,c4c659fd17dd5807572b3f0f577de8c408401ca7,3.487410306930542,3.1169378757476807,3.2786996364593506
51c4ccf1101b6e61a11f34f7fe935d2844bf2fe9d98330c790776c783272c70d,RobroKools/vad-bert,c4c659fd17dd5807572b3f0f577de8c408401ca7,3.5489490032196045,3.1551945209503174,3.304715156555176
4575cf85ffa73d5057df37584d185cc58f6051a4fa32ed0a0f8bdca369d3549e,RobroKools/vad-bert,c4c659fd17dd5807572b3f0f577de8c408401ca7,3.3061647415161133,2.957754373550415,3.3392109870910645
f31ea2a2e91c21cbd4f6255abd88d8800b600de8f406d1d6c494c9fc5c642355,RobroKools/vad-bert,c4c659fd17dd5807572b3f0f577de8c408401ca7,3.5221378803253174,3.229490041732788,3.3328256607055664
53bcb3145c2506eb8121d06123b04e6c168d2be96f96653341520a97521f32d9,RobroKools/vad-bert,c4c659fd17dd5807572b3f0f577de8c408401ca7,3.252211809158325,2.966146469116211,3.2724878787994385
cb3518e5d97d2565ec8e9a02e5ecef564fcc88592db93f568176e2b66acead01,RobroKools/vad-bert,c4c659fd17dd5807572b3f0f577de8c408401ca7,3.482489109039306,3.074753761291504,3.2764251232147217
30adea148d91c29cce02410bc8999a70acf0f6fd3d98ca2c096e8f0412961133,RobroKools/vad-bert,c4c659fd17dd5807572b3f0f577de8c408401ca7,3.554234981536865,3.2142927646636963,3.2808048725128174
4a9f9a1bd356f356e896494204513e39beac8abfc76c2cc3e508dc89b04cffd6,RobroKools/vad-bert,c4c659fd17dd5807572b3f0f577de8c408401ca7,3.4967141151428223,3.063049554824829,3.2709946632385254
800783e6389b08651c395403a4544d41af0cea27e79b0f2070dc714e31776eb4,RobroKools/vad-bert,c4c659fd17dd5807572b3f0f577de8c408401ca7,3.5495879650115967,3.216572523117065,3.3068504333496094
bdf9baf427cb3f38ddbf61ee082e0aba3c0325b29a4d52182491a37fd5d2308f,RobroKools/vad-bert,c4c659fd17dd5807572b3f0f577de8c408401ca7,3.4196290969848637,3.3208696842193604,3.284289598464966
1d34b1b6552bbde46fcbbd54f732d53eafa527cf0a2d1b7946d8b2d7375fcb9e,RobroKools/vad-bert,c4c659fd17dd5807572b3f0f577de8c408401ca7,3.3771908283233643,3.160773515701294,3.2776589393615723
82ecdf799edca11cb666c3348e429753add5f348a9aef0c4cabeb11cde7a317e,RobroKools/vad-bert,c4c659fd17dd5807572b3f0f577de8c408401ca7,3.413437604904175,3.149397373199463,3.305950880050659
dae60f1e9dae515214bfdb10a40731441f53265b32deb580e0fd90c9e3da1df2,RobroKools/vad-bert,c4c659fd17dd5807572b3f0f577de8c408401ca7,3.4058315753936768,3.172647714614868,3.287506103515625
d8efbe2a0b746da749cbc828014149efccc32779c6c580994adeaed1c052d68c,RobroKools/vad-bert,c4c659fd17dd5807572b3f0f577de8c408401ca7,3.393550395965576,3.164377927780152,3.285783052444458
4d68e4cbf3796b460d1aa2331118185763b71d78a17cef7ff44e2a6c1451cb74,RobroKools/vad-bert,c4c659fd17dd5807572b3f0f577de8c408401ca7,3.395632028579712,3.159077882766724,3.277995586395264
b86e4a8173472117665aa7ac5df4e679594c0fca6a02417c5ffaa1a888cb3a10,RobroKools/vad-bert,c4c659fd17dd5807572b3f0f577de8c408401ca7,3.4272940158843994,3.1535186767578125,3.288360834121704
534bf3f9dcea68b2d2f14c21db6836986a734e02c03be78eab33294eeda84b00,RobroKools/vad-bert,c4c659fd17dd5807572b3f0f577de8c408401ca7,3.4083592891693115,3.1504151821136475,3.2852001190185547
0f0789a7ebe8e077b982d7b7fadaae60c8e2b187637a3f8eb54fe299ce88bc65,RobroKools/vad-bert,c4c659fd17dd5807572b3f0f577de8c408401ca7,3.40865421295166,3.1632094383239746,3.2839322090148926
ac49b9cb66314cc1c8eedd5a073003b4eaccabe2dbbf2147c984b106550cad32,RobroKools/vad-bert,c4c659fd17dd5807572b3f0f577de8c408401ca7,3.404214143753052,3.1295688152313232,3.271348714828491
26805994aa3ccb411bea9d2d71041ce54d13e6f2b59cadac2b35efe1739203ac,RobroKools/vad-bert,c4c659fd17dd5807572b3f0f577de8c408401ca7,3.409575939178467,3.133743524551392,3.2784268856048584
37e04a884537ca3d402d19f4fb6ee0ee63222cb0eb34af2b7797ecd879dbfba3,RobroKools/vad-bert,c4c659fd17dd5807572b3f0f577de8c408401ca7,3.399367570877075,3.1609537601470947,3.2830564975738525
9eff83bc974ffd0358c7a741d1979e1e8f0a18ca543a6ad1926073aa3866091b,RobroKools/vad-bert,c4c659fd17dd5807572b3f0f577de8c408401ca7,3.4209280014038086,3.1737468242645264,3.287980318069458
ddda52e45c1c7982895061ba7f8ee0887bad40e366ac895412c78ca67365d5af,RobroKools/vad-bert,c4c659fd17dd5807572b3f0f577de8c408401ca7,2.477244138717652,3.110274314880371,3.001256227493286
a423e813bb1ef29c68784c33c2fd4b0249b02b7a770b15a82a3cee1a469f3ea3,RobroKools/vad-bert,c4c659fd17dd5807572b3f0f577de8c408401ca7,2.687401533126831,3.005599021911621,3.1696949005126958
24efaaa85b42cc4a72c01768ba253c359e16aabcb5c77164d4d7366be08d06a2,RobroKools/vad-bert,c4c659fd17dd5807572b3f0f577de8c408401ca7,2.9447929859161377,3.083820581436157,3.1951184272766118
25d4512930b1f6bff14489b146a98c04398ac4659f7d520aa7a10ad653c0b35b,RobroKools/vad-bert,c4c659fd17dd5807572b3f0f577de8c408401ca7,2.8421499729156494,2.952936172485352,3.139614582061768
2cd4f05ec4e97cd38df74e2cf3e7becc2c7f33afed9545a27ae6e673c0eab247,RobroKools/vad-bert,c4c659fd17dd5807572b3f0f577de8c408401ca7,2.834094524383545,2.9534623622894287,3.147925853729248
cbaf3f25e71cb6aa96123eb94199797a85117c4953b21700b7a87d65f615c0a7,RobroKools/vad-bert,c4c659fd17dd5807572b3f0f577de8c408401ca7,2.847055196762085,2.967603921890259,3.142662763595581
71be16472d45bc219aa441ee97cb36a7e448e49548b3ecaf864a731344e608e3,RobroKools/vad-bert,c4c659fd17dd5807572b3f0f577de8c408401ca7,2.739501714706421,2.979327440261841,3.088607788085937
ab285056e7a117c5afac21d9d020ea5e8c6dc552cc19c4498e1965ee0a40ac08,RobroKools/vad-bert,c4c659fd17dd5807572b3f0f577de8c408401ca7,2.9467427730560303,3.025634765625,3.168801069259644
279edc5fadfd0ce352d485004bc344571747d3ae032635603b27d07f318c3640,RobroKools/vad-bert,c4c659fd17dd5807572b3f0f577de8c408401ca7,2.853713274002075,3.095597505569458,3.15248703956604
cbfa347299aea96d889e0919ab5c2fa4a72951dd12862e057cfefad7dd834932,RobroKools/vad-bert,c4c659fd17dd5807572b3f0f577de8c408401ca7,3.1847760677337646,3.0913939476013184,3.180861711502075
0e534e5d229ad24e6f08b562e603979eb3aa9d37e5b7f73c92fb404fac3e0261,RobroKools/vad-bert,c4c659fd17dd5807572b3f0f577de8c408401ca7,2.805792570114136,3.086365222930908,3.1247341632843018
2799ff95ae3d63466cb89ded71d17e815d2ae0da2901d5483750fe71cf0cd06b,RobroKools/vad-bert,c4c659fd17dd5807572b3f0f577de8c408401ca7,3.1876251697540283,3.1641056537628174,3.211972713470459
23391ad7efaf275f76f27fbfc4c067fad39563cb06aaf440f6229b0b9390ddf7,RobroKools/vad-bert,c4c659fd17dd5807572b3f0f577de8c408401ca7,2.904587984085083,3.131822347640991,3.2037837505340576
8db0c9d0f042d04d76dae1e805d80b11183cbee89ea502b2a5059a423d72ef91,RobroKools/vad-bert,c4c659fd17dd5807572b3f0f577de8c408401ca7,3.007106304168701,3.077366590499878,3.2955663204193115
d912c7f6a97fa53cad6d74e0cd4188fa25d8e98e73ecb395b0734afe06fafcf4,RobroKools/vad-bert,c4c659fd17dd5807572b3f0f577de8c408401ca7,2.826004266738892,3.074619770050049,3.15226149559021
329732c3b4e7c72e25802cf6d43325daef4fe18e43b17cd9336c8b010d65ac53,RobroKools/vad-bert,c4c659fd17dd5807572b3f0f577de8c408401ca7,2.766975164413452,3.219614028930664,3.177236318588257
3305494df015449db14c058ad94c8435cc3a1756bcfb4775709010a592466669,RobroKools/vad-bert,c4c659fd17dd5807572b3f0f577de8c408401ca7,2.7452335357666016,3.127360343933105,3.241832971572876
ba585757f300c89bc8139046c407e76e666799cbc112fdda7093e2668bbdfb29,RobroKools/vad-bert,c4c659fd17dd5807572b3f0f577de8c408401ca7,2.7329204082489014,2.936928033828736,3.127997398376465
83ebd8cde05dfb7c65df1fae37252bb6553a548076fed2eef6c40e3c03c31170,RobroKools/vad-bert,c4c659fd17dd5807572b3f0f577de8c408401ca7,2.843511819839477,3.011430501937866,3.114746570587158
692964c9060ddd3f008607783684d42213c2dabe95512434e75671b632a1e47d,RobroKools/vad-bert,c4c659fd17dd5807572b3f0f577de8c408401ca7,2.701690435409546,2.987621068954468,3.0517289638519287
ebe2f0b03228071ccfdc3643667ddc2df42b72b1e0d36e9b5e20b069eebe7a70,RobroKools/vad-bert,c4c659fd17dd5807572b3f0f577de8c408401ca7,2.748530149459839,3.1219279766082764,3.0665085315704346
716981e44eb236390e89ff7f7f5b2a4277be87604ec0799397e9e6e357933b54,RobroKools/vad-bert,c4c659fd17dd5807572b3f0f577de8c408401ca7,2.7098944187164307,3.004366874694824,3.0800974369049072
c9c6586bacf3ef56a1d1a1fe223ce17ec3224fc35c09fede1718ffd238a94f11,RobroKools/vad-bert,c4c659fd17dd5807572b3f0f577de8c408401ca7,2.859670162200928,3.0139238834381104,3.0487465858459477
ee9f336e978835d312c006af4fab7ba9f989f1b2039d11420a43c2f74bdcf566,RobroKools/vad-bert,c4c659fd17dd5807572b3f0f577de8c408401ca7,2.9851832389831543,2.9450223445892334,3.160649538040161
cfc7ece39f2daee30389c5decc29528523bf28b53f8795815ded5d772805cd9d,RobroKools/vad-bert,c4c659fd17dd5807572b3f0f577de8c408401ca7,2.6332967281341557,3.0022048950195312,3.1184210777282715
6372ce973b915518015a230c82eeccef64de9803a8c4ed67607cb98293cd4131,RobroKools/vad-bert,c4c659fd17dd5807572b3f0f577de8c408401ca7,2.7747719287872314,2.990618705749512,3.009582996368408
21ccba023a7672fa293f00a623bd14ddc3275fd7cb887670a8195d37591ea9c9,RobroKools/vad-bert,c4c659fd17dd5807572b3f0f577de8c408401ca7,2.6069986820220947,3.081149816513061,3.2097272872924805
b6573698494a512ba1ea05b6d1dc26d0fcf938364feaf2d739b587c006f52d91,RobroKools/vad-bert,c4c659fd17dd5807572b3f0f577de8c408401ca7,2.7720203399658203,3.0001814365386963,3.027808666229248
151d87ad46e197d0da0c8ce5cb6aaac7b7d3d357b386824c6eee2ecba0034425,RobroKools/vad-bert,c4c659fd17dd5807572b3f0f577de8c408401ca7,3.0237972736358643,3.022979736328125,3.0687010288238525
0f7ce014afdf12f3c99eb84132be0939d7c5eb3029ccb2d036bbffbf7970914f,RobroKools/vad-bert,c4c659fd17dd5807572b3f0f577de8c408401ca7,2.846574306488037,2.9643993377685547,3.011194229125977
2060906cc8f2c972235aa40ab710c4b9169b2b706d2363562c487877dda3c327,RobroKools/vad-bert,c4c659fd17dd5807572b3f0f577de8c408401ca7,3.1717751026153564,2.9684202671051025,3.180414915084839
ce255175db8815311024d7c70fea9878519030c9ba65fc4ebe8071ad13448bbf,RobroKools/vad-bert,c4c659fd17dd5807572b3f0f577de8c408401ca7,3.2670388221740723,2.9723451137542725,3.1890151500701904
9059e45a04d587fb8ffc499e1fa484bf9cc30b62891250f05844062142a4d09b,RobroKools/vad-bert,c4c659fd17dd5807572b3f0f577de8c408401ca7,3.471846342086792,3.0377204418182373,3.144489526748657
cd5473503bcde1f7631c1cf7c16125431fad520b064667396d17a2cd26bd737c,RobroKools/vad-bert,c4c659fd17dd5807572b3f0f577de8c408401ca7,3.088704824447632,2.9041926860809326,3.1508162021636963
8a3512f1657f8c783ec0de1af8b22a82a5a35b9a52011267a390c219aedf737a,RobroKools/vad-bert,c4c659fd17dd5807572b3f0f577de8c408401ca7,3.2405006885528564,3.072566509246826,3.147058725357056
4d72a4b49b708b9593d9f00c85dad591e5c5e58d32b8efcb328129528a2f8e2d,RobroKools/vad-bert,c4c659fd17dd5807572b3f0f577de8c408401ca7,3.325812339782715,3.0187442302703857,3.153403043746948
798e73fc537dac263f03848fd48e1e52cdabebec9c940c9c770c2883cae70e45,RobroKools/vad-bert,c4c659fd17dd5807572b3f0f577de8c408401ca7,3.4357733726501465,3.074855089187622,3.115224599838257
04b576b37559fc1ac2a85a3456723f57db751db69399f8a5d2e4cd8ab8d43223,RobroKools/vad-bert,c4c659fd17dd5807572b3f0f577de8c408401ca7,3.347752809524536,3.027073621749878,3.196855306625366
bfdd0ce9ba65d83b8281f8dcea7f7aa0310281cb21885202bb29cdbeaa5ab25e,RobroKools/vad-bert,c4c659fd17dd5807572b3f0f577de8c408401ca7,3.3148481845855717,3.108408212661743,3.16687536239624
46bffa11349b9356ae8803b3ddc91738677655d60eb18ccff6a509a5a0095175,RobroKools/vad-bert,c4c659fd17dd5807572b3f0f577de8c408401ca7,3.467791795730591,2.98461389541626,3.174494743347168
264776eb66d59cd043a408397be8f246515939cb30e3e7a956e3a327d412f03b,RobroKools/vad-bert,c4c659fd17dd5807572b3f0f577de8c408401ca7,3.367582321166992,2.9734628200531006,3.196895837783813
8d22cba92ffd4b295282f68cbd519b5ed4ca4fbbcabea143d653ebf2add85c45,RobroKools/vad-bert,c4c659fd17dd5807572b3f0f577de8c408401ca7,3.2194173336029053,3.118586540222168,3.1198441982269287
cb36413bf08f94eaa62912dd5948dafae434d230644daee4cd360f370e48c86c,RobroKools/vad-bert,c4c659fd17dd5807572b3f0f577de8c408401ca7,3.0528063774108887,2.936854600906372,3.114725351333618
fcacf2f65d307df72a0227a341a794a4831bf5f35013ef4517d2acc16a0e6417,RobroKools/vad-bert,c4c659fd17dd5807572b3f0f577de8c408401ca7,3.4148929119110107,2.987542152404785,3.1605019569396973
710b8664912c06bf4a3c9f2f9d5ef8c18024cfd11d345eddfba5c5b92d8d374f,RobroKools/vad-bert,c4c659fd17dd5807572b3f0f577de8c408401ca7,3.229168176651001,3.108922243118286,3.1086270809173584
52f7ea8b19410754ca134151c36d198fee0d8e5b2fb49e4a852813a08d0b947b,RobroKools/vad-bert,c4c659fd17dd5807572b3f0f577de8c408401ca7,3.184708833694458,3.1576287746429443,3.1460328102111816
01d1457d6dee46e32173677c7d2d553abeb337fc286bb52636358f9d0a274805,RobroKools/vad-bert,c4c659fd17dd5807572b3f0f577de8c408401ca7,3.3246328830718994,3.158655405044556,3.334696054458618
07514f10fb7d09e25a99446f7ffb7935d7c19564a2555c49c609452fcba80e16,RobroKools/vad-bert,c4c659fd17dd5807572b3f0f577de8c408401ca7,3.2725026607513428,3.1598033905029297,3.2770721912384038
c6ca1e6ea5bf82cf5279cbaee34e3ec14fd7e3017323f8ac933ff67576c29bd8,RobroKools/vad-bert,c4c659fd17dd5807572b3f0f577de8c408401ca7,3.114082098007202,3.1268961429595947,3.285869598388672
ca313ff04de11e648cf68283985f307a2c0cc33e21660515a801f0f28fbc4c95,RobroKools/vad-bert,c4c659fd17dd5807572b3f0f577de8c408401ca7,3.285551786422729,3.1050493717193604,3.298753261566162
bc4fe444bd642c180633753f5a4df335c38c44ae631499334221c691084b3065,RobroKools/vad-bert,c4c659fd17dd5807572b3f0f577de8c408401ca7,3.1163318157196045,3.0568888187408447,3.2760355472564697
d3e216c9bfec62884577faaca3539bf20c51654162256d24cd6871108dde1a8a,RobroKools/vad-bert,c4c659fd17dd5807572b3f0f577de8c408401ca7,3.311974287033081,3.031085968017578,3.3373332023620605
f06664a42d56eda7c058d99ccdfd3c905a61e0695b284020b27f85c987392a46,RobroKools/vad-bert,c4c659fd17dd5807572b3f0f577de8c408401ca7,2.967270612716675,3.0590622425079346,3.188476800918579
86b9b95a2d01c9df558178494f5f024d12487bb1e544991a2861979f19573cf3,RobroKools/vad-bert,c4c659fd17dd5807572b3f0f577de8c408401ca7,3.0123555660247803,3.111659288406372,3.0871341228485107
0c9befccd8d16e564b5480273e797576b217e80b8ae608c28d4f96db17634caf,RobroKools/vad-bert,c4c659fd17dd5807572b3f0f577de8c408401ca7,3.1097233295440674,3.2057924270629883,3.328481912612915
a66050c43fd13d46d06b237be77a6ddd287e1f8ed7e313f38238ad15353ee664,RobroKools/vad-bert,c4c659fd17dd5807572b3f0f577de8c408401ca7,3.2748281955718994,3.0625784397125244,3.312964677810669
4caebdfe5a3840291c39f32bfec8ff2cc14f957772aae12fa0967d55c186f946,RobroKools/vad-bert,c4c659fd17dd5807572b3f0f577de8c408401ca7,3.1237733364105225,3.10819935798645,3.192369222640991
3a1f323a649f22c28ba5bf11d13a9e728e417613e7975a4c2e4eaf3c7fa18e28,RobroKools/vad-bert,c4c659fd17dd5807572b3f0f577de8c408401ca7,3.1562511920928955,3.1271793842315674,3.1558518409729004
e9141eee2775225c20d83f76736128bac05dd1f3c6287ba4e042c6aa8e4a7e10,RobroKools/vad-bert,c4c659fd17dd5807572b3f0f577de8c408401ca7,3.337418556213379,3.160047769546509,3.361859083175659
0253da7395ca62f494d7e0aa251b84c068ddb0119d41f6d988b35997ce025371,RobroKools/vad-bert,c4c659fd17dd5807572b3f0f577de8c408401ca7,3.4133877754211426,3.154604196548462,3.377244234085083
653481847b0c92801e03a637208cef4bf7e95552681fae798176cdc5c15064a6,RobroKools/vad-bert,c4c659fd17dd5807572b3f0f577de8c408401ca7,3.3198511600494385,3.1045258045196533,3.316932678222656
84afa422baa11fb3908c002ff078e237c54e7d5c7dcc79860c1c250a0efd6c64,RobroKools/vad-bert,c4c659fd17dd5807572b3f0f577de8c408401ca7,2.5302650928497314,3.079116106033325,3.1521167755126958
5275cb242c1114b4cb120704e9e2b1d9ec183d02b9fc7ea2d3cbad90a8f193f3,RobroKools/vad-bert,c4c659fd17dd5807572b3f0f577de8c408401ca7,2.7178642749786377,3.094818115234375,3.1735832691192627
5dc364133c7564ba58ea3837a9307c947bff7beca8927fc85018c512f55819ed,RobroKools/vad-bert,c4c659fd17dd5807572b3f0f577de8c408401ca7,2.928823232650757,3.1703226566314697,3.230066537857056
eb520d08498f8767a087fdfd96ee6456a35d00214fe7ab26a72f4f47e30b48c6,RobroKools/vad-bert,c4c659fd17dd5807572b3f0f577de8c408401ca7,2.850836992263794,3.090687990188598,3.0776984691619877
88e93d20013f68fd7a7a6bef6cc596b78ad4e2d3437e955b91afd30bdc30cf92,RobroKools/vad-bert,c4c659fd17dd5807572b3f0f577de8c408401ca7,2.9573631286621094,3.1487491130828857,3.2246367931365967
4e0c2573e019e5454ebfef11a3883473baa74f6d228a2d7294e143bcbe4287c2,RobroKools/vad-bert,c4c659fd17dd5807572b3f0f577de8c408401ca7,2.8938920497894287,3.0571157932281494,3.2327311038970947
d2a2d35f800a06a4e5ba4c8b0e269c91c17b4c1305cabc48d6bdcbe5ae392ef9,RobroKools/vad-bert,c4c659fd17dd5807572b3f0f577de8c408401ca7,2.866380453109741,2.936595678329468,3.228869915008545
6ff27d98003c11a4aba4bf852600e65a4bf40859c559ae039f75dbd5edccb075,RobroKools/vad-bert,c4c659fd17dd5807572b3f0f577de8c408401ca7,2.6544747352600098,3.0297324657440186,3.1356050968170166
19b6ad14f63485308a9aaa5752d185272c740821a1aa7477840803be8c10d600,RobroKools/vad-bert,c4c659fd17dd5807572b3f0f577de8c408401ca7,2.8053274154663086,3.1572906970977783,3.1469430923461914
bd276564ada281f0bd2f8082672400c567f1b9e593df36bd8d06109e0f989635,RobroKools/vad-bert,c4c659fd17dd5807572b3f0f577de8c408401ca7,3.0404131412506104,3.046622037887573,3.188427686691284
82242c4144a307e19fada1ac8e7ba28f4005fef264c779972ce11e50bc427161,RobroKools/vad-bert,c4c659fd17dd5807572b3f0f577de8c408401ca7,3.111659049987793,3.0661566257476807,3.290226936340332
d51947be9eaf5a3c3109d465bc9954dea01d233a4eeb301a4ab22320488ffc3b,RobroKools/vad-bert,c4c659fd17dd5807572b3f0f577de8c408401ca7,2.9185168743133545,3.041787624359131,3.1476316452026367
ca3997c2c77e76851d1fb50d65b1f7679a56fb8c7198f57cb0aee3531cfffe77,RobroKools/vad-bert,c4c659fd17dd5807572b3f0f577de8c408401ca7,2.9010167121887207,3.0748841762542725,3.043546438217163
f1592bdfc12ec99fb03ecfb60149b0cbe8d5683eb74663d8618758d2937170ab,RobroKools/vad-bert,c4c659fd17dd5807572b3f0f577de8c408401ca7,3.0145113468170166,3.0723137855529785,3.2248456478118896
df038d0ab2e4c04c40557c48de810817267386360a9e5522691c8e4cdca0900e,RobroKools/vad-bert,c4c659fd17dd5807572b3f0f577de8c408401ca7,3.03918194770813,3.0433528423309326,3.2154576778411865
35cc29ce7b3e48165f8d26a26cb3c5e87212203d6c39e2f5857b086cc93fec87,RobroKools/vad-bert,c4c659fd17dd5807572b3f0f577de8c408401ca7,2.980518102645874,3.114856243133545,3.169521808624268
7e11707ad9d3a7ad9a22f124c9c789fa704c8e05609d4ca6ea95e3bc8cbcf790,RobroKools/vad-bert,c4c659fd17dd5807572b3f0f577de8c408401ca7,3.041898727416992,3.201918601989746,3.328286647796631
1cc2e549628c8534cf92397a76a5aaacbc2e23604236df8ce080c3480512f2a9,RobroKools/vad-bert,c4c659fd17dd5807572b3f0f577de8c408401ca7,2.8785030841827397,3.1779611110687256,3.2343618869781494
903cc6d370431c6eed9b49dacd089ee5ef499f63a1a919abebff30e6564e2ec2,RobroKools/vad-bert,c4c659fd17dd5807572b3f0f577de8c408401ca7,3.097388744354248,3.287960290908813,3.340862512588501
c17dfc0a03b2ef3c1f131b38657ebc7e4feb16f6e073b7b5d3cc19e8b00be497,RobroKools/vad-bert,c4c659fd17dd5807572b3f0f577de8c408401ca7,2.6546785831451416,3.1214425563812256,3.020909786224365
8045116c4ce89eccd8c5fd197a529d911780d5ae7fe2565cc248f3ce42b18f7d,RobroKools/vad-bert,c4c659fd17dd5807572b3f0f577de8c408401ca7,3.011873483657837,3.10821270942688,3.2005977630615234
2a311f0bd7799fe51c52c1bf30a031a47bfdbc7c7fe5daad4ec799e11d0f1cf1,RobroKools/vad-bert,c4c659fd17dd5807572b3f0f577de8c408401ca7,2.808148145675659,3.2574667930603027,3.2492451667785645
3eb22434d5f4003425a5ebfb24f4bd3cf1f0031d21bf24003b2f31a2490a9ee3,RobroKools/vad-bert,c4c659fd17dd5807572b3f0f577de8c408401ca7,3.0351479053497314,3.1726741790771484,3.351221799850464
25e250ad3ed37a72a4995c974f177e4b30bf764e74fdfa4291a6d2998e02bf53,RobroKools/vad-bert,c4c659fd17dd5807572b3f0f577de8c408401ca7,3.1211440563201904,3.0618464946746826,3.1619858741760254
c2fdfb120129dd1c61b1fcad7c5da32e7ccbc3f6b4680da75db612fd0f029f99,RobroKools/vad-bert,c4c659fd17dd5807572b3f0f577de8c408401ca7,2.810246467590332,3.1712489128112797,3.229023694992065
d8c2a7f50dafe7c0e3e37d85b38c52cda88185d77234b18f6d23e93e2c7cda13,RobroKools/vad-bert,c4c659fd17dd5807572b3f0f577de8c408401ca7,2.8086087703704834,3.033513307571411,3.046978235244751
ad6d5038bc7a5a84edf73a9260f2d7b7a75f34fe4e74e01cacf280a9de59031b,RobroKools/vad-bert,c4c659fd17dd5807572b3f0f577de8c408401ca7,3.016409158706665,3.308357000350952,3.3403122425079346
012db7a157321a587bf516acc3103690f24c350d40eec50079901259e8a418e8,RobroKools/vad-bert,c4c659fd17dd5807572b3f0f577de8c408401ca7,2.81256365776062,2.9424057006835938,3.083048105239868
adae91933d65580b4c8f6ca887397b40de3110b0431c2268f1c490e00e8b60bb,RobroKools/vad-bert,c4c659fd17dd5807572b3f0f577de8c408401ca7,2.9561846256256104,3.159221887588501,3.196638345718384
ea905d41b71f665bfccee032c31f3c0d648af94ff7c751701843653455b9923f,RobroKools/vad-bert,c4c659fd17dd5807572b3f0f577de8c408401ca7,2.96550726890564,3.13372015953064,3.324498414993286
d6569727f02e954190804e1851c8393e9b682bae4136a3f122460bd65bfae6da,RobroKools/vad-bert,c4c659fd17dd5807572b3f0f577de8c408401ca7,2.7557713985443115,3.070533275604248,3.1393768787384038
dd8aaa1d71acd66373dbe9cbdabd38dcc288252906be66edc97e189f6a35be6e,RobroKools/vad-bert,c4c659fd17dd5807572b3f0f577de8c408401ca7,3.133448600769043,3.077999353408813,3.290980100631714
969a7f66d61f6aab2c0f1b3d431dc5461d395a3d1682021a028c02fff1ca1733,RobroKools/vad-bert,c4c659fd17dd5807572b3f0f577de8c408401ca7,3.2035765647888184,3.140788316726685,3.27018666267395
3d472ff4600094ba4a6e1a6432e4d8a50bb79e9ed9c45909cc5b174e388754b9,RobroKools/vad-bert,c4c659fd17dd5807572b3f0f577de8c408401ca7,3.1851255893707275,3.0920722484588623,3.3854236602783203
2b98a166df0bd46f3ec947e91eaa7941eefd4e90bad623df4897269580b29ceb,RobroKools/vad-bert,c4c659fd17dd5807572b3f0f577de8c408401ca7,3.1367101669311523,3.170870065689087,3.2519893646240234
342c7de9c04fd4cc49bf522de843907ed392d8a07bd679b13baf3aa43a67cfa0,RobroKools/vad-bert,c4c659fd17dd5807572b3f0f577de8c408401ca7,3.13862419128418,2.987236738204956,3.2084457874298096
b2487acbe7e34c6930ae4122a3419a7bbc2984edb4a81a491e4faf4dc31294f0,RobroKools/vad-bert,c4c659fd17dd5807572b3f0f577de8c408401ca7,3.3555104732513428,3.13097882270813,3.2876460552215576
7c7a75c26b57b0626e12454026a48557039130c7d90de4891bc80ae2706648aa,RobroKools/vad-bert,c4c659fd17dd5807572b3f0f577de8c408401ca7,3.1840150356292725,3.174001455307007,3.270450592041016
c9ca566e54d25dc437f431d584de4f165c02f6f7fa7cc918ba889e2d2b273c62,RobroKools/vad-bert,c4c659fd17dd5807572b3f0f577de8c408401ca7,3.3383572101593018,3.118159294128418,3.349317789077759
cb7ae19b3e97d748753f1a808cfee73455460e4daa6ffa89268dc5b229a4187d,RobroKools/vad-bert,c4c659fd17dd5807572b3f0f577de8c408401ca7,2.887834072113037,3.147376298904419,3.2438008785247803
de08e44814b5487be8e12449985b4a15895d30e18fb032a7078ca0627353f15d,RobroKools/vad-bert,c4c659fd17dd5807572b3f0f577de8c408401ca7,3.2540972232818604,3.1263701915740967,3.217698097229004
3ce1cfb7c961874dc527026d4948805110539b75103cedbbbad3f4db49580b13,RobroKools/vad-bert,c4c659fd17dd5807572b3f0f577de8c408401ca7,3.022979259490967,3.1067869663238525,3.130340814590454
85dd420cf82d58ad7eb0aeeba4db7d8580aab1ac654531e3f8b457780bedf99c,RobroKools/vad-bert,c4c659fd17dd5807572b3f0f577de8c408401ca7,3.32292914390564,3.112952470779419,3.259470224380493
2592481798ff6e84c64fc1377f9a71944acd54840dd3edf1079f2322a70e1b82,RobroKools/vad-bert,c4c659fd17dd5807572b3f0f577de8c408401ca7,3.033604383468628,3.083328485488892,3.267040491104126
4a8ebd1e1b9b6d5daf290c45de10a7a4eb5809a0d83086cdff86195f50ebd7d0,RobroKools/vad-bert,c4c659fd17dd5807572b3f0f577de8c408401ca7,2.666973114013672,3.07970929145813,3.181070327758789
49a51e65dbd867f9e4f4654b18c02dbdbb774529c1c0e50ba63da3c1db244e1c,RobroKools/vad-bert,c4c659fd17dd5807572b3f0f577de8c408401ca7,2.992060422897339,3.1482908725738525,3.305803060531616
7ca4e76ceff4f932942671c15b64996b93a2df780a92142f68bde5847c2f435d,RobroKools/vad-bert,c4c659fd17dd5807572b3f0f577de8c408401ca7,3.2600553035736084,3.2119452953338623,3.2224209308624268
09bcf2afccc14a53a84914efaa3d99c6e001631b45b3f16b9b2654f744264c52,RobroKools/vad-bert,c4c659fd17dd5807572b3f0f577de8c408401ca7,3.256600856781006,3.1972877979278564,3.354447364807129
31c9361546e7d4c9f048e0504dfcfc7e3245d59962acc1e4f201802df9da1d0d,RobroKools/vad-bert,c4c659fd17dd5807572b3f0f577de8c408401ca7,3.011831521987915,3.128709077835083,3.188447952270508
5cd1805a9c3081653d0e8c58d71371ee30ba5141b85159842ece7616ed6eb262,RobroKools/vad-bert,c4c659fd17dd5807572b3f0f577de8c408401ca7,3.070442676544189,3.131685733795166,3.424666166305542
f44d29c11ea65219b2d3e0ac360e0e56884dc5e19260307f3777a44483cdaaaf,RobroKools/vad-bert,c4c659fd17dd5807572b3f0f577de8c408401ca7,3.174420118331909,3.074549436569214,3.2663261890411377
f5395d41e89e125a10ef717f55288a71d3c14fbd7014016103fb6397c8ff4f1e,RobroKools/vad-bert,c4c659fd17dd5807572b3f0f577de8c408401ca7,3.390153169631958,3.062037706375122,3.349975347518921
2fc79f192a7bdff55b6180ffe1490b39dad5c32e5a22ffff563a01b7faf79941,RobroKools/vad-bert,c4c659fd17dd5807572b3f0f577de8c408401ca7,3.190950870513916,3.073375940322876,3.33029580116272
c210483d3dd1744d57e3a8b3b4bf8727c79e57dcaec5daa12aed2980ca3bdd8a,RobroKools/vad-bert,c4c659fd17dd5807572b3f0f577de8c408401ca7,3.229954242706299,3.145148754119873,3.3634164333343506
827d2c8f97cade2b21aab2a467b141c0f21022f0fd17ab2a44e6deebb28a9cea,RobroKools/vad-bert,c4c659fd17dd5807572b3f0f577de8c408401ca7,3.052605390548706,3.1954617500305176,3.1808011531829834
8d31e92813f0cd1917195eab42e439c2e7a6fbda5cd0ed1edf5d29d7504b1d98,RobroKools/vad-bert,c4c659fd17dd5807572b3f0f577de8c408401ca7,3.304085493087769,3.2113168239593506,3.285632610321045
22bf1808fb73cbf0652ac7bedf7a2a1d826cd7c3064c4dcbbdfe521839ee7529,RobroKools/vad-bert,c4c659fd17dd5807572b3f0f577de8c408401ca7,3.2371749877929688,3.2157716751098637,3.350921869277954
949df0bbb65d11a9309da120ba1d2d5672ac8998e339809473c61cbbc71f6448,RobroKools/vad-bert,c4c659fd17dd5807572b3f0f577de8c408401ca7,3.218099355697632,3.194180727005005,3.244565725326538
35d191c6d1845ce508f5b49b71cc65873c33ae779675ea13f01cb2da000cf8ff,RobroKools/vad-bert,c4c659fd17dd5807572b3f0f577de8c408401ca7,3.0818541049957275,3.163015365600586,3.3360936641693115
2cee7245fa20e2011015ee007854d7376c51e2db5c55209a2c3dee9719080451,RobroKools/vad-bert,c4c659fd17dd5807572b3f0f577de8c408401ca7,3.2955844402313232,3.1983084678649902,3.286602258682251
fb82d2a59d171d6642f855d11b5523fce0c1be3479f9b3e12f0ad015d607f6c7,RobroKools/vad-bert,c4c659fd17dd5807572b3f0f577de8c408401ca7,3.1795084476470947,3.175630807876587,3.31921911239624
e28c9403295b074aeb7c508a4ce40d9fa44d05fb63418431565881edbe2744b7,RobroKools/vad-bert,c4c659fd17dd5807572b3f0f577de8c408401ca7,3.3463213443756104,3.2572646141052246,3.2759177684783936
6ea79bfd8369431bf1465d3f87b00b4166ec81b37c8263add03408392deb8fe3,RobroKools/vad-bert,c4c659fd17dd5807572b3f0f577de8c408401ca7,2.667788028717041,3.0975892543792725,3.1043429374694824
0c760cf4fbfb7150c43a4e24bb993761dbc9305545c08283cc9da3d52ec310c0,RobroKools/vad-bert,c4c659fd17dd5807572b3f0f577de8c408401ca7,2.6727824211120605,3.1474130153656006,3.0834741592407227
5e38edd4b2eef339c9429116545609b113481f30100ba28361482c396021b6d0,RobroKools/vad-bert,c4c659fd17dd5807572b3f0f577de8c408401ca7,2.971048593521118,2.938464403152466,3.292945384979248
28df5a46bbb14dc38726bdfe688bf1568398a2313c3147d123426d29cf038c51,RobroKools/vad-bert,c4c659fd17dd5807572b3f0f577de8c408401ca7,2.5523383617401123,3.197821140289306,3.048186779022217
daf34cea9ad39a555c475d4421e62f74b8e2f8ca884e73eee70dd1fea0cdf7eb,RobroKools/vad-bert,c4c659fd17dd5807572b3f0f577de8c408401ca7,3.097244501113892,3.070163488388061,3.1532318592071533
7ffde3cbcb8ae211f765b319aba6187ee8cb0352e0d480d6c1f863ed1b157401,RobroKools/vad-bert,c4c659fd17dd5807572b3f0f577de8c408401ca7,2.8410260677337646,3.118493795394897,3.233680963516236
d684147197b06cdd00d8e6cc8e9b85d43edb39a32d609cb95226707b3f93d4da,RobroKools/vad-bert,c4c659fd17dd5807572b3f0f577de8c408401ca7,3.0829598903656006,2.987841844558716,3.258752584457397
5d3b34484dfb0b4b35bd71bceb5a2cb9303772e3ec936b8bb312b8ec78662d68,RobroKools/vad-bert,c4c659fd17dd5807572b3f0f577de8c408401ca7,3.0506532192230225,2.97903823852539,3.2262513637542725
2cd60b0d28d0db51d01e49e69d55782eb4acf1c45204497b11118810253696c3,RobroKools/vad-bert,c4c659fd17dd5807572b3f0f577de8c408401ca7,2.9908626079559326,2.981277704238892,3.16107439994812
11ffeb724ed92de1bd47d653c186e54cade8368bbb093e06e38f8df2b5ce915f,RobroKools/vad-bert,c4c659fd17dd5807572b3f0f577de8c408401ca7,2.668240547180176,3.122799634933472,3.124620199203491
1f48751c2927b61bf5037fd8419ecfd8176c508eb11cdf45de847eb2ad77f559,RobroKools/vad-bert,c4c659fd17dd5807572b3f0f577de8c408401ca7,2.99546217918396,3.0382556915283203,3.127064943313598
37a216be146d225ec2b2a400359882700049e42584a75ec5e92902725197d627,RobroKools/vad-bert,c4c659fd17dd5807572b3f0f577de8c408401ca7,3.0023229122161865,3.190208196640014,3.209713220596313
2f11d2ab650333ec8294b11c9007468ca823dca7406c588f23bd4297bb4878ca,RobroKools/vad-bert,c4c659fd17dd5807572b3f0f577de8c408401ca7,3.0461833477020264,3.0566394329071045,3.21888279914856
66b775a257c0771f7bb6dca3c7679a08a6970eb8ef5382335861a64a6de73460,RobroKools/vad-bert,c4c659fd17dd5807572b3f0f577de8c408401ca7,2.96752405166626,3.10889220237732,3.207820177078247
47cb21396801573648721c9262e9d47b584b8905239a42775c2787bc4bd93e60,RobroKools/vad-bert,c4c659fd17dd5807572b3f0f577de8c408401ca7,2.9301037788391118,3.052147626876831,3.1135122776031494
24e2e33df1ff6966526db06a9053c0eb1fa020a14a416c802dd77ad904befbdd,RobroKools/vad-bert,c4c659fd17dd5807572b3f0f577de8c408401ca7,2.911079168319702,3.184852361679077,3.1511738300323486
f8deaaaf1b978937560064fc9cebf485fa794ae1575c34d3835ffeed71941b0e,RobroKools/vad-bert,c4c659fd17dd5807572b3f0f577de8c408401ca7,2.860836744308472,3.127973318099976,3.2219655513763428
a67e205fc332c9d7e7d5c43012edca1a11b336e82291e05153b90963616acced,RobroKools/vad-bert,c4c659fd17dd5807572b3f0f577de8c408401ca7,3.160773038864136,3.199551582336426,3.2588446140289307
46f66bd2b45e2be6b8f39ebe82edeeea5f2d9b4388d871985ec9f8760138c556,RobroKools/vad-bert,c4c659fd17dd5807572b3f0f577de8c408401ca7,3.0917651653289795,3.136516571044922,3.1848361492156982
6f1c346cefbc75f75bc684bafc444019c1f41001803134d915cfa18a247396e2,RobroKools/vad-bert,c4c659fd17dd5807572b3f0f577de8c408401ca7,2.770979166030884,3.130890130996704,3.141190767288208
66880f73f3d9043c7d8cbff54ec2ba220bac6813ba8d3e57562ff03872b8c411,RobroKools/vad-bert,c4c659fd17dd5807572b3f0f577de8c408401ca7,2.973275899887085,3.119462728500366,3.232234239578247
dc435768346349b22e0a25b63d66a91b100cfee36306d52bb217a0491d517033,RobroKools/vad-bert,c4c659fd17dd5807572b3f0f577de8c408401ca7,2.991320371627808,3.0371289253234863,3.2400972843170166
fc0e8052657073150331bdda68b2a0b4d26a7142c1d2f0f0ca944db3d46790c6,RobroKools/vad-bert,c4c659fd17dd5807572b3f0f577de8c408401ca7,3.603330135345459,3.198372840881348,3.3711206912994385
258caca314a7113610e472d031b260db8ead32788172b9a2d451f61a98c6b552,RobroKools/vad-bert,c4c659fd17dd5807572b3f0f577de8c408401ca7,3.347515821456909,3.21877121925354,3.251762628555298
509b18d5468ef72c2ac22ccd64e6ed3f1bdd312a8a531115424b0bd9a249381d,RobroKools/vad-bert,c4c659fd17dd5807572b3f0f577de8c408401ca7,2.90198826789856,3.03610897064209,3.258594036102295
3e23e9ecf4d3645ecbde479b11448bb533f7b9e760eb3090bc1f7406f7cd4bc8,RobroKools/vad-bert,c4c659fd17dd5807572b3f0f577de8c408401ca7,3.0904462337493896,3.0295212268829346,3.182410478591919
1ab73999f5bb3332660e26fa86632003a59d8b1bb3fb93b68664ccf4b16eb736,RobroKools/vad-bert,c4c659fd17dd5807572b3f0f577de8c408401ca7,2.7508022785186768,3.010283231735229,3.1166019439697266
42a36b603781d282587b4ae0471870ff428961062d2acf136f061fb0ab0c04a9,RobroKools/vad-bert,c4c659fd17dd5807572b3f0f577de8c408401ca7,2.871515989303589,2.9749152660369877,3.0557682514190674
6e73d60311a974ebdd200434a3ab5d57858d6ea6f4455ac9e4c2b82a6656a53e,RobroKools/vad-bert,c4c659fd17dd5807572b3f0f577de8c408401ca7,3.635040521621704,3.110041379928589,3.188525438308716
35f7d95bf78cbe4cbd30363d40a2cf73fa6d468bc77158e48814f3034cc1b205,RobroKools/vad-bert,c4c659fd17dd5807572b3f0f577de8c408401ca7,3.226921558380127,3.115511178970337,3.158130407333374
ea871cb5146c21cb299070cbca45774133ff21ad4e4df87394b12e462c497fae,RobroKools/vad-bert,c4c659fd17dd5807572b3f0f577de8c408401ca7,3.2955448627471924,3.0521609783172607,3.452375888824463
883f5bbb8543f02db4836ee1f336cf50ea2ad6affaccbfe7b12a686e7b4f3290,RobroKools/vad-bert,c4c659fd17dd5807572b3f0f577de8c408401ca7,3.165321350097656,3.1656763553619385,3.2391786575317383
4f2c425773f66c4fe4b1c0ece0c8098ae9b94f32b977920bca976ea7f219bf62,RobroKools/vad-bert,c4c659fd17dd5807572b3f0f577de8c408401ca7,3.022013902664185,3.0928471088409424,3.325690507888794
3be74cd0406079ab8caa32b49e5b716b9a86cca99a530cfb0ee270d93a64b77d,RobroKools/vad-bert,c4c659fd17dd5807572b3f0f577de8c408401ca7,3.3541884422302246,3.1985409259796143,3.308729410171509
391cbcfa4ec070c6d5f1445cb2eeb7dac35ed1aaaac5c8b528ffef73c8fcac1e,RobroKools/vad-bert,c4c659fd17dd5807572b3f0f577de8c408401ca7,3.2538540363311768,3.230360269546509,3.341236114501953
256799c7e553c7ae90352aa1783aa235ab15f8bbbbb12b8d060f80e21e3552e6,RobroKools/vad-bert,c4c659fd17dd5807572b3f0f577de8c408401ca7,3.489022970199585,3.21907377243042,3.338032960891724
1448ee3eb5476c87e84db1163215105cca2afd05283ba03013f43c139702360e,RobroKools/vad-bert,c4c659fd17dd5807572b3f0f577de8c408401ca7,3.3902604579925537,3.126481771469116,3.3055245876312256
982053bbadacdd5c53bd62849ec6d649c72316ec7c673917e7094568f9964423,RobroKools/vad-bert,c4c659fd17dd5807572b3f0f577de8c408401ca7,3.219174385070801,3.039785146713257,3.3895533084869385
003ab161016654713025277872828024884947305388858073e11a836909110b,RobroKools/vad-bert,c4c659fd17dd5807572b3f0f577de8c408401ca7,3.531302690505981,3.3264272212982178,3.232903242111206
1ac5ca9020fca394c7be86434144fd397ce035626cf213200686873dd01281d8,RobroKools/vad-bert,c4c659fd17dd5807572b3f0f577de8c408401ca7,3.2131965160369877,3.0761525630950928,3.30310606956482
b738494dcf1d2682bd54e25735d30c4353788e65e656ee45bd4d7dd81036c6b8,RobroKools/vad-bert,c4c659fd17dd5807572b3f0f577de8c408401ca7,3.3283679485321045,3.127730369567871,3.4658987522125244
8d9254d001a3d6b96ff9e221e2d68c58c7b3532de35587fe8558f79ccfb5fa0a,RobroKools/vad-bert,c4c659fd17dd5807572b3f0f577de8c408401ca7,3.4453563690185547,3.284252405166626,3.3438069820404053
4743a0ca1511b1994e4856e56047a576675eae172a85551c540232de16092850,RobroKools/vad-bert,c4c659fd17dd5807572b3f0f577de8c408401ca7,3.222430229187012,2.9366347789764404,3.3304262161254883
d00f2d72ea81d612571a61cc4af4178d1a462da1d292be5140d54ee4b84c94f2,RobroKools/vad-bert,c4c659fd17dd5807572b3f0f577de8c408401ca7,3.44471287727356,3.2832765579223637,3.2870466709136963
07349a1a7fb59d56fe1994fbcef5b4d381806dd71ceeaf771496500cd82a6378,RobroKools/vad-bert,c4c659fd17dd5807572b3f0f577de8c408401ca7,3.0276358127593994,3.181637525558472,3.0437920093536377
2c36d366890bd539a023f0561314c46e4bbd49f91151a56131f77941108409e8,RobroKools/vad-bert,c4c659fd17dd5807572b3f0f577de8c408401ca7,3.3983561992645264,3.252579689025879,3.133460760116577
9f851860962da3ea30c21c927e8034b9a38ad8c0e774e5d7a1c91008dcdfa90d,RobroKools/vad-bert,c4c659fd17dd5807572b3f0f577de8c408401ca7,3.436073064804077,3.116342782974243,2.901179552078247
e60950089c17e5a1cc4d620f2663c314975c39f3313adcf21bdef54a847a2bc2,RobroKools/vad-bert,c4c659fd17dd5807572b3f0f577de8c408401ca7,3.1620211601257324,2.9916656017303467,3.0873794555664062
4164039d8f6445e447c5e402c31f9a8ec4fffa0478a3b6b069ec48b8fc6824de,RobroKools/vad-bert,c4c659fd17dd5807572b3f0f577de8c408401ca7,3.0499422550201416,2.972597360610962,3.2606918811798096
9c1ba92f2eced9545e9ea6f7a0bb62f703f4c933717c71202c53669aca35541e,RobroKools/vad-bert,c4c659fd17dd5807572b3f0f577de8c408401ca7,3.286986351013184,3.1315929889678955,3.315183401107788
d6bcabd21011b8de7372fd9ece7b5f0c09b42c1ff7807b0b935f8bb5df0d73a6,RobroKools/vad-bert,c4c659fd17dd5807572b3f0f577de8c408401ca7,3.2250587940216064,3.115484952926636,3.280355453491211
cc6623b2e71f940c1b5ec142010158d3ad6c46c52837040c37cdc649579c5111,RobroKools/vad-bert,c4c659fd17dd5807572b3f0f577de8c408401ca7,3.193256139755249,3.061204671859741,3.299549102783203
e63d94b088e981af52babfd04365bee78d7a0eea858b4277b2c884810878ccd5,RobroKools/vad-bert,c4c659fd17dd5807572b3f0f577de8c408401ca7,3.407141923904419,3.045983076095581,3.209391832351685
5f3089c630c365e1fdf7f68b2bd2449a9de4e0482106f65c59faacba56f7541e,RobroKools/vad-bert,c4c659fd17dd5807572b3f0f577de8c408401ca7,3.167343854904175,3.110154867172241,3.3425238132476807
0a350b2716657e52aff3b1dffdbf888620ed71765909a3a84f543da300f25333,RobroKools/vad-bert,c4c659fd17dd5807572b3f0f577de8c408401ca7,3.37438440322876,3.193161725997925,3.209047555923462
d4a77c8824a624e69f0153eb1551b08f309fc029639d322d32b5bca0ee152b30,RobroKools/vad-bert,c4c659fd17dd5807572b3f0f577de8c408401ca7,3.0409135818481445,3.1020076274871826,3.319131135940552
1dfafec21b21bb6ade340601743e5ad6f73a802613312d3833cd5f7975946bf5,RobroKools/vad-bert,c4c659fd17dd5807572b3f0f577de8c408401ca7,3.176720380783081,3.041804552078247,3.2859697341918945
bcf0680621e531f2a021b365af09b12242bf0c66b0db2900c9339a63b157603e,RobroKools/vad-bert,c4c659fd17dd5807572b3f0f577de8c408401ca7,3.121026992797852,3.0735816955566406,3.3342554569244385
328a3dfa5f5283e9da386c35970fa98eb706ef3c98d6bac63c72ac136eab4696,RobroKools/vad-bert,c4c659fd17dd5807572b3f0f577de8c408401ca7,3.429642677307129,3.04705548286438,3.3078324794769287
178c7bbca4a97fbb22e724e544ca0e18f681d26e05fe3a3155ce1fc52aa81d6a,RobroKools/vad-bert,c4c659fd17dd5807572b3f0f577de8c408401ca7,3.32382869720459,3.020095109939575,3.3110268115997314
0ca95e3c23d4f36cecf39cca1b651affaf0a7364176c933b787b77fbc1dd535c,RobroKools/vad-bert,c4c659fd17dd5807572b3f0f577de8c408401ca7,2.9986093044281006,3.108423948287964,3.2598087787628174
387d3dd3e5486545995748fc2934d584e8c5b55f868a8bfd06a4aca1559147d0,RobroKools/vad-bert,c4c659fd17dd5807572b3f0f577de8c408401ca7,3.29781174659729,3.1460578441619877,3.2147812843322754
83f0b1130b8d892b1a6af91980f9b9cecf9e1e92488bcc39629dc9bbad71520c,RobroKools/vad-bert,c4c659fd17dd5807572b3f0f577de8c408401ca7,2.541839361190796,3.205981969833374,3.051607847213745
662473a3bb7a3af4c832ae5dbb83ca3550dc19464852b5212e8a4b631cd44179,RobroKools/vad-bert,c4c659fd17dd5807572b3f0f577de8c408401ca7,2.8360674381256104,3.0507071018218994,3.306102752685547
cf406e04f98958e6eb2b98139109511cd036c348c1ed338cc2dbae487c3945fb,RobroKools/vad-bert,c4c659fd17dd5807572b3f0f577de8c408401ca7,2.7108771800994877,3.090815544128418,3.2683775424957275
fa4bbffec3f5148e62a006b49490d3a932d1a5de8e0fcf96f81d583affa436d3,RobroKools/vad-bert,c4c659fd17dd5807572b3f0f577de8c408401ca7,2.917182207107544,2.995743989944458,3.165053606033325
6c7145d28e96f5c8b2300c89dd4b388de06928590a8b6d49489e68747702bee1,RobroKools/vad-bert,c4c659fd17dd5807572b3f0f577de8c408401ca7,2.7627995014190674,3.2190194129943848,3.0217723846435547
43d7551186b0f5cec480bcfa14fdc0b34b1fadcc78dfab77629fac38b380b755,RobroKools/vad-bert,c4c659fd17dd5807572b3f0f577de8c408401ca7,2.9464633464813232,3.140331029891968,3.193286418914795
7bbe47f8e14fde497c3b1e4d0a672105ff78dc7e9573ec7574f16c390abe1a5d,RobroKools/vad-bert,c4c659fd17dd5807572b3f0f577de8c408401ca7,2.781339645385742,3.0684974193573,3.35970139503479
7b5ddaa48ff46fc29d52df5be50f87bf3081da57b8956e0c1e3bfa65e352a00e,RobroKools/vad-bert,c4c659fd17dd5807572b3f0f577de8c408401ca7,2.6755809783935547,3.103644132614136,3.2586443424224854
468eb5fec79df7e25b955b6ed99e1c12a6344e5ef4aaab0e96f09ed3b715570f,RobroKools/vad-bert,c4c659fd17dd5807572b3f0f577de8c408401ca7,2.7012741565704346,3.1936728954315186,3.124056100845337
f54da55353317fec16f064a0a1504b9897bd9f68d56d04fe35d23f58062ca724,RobroKools/vad-bert,c4c659fd17dd5807572b3f0f577de8c408401ca7,2.84233832359314,3.1585710048675537,3.009541749954224
6a787d44d8c1168619b6ae75ba0ce90bc7dea94797577daabb158c2f3ca7c890,RobroKools/vad-bert,c4c659fd17dd5807572b3f0f577de8c408401ca7,2.7754714488983154,3.114680528640747,3.2231967449188232
099744682bd792d8fe4f9d8cf42e586a93b1234764876171f6aae0ed11e87cc4,RobroKools/vad-bert,c4c659fd17dd5807572b3f0f577de8c408401ca7,2.726984739303589,3.0227742195129395,3.421496152877808
7041bff2589dad581f9ef29073bcdd1fc0dd79f8400a9274f175a9f8fed8ccdc,RobroKools/vad-bert,c4c659fd17dd5807572b3f0f577de8c408401ca7,2.6948044300079346,3.1508243083953857,3.2502248287200928
e802753815977e2d9b74de78669ab169cb4d34bcbc801d92bc01733a25557804,RobroKools/vad-bert,c4c659fd17dd5807572b3f0f577de8c408401ca7,2.6393442153930664,3.190125703811645,3.0418853759765625
aaed6e290f06d9948732bdacda345832feb7a49e72edadd6f2acdb2e08338220,RobroKools/vad-bert,c4c659fd17dd5807572b3f0f577de8c408401ca7,2.799848318099976,3.032660484313965,3.3081977367401123
3ecdb96d44647bfaa6c12dc0c62fe452b9c0d4e6199d854562f65ee6a6c7ab6a,RobroKools/vad-bert,c4c659fd17dd5807572b3f0f577de8c408401ca7,2.495954751968384,3.3872578144073486,3.130123376846313
c03938388040f0c150dce635b9b8f5a3b06255760c7785fc0e5cf0e4417dc08b,RobroKools/vad-bert,c4c659fd17dd5807572b3f0f577de8c408401ca7,2.810876607894897,3.0464794635772705,3.148373603820801
5cd7ab08c3193cb931f936d564964233f04e49eb90b4f24d845491db413c786b,RobroKools/vad-bert,c4c659fd17dd5807572b3f0f577de8c408401ca7,2.7697622776031494,3.0878453254699707,3.08645248413086
efa26268eb039667970388bebfc6ad9c5b8cdec6a8cbc37959d3389b689473c6,RobroKools/vad-bert,c4c659fd17dd5807572b3f0f577de8c408401ca7,2.968179941177368,2.9882047176361084,3.128000974655152
d1eb9bc022e013ef984106b1142aa2b191f9ade353dcda330b9b505a9127d723,RobroKools/vad-bert,c4c659fd17dd5807572b3f0f577de8c408401ca7,2.7883331775665283,3.274747610092163,3.182731866836548
0ef736785b325eb0a8c6edc4066122d7c0fc96015fc93c7319025d03b8cf3532,RobroKools/vad-bert,c4c659fd17dd5807572b3f0f577de8c408401ca7,2.871333599090576,2.985445261001587,3.099936962127685
5e521c1441394fb1adb00d19a6301abb58589cd5a46793fca3b0509ae2e7d42b,RobroKools/vad-bert,c4c659fd17dd5807572b3f0f577de8c408401ca7,2.901765823364258,2.9802377223968506,3.0907702445983887
d8406cafbf9485e49bdda84cd992ea6d43fd33cce4a0ac80290302c5a6794175,RobroKools/vad-bert,c4c659fd17dd5807572b3f0f577de8c408401ca7,2.9296109676361084,2.9695136547088623,3.089505910873413
62e59e5c60cbb03c0a9ea6dcdec98b31bc5627d4e7ac9a9f0b63e85e49fcc02f,RobroKools/vad-bert,c4c659fd17dd5807572b3f0f577de8c408401ca7,2.9539363384246826,3.3036742210388184,3.1506001949310303
8bb3e1e540827cb176ad8d0a6b5b78ad2bfa3ddf11355676593fa3295d672e65,RobroKools/vad-bert,c4c659fd17dd5807572b3f0f577de8c408401ca7,2.9126691818237305,3.073126077651977,3.0600249767303467
20ba19e570c20d08237fce49abeb66b0471980c07fe72d290de29ba61468ddbd,RobroKools/vad-bert,c4c659fd17dd5807572b3f0f577de8c408401ca7,2.8481810092926025,3.1660478115081787,3.068489551544189
994a88338f790083949e020aeebec77b55a7d038be4e03e56eea4f73df594123,RobroKools/vad-bert,c4c659fd17dd5807572b3f0f577de8c408401ca7,2.818678855895996,3.0679495334625244,2.981370687484741
d752cd962a0a1d27fb95fe29a3b017f029c417ce6d4e8d6d64b29172c6531012,RobroKools/vad-bert,c4c659fd17dd5807572b3f0f577de8c408401ca7,3.0075299739837646,3.208823204040528,3.03272032737732
7b8e4b3f3aec46ceb66b3bc3c3f8f9daa6a0fa717cc8ab801489191bdfd33457,RobroKools/vad-bert,c4c659fd17dd5807572b3f0f577de8c408401ca7,2.784806966781616,3.1258885860443115,3.0043728351593018
d5f292d57a6de5de82f7a5e095b941dbca0f6a218d4185c3c94db8f0427eafa3,RobroKools/vad-bert,c4c659fd17dd5807572b3f0f577de8c408401ca7,2.835949659347534,3.157824754714966,3.0542805194854736
8f9b32cf5c249cba603579676a9c64ecf3afb5e508de2bec5f0b294ca323fd4a,RobroKools/vad-bert,c4c659fd17dd5807572b3f0f577de8c408401ca7,2.777069330215454,3.086756944656372,3.0365424156188965
916f282573be123d899356661d8fa8286da454113036f310ac06fd0513d3221e,RobroKools/vad-bert,c4c659fd17dd5807572b3f0f577de8c408401ca7,3.1055476665496826,3.073524475097656,3.180152177810669
0d8b2a8dc181a2915540f1f632e4225c917b9b06cae590148c57af71906426aa,RobroKools/vad-bert,c4c659fd17dd5807572b3f0f577de8c408401ca7,2.8401474952697754,3.2217254638671875,3.173187732696533
b71add4ff34065e0042f7d27dd495d93df849bfb7196b4a482f4bc6cea5567c9,RobroKools/vad-bert,c4c659fd17dd5807572b3f0f577de8c408401ca7,3.231084108352661,3.183703184127808,3.1955010890960693
a422be5c8b79ed496f8a5c5cff2362511b1ed2f40171a7fe6442f42bb49d1e24,RobroKools/vad-bert,c4c659fd17dd5807572b3f0f577de8c408401ca7,3.0588812828063965,3.041975975036621,3.180443525314331
a3990722d1d596f165f02f2c6f81e85760c96da0cafaabf530c0eeeea2ff627c,RobroKools/vad-bert,c4c659fd17dd5807572b3f0f577de8c408401ca7,3.114540338516236,3.296107292175293,3.399228811264038
23e3ecd1966274d4935e3ad4967d07143cc688969a440fc1dd8f447f49743912,RobroKools/vad-bert,c4c659fd17dd5807572b3f0f577de8c408401ca7,3.3847756385803223,3.2324016094207764,3.258568286895752
098e61de457d392b22fe678372006880a3b450d7fb78c03d44c308e9d8363e61,RobroKools/vad-bert,c4c659fd17dd5807572b3f0f577de8c408401ca7,3.068701982498169,3.109286069869995,3.202101945877075
af2914cafc227eaad4e69f90db6dd9e97f231d72c8092021125358c9e734b920,RobroKools/vad-bert,c4c659fd17dd5807572b3f0f577de8c408401ca7,3.328892707824707,3.218540906906128,3.2202322483062744
c8a1c9e029f38077c1eabacc784a49fd44b90372b74e4d398f5b2cb12cb2578c,RobroKools/vad-bert,c4c659fd17dd5807572b3f0f577de8c408401ca7,2.874296188354492,3.191889762878418,3.1813924312591557
13051bf350ba4cc00ae3789602b6f47388c18ff568b17689d16d297e820ade94,RobroKools/vad-bert,c4c659fd17dd5807572b3f0f577de8c408401ca7,3.1309385299682617,3.17214035987854,3.230400562286377
5bb4c7d459190aa72630fe17d084c31d7b09b67343c237550f8e4715ea5f73f8,RobroKools/vad-bert,c4c659fd17dd5807572b3f0f577de8c408401ca7,2.9727585315704346,3.1742684841156006,3.1479523181915283
5595b975232c66b3e5b235483fad0105b4acbd0f5bc70bb08e9e0bd2389fd1b4,RobroKools/vad-bert,c4c659fd17dd5807572b3f0f577de8c408401ca7,3.338266134262085,3.013746738433838,3.229525566101074
c4dc8ba118436e9eb507d0c11e5db249687ba4306c502f7edd5594a69d87adba,RobroKools/vad-bert,c4c659fd17dd5807572b3f0f577de8c408401ca7,3.055419683456421,3.1627862453460693,3.1739416122436523
3bcff66965d497f52ac93b84cb77bf2b211f158c4ec57cad8cf630ad541ae1d8,RobroKools/vad-bert,c4c659fd17dd5807572b3f0f577de8c408401ca7,3.2187206745147705,3.1558709144592285,3.1878433227539062
cae6a608d52767a7026a60d1af3fbdc50df3c99fb62aad4f1a992e50147a8f5f,RobroKools/vad-bert,c4c659fd17dd5807572b3f0f577de8c408401ca7,3.182007074356079,3.193161725997925,3.199605226516724
523162b04fcdd1efffff5de5d4ff594e9a506f232a6eb3de29431e1da8bb42e0,RobroKools/vad-bert,c4c659fd17dd5807572b3f0f577de8c408401ca7,2.9425415992736816,3.133121490478516,3.2094027996063232
3e8ba65e20c57146c4ead6c7ee42e56c0fafbfadaf4fb1af5d19042ac298b802,RobroKools/vad-bert,c4c659fd17dd5807572b3f0f577de8c408401ca7,3.0492937564849854,3.067354440689087,3.0811517238616943
07eb2bd6e2c12958f9abdc1e423937201078d7c6a80c9a3e4132955aadb7146b,RobroKools/vad-bert,c4c659fd17dd5807572b3f0f577de8c408401ca7,3.018312931060791,2.940967321395874,3.2989251613616943
393e63eceb408d047654f37165eeb7ab18c40630f0c0aea22a9f06466a71e2d7,RobroKools/vad-bert,c4c659fd17dd5807572b3f0f577de8c408401ca7,3.068425416946411,3.126396894454956,3.2620108127593994
ef74221f250557159ee6f947810d590af6f17977f5ec55c4fe4bf9f27f61173b,RobroKools/vad-bert,c4c659fd17dd5807572b3f0f577de8c408401ca7,3.3271050453186035,3.2263455390930176,3.360975980758667
b1561f615d60bea6aa0a640dd9ec526722695906e18091ffd36acfed010102ea,RobroKools/vad-bert,c4c659fd17dd5807572b3f0f577de8c408401ca7,3.0794155597686768,3.049785614013672,3.229534864425659
782bbd68430eae98ba559418c4e6663df6dff32d32521a6e0d4c1ccd1446ed6c,RobroKools/vad-bert,c4c659fd17dd5807572b3f0f577de8c408401ca7,2.925652265548706,3.064511299133301,3.1467175483703613
3e656e9ef7c99bf9afccd5e6d4939b0bfbd807feb02e70c74565aae5c4897029,RobroKools/vad-bert,c4c659fd17dd5807572b3f0f577de8c408401ca7,3.2690422534942627,3.127504825592041,3.2919108867645264
5ad9388a6982d47ae902193741fbf907c1b83dcc9e9bd46fcbdd84401e0bdee6,RobroKools/vad-bert,c4c659fd17dd5807572b3f0f577de8c408401ca7,2.9639949798583984,2.945429563522339,3.221672296524048
07d14651d51a7f6dce985935e7a972bf5e2e8ce46a56f60787e4f3c16680ea20,RobroKools/vad-bert,c4c659fd17dd5807572b3f0f577de8c408401ca7,3.150197982788086,3.0155186653137207,3.31404447555542
0216379a409bdc78e38944e8a383970c915d649f28d33af20aea9e3ddd4a88d7,RobroKools/vad-bert,c4c659fd17dd5807572b3f0f577de8c408401ca7,2.8222639560699463,2.973123788833618,3.0900704860687256
b49307baeda32dedd5a044ba1584b1007e3dc4a0b003ab763c33570108d4c6ca,RobroKools/vad-bert,c4c659fd17dd5807572b3f0f577de8c408401ca7,3.1051576137542725,3.01453709602356,3.23717999458313
9bc6fe891ca03fd554801bd31b4edf7f3b941e5c975bbccd931db4099dcc1271,RobroKools/vad-bert,c4c659fd17dd5807572b3f0f577de8c408401ca7,3.100891351699829,2.992042303085327,3.3026010990142822
d353e4ebb4cb8871eb00fc5174b0d2ea89af479e1978e77096ea64943399f7fb,RobroKools/vad-bert,c4c659fd17dd5807572b3f0f577de8c408401ca7,3.160449266433716,3.115350246429444,3.237398386001587
c4ee58d3e69ef79c64ad9fc941ff48482d6bd8ad315937ba7290494266313310,RobroKools/vad-bert,c4c659fd17dd5807572b3f0f577de8c408401ca7,3.176020860671997,2.954484462738037,3.2314369678497314
7002cb86591bc739bc07151bcab930ae368ea2dda7e9504a9ecf75cef4227f91,RobroKools/vad-bert,c4c659fd17dd5807572b3f0f577de8c408401ca7,3.170695543289185,2.989330053329468,3.171132802963257
1210cd5b93c08311cdbfef6b704811308d002f2c3d1035614e102288feb2e46b,RobroKools/vad-bert,c4c659fd17dd5807572b3f0f577de8c408401ca7,2.896780252456665,3.251676082611084,3.033827304840088
484f7028ecb920a96fb5434bc333dc5086447191dd057afb7bc5b968a28ab413,RobroKools/vad-bert,c4c659fd17dd5807572b3f0f577de8c408401ca7,2.8724629878997803,3.246873140335083,3.041640043258667
47caeedc6c3e69e8df65de6b712f3f436881a62c76a7d02067361d9017f059ed,RobroKools/vad-bert,c4c659fd17dd5807572b3f0f577de8c408401ca7,2.798058032989502,3.1734426021575928,3.1786038875579834
f65a621cbc91c20e7dcee11f5648b5d6c645fab031f312e3f55849aa4132f95a,RobroKools/vad-bert,c4c659fd17dd5807572b3f0f577de8c408401ca7,2.987003326416016,3.1218338012695312,3.1700634956359863
78284dde8f4ce2882631ef80231642db2e0c7ed645a0502105f34f365302a7e4,RobroKools/vad-bert,c4c659fd17dd5807572b3f0f577de8c408401ca7,2.821802854537964,3.0824365615844727,3.165492057800293
fbb0b4006e78254f78b058f08c092b9093e71e71837d295052f02d532c91ce94,RobroKools/vad-bert,c4c659fd17dd5807572b3f0f577de8c408401ca7,3.110288619995117,3.023427248001098,3.2404024600982666
de7ec2d06c1455f2d46967a45c579268e6327bea129d0167838d21af2726831a,RobroKools/vad-bert,c4c659fd17dd5807572b3f0f577de8c408401ca7,3.051008701324463,2.8891615867614746,3.254040241241455
48fb15f7169d50272ea824c0919e47d13e7f53505f17498323772b442114a62c,RobroKools/vad-bert,c4c659fd17dd5807572b3f0f577de8c408401ca7,2.758998394012451,3.10874342918396,3.2120721340179443
dd1baec71d960615072b1a3a1feeb139ba5d35a8754bff69857e30e82b6160cb,RobroKools/vad-bert,c4c659fd17dd5807572b3f0f577de8c408401ca7,2.810673236846924,3.060853242874145,3.1546337604522705
4e476e2ae5605cd8251b64c2ed92affb0f0d5f504307db8a670cdb16c2426187,RobroKools/vad-bert,c4c659fd17dd5807572b3f0f577de8c408401ca7,2.6589624881744385,3.1745409965515137,3.042644023895264
8e86dfe670cdc05c5bc4eb44dc7cd7cc0043a6b8a2976b4ba19416bc4b643ab8,RobroKools/vad-bert,c4c659fd17dd5807572b3f0f577de8c408401ca7,2.8736824989318848,2.995731830596924,3.192592144012451
e59dd1ea866d4a7fad330f604d62f49384bed848445ada765e583a3587097b24,RobroKools/vad-bert,c4c659fd17dd5807572b3f0f577de8c408401ca7,2.625035762786865,3.0730886459350586,3.1400458812713623
f4ec10137c3271c007b75a84fe8a47171b3689606d15aa592151c81705d488dd,RobroKools/vad-bert,c4c659fd17dd5807572b3f0f577de8c408401ca7,2.863340139389038,3.078291416168213,3.193977117538452
9655a9b3c7c9cd8d4faad4bfd0c7f75dcea788b4eab4393a5a5045f6621e709c,RobroKools/vad-bert,c4c659fd17dd5807572b3f0f577de8c408401ca7,2.7548344135284424,3.115229368209839,3.065429925918579
af46d817c023740ea7b654bf09fc84d7a93dfa2636d39a475f9fd1d49a6ee8fa,RobroKools/vad-bert,c4c659fd17dd5807572b3f0f577de8c408401ca7,2.9434173107147217,3.0105435848236084,3.253100872039795
fd58bc19029b234cfb661f6c1e7256d1f2e23ed355e65621f86b45083cf768fb,RobroKools/vad-bert,c4c659fd17dd5807572b3f0f577de8c408401ca7,2.8994948863983154,2.948613166809082,3.240737199783325
e20ca0d81eaacbe6f0832966359f7a33ec3027dc9581f7a84cea56204acd609d,RobroKools/vad-bert,c4c659fd17dd5807572b3f0f577de8c408401ca7,3.212354183197021,3.186152219772339,3.3234729766845703
e2d355094b354cafda691628525f3e81b985670a522e083ccc3aa6d78bb25625,RobroKools/vad-bert,c4c659fd17dd5807572b3f0f577de8c408401ca7,2.911303758621216,3.0816197395324707,3.107924222946167
4348ed63115ca5da3a4fd682c27f6c46dc34a9604213b44d9af40dc37af6ee12,RobroKools/vad-bert,c4c659fd17dd5807572b3f0f577de8c408401ca7,2.725240468978882,3.1420276165008545,3.036184549331665
914e199fa8ef9b95b947ef457372b61c9d92e5e9b73771108bf4cdd1cb956528,RobroKools/vad-bert,c4c659fd17dd5807572b3f0f577de8c408401ca7,2.649829149246216,3.1456298828125,3.018406629562378
c5b99d12b1d08dc42c0a91366bf95eaa95a7138f0d33e83922c847399342cde6,RobroKools/vad-bert,c4c659fd17dd5807572b3f0f577de8c408401ca7,3.115553617477417,3.2462575435638428,3.2228403091430664
06289db1ef93f2574c08a141fc1d9b11fdefbe1a85d3af70c6fc98ee07510c5d,RobroKools/vad-bert,c4c659fd17dd5807572b3f0f577de8c408401ca7,3.2320449352264404,3.0112504959106445,3.190315961837769
a3cc74f2646b2c9a7470f3d2e57b12585a2dbc80e5ff07721027a131c78352e1,RobroKools/vad-bert,c4c659fd17dd5807572b3f0f577de8c408401ca7,2.5857856273651123,3.1214067935943604,3.081592321395874
57c2eadf3c7a3066720037d1dc18bdd27781845773b87a62334c1b2421af7074,RobroKools/vad-bert,c4c659fd17dd5807572b3f0f577de8c408401ca7,2.636565685272217,2.98004412651062,3.107182741165161
97c8b7056defa2e2616655dc0406014f7edb440ceb6d45ca11fe054ec80668bd,RobroKools/vad-bert,c4c659fd17dd5807572b3f0f577de8c408401ca7,3.090810775756836,3.0750904083251958,3.253742218017578
e104428c2912541063fdfba515659eeb16e0ca6d6ade3578b87bb44a6e5b5413,RobroKools/vad-bert,c4c659fd17dd5807572b3f0f577de8c408401ca7,2.927440881729126,3.0484378337860107,3.142429113388061
272170566081bd5369aa623396aec5cc497cf7c6a97afb104f510bea803b88e8,RobroKools/vad-bert,c4c659fd17dd5807572b3f0f577de8c408401ca7,2.8005588054656982,3.080247640609741,3.1356606483459477
08281b92d3103dd0ff13da3562101fc22b9ca12c94f43876214279db768408f8,RobroKools/vad-bert,c4c659fd17dd5807572b3f0f577de8c408401ca7,2.913830041885376,3.12390685081482,3.289130449295044
59e9f38bda661c0ff8dd0859e9c46fc816b1fdea898403729ed88cab4f924a34,RobroKools/vad-bert,c4c659fd17dd5807572b3f0f577de8c408401ca7,2.973747968673706,3.10044527053833,3.2323238849639893
ec64f7d689ecbe822cdae67f90b2a45994be2e7bd059e358571e937fac196afe,RobroKools/vad-bert,c4c659fd17dd5807572b3f0f577de8c408401ca7,2.644357204437256,3.0374226570129395,3.111690044403076
4a6195d2253a803d60db4faffcb607f94ab924cd27e229cb7dba9872ed4f5809,RobroKools/vad-bert,c4c659fd17dd5807572b3f0f577de8c408401ca7,2.7292051315307617,3.024956464767456,3.040693521499634
dc02eea4c7321a41d0c073ce878901c4d2aa40db27dac77ade7d8de258eaea8e,RobroKools/vad-bert,c4c659fd17dd5807572b3f0f577de8c408401ca7,2.8962788581848145,2.995220899581909,3.131943941116333
4fc59730de71024e922c9fdfb032a7e5704783bd094089bd95ca1a2620a95158,RobroKools/vad-bert,c4c659fd17dd5807572b3f0f577de8c408401ca7,3.004755735397339,3.022674798965454,3.206188917160034
b21f156b1187a2555ad77f5bd4f23d289fccabcea65c7f1482a6a0df761a9377,RobroKools/vad-bert,c4c659fd17dd5807572b3f0f577de8c408401ca7,3.203425645828247,3.2277984619140625,3.188319444656372
9d168aae87672b10c8b73ead14b963bc5eba28beb10273bc5e35c4d9daad292a,RobroKools/vad-bert,c4c659fd17dd5807572b3f0f577de8c408401ca7,3.0573198795318604,3.2244794368743896,3.181115865707397
d2fce1594a942542b24b765a042b4741a1544e93f970054a93e0908b6e1a3f11,RobroKools/vad-bert,c4c659fd17dd5807572b3f0f577de8c408401ca7,3.133038282394409,3.19735050201416,3.122727870941162
32024913a35c0557ce17ba9e47285d088a9ee0fb5c12c81216a7cface674da4b,RobroKools/vad-bert,c4c659fd17dd5807572b3f0f577de8c408401ca7,3.246423959732056,3.047652244567871,3.2132351398468018
2a7c013758fe60097a882b92cb8abfb5b8a43d725d6ee48255760a3180f680ea,RobroKools/vad-bert,c4c659fd17dd5807572b3f0f577de8c408401ca7,2.906479835510254,3.0975732803344727,3.091036081314087
102af206a45623a76ee2d17ecdc24ea9f38f4bfb7eaf64ca9dba24db04976034,RobroKools/vad-bert,c4c659fd17dd5807572b3f0f577de8c408401ca7,3.3038344383239746,2.980109691619873,3.2633843421936035
5bb0a24c10efb92d4184f5b91fdcedbbbd3b79d383d50a282517558eaa666b46,RobroKools/vad-bert,c4c659fd17dd5807572b3f0f577de8c408401ca7,3.3631417751312256,3.1694178581237797,3.309649705886841
908445bf62fba59c0c377d0171dc212371410df63fc21b1b979b983f783e074a,RobroKools/vad-bert,c4c659fd17dd5807572b3f0f577de8c408401ca7,3.0116522312164307,2.909421920776367,3.1988534927368164
08a4da7cca4d538e62dbae2b140c659f7e72053436503dd63b6741bbf4559e0a,RobroKools/vad-bert,c4c659fd17dd5807572b3f0f577de8c408401ca7,3.440054655075073,3.1613688468933105,3.283258438110352
59efcbb4373f75e4747a0a12166f350dd188c1e0d1b384a88ac9787042b9a21c,RobroKools/vad-bert,c4c659fd17dd5807572b3f0f577de8c408401ca7,3.2550694942474365,3.040550470352173,3.241642713546753
f4e2e01939d87c4382276386c3fb15b0c8f59a24da5e02e3152425cba2a01989,RobroKools/vad-bert,c4c659fd17dd5807572b3f0f577de8c408401ca7,3.456488847732544,3.227396249771118,3.262326955795288
4a9a85039856a3136bbfe8d6164e6239a3ed496752d1b48597005eafcd8ef56c,RobroKools/vad-bert,c4c659fd17dd5807572b3f0f577de8c408401ca7,3.029787302017212,2.9945456981658936,3.2437915802001958
285ab2d8e331c2108c021f7ce8f26234ab53021c5b1f30789a94b7162c4f1904,RobroKools/vad-bert,c4c659fd17dd5807572b3f0f577de8c408401ca7,3.468040227890014,3.329444169998169,3.19389009475708
58f3a1fdbb959029948bb216db4750dcb3d11bf05d1738a228a04593e415c033,RobroKools/vad-bert,c4c659fd17dd5807572b3f0f577de8c408401ca7,3.248479127883911,3.0681159496307373,3.137294054031372
ff3cd22696e6e0d70cbabde23bb5f503b291a51365eab68d37b7e033a1f7e84b,RobroKools/vad-bert,c4c659fd17dd5807572b3f0f577de8c408401ca7,3.298038959503174,3.1006362438201904,3.208925485610962
9a62b8cc7ddf72c4bb8d0dbe52f91d451f48aaa2aaa3658868381140833cc31e,RobroKools/vad-bert,c4c659fd17dd5807572b3f0f577de8c408401ca7,3.2436211109161377,3.218880176544189,3.341516494750977
e3ca0ad1353eed161ca3d93ae046dbdd72c9cefb98aae41aa14bb97724e7c881,RobroKools/vad-bert,c4c659fd17dd5807572b3f0f577de8c408401ca7,3.3926773071289062,3.116462469100952,3.286173105239868
fe303ba083f9f8b149b8b27a8136110c3404be93932cc29ddda1ed9ecb9515e0,RobroKools/vad-bert,c4c659fd17dd5807572b3f0f577de8c408401ca7,3.11975646018982,2.9893171787261963,3.294311761856079
150a0dc15485a4d6fdfbeaf65fae35e4af5e0ade5e0823c2f677ab121d028386,RobroKools/vad-bert,c4c659fd17dd5807572b3f0f577de8c408401ca7,3.3054869174957275,3.163770914077759,3.2123711109161377
a790d7ca6b2c90fb7af7fff3b68fd9074d8f9ead6f304dd43004f8ca4296505a,RobroKools/vad-bert,c4c659fd17dd5807572b3f0f577de8c408401ca7,3.4280755519866943,3.1329259872436523,3.172485589981079
4a75a909aa6f286d68a6a7b2a994b35761745e920d77b8d45bcb955cee197f2e,RobroKools/vad-bert,c4c659fd17dd5807572b3f0f577de8c408401ca7,3.538746118545532,2.999508619308472,3.183400154113769
820da351422e9965f129f33aea3ebf171cf262c7efc28b04772480139cf54ee4,RobroKools/vad-bert,c4c659fd17dd5807572b3f0f577de8c408401ca7,3.324690103530884,3.1374049186706543,3.1968491077423096
a1d2b8d38a9fa4ea1068508e0dee76fa2b4cd10231c2b91d0592e54046eae823,RobroKools/vad-bert,c4c659fd17dd5807572b3f0f577de8c408401ca7,3.419100522994995,3.0877697467803955,3.213975667953491
5283bc9650a04e5ca84df52bb50ca178f7b02f79cbf66a1a45876ae9d12b4f1e,RobroKools/vad-bert,c4c659fd17dd5807572b3f0f577de8c408401ca7,3.5239007472991943,3.214729785919189,3.189958333969116
1c94a95941a8fd8f77c9b9fd16bfdfc4d98e12902fed8a045fc3fa8cc0a05ae5,RobroKools/vad-bert,c4c659fd17dd5807572b3f0f577de8c408401ca7,3.369005918502808,3.175610303878784,3.1797516345977783
e0c5d26b6ace8c0ec5b16b059be8b14b8d28684d3e52c8466b00711a334e4727,RobroKools/vad-bert,c4c659fd17dd5807572b3f0f577de8c408401ca7,3.480757474899292,3.08005952835083,3.218427419662476
24aeb155166b5d014c51fc0fb499154135e7ab8fd5b736a1ea82f551bbaebf59,RobroKools/vad-bert,c4c659fd17dd5807572b3f0f577de8c408401ca7,3.422278881072998,3.1163697242736816,3.1749491691589355
32ddc5afe241e63ada77af02737c68ad00497c9c12e3c78e88ca8a98754ab32b,RobroKools/vad-bert,c4c659fd17dd5807572b3f0f577de8c408401ca7,3.379168748855591,3.200946569442749,3.145859479904175
ffde54b1d5da9ea7d604bd42ebd2eb697432a31a73dade7e521113a9f7462d5d,RobroKools/vad-bert,c4c659fd17dd5807572b3f0f577de8c408401ca7,3.460344076156616,3.159687757492065,3.22576117515564
d9031625efee08d9f90493d44e842fbf2f3f9f50e84493e319bce3985204d5f3,RobroKools/vad-bert,c4c659fd17dd5807572b3f0f577de8c408401ca7,3.3668863773345947,2.9832804203033447,3.1445014476776123
6ee82159c971b15ffc10fc6ec054533f9a14bef6fe135414ee2c4752f29f18e5,RobroKools/vad-bert,c4c659fd17dd5807572b3f0f577de8c408401ca7,3.496393203735352,3.1810567378997803,3.199535131454468
132c33f635f6d33fbb2d257cba0f1c09969ea12364ba993ab02c147f6ea3a5e2,RobroKools/vad-bert,c4c659fd17dd5807572b3f0f577de8c408401ca7,2.9184906482696533,3.11631178855896,3.264737844467163
9a65eae911efab5a646f49ff1915c0407fb67b8968e36bb7e175b4de4111d97c,RobroKools/vad-bert,c4c659fd17dd5807572b3f0f577de8c408401ca7,3.0857155323028564,3.001878261566162,3.313894510269165
fdf847edcf4b05d1f759085464030a38186a6883beffbf4f1987abc53426bde3,RobroKools/vad-bert,c4c659fd17dd5807572b3f0f577de8c408401ca7,2.940215349197388,3.0672483444213867,3.1561813354492188
51f7babca42469a7189e3ff41a7145ae7a4e116e8ea93ccb18f52ee74d2a315d,RobroKools/vad-bert,c4c659fd17dd5807572b3f0f577de8c408401ca7,2.921229600906372,3.084263563156128,3.222775220870972
3f5f33a157bc4cc77c9e31ee76543ba02533a78f46344533bd365177b1d75928,RobroKools/vad-bert,c4c659fd17dd5807572b3f0f577de8c408401ca7,2.9240968227386475,3.0825207233428955,3.162437677383423
34af30b38cb5ef6a4a8132a128c7f3ddbe0069a2d3718d4fde8bfb6590e8d653,RobroKools/vad-bert,c4c659fd17dd5807572b3f0f577de8c408401ca7,2.9291422367095947,3.05741286277771,3.169029951095581
687c5af288def81376c6620ce8ad722041f7a5934192a79373cdb7bc601dc48e,RobroKools/vad-bert,c4c659fd17dd5807572b3f0f577de8c408401ca7,2.9659554958343506,3.105299711227417,3.0849039554595947
a5e071f1188d0a061f23e6381c7c56f8d750af21211ce36152b7356254835595,RobroKools/vad-bert,c4c659fd17dd5807572b3f0f577de8c408401ca7,3.0293757915496826,3.07354474067688,3.10780930519104
98721495b26f64025f8141a50506ce7e8428b72644a1b5bc4be99c18d7f98caf,RobroKools/vad-bert,c4c659fd17dd5807572b3f0f577de8c408401ca7,3.148073434829712,3.024636030197144,3.2344300746917725
3c1453a520e82de91b32ca845bccaf26f286d8b004efb46e532545bfb92866a6,RobroKools/vad-bert,c4c659fd17dd5807572b3f0f577de8c408401ca7,3.1647346019744877,3.0440597534179688,3.1773078441619877
b0d667ef877c2a36dc68f73da4e3bfd8e3222e25ebff927ae08dd6149b8aad3d,RobroKools/vad-bert,c4c659fd17dd5807572b3f0f577de8c408401ca7,3.0669267177581787,3.029027938842773,3.1845152378082275
fbebb2b081b0655920275416a519b126271965c5398624fcb35c9796e41b540c,RobroKools/vad-bert,c4c659fd17dd5807572b3f0f577de8c408401ca7,3.1049139499664307,3.057670831680298,3.191691637039185
4b92aea3c26168793fddf7fbb8c1f224d9e8480dc718f63a6ec0e02df83fda17,RobroKools/vad-bert,c4c659fd17dd5807572b3f0f577de8c408401ca7,3.129385232925415,2.9537017345428467,3.1581475734710693
a1dc8a7961a0ca45c44e7a31dfaa7a5a8168b869197d2480ff3f7d447952bd57,RobroKools/vad-bert,c4c659fd17dd5807572b3f0f577de8c408401ca7,3.012089967727661,3.0709424018859863,3.1627800464630127
14b9367e82b8cafc788739dae422eeede3f3ffa5bbb1c83239e7723f273a74ea,RobroKools/vad-bert,c4c659fd17dd5807572b3f0f577de8c408401ca7,3.136425733566284,3.0734007358551025,3.3370211124420166
c8d9678a48981198ab62a454ec002d78bb39f2e8f451a34eb23c7cdda8b8d4a2,RobroKools/vad-bert,c4c659fd17dd5807572b3f0f577de8c408401ca7,3.19205641746521,3.094224214553833,3.213664531707764
54ea57faabade71647254c8e5782059ee0d575825b5809ef23acb3b39cc0d59b,RobroKools/vad-bert,c4c659fd17dd5807572b3f0f577de8c408401ca7,2.621096611022949,3.049509286880493,3.045330047607422
253db57783782108c80a289eb4bd8d83e36290e2b72ea575c101b4db78ea37e7,RobroKools/vad-bert,c4c659fd17dd5807572b3f0f577de8c408401ca7,3.07594895362854,3.1617541313171387,3.1799240112304688
67e7a9a21370e372caba924d560ae5efc0442fa8982af4b51c7bc17f95434cc1,RobroKools/vad-bert,c4c659fd17dd5807572b3f0f577de8c408401ca7,2.9179508686065674,3.151718616485596,3.217564344406128
c7a5e4535847c2d5e27b98d79b7a4fe45695932306db6fa10e26a6dc4700c802,RobroKools/vad-bert,c4c659fd17dd5807572b3f0f577de8c408401ca7,2.792074918746948,3.135471105575561,3.1988768577575684
0f26d60f93f859b9785fa90b60de26162a26805751356876b5de95b8ab6d2f22,RobroKools/vad-bert,c4c659fd17dd5807572b3f0f577de8c408401ca7,2.8398702144622803,3.043453931808472,3.165424108505249
23e3933a1fbc097b12073a2ef0e72bef36860aa5650f65b629a0f2222fa64fa6,RobroKools/vad-bert,c4c659fd17dd5807572b3f0f577de8c408401ca7,2.842378616333008,3.130204916000366,3.184065103530884
838272025068a9a28f3984d611b933f8010750ca330d2c4f8cfdaf5e9f4eb1dd,RobroKools/vad-bert,c4c659fd17dd5807572b3f0f577de8c408401ca7,2.8725922107696533,3.036630392074585,3.165144681930542
7356d47dc8026ab5c23567895d80d29b16384ee691626d6e6ff9df3d0d187106,RobroKools/vad-bert,c4c659fd17dd5807572b3f0f577de8c408401ca7,2.593985319137573,3.039402484893799,3.1570241451263428
14d25e71b5a0aaf2f8fcd7875a8f2c31d0b92681512c31fed281b1c56c0db69e,RobroKools/vad-bert,c4c659fd17dd5807572b3f0f577de8c408401ca7,2.905097484588623,3.1179966926574707,3.2834184169769287
bc0e33c0ae81aa1ee13b4e46b68bcfe5bb9fa1b690bee2fc510998bb1a627073,RobroKools/vad-bert,c4c659fd17dd5807572b3f0f577de8c408401ca7,2.7705140113830566,3.05522894859314,3.1681900024414062
4ea88c56042d61e40563db9e7b95f19c5e852e8198f5d61ec08a5c0071272beb,RobroKools/vad-bert,c4c659fd17dd5807572b3f0f577de8c408401ca7,2.7781686782836914,3.112652063369751,3.1405282020568848
90bc920201adaf967a7c340ec0c10a4cd32c579f527c359137302f62c2edefeb,RobroKools/vad-bert,c4c659fd17dd5807572b3f0f577de8c408401ca7,2.8237335681915283,3.1480400562286377,3.174876928329468
d5083adc273ea4b59034f6a3cbb93705a0f49185821d59a5a2d8efc8fe199022,RobroKools/vad-bert,c4c659fd17dd5807572b3f0f577de8c408401ca7,3.0320165157318115,3.155113935470581,3.267874956130981
61e8a29d4c4a782031fd76fc147863e7f1389531db7b47219042ab3928c43089,RobroKools/vad-bert,c4c659fd17dd5807572b3f0f577de8c408401ca7,2.9703073501586914,3.135825157165528,3.2186431884765625
d5d7038de96bc7e11902c07ae61c5c4b2ea85654866df1f6448ebca34a47a8bd,RobroKools/vad-bert,c4c659fd17dd5807572b3f0f577de8c408401ca7,3.0212719440460205,3.1331465244293213,3.2605996131896973
bdd0396041ffdffdcbc78ff2f3ea824385ce86195e8bd44c710e21f897ad24f2,RobroKools/vad-bert,c4c659fd17dd5807572b3f0f577de8c408401ca7,3.151780128479004,3.0392162799835205,3.1829750537872314
284f991be66972552390255b9b004f26081378a6a3b2b995ed024e69fdf2758b,RobroKools/vad-bert,c4c659fd17dd5807572b3f0f577de8c408401ca7,3.2629740238189697,3.158548355102539,3.1989452838897705
011e032da9f3e7b8ddc55c304f7f5cfd832f334cfa6107942d664902c5de0552,RobroKools/vad-bert,c4c659fd17dd5807572b3f0f577de8c408401ca7,3.371830940246582,3.1377761363983154,3.199723482131958
4577c0dc2469659567467c687f62ba59668d69dc6654f95c639c049948448461,RobroKools/vad-bert,c4c659fd17dd5807572b3f0f577de8c408401ca7,3.2664077281951904,3.1883316040039062,3.258580446243286
be149796724e61cd0b88683b7d47aa1dce5bcaffc7794b77141a9f462eb8578c,RobroKools/vad-bert,c4c659fd17dd5807572b3f0f577de8c408401ca7,3.4140963554382324,3.148125410079956,3.251124858856201
247a5bf682239ac620a37bb5f9d81161cccc19fae942bd319cfabfb82eb8d16c,RobroKools/vad-bert,c4c659fd17dd5807572b3f0f577de8c408401ca7,3.309411764144897,3.1721909046173096,3.22022557258606
1f37a65f5522e431d3daa2357280c103959a629a5284203e53d20ca2b8492bee,RobroKools/vad-bert,c4c659fd17dd5807572b3f0f577de8c408401ca7,3.3479785919189453,3.148566961288452,3.306419610977173
ff31c5c6e26590ff44c117e57d1eee4f73f84c8d9a7fadc725e2e9e406c413da,RobroKools/vad-bert,c4c659fd17dd5807572b3f0f577de8c408401ca7,3.3851208686828613,3.1686675548553467,3.2291598320007324
158fca48b2cdb9af2e843dc662b55b46bf35bcfb7ecd3ad00eddaf407cc3144a,RobroKools/vad-bert,c4c659fd17dd5807572b3f0f577de8c408401ca7,3.222545862197876,3.1137888431549072,3.2168893814086914
76d8620f9074cd8e4e9a858eb4f695432581a30f5464a409844c2677edc26c3d,RobroKools/vad-bert,c4c659fd17dd5807572b3f0f577de8c408401ca7,3.224814891815185,3.170132875442505,3.2655022144317627
99e3361786d943dee17b6431c58c02ed31e50eda55e7fcf82c77770a5cd5cff1,RobroKools/vad-bert,c4c659fd17dd5807572b3f0f577de8c408401ca7,3.325531482696533,3.1307461261749268,3.2147886753082275
cc099d4991ec1c41b1c3bbae77e4a2a7564b67d9c6f3b832e29377f50fe83317,RobroKools/vad-bert,c4c659fd17dd5807572b3f0f577de8c408401ca7,3.403813123703003,3.158505916595459,3.2185604572296143
82f4aaf2d92af7a441bd3cab67b1380e56b15648ef28b7b6e32b126e1d59b1b4,RobroKools/vad-bert,c4c659fd17dd5807572b3f0f577de8c408401ca7,3.380775451660156,3.184956312179565,3.317811250686645
584e01a052ca65ebdc3de04e118f02a123ce76a035d044d9a769225f2cffe20e,RobroKools/vad-bert,c4c659fd17dd5807572b3f0f577de8c408401ca7,3.3869175910949707,3.1664955615997314,3.218709707260132
44774973eb11b8b28f7abd815a64e9048410a364d0cb2f0175661517755d5851,RobroKools/vad-bert,c4c659fd17dd5807572b3f0f577de8c408401ca7,3.3686599731445312,3.168382406234741,3.305872678756714
3b22f2706dc97f0b62df583fc559dae70b02b13c8392d4f2e0fe09220563cced,RobroKools/vad-bert,c4c659fd17dd5807572b3f0f577de8c408401ca7,3.392993211746216,3.1556122303009038,3.2237255573272705
abb00336c57a99c88582a332699c3288a9c19c71bcd7c2d8176418001ac9067d,RobroKools/vad-bert,c4c659fd17dd5807572b3f0f577de8c408401ca7,3.212398767471313,3.0763230323791504,3.188676118850708
010b626c5e2843e681305b91aac35a3e75f922ac0b0bc6f6a642a2db27eb700b,RobroKools/vad-bert,c4c659fd17dd5807572b3f0f577de8c408401ca7,3.231313705444336,3.074968099594116,3.306241512298584
3f03f3a7ee46084cd2b6d769efdf10dc0dabd25d2a47c317847d137b13a0bfb3,RobroKools/vad-bert,c4c659fd17dd5807572b3f0f577de8c408401ca7,3.3475167751312256,3.152710199356079,3.279014825820923
82a7198c8839fbc1ea0dd21027a8d7e95af98319e2d4f4a388c5552bcd0b9e78,RobroKools/vad-bert,c4c659fd17dd5807572b3f0f577de8c408401ca7,3.4320085048675537,3.089099884033203,3.271734476089477
12fba4546db98e45deeb7a149dc6894556f44467760bfce769bc511e5b2fda0b,RobroKools/vad-bert,c4c659fd17dd5807572b3f0f577de8c408401ca7,3.36932110786438,3.092402696609497,3.3339614868164062
9f9d06b4f93d9bd8da69df929731dd6ed3d48a3fc9e4b6c2b6165389138deb6a,RobroKools/vad-bert,c4c659fd17dd5807572b3f0f577de8c408401ca7,3.122924566268921,3.1114044189453125,3.172827959060669
371a0a7bea43c829c05711837a476c30bf5f282db224323d065131c41c8e4eb3,RobroKools/vad-bert,c4c659fd17dd5807572b3f0f577de8c408401ca7,3.165923357009888,3.135882616043091,3.323240041732788
ae70c18121cd8091bce8b7a5ca61867dbd4eb0f271a81a7d8f950e3c4b159766,RobroKools/vad-bert,c4c659fd17dd5807572b3f0f577de8c408401ca7,2.993275880813598,3.0986251831054688,3.193519830703736
dc4048f080399c2b4b7835a7e04637fc26696c5619c22056d6f07afd1d7566f5,RobroKools/vad-bert,c4c659fd17dd5807572b3f0f577de8c408401ca7,3.2133262157440186,3.1372318267822266,3.3494021892547607
0dd93d451ebf8d033d91db8f6d973fe6668f025612e7e3fe910b8adab3622c20,RobroKools/vad-bert,c4c659fd17dd5807572b3f0f577de8c408401ca7,2.9341800212860107,3.0765249729156494,3.1153998374938965
f725fadd5f79c582aabe8bae0745eeb3e5f3fe9289de0f4b6be926c5ba754355,RobroKools/vad-bert,c4c659fd17dd5807572b3f0f577de8c408401ca7,3.1562602519989014,3.111677646636963,3.286654233932495
7b953f6d4740a5541b6008e9476d1d88c80328ff15e519f9ebad531e1d681189,RobroKools/vad-bert,c4c659fd17dd5807572b3f0f577de8c408401ca7,3.1307880878448486,3.05566143989563,3.148354768753052
deff35d9f26d89921d77b1e27f3c192263e40d8bd638f6414a75318b43cbc47c,RobroKools/vad-bert,c4c659fd17dd5807572b3f0f577de8c408401ca7,3.180281400680542,3.1558620929718018,3.329192876815796
b405ad73437dde680538fe4a21e0d7a1726b944e570d5080c7dd21b4eaf986d1,RobroKools/vad-bert,c4c659fd17dd5807572b3f0f577de8c408401ca7,3.001880168914795,3.0717217922210693,3.133204460144043
89bd0458e0bee9c8ccaa1791a4efb9a14f9f2bcb5b1f0b64448ab5e3863ebfa5,RobroKools/vad-bert,c4c659fd17dd5807572b3f0f577de8c408401ca7,3.143014430999756,3.134834289550781,3.256113290786743
d8400227b029a54ea633caab8be003f5c89acd30235f0379576cf17fc4d49078,RobroKools/vad-bert,c4c659fd17dd5807572b3f0f577de8c408401ca7,2.6353023052215576,3.127804756164551,3.2253212928771973
5764786a5d6efaf4ad8e379fac6c68baabd002f90ae84f67a972b497b11242e4,RobroKools/vad-bert,c4c659fd17dd5807572b3f0f577de8c408401ca7,2.2996697425842285,3.1313133239746094,3.091299295425415
5b50fcc40af8022b4e2a3ce520ea683b7518b44ac70576a9f6baba8b9479b33b,RobroKools/vad-bert,c4c659fd17dd5807572b3f0f577de8c408401ca7,2.548623323440552,3.1266767978668213,3.099907636642456
63d2b6dfb620e69ee93d28a929fb3bb9066ff5a6915a5f2981a64ecde3f73a34,RobroKools/vad-bert,c4c659fd17dd5807572b3f0f577de8c408401ca7,2.5535576343536377,3.0118331909179688,3.1242618560791016
6c16e5e4bd682d666fd2d13428f9c06648c1bbaf9bde0a575c7ed9ff06ce1041,RobroKools/vad-bert,c4c659fd17dd5807572b3f0f577de8c408401ca7,2.557767629623413,3.02443528175354,3.118741035461426
73cb8563ee1c177735b2f6ff92a83b7faa37596787f7e44d7a039bc110c1d4bc,RobroKools/vad-bert,c4c659fd17dd5807572b3f0f577de8c408401ca7,2.637424230575561,3.1024062633514404,3.1165945529937744
ffc8bd6a76f75d8b3278e0bcb9ee6735f5de6e5d20035d10fc021955110e81fb,RobroKools/vad-bert,c4c659fd17dd5807572b3f0f577de8c408401ca7,2.56988525390625,2.991526365280152,3.173658609390259
99b901b94348e348ef4d9e56ac3ed765ec784f5380ead3c7250e8520e07e9578,RobroKools/vad-bert,c4c659fd17dd5807572b3f0f577de8c408401ca7,2.522221803665161,3.102288246154785,3.023277759552002
9699f5b5a3a9203a8a5c0c1c9706cc80faaab28a9b8283f236971449ee54cdcb,RobroKools/vad-bert,c4c659fd17dd5807572b3f0f577de8c408401ca7,2.5789053440093994,3.084264039993286,3.0809097290039062
a24a96a4426b4ee4ffa4d0d220a2bfd5cd1c0d23d313b29e44beb4df8e542a8e,RobroKools/vad-bert,c4c659fd17dd5807572b3f0f577de8c408401ca7,2.3759796619415283,3.040618896484375,2.9961087703704834
a64da4c2e242bc0f152fd3f2691be2933e2fda586513296bc2cc59d5f1e797a7,RobroKools/vad-bert,c4c659fd17dd5807572b3f0f577de8c408401ca7,2.861582040786743,3.0430376529693604,3.177394390106201
6e51f302ffe67c8a5e3a89da8d182c2560dce223bf18e8931c4d107c3215d500,RobroKools/vad-bert,c4c659fd17dd5807572b3f0f577de8c408401ca7,2.5624806880950928,3.016198873519897,3.0562899112701416
c0e6d8a9f3143b54d026eeccada4984a4ded659bf4f341dda0de90b2adc655a5,RobroKools/vad-bert,c4c659fd17dd5807572b3f0f577de8c408401ca7,2.629300832748413,3.082304000854492,3.142401933670044
343f0bd15200e89e6266ead56ad1de16fe4def68d8984c1ea860beacf5583d0e,RobroKools/vad-bert,c4c659fd17dd5807572b3f0f577de8c408401ca7,2.674363851547241,3.1309049129486084,3.125972986221313
dbffe8737b24bda590893b5df59ba6fd5823a16c14bc8ab12c936605bd965d82,RobroKools/vad-bert,c4c659fd17dd5807572b3f0f577de8c408401ca7,2.48097825050354,3.2363085746765137,3.0366287231445312
25ad186205f2cccf5e0fa398e8ee668836f9389fd9c901cd92e5c2454d9efc22,RobroKools/vad-bert,c4c659fd17dd5807572b3f0f577de8c408401ca7,2.68899154663086,3.1392385959625244,3.084014177322388
3efa535bf01b1e158c7741c3087b78283e1ad7d0e55b57062dcaa33f44a5ae0d,RobroKools/vad-bert,c4c659fd17dd5807572b3f0f577de8c408401ca7,2.853889942169189,3.0082266330718994,2.988532066345215
3bf217a1039f2710a8c89c003ffe4396796929a8a44a88fd79adfa21e8856e58,RobroKools/vad-bert,c4c659fd17dd5807572b3f0f577de8c408401ca7,2.91351318359375,3.1662893295288086,3.285342216491699
b953d7ca5404716cae572985191c901d6598d8b9e70dc6fb9d336b8613cef133,RobroKools/vad-bert,c4c659fd17dd5807572b3f0f577de8c408401ca7,2.4952633380889893,3.3246185779571533,3.043744802474976
55016d9daf115bb55033d6831e442b0a3fb94e58bd741cf24a831f00c7b2b060,RobroKools/vad-bert,c4c659fd17dd5807572b3f0f577de8c408401ca7,2.993082284927368,3.250874280929565,3.26281476020813
980fb92c13cc5a6c1d24da5c8d960b718920908a386bc183dec0a0274753516b,RobroKools/vad-bert,c4c659fd17dd5807572b3f0f577de8c408401ca7,3.015338897705078,3.018643379211426,3.1339385509490967
7df0b7f782742a23765c991373e70142b05d2811cf40563b8dfd1e56b79f3ea5,RobroKools/vad-bert,c4c659fd17dd5807572b3f0f577de8c408401ca7,2.887502908706665,3.199629783630371,3.3090593814849854
8d5a2cb93b2a55737e2741af277b29383742607005aa1f9b411f067ebfa5d94a,RobroKools/vad-bert,c4c659fd17dd5807572b3f0f577de8c408401ca7,2.7056188583374023,2.918952226638794,3.1435344219207764
d72eb6d62831c4f644258fdb0fc39bf12fe5a58b9337a48d7b284e518a7a040d,RobroKools/vad-bert,c4c659fd17dd5807572b3f0f577de8c408401ca7,2.654528856277466,3.193918466567993,3.1791858673095703
4d70cf0d202218720ffe7917e92290450b9d70bbeae9df775d50a4df1a8e67b5,RobroKools/vad-bert,c4c659fd17dd5807572b3f0f577de8c408401ca7,2.965593814849853,3.096404790878296,3.240003824234009
08c73cc6288d6b6213ab22cef814b647dd136943f216275d7c56f5eeccc557e0,RobroKools/vad-bert,c4c659fd17dd5807572b3f0f577de8c408401ca7,2.65216064453125,3.2363927364349365,3.049807548522949
2485b5dabf32be24dc5b6ddc93ab6f83d626819542b1ddc8641f04b9a7ea1331,RobroKools/vad-bert,c4c659fd17dd5807572b3f0f577de8c408401ca7,2.910512685775757,3.1477811336517334,3.164473533630371
752518fbd0a80490b741f4d6349a92d441393cc8a99f645e611e7c12c8ffdad8,RobroKools/vad-bert,c4c659fd17dd5807572b3f0f577de8c408401ca7,2.6468300819396973,3.2206521034240723,3.1342012882232666
7cc3bea3bb097eb86e2fe2a86b42a5866bf882c1e678637dd55da75cb5f9de4d,RobroKools/vad-bert,c4c659fd17dd5807572b3f0f577de8c408401ca7,2.953855514526367,2.8956429958343506,3.304527282714844
5e36cbbad39931098814cdae8f754f11aa8c9a514b9f8ed57e341ffe62f25d57,RobroKools/vad-bert,c4c659fd17dd5807572b3f0f577de8c408401ca7,3.175581216812134,3.339026689529419,3.3521928787231445
c94ab1b0f53a2dd4eb9822c8fa5aaaeaba5971d51ef3375767c09a427b8c93a9,RobroKools/vad-bert,c4c659fd17dd5807572b3f0f577de8c408401ca7,3.1267240047454834,3.085184335708618,3.3475677967071533
adff3f26f3f3465397a28b56824ae587a532370ee3026ebd99ee882972a9e312,RobroKools/vad-bert,c4c659fd17dd5807572b3f0f577de8c408401ca7,3.1753714084625244,3.093006134033203,3.344902753829956
6857b9d866fb0e6afdbcbe899984d56556d94d21cc6099094f459a625eaffc88,RobroKools/vad-bert,c4c659fd17dd5807572b3f0f577de8c408401ca7,3.1173765659332275,3.055300712585449,3.2288763523101807
ed3bcb90ec5283f37792cdb98cf2b22dc94113daa3105748a4c2a77c9cb20147,RobroKools/vad-bert,c4c659fd17dd5807572b3f0f577de8c408401ca7,3.344759702682495,3.095039129257202,3.198539018630981
9234c0ce9e04b75f0a8c88fea1e35ff730ce8aec778870d888474d2b608f38d5,RobroKools/vad-bert,c4c659fd17dd5807572b3f0f577de8c408401ca7,3.361354112625122,3.062852144241333,3.290306329727173
40b0a897641c333ed6bcdd322d6736f29a3b029cbddf885babd4507bc0cac2e2,RobroKools/vad-bert,c4c659fd17dd5807572b3f0f577de8c408401ca7,2.8491930961608887,2.987212657928467,3.248192310333252
c97718b6f9c92eacdbb568569f80f2654b34b352e79abcab52d0fbbd97ba73dd,RobroKools/vad-bert,c4c659fd17dd5807572b3f0f577de8c408401ca7,3.3842990398406982,3.2161476612091064,3.421510934829712
01c2c4215e81c2bea26b20ffc08d4a53c0ab5173f4e7a4b7c107e9cd4713c205,RobroKools/vad-bert,c4c659fd17dd5807572b3f0f577de8c408401ca7,3.41703724861145,3.262608766555786,3.515814781188965
9011b0f79675850ecaa224f9754d3f048744e7b3aa4bbcc6c1c81cf952aca1f0,RobroKools/vad-bert,c4c659fd17dd5807572b3f0f577de8c408401ca7,3.305389165878296,3.254287004470825,3.3265695571899414
0c10f78b0655ced754facb7b8dd30519c2a25781a29dd89dae5efe77bb6edc8c,RobroKools/vad-bert,c4c659fd17dd5807572b3f0f577de8c408401ca7,3.343433380126953,3.096914052963257,3.3508217334747314
ac03380a00afd37aacdab8538ff75da718dbad3da836ac76322bd0588ea22b59,RobroKools/vad-bert,c4c659fd17dd5807572b3f0f577de8c408401ca7,3.175426483154297,3.1712887287139893,3.2997887134552
5043256c6a42f584a998f1b92df6dc86859a72695af4057ce8facfa5103ee867,RobroKools/vad-bert,c4c659fd17dd5807572b3f0f577de8c408401ca7,3.244835138320923,3.112881898880005,3.303657293319702
8d57686aee6264d806f3f588f048df08ac886b8dd9ce60cea4c04cdfd7d8f579,RobroKools/vad-bert,c4c659fd17dd5807572b3f0f577de8c408401ca7,3.115412473678589,3.0922632217407227,3.1637630462646484
f5e8f33c11cc751734b9e919699ab6f048bb9968e77f276886d28a090cf70068,RobroKools/vad-bert,c4c659fd17dd5807572b3f0f577de8c408401ca7,3.275801420211792,3.0604193210601807,3.3191702365875244
8cb9b030cb6b8c9cbeb91640fed4b540ecf91fb3bedba33312e1f65e98be5ed1,RobroKools/vad-bert,c4c659fd17dd5807572b3f0f577de8c408401ca7,3.308823823928833,3.093112707138061,3.229344129562378
82d3a76b74bd6fcb62146409dffa4d5bd5b663828c232d990327949260106321,RobroKools/vad-bert,c4c659fd17dd5807572b3f0f577de8c408401ca7,3.0468404293060303,3.05166244506836,3.3486948013305664
685f0062e4dc8e37e2aab88f49be6b2851e92912c20f65ac71bc533666cdbcf4,RobroKools/vad-bert,c4c659fd17dd5807572b3f0f577de8c408401ca7,3.314453363418579,3.017120599746704,3.2866640090942383
d95a9c486eb6d863f839552f2a8b3076f46792418da6472dc9fe4ad1669260a7,RobroKools/vad-bert,c4c659fd17dd5807572b3f0f577de8c408401ca7,3.2185308933258057,3.167933702468872,3.2307322025299072
481441c4f6a88fd2b88548c9f44d233b6251976f97a047e2db241254ffd329bf,RobroKools/vad-bert,c4c659fd17dd5807572b3f0f577de8c408401ca7,3.3433916568756104,3.1075422763824463,3.35064697265625
9f389e43117ec35ff95aa9c5eb64537e193c5a75a26cdd0425180af39d60455f,RobroKools/vad-bert,c4c659fd17dd5807572b3f0f577de8c408401ca7,3.047913074493408,3.390020608901977,3.2310054302215576
503ba10f9e12d99377e6d1e7c48cbf0d26ec8beccb38941735d940679aa293ce,RobroKools/vad-bert,c4c659fd17dd5807572b3f0f577de8c408401ca7,3.3203680515289307,3.061436414718628,3.230724334716797
d24843b0dc18b45333c1528205c368af9893b4b5cb646d0248f82889361297e7,RobroKools/vad-bert,c4c659fd17dd5807572b3f0f577de8c408401ca7,3.171295166015625,2.990472316741944,3.197932243347168
9e9eb64ac288a437d8303e758ee725242b3b0342c887bd199b1e0e9a23fc1b47,RobroKools/vad-bert,c4c659fd17dd5807572b3f0f577de8c408401ca7,3.1872355937957764,3.152538537979126,3.1993677616119385
02089a729749bb8ec3d5e05a0e4d3f685c592c99d6e77f7fa4d578146c84ef71,RobroKools/vad-bert,c4c659fd17dd5807572b3f0f577de8c408401ca7,3.237980604171753,3.1425716876983643,3.277818441390991
c2f59fa1cd254bbb9900f2f558d91f96709c8cc0c8b6ae9fffc4ad427fa1b096,RobroKools/vad-bert,c4c659fd17dd5807572b3f0f577de8c408401ca7,3.2709364891052246,3.2434234619140625,3.3330464363098145
9068b0028a266e23ec89f8529a7bfebe9053c4ed5f2666256718bd609fa8f763,RobroKools/vad-bert,c4c659fd17dd5807572b3f0f577de8c408401ca7,3.1845548152923584,2.923252820968628,3.231088638305664
4343d10eb86e884aae99f9e716640b61b5a5bdcea8840fa6c0ce56b7c07da7cc,RobroKools/vad-bert,c4c659fd17dd5807572b3f0f577de8c408401ca7,3.675402402877808,3.3784754276275635,3.4639458656311035
3879f5daf3cdb979ec51dfe063ae1b2426e8d9a6a0cf5e77def45c6ff86178ed,RobroKools/vad-bert,c4c659fd17dd5807572b3f0f577de8c408401ca7,3.100842237472534,2.965240240097046,3.2272465229034424
98daa2acc82b9dba5d5234ec6aba0acecabefea88f51a9c82d98f605b21c571a,RobroKools/vad-bert,c4c659fd17dd5807572b3f0f577de8c408401ca7,3.2291834354400635,3.086872339248657,3.100804090499878
07d7ff83fe4ada3b66054b235388666023d41b22859c21a7616c3289227553ae,RobroKools/vad-bert,c4c659fd17dd5807572b3f0f577de8c408401ca7,3.24182677268982,3.2004010677337646,3.328894853591919
6e937e8f551c3562dcb760a78e07ec25bc5b66d9528eb8d7de646ff48155cf85,RobroKools/vad-bert,c4c659fd17dd5807572b3f0f577de8c408401ca7,3.160731077194214,3.196202516555786,3.291160821914673
8c432e3e52f7632a43515b7c90af0acdb603f5cdae782167ead6e1356d725d9c,RobroKools/vad-bert,c4c659fd17dd5807572b3f0f577de8c408401ca7,2.624659776687622,3.093675374984741,3.164937734603882
d436c6d840331ea15e2e3e04c90afc0e5479ace66368a3f66327bdf64cfc575c,RobroKools/vad-bert,c4c659fd17dd5807572b3f0f577de8c408401ca7,3.100913047790528,3.143235445022583,3.192754030227661
e037c79ffc8fcc4d1dc7dad59113d76488d3c61b1301f82e7c59cf23bffc5292,RobroKools/vad-bert,c4c659fd17dd5807572b3f0f577de8c408401ca7,2.5796830654144287,3.351136445999145,3.1260242462158203
bfff5d0f701332033591d9f09f8381869e08c302e1466f2a9e18bb98506bbd3f,RobroKools/vad-bert,c4c659fd17dd5807572b3f0f577de8c408401ca7,2.8811843395233154,3.0924651622772217,3.1694350242614746
e1bb37a52bf98aa0d91bbb7870db2317dfb0c34396855436bdc1a55d7e9c4f37,RobroKools/vad-bert,c4c659fd17dd5807572b3f0f577de8c408401ca7,2.7696802616119385,3.2776174545288086,3.197568655014038
f97bb977e2b71e31750dfcb08c664b42c03f79e2cd46c0401b935c82c50632e9,RobroKools/vad-bert,c4c659fd17dd5807572b3f0f577de8c408401ca7,3.008508443832397,3.1665289402008057,3.2671215534210205
fe8663ccb3b0138bce628cefef3c51fced330d1da5d52b6e756b72d049edb89e,RobroKools/vad-bert,c4c659fd17dd5807572b3f0f577de8c408401ca7,2.9043922424316406,2.9452450275421143,3.15832257270813
1e0cc596315215e2b6307d0137a1b1d14c2cebe79b2c016918e4d9c7566841ff,RobroKools/vad-bert,c4c659fd17dd5807572b3f0f577de8c408401ca7,2.912238359451294,3.16474986076355,3.235405206680298
ce8dd094f30dd8f97a2e8f72ffd6ad9ca34519418a4307cc2a1a42592bfbb402,RobroKools/vad-bert,c4c659fd17dd5807572b3f0f577de8c408401ca7,3.002969980239868,3.1350858211517334,3.2191085815429688
c34442bb9675e13d4bc17458500d792b99e203fdfb4f9095bd48a4ba69db6a67,RobroKools/vad-bert,c4c659fd17dd5807572b3f0f577de8c408401ca7,2.8005261421203613,3.067697763442993,3.2421889305114746
e36543eb7afad2f9645636a24b6b4325bc6961f3b8c0549c436630df5049bb6e,RobroKools/vad-bert,c4c659fd17dd5807572b3f0f577de8c408401ca7,2.9923598766326904,3.055553913116455,3.3553621768951416
f0a6f0c0a7f634a4bdf56a0577b3bec30d6594292aed35039c90a31424d19847,RobroKools/vad-bert,c4c659fd17dd5807572b3f0f577de8c408401ca7,2.5716922283172607,3.210124969482422,3.114760637283325
2b369da7b5c7e79875ae5f07a3da35ff46137651c91389937802fb26c5641146,RobroKools/vad-bert,c4c659fd17dd5807572b3f0f577de8c408401ca7,2.779738187789917,3.090315341949463,3.2296295166015625
97a6e0bcf4b2143fc6dc6b565c3f6c91ead802bc374ef573f43f247e37f2b5b5,RobroKools/vad-bert,c4c659fd17dd5807572b3f0f577de8c408401ca7,3.038836002349853,3.0643131732940674,3.2516767978668213
4e2437324eeed0cb8cff8a489c2a0f8d31124b0ad8b53f69fe4ce55f227f5615,RobroKools/vad-bert,c4c659fd17dd5807572b3f0f577de8c408401ca7,2.95695424079895,3.173175096511841,3.20496153831482
fa14a16cb492dddc491c86ca1b1bc61bbbc2cd87cf68f3ffa82ee168a832baf0,RobroKools/vad-bert,c4c659fd17dd5807572b3f0f577de8c408401ca7,2.833801031112671,3.179938793182373,3.2343175411224365
82ffb6e53f7b85f531519fc9cec54071703171d5a66a6efaf517acc3c33c6280,RobroKools/vad-bert,c4c659fd17dd5807572b3f0f577de8c408401ca7,2.7423887252807617,3.167263984680176,3.177297115325928
2ec7af0ed5e1a7c52c7c00d76eb07d2dfd6c1990bd14215e9a7c6b98e46cc8d2,RobroKools/vad-bert,c4c659fd17dd5807572b3f0f577de8c408401ca7,2.698143720626831,3.1027958393096924,3.1733591556549072
11389a1eddd1c74f30eced897f25ce6ef4bdb8f22f4eb0829a23a48417c8d464,RobroKools/vad-bert,c4c659fd17dd5807572b3f0f577de8c408401ca7,3.168393850326538,3.20452618598938,3.4339394569396973
582604de73623ab3b14cb7831d17cb79869c432f62b7403efe9401898abce57d,RobroKools/vad-bert,c4c659fd17dd5807572b3f0f577de8c408401ca7,2.778358221054077,3.0464463233947754,3.170790672302246
1ad14eea2c3f3bdea9b186e603ccb124c6f54ecefb03a5bb0d2f69d5ab4fe45a,RobroKools/vad-bert,c4c659fd17dd5807572b3f0f577de8c408401ca7,2.9469988346099854,3.249307632446289,3.2593774795532227
844154e3d97289a3f16a0bc8dd0829483dfbc8cf488551a167ae6482165194de,RobroKools/vad-bert,c4c659fd17dd5807572b3f0f577de8c408401ca7,2.824159383773804,3.094649076461792,3.205285787582397
bef074458fc03c4a92c0ec90269ef60cfe4e08287dc46ed46bd25b9ecfd5866d,RobroKools/vad-bert,c4c659fd17dd5807572b3f0f577de8c408401ca7,3.3493263721466064,3.103980779647827,3.335427761077881
ffd1cd3f10c9b90a23609147448bc889bfd945abb2d77af7afeec484e488d967,RobroKools/vad-bert,c4c659fd17dd5807572b3f0f577de8c408401ca7,3.046734571456909,3.0905749797821045,3.3132715225219727
f6d48edf8956d7d82f2a2e5727b04bc69a3ffc44fae411d8b0c2b17dee6cfbcb,RobroKools/vad-bert,c4c659fd17dd5807572b3f0f577de8c408401ca7,2.983628988265991,3.05161452293396,3.1684587001800537
709b808dfbe67258ca57a4b7b15b2e4ad97dbb41236780e0787272469d4d114e,RobroKools/vad-bert,c4c659fd17dd5807572b3f0f577de8c408401ca7,2.963303327560425,3.162428140640259,3.32342267036438
aa9d12eaf2bb2fdd0c02eea5ad20b7a4644bc8fd1cd9af652a3a2267a68bb549,RobroKools/vad-bert,c4c659fd17dd5807572b3f0f577de8c408401ca7,2.646730899810791,3.0954713821411133,3.4170162677764893
3cc0235a0438daeeb9c685e84408124e7daf5a6b4448001d78842600e5e406ad,RobroKools/vad-bert,c4c659fd17dd5807572b3f0f577de8c408401ca7,2.826487302780152,3.108600854873657,3.3580188751220703
7ab4b5f05b63b6a1498b20bc8e7987cf57aa3e111211313d1a6ef4509745ede9,RobroKools/vad-bert,c4c659fd17dd5807572b3f0f577de8c408401ca7,3.1713759899139404,3.040455102920532,3.3396317958831787
ecf9b1871c47c691e76f77a3759e12971e1c81b18166a1496cc9f72ec895245f,RobroKools/vad-bert,c4c659fd17dd5807572b3f0f577de8c408401ca7,2.877603769302368,3.0344088077545166,3.319206476211548
84b57a39877becadee13f172324df7bcdebe5459034cb43e0985d67b11e6153e,RobroKools/vad-bert,c4c659fd17dd5807572b3f0f577de8c408401ca7,2.7501697540283203,3.1355669498443604,3.3539624214172363
19a7bac9f52ea7e299979128513eb93ebef340b57e6a77597f6c2279f6d89d9e,RobroKools/vad-bert,c4c659fd17dd5807572b3f0f577de8c408401ca7,2.9134297370910645,2.970210075378418,3.373859167098999
f06308f9e8cfc443954cd9613ffd16d778158a6d2acd310fa3e4b53620b40c88,RobroKools/vad-bert,c4c659fd17dd5807572b3f0f577de8c408401ca7,3.047837495803833,3.1024694442749023,3.265639543533325
7c4fd8d5b832af488333e9fba93f074681de207eaec4d035bb7a732e734b6c25,RobroKools/vad-bert,c4c659fd17dd5807572b3f0f577de8c408401ca7,2.864311456680298,3.1341512203216557,3.314349412918091
1ca69bc5ae056dab486016b2b9b29fd8e23f658faeae32bf51d7cf1746f98559,RobroKools/vad-bert,c4c659fd17dd5807572b3f0f577de8c408401ca7,3.1627562046051025,3.0802156925201416,3.2306597232818604
cdd732c05c4a300505e6aeedba89e83671430eaf193b92e3b7d6e07b3da952d3,RobroKools/vad-bert,c4c659fd17dd5807572b3f0f577de8c408401ca7,2.719280242919922,3.14997673034668,3.236452579498291
8319459ddf9bddae2875f07732c9aebcf404016aab86e4aedab51d04e2bd13c8,RobroKools/vad-bert,c4c659fd17dd5807572b3f0f577de8c408401ca7,3.2881007194519043,3.170462846755981,3.3689486980438232
d7bc7cd1b189baccb01de311933110b09167a480844857dceea3818f9a8e5b6f,RobroKools/vad-bert,c4c659fd17dd5807572b3f0f577de8c408401ca7,3.335554361343384,3.043378591537476,3.266446828842163
617db5256334f80627824b5c106d81db49b449ae546c1f456ce66cee4d2a5094,RobroKools/vad-bert,c4c659fd17dd5807572b3f0f577de8c408401ca7,3.270920753479004,2.981672763824463,3.3362629413604736
7e91855eb06d4939d407397f617c22b4bf2770a3c071a41dfa97764ca208e15f,RobroKools/vad-bert,c4c659fd17dd5807572b3f0f577de8c408401ca7,3.103435516357422,3.1693379878997803,3.311070442199707
be8f3d1c5fda0c3dac76dd128f36173c54d70ad82f31c8a89cccd6fb92f6143d,RobroKools/vad-bert,c4c659fd17dd5807572b3f0f577de8c408401ca7,3.247423887252808,3.149468183517456,3.343858003616333
a9cca2315fb9a5d23428eaec3b62d9b96e49d061f28a10abf93c8a80d6b71f8d,RobroKools/vad-bert,c4c659fd17dd5807572b3f0f577de8c408401ca7,3.2517335414886475,3.0724751949310303,3.275397539138794
8bce2dea53d3a30d9f9076d7b9792dda0534665ebbb430e891aadc30601cdfd3,RobroKools/vad-bert,c4c659fd17dd5807572b3f0f577de8c408401ca7,2.984851121902466,3.069798707962036,3.1956167221069336
ce1a29c1486c21112f6cf467cd035a08844451090c328bc2885effe5119552ad,RobroKools/vad-bert,c4c659fd17dd5807572b3f0f577de8c408401ca7,3.145062208175659,3.050297975540161,3.2358314990997314
b1025db261c00ee0f6b648265ec9c8fb32ffa42e15da440027db3d2f9a01af50,RobroKools/vad-bert,c4c659fd17dd5807572b3f0f577de8c408401ca7,3.418729066848755,3.1554806232452397,3.2754154205322266
e95fbe9e035ad1793c07b03fbee3aa264a3bbaaf8fbb5860fbf874560d5ed54c,RobroKools/vad-bert,c4c659fd17dd5807572b3f0f577de8c408401ca7,3.2365705966949463,3.148395299911499,3.234017133712769
9ef99637b440ceb8ab285f23b5c76bc25588adfebcbf6c15fc1bf3fa91c056ee,RobroKools/vad-bert,c4c659fd17dd5807572b3f0f577de8c408401ca7,3.1352016925811768,3.0132339000701904,3.176081895828247
aa80dd95a4fc2d3fed2219fa118c2b0464d0f2ce9ba8dde4d6177e9e97d720e6,RobroKools/vad-bert,c4c659fd17dd5807572b3f0f577de8c408401ca7,3.2062618732452397,3.134467840194702,3.3671352863311768
54324692ae95f3b5d236f4a15d614f97a0065186506fc93f5afa5cc614e4b27f,RobroKools/vad-bert,c4c659fd17dd5807572b3f0f577de8c408401ca7,3.290189743041992,3.189849138259888,3.389648199081421
2225f8b10f818dcf6834ab9f674dfbf78b4af3c953a85495ca223d125627a579,RobroKools/vad-bert,c4c659fd17dd5807572b3f0f577de8c408401ca7,3.251706123352051,3.019378900527954,3.328896999359131
aa4982a2b1ecdc0c8b5ef793adb06315604c3aa1cf4f8e47c065e8666e61de24,RobroKools/vad-bert,c4c659fd17dd5807572b3f0f577de8c408401ca7,2.8792591094970703,3.043189287185669,3.13850474357605
cb09f32abc3b2370d8383a49fda04c39f2016033f2da098d3bfa135624202a3f,RobroKools/vad-bert,c4c659fd17dd5807572b3f0f577de8c408401ca7,3.168794631958008,3.257277011871338,3.3381597995758057
57f4c25b6754965acfe86b3de018358ef9966818d15d1b34b1827c9d8fd9e472,RobroKools/vad-bert,c4c659fd17dd5807572b3f0f577de8c408401ca7,3.2479822635650635,3.102463483810425,3.3618485927581787
d08e6a2ad3169aafc1dc0b0137666eb352a1ea3d9ebf5c2137f80b73432d14fb,RobroKools/vad-bert,c4c659fd17dd5807572b3f0f577de8c408401ca7,3.079933881759644,3.078613519668579,3.2937588691711426
2dadbfb3b7f6b1e3124e24ce2fdca230c697e6f49d2f51db8325b0b3704e1d01,RobroKools/vad-bert,c4c659fd17dd5807572b3f0f577de8c408401ca7,3.365081548690796,3.1081433296203613,3.362975597381592
236fcc9381cdf93b62a9ad9fbb3f4d287f2e7b937038a51004d5f42c5951bd4f,RobroKools/vad-bert,c4c659fd17dd5807572b3f0f577de8c408401ca7,3.0456438064575195,2.998265504837036,3.2133724689483643
316137b1fe1aca74ed6a66ea39a6277e0103659a545d2b4518e9e500294a0593,RobroKools/vad-bert,c4c659fd17dd5807572b3f0f577de8c408401ca7,3.264013767242432,3.1102659702301025,3.392293691635132
4c2b3c330d98aa8447dd7f92cb16897fd7cd2312073f8260ed8e52fb90a30c0d,RobroKools/vad-bert,c4c659fd17dd5807572b3f0f577de8c408401ca7,3.3842103481292725,3.1092336177825928,3.293275833129883
6fc68592ab30f727b76c74cc59b10f1502f1d02f3698afcaacae6534d741fffa,RobroKools/vad-bert,c4c659fd17dd5807572b3f0f577de8c408401ca7,2.996873378753662,2.979956865310669,3.340656042098999
e44f25584d89954530448ed7ceaaff16936f1322f33b39ecd57261ac5514f41a,RobroKools/vad-bert,c4c659fd17dd5807572b3f0f577de8c408401ca7,3.3028433322906494,3.120948076248169,3.2976176738739014
247baa4f990a2ebf8eab4d234a01a32b56c9377a57dffce6d728ee37f7718906,RobroKools/vad-bert,c4c659fd17dd5807572b3f0f577de8c408401ca7,3.1658828258514404,3.086700201034546,3.256808042526245
5beed26126b561edd05be4ddb424c7d80a49553d093127790d098d0ba11ad39d,RobroKools/vad-bert,c4c659fd17dd5807572b3f0f577de8c408401ca7,3.283607721328736,3.089638948440552,3.420132637023926
a870d1f9cbe661e38c6cd466ab14825bedfe05c33f0da5a738b75dee832582de,RobroKools/vad-bert,c4c659fd17dd5807572b3f0f577de8c408401ca7,3.193861246109009,3.0408055782318115,3.272679090499878
2f9a0332fae73c42bd567369d4d23e202e7fc63497cc5e80ef6105b873436f33,RobroKools/vad-bert,c4c659fd17dd5807572b3f0f577de8c408401ca7,3.0656681060791016,3.0673820972442627,3.224665880203247
41413af5071973fc6858fd6d83d9a662336de28242d0c1d1a697843eba965391,RobroKools/vad-bert,c4c659fd17dd5807572b3f0f577de8c408401ca7,2.630501508712769,3.188286066055298,3.1890249252319336
79b46bbf7c186af0a7aa14382a81f46e80cfe75ddc1e7ffd3af8f798a5fcde10,RobroKools/vad-bert,c4c659fd17dd5807572b3f0f577de8c408401ca7,2.751335859298706,3.17536997795105,3.2801222801208496
0252de0aeeceeeb3fa50f3a0b2a9404eb42d555dbccc6be5413d76f72e4f5f0a,RobroKools/vad-bert,c4c659fd17dd5807572b3f0f577de8c408401ca7,3.252485036849976,3.063372850418091,3.236875057220459
98bd716b369ce07ae70680868e9393231f4095a8bcccd0758f0dd72dd38c029f,RobroKools/vad-bert,c4c659fd17dd5807572b3f0f577de8c408401ca7,3.017416715621948,3.1637394428253174,3.29883885383606
f448b0892586db136a111bc4f2e75a8497806e62f905fe7cfd75069dbbebd37c,RobroKools/vad-bert,c4c659fd17dd5807572b3f0f577de8c408401ca7,3.0661091804504395,3.0635287761688232,3.2748947143554688
6db5615d97531e9977570ada1e1107b99689f106afdd7f96ead9c0817f2aee34,RobroKools/vad-bert,c4c659fd17dd5807572b3f0f577de8c408401ca7,2.588771104812622,3.0940964221954346,3.080694437026977
9deda8a867c365ad24d338dfbc4adebf8f163c2c74444ad6bfea8b671ab5538f,RobroKools/vad-bert,c4c659fd17dd5807572b3f0f577de8c408401ca7,2.7791049480438232,3.036508798599243,3.161385297775269
1a737a01519c5417da643db2596279f33db7c643de25a640074ebf6bd3f41747,RobroKools/vad-bert,c4c659fd17dd5807572b3f0f577de8c408401ca7,2.841902494430542,3.1906111240386963,3.292777299880981
bcc551402fc1c824aa1058d4f8e2e653efa9e0e6eedab21d7a278179cd110ec3,RobroKools/vad-bert,c4c659fd17dd5807572b3f0f577de8c408401ca7,2.940497398376465,3.049512386322021,3.1715972423553467
f02161617bf0f737e087b27900d6dbccada974292e9d82f3f891365aa06bf6ce,RobroKools/vad-bert,c4c659fd17dd5807572b3f0f577de8c408401ca7,2.847517251968384,3.128467082977295,3.249610424041748
96f3c02912ceecfa540dc34012aefdf3dbec72bd0d993ca79bb81684d87d0b46,RobroKools/vad-bert,c4c659fd17dd5807572b3f0f577de8c408401ca7,2.960701704025269,3.234825849533081,3.311333656311035
b1144d4eef6b686592741f9d70c137ba9f93ad37edcfe7fd1b1f100f2569845e,RobroKools/vad-bert,c4c659fd17dd5807572b3f0f577de8c408401ca7,2.8379604816436768,3.025439500808716,3.1600139141082764
c79a0b55e20ac7326ab4aafff9614598bc79ef2d57397db678fcebf7e5a75fbf,RobroKools/vad-bert,c4c659fd17dd5807572b3f0f577de8c408401ca7,2.9174468517303467,3.128774881362915,3.152437448501587
0d994ad3f58dce931295a10b366a21840749f92c4e9d8fe1be0f44691aebee30,RobroKools/vad-bert,c4c659fd17dd5807572b3f0f577de8c408401ca7,2.8972103595733643,3.152462720870972,3.2615389823913574
41c3f52eeba20f30bd995bdc7160dcb0af064e952fee3727505e88ed62e8aaf4,RobroKools/vad-bert,c4c659fd17dd5807572b3f0f577de8c408401ca7,2.893908739089966,3.013629674911499,3.245439291000366
0893602339a05a79ea2ac58b1963e539bcac8083dadadb6fdd293f30f6a5676c,RobroKools/vad-bert,c4c659fd17dd5807572b3f0f577de8c408401ca7,2.9411137104034424,3.1574065685272217,3.219431161880493
05b155da1a257e1873e4ac5831f34fdf0ce9b4680823424b9fab961fb2e690a8,RobroKools/vad-bert,c4c659fd17dd5807572b3f0f577de8c408401ca7,2.6800668239593506,3.110615491867065,3.088423013687134
bcf733de5a2fc51547a4956ae3a9f8d3ebf80f16d4fece370fc95771469c50e6,RobroKools/vad-bert,c4c659fd17dd5807572b3f0f577de8c408401ca7,2.778140068054199,3.135658502578736,3.1729230880737305
0df4e0c5f4eef617d44d6a4bb4f3afaf2e1433ff35534701acad2e06b22c28e2,RobroKools/vad-bert,c4c659fd17dd5807572b3f0f577de8c408401ca7,2.840978145599365,3.051411867141724,3.2919485569000244
a5703bfc03e3066796fc5b924f9c0919109e677e7333950184a217e4ae95080a,RobroKools/vad-bert,c4c659fd17dd5807572b3f0f577de8c408401ca7,3.0488898754119877,3.013258695602417,3.1661555767059326
5d8bfc62b16866d1029ed51a18f0961d1922b9e5cfc8f07185f5de9b67c9ba90,RobroKools/vad-bert,c4c659fd17dd5807572b3f0f577de8c408401ca7,2.8750789165496826,3.1664011478424072,3.2555320262908936
a5a819419497d599a5b8453dbb51523c14d6e329057ab24091de14f20d37b887,RobroKools/vad-bert,c4c659fd17dd5807572b3f0f577de8c408401ca7,2.6558263301849365,3.1599252223968506,2.996058464050293
916e62d13d682dbfcd1d1b2274e969f8570f0a3ff9c6a2319e8943cd64c8a7b3,RobroKools/vad-bert,c4c659fd17dd5807572b3f0f577de8c408401ca7,2.8464176654815674,3.180180072784424,3.240097761154175
9fbac4ae2ff3f4c54731834fd0d0ab42d6556648a6cc9d8f42091a1d1d52b3f6,RobroKools/vad-bert,c4c659fd17dd5807572b3f0f577de8c408401ca7,2.62394118309021,3.1490471363067627,3.312640905380249
4ef630527de71148399a97a9ab68fad9e3d6ea9d75d96e1749362351bdff78fb,RobroKools/vad-bert,c4c659fd17dd5807572b3f0f577de8c408401ca7,2.724304676055908,3.1864583492279053,3.1777493953704834
2e14de931bbaeb603e516ecfea5f990ea974921b9f7cb8568be93c1aa165e0d8,RobroKools/vad-bert,c4c659fd17dd5807572b3f0f577de8c408401ca7,2.8323814868927,3.056025743484497,3.234313726425171
3405ff65d5b1f8c41350c5304bedb9b43a6cc5ce9437921423b4448d5765c6e9,RobroKools/vad-bert,c4c659fd17dd5807572b3f0f577de8c408401ca7,2.7289493083953857,3.1801998615264893,3.1045897006988525
a1015080c3e2df77cf2662a0a62d59f6cf0b695ee7b9cfca5cc456b2d0228f47,RobroKools/vad-bert,c4c659fd17dd5807572b3f0f577de8c408401ca7,3.107329845428467,3.129689931869507,3.2272379398345947
fdf120d89e93b18e1a96f03852f1c8520744f787135d7c1d026d641c864aee92,RobroKools/vad-bert,c4c659fd17dd5807572b3f0f577de8c408401ca7,2.983760356903076,2.984871625900269,3.077966928482056
03a39231689c9bfca008a316b0a6a5a97a2e77ad29dd1e66630cf8da9bf24dcc,RobroKools/vad-bert,c4c659fd17dd5807572b3f0f577de8c408401ca7,2.795322895050049,3.1710426807403564,3.2236034870147705
86edeaad34b8c28b3aa731f3558380753dc8a14172f09a4500174d8494ca3e72,RobroKools/vad-bert,c4c659fd17dd5807572b3f0f577de8c408401ca7,2.623109102249145,3.2271664142608643,3.2935307025909424
62f97b9d94b03b02f887d0fd0b6bb860eff7b8023ea33d69ff4bf5649e23ac34,RobroKools/vad-bert,c4c659fd17dd5807572b3f0f577de8c408401ca7,2.806267499923706,3.199670553207397,3.2298152446746826
99903cc3ae3ba3915699e9a3c6374b84802fb6c693e4f11804f02343e0643cbb,RobroKools/vad-bert,c4c659fd17dd5807572b3f0f577de8c408401ca7,2.965596914291382,3.060746431350708,3.190476655960083
50b35b336979d40942a76b71cca83e97edefbbb677ec35574cada109ccadb21b,RobroKools/vad-bert,c4c659fd17dd5807572b3f0f577de8c408401ca7,3.2232813835144043,3.1472151279449463,3.407311201095581
8c7a603f3609cb45d08def1c564f34d5ffe32c461e125982b5ad318612be4c2f,RobroKools/vad-bert,c4c659fd17dd5807572b3f0f577de8c408401ca7,3.280362844467163,3.072784423828125,3.3712399005889893
3cc64ba70fdf902464f28e5b60418ba89775e777d7fe25be03a3d6832c71800a,RobroKools/vad-bert,c4c659fd17dd5807572b3f0f577de8c408401ca7,3.2295143604278564,3.0850837230682373,3.296506643295288
06c4f23a2676190c5e86a05f7fa381bb74b87276daae6951ad238b86447a3133,RobroKools/vad-bert,c4c659fd17dd5807572b3f0f577de8c408401ca7,3.266559839248657,3.153928756713867,3.3734138011932373
06f56e84e35ac80d66be80722f215b4ccb02a36cac61adb1ad0990467f9eb83f,RobroKools/vad-bert,c4c659fd17dd5807572b3f0f577de8c408401ca7,3.153807640075684,3.0599138736724854,3.1470143795013428
eb64715bc127a01b84b5375d23f98bf6e1d487af92ba1d978b4b659886e5230b,RobroKools/vad-bert,c4c659fd17dd5807572b3f0f577de8c408401ca7,3.295879602432251,3.2449545860290527,3.536409378051758
8de5398941400aca243eeb722ce1ecfe13ab7c9180867cf5a9205f40573888b9,RobroKools/vad-bert,c4c659fd17dd5807572b3f0f577de8c408401ca7,3.2758677005767822,3.0086472034454346,3.324792623519897
c3e612de097895e5d0a0be05dd28b5c806cdec284a7713f95d13c2061542e7ae,RobroKools/vad-bert,c4c659fd17dd5807572b3f0f577de8c408401ca7,3.1316163539886475,2.9438722133636475,3.2474539279937744
386f30d3fef7a1aaa5960d858b6ad5deab9e5de825dde822694b7fb9bc50af8c,RobroKools/vad-bert,c4c659fd17dd5807572b3f0f577de8c408401ca7,3.1765658855438232,3.108630895614624,3.3371388912200928
25807c86c036c69000eaaf5790426873813c60bfb016a932ec55698ab5228323,RobroKools/vad-bert,c4c659fd17dd5807572b3f0f577de8c408401ca7,3.0841400623321533,3.0240628719329834,3.229951858520508
3e1faec6c8e2c78e16ad5e28f13f31d1654b158702a795d47002d9c137703ec4,RobroKools/vad-bert,c4c659fd17dd5807572b3f0f577de8c408401ca7,3.1145360469818115,3.200051069259644,3.3938138484954834
bec1beea17f91dbc06d8fa548ebace44977b9c727280fe6a8003b917fde4cf37,RobroKools/vad-bert,c4c659fd17dd5807572b3f0f577de8c408401ca7,3.0029079914093018,3.0455880165100098,3.283247470855713
d87a0e10036920ef0a1e633b392f2386ba1217aabf16cc388d4f2e9ef6a3fb6f,RobroKools/vad-bert,c4c659fd17dd5807572b3f0f577de8c408401ca7,3.1383256912231445,3.239369630813598,3.479933977127075
159ac2b5dee5ca6f5efea85351ce2d95bb95f617c273bcde673256fdca664e4a,RobroKools/vad-bert,c4c659fd17dd5807572b3f0f577de8c408401ca7,3.08905029296875,3.0094704627990723,3.26128888130188
e0dc9ab141caaf8767bcaa3efdd1eeacda1f9d39708698be663ff2eb525b4cfb,RobroKools/vad-bert,c4c659fd17dd5807572b3f0f577de8c408401ca7,3.1207258701324463,2.953693628311157,3.275426387786865
01e1c28a27087075626b9ceeef88c7e358f9c90866af3adde66c90e6f0127db2,RobroKools/vad-bert,c4c659fd17dd5807572b3f0f577de8c408401ca7,3.22312593460083,3.1370532512664795,3.377233028411865
9af8c1443f8c66818096dcd0aad65a319682f0be11214fea34fce9a3ccf60b69,RobroKools/vad-bert,c4c659fd17dd5807572b3f0f577de8c408401ca7,3.20439076423645,2.9870047569274902,3.3492002487182617
f2180af4e8ef36c4b187436957728d86c76fd332a759aa8d4362373536b07ccb,RobroKools/vad-bert,c4c659fd17dd5807572b3f0f577de8c408401ca7,3.2303712368011475,3.040184259414673,3.333906412124634
8d9e68e9397eb873fe0c10fcfedd7beb57ab2af791b664db04254dcddc9ba7a5,RobroKools/vad-bert,c4c659fd17dd5807572b3f0f577de8c408401ca7,3.3720290660858154,3.136021375656128,3.3391237258911133
7ed59cc932dcb04fbbaf6969d17079209389219dc98b8b5954ab694a4cb262e9,RobroKools/vad-bert,c4c659fd17dd5807572b3f0f577de8c408401ca7,3.338979721069336,3.2885191440582275,3.3518588542938232
02597659dd9ec5ec5f9e40ff633ff74700b667b010c86cd84fe49c3022b973f1,RobroKools/vad-bert,c4c659fd17dd5807572b3f0f577de8c408401ca7,3.1759045124053955,3.079641103744507,3.3271141052246094
ae65ce0a7258b55ea2b01d17cb3eecd1f2c36546b9d372d98e21bdc275c4d50f,RobroKools/vad-bert,c4c659fd17dd5807572b3f0f577de8c408401ca7,3.4296622276306152,3.174998998641968,3.2839200496673584
cd0377a36927006b67396a9688dcaa20b9b9e4d3c2ec28e5cdbd5932d1933ea6,RobroKools/vad-bert,c4c659fd17dd5807572b3f0f577de8c408401ca7,3.332369089126587,3.1960952281951904,3.298702478408813
dcca18d1d6d0c5a4099c954d2f0e8432ccdd09bc25755f3e3ce067ab2e659882,RobroKools/vad-bert,c4c659fd17dd5807572b3f0f577de8c408401ca7,3.3233485221862797,3.132112741470337,3.352163553237915
b2e6589e29c68dd008b383363009880d1270742dcf29f19785cade8bb704f890,RobroKools/vad-bert,c4c659fd17dd5807572b3f0f577de8c408401ca7,3.247725009918213,3.051985502243042,3.3529248237609863
dfb5cea2878eb42532815a0b1c3e9b5ea649d976389b17bced67645ba6b5f0fc,RobroKools/vad-bert,c4c659fd17dd5807572b3f0f577de8c408401ca7,3.5564117431640625,3.2428224086761475,3.4679572582244877
fa2c6a2e3822cbb461e4f15f4625d90f46464f74edad6bd481a53beb41855545,RobroKools/vad-bert,c4c659fd17dd5807572b3f0f577de8c408401ca7,3.3627607822418213,3.307313203811645,3.418998003005981
7d0deab5c8c0d2428aafc8fcf70d79d59aa1eb4bb652f4911ff61330e0b7e250,RobroKools/vad-bert,c4c659fd17dd5807572b3f0f577de8c408401ca7,3.5382416248321533,3.1439054012298584,3.366624593734741
c7b876064b62a850f56cd4f22dc52e39a661fb04b8a828fe5b5edaa7ba98e805,RobroKools/vad-bert,c4c659fd17dd5807572b3f0f577de8c408401ca7,3.4314115047454834,3.225578546524048,3.298789501190185
1b5d8dd374441d68bebf776c1a03e67c3898cfb64037f29e1c090510b3514633,RobroKools/vad-bert,c4c659fd17dd5807572b3f0f577de8c408401ca7,3.605122566223145,3.3152287006378174,3.477324247360229
3c98c41f463bff222e28b94945b3c96ae05820d39a8dcce8fcc14b0cbacef9de,RobroKools/vad-bert,c4c659fd17dd5807572b3f0f577de8c408401ca7,3.588794469833374,3.179518461227417,3.4229531288146973
f79ae82030b2ad9dcd7131172055487aba514f953503fc5bc8741d06f7d68041,RobroKools/vad-bert,c4c659fd17dd5807572b3f0f577de8c408401ca7,2.489624261856079,3.1725049018859863,2.9844510555267334
92548606c49aedfb5cba040c550e05637d86c20a0c29e89ade5b2f2c4e48aa6e,RobroKools/vad-bert,c4c659fd17dd5807572b3f0f577de8c408401ca7,2.9711287021636963,2.9674184322357178,3.2794907093048096
dfafbf5a58630a75a9fe49d1ad4f33db8d9615d0696af1acc88832074ffd3b10,RobroKools/vad-bert,c4c659fd17dd5807572b3f0f577de8c408401ca7,3.1560330390930176,3.1519453525543213,3.3024189472198486
36aaac9edac14fa98cfd1490b7a7a47b4f5f84c24a62ef35a978934291229e7b,RobroKools/vad-bert,c4c659fd17dd5807572b3f0f577de8c408401ca7,2.7696433067321777,3.074280023574829,3.235057592391968
c35a38b2739cc45766d9808306064a0381457539fdec9d9ed946cb8db54013f4,RobroKools/vad-bert,c4c659fd17dd5807572b3f0f577de8c408401ca7,2.9615366458892822,2.997610569000244,3.205120325088501
a6a1bee0a6815b65a5afa1bddc738f05af4b7096079e9918a98bc8a591c79a28,RobroKools/vad-bert,c4c659fd17dd5807572b3f0f577de8c408401ca7,3.059997081756592,2.9119465351104736,3.2635669708251958
7a00f851aa9c100aa9d54ef98df2aa00a37078b9403f27dc83a1bd5718164613,RobroKools/vad-bert,c4c659fd17dd5807572b3f0f577de8c408401ca7,2.7501022815704346,3.13237738609314,3.109752893447876
b1150dffceb43d21bb6c1925dfb53a55cf83ad82e8fc392140e4dc7a5ead348b,RobroKools/vad-bert,c4c659fd17dd5807572b3f0f577de8c408401ca7,2.816075801849365,3.168316602706909,3.3170876502990723
884e0505166c60804c990a1d4e7f7178d202868b7d4e568611349ed74fa347ad,RobroKools/vad-bert,c4c659fd17dd5807572b3f0f577de8c408401ca7,2.7121121883392334,3.111983060836792,3.00928807258606
4f1b633494a582474624d28221b6a8f4604920887969303e2ace5bb0d1f66b3e,RobroKools/vad-bert,c4c659fd17dd5807572b3f0f577de8c408401ca7,2.6708900928497314,3.093230962753296,3.081666946411133
1c9eaaf0db4835791cad0313160ef0d33e09d382009acf1a7a521917902717fd,RobroKools/vad-bert,c4c659fd17dd5807572b3f0f577de8c408401ca7,2.6467411518096924,3.1371567249298096,3.133434772491455
95b020b582b5cd7867cd8e9365cd40e0610b9773472222a03ca6ffabd248307c,RobroKools/vad-bert,c4c659fd17dd5807572b3f0f577de8c408401ca7,2.7194764614105225,3.0687267780303955,3.171665668487549
441b97d8b7bf9faf0e7ed95f64ba2ac366b29bc3451b7386debe4c8c3d1d4932,RobroKools/vad-bert,c4c659fd17dd5807572b3f0f577de8c408401ca7,2.8848917484283447,3.127776861190796,3.297563314437866
f7723e3aac09d69be7022502f66eaef5b99595693c86d8e421d75b58358b7942,RobroKools/vad-bert,c4c659fd17dd5807572b3f0f577de8c408401ca7,2.870173454284668,3.0022568702697754,3.1406924724578857
e1efe5448e3d90896ff6a3cb28eddd89641859f9b48e1fc76a0bc8b570d8ff62,RobroKools/vad-bert,c4c659fd17dd5807572b3f0f577de8c408401ca7,2.8788390159606934,3.064985036849976,3.234246015548706
335a767627cba3569dcd6a946d1bbdad1502d8544a479f0a687f693e4ce9d923,RobroKools/vad-bert,c4c659fd17dd5807572b3f0f577de8c408401ca7,2.7106688022613525,3.1893413066864014,3.227458238601685
5cb523df5fb64d26a604d8cbf76c5aae9d0c2df9c61fa1f0452843ffe643d72e,RobroKools/vad-bert,c4c659fd17dd5807572b3f0f577de8c408401ca7,2.7464640140533447,3.131481170654297,3.2759621143341064
2b4ad0d75b7007d24ed32ee54e74bc0751707ccd40885abd98542e501396e923,RobroKools/vad-bert,c4c659fd17dd5807572b3f0f577de8c408401ca7,2.674336671829224,3.103179454803467,3.251284599304199
c5032a9ca342b5fc5dacd6be3e85ce90d6dc897ddeabee597b8cb86d2f6a1103,RobroKools/vad-bert,c4c659fd17dd5807572b3f0f577de8c408401ca7,2.5903635025024414,3.133642196655273,3.2651424407958984
42a0dcd4c2de31a509e9fd709deb4b00e3c5345a3ee9218664a120115c8a18a0,RobroKools/vad-bert,c4c659fd17dd5807572b3f0f577de8c408401ca7,2.7533323764801025,3.143195390701294,3.1930935382843018
2164fac5b9a4dc298cf39a0774727b709a2e25c215d1ac01843048010d8bfe19,RobroKools/vad-bert,c4c659fd17dd5807572b3f0f577de8c408401ca7,2.658130407333374,3.1612660884857178,3.2054898738861084
3a3540d3170d292106d2b27ea55c9f7bc1a601940fce1d872c8dfcf7cb502e88,RobroKools/vad-bert,c4c659fd17dd5807572b3f0f577de8c408401ca7,2.7136809825897217,3.0679848194122314,3.1310763359069824
8612d7eed179662c511bbd17a4a8142e63e24113968cf9943c8b3a49074195a6,RobroKools/vad-bert,c4c659fd17dd5807572b3f0f577de8c408401ca7,2.7190134525299072,3.088102340698242,3.1072680950164795
99c896911e3fbbe26384ce4b6965662e2f08d4d7e9d2794c54dff31ca1d39105,RobroKools/vad-bert,c4c659fd17dd5807572b3f0f577de8c408401ca7,2.5983407497406006,3.1711082458496094,3.186213970184326
a5b3dbe9a7f790103628c26a028fea1b5496f7fc3a484f8eedd29cea79df8c66,RobroKools/vad-bert,c4c659fd17dd5807572b3f0f577de8c408401ca7,2.7517220973968506,3.1580631732940674,3.1552584171295166
914b4e165ccf69579517924eadfb8931eb3875db28c465c897324f43f4b5c538,RobroKools/vad-bert,c4c659fd17dd5807572b3f0f577de8c408401ca7,2.729227066040039,3.0824577808380127,3.111130475997925
be558b43c6c923552d8d85e331aa966fb388cd8990a5d4f3789779b39950106a,RobroKools/vad-bert,c4c659fd17dd5807572b3f0f577de8c408401ca7,2.725975275039673,3.110695600509644,3.156101942062378
2f4a6258d8edd26f88293f3573286682c87557fd5b3439a959f5008c624b46e0,RobroKools/vad-bert,c4c659fd17dd5807572b3f0f577de8c408401ca7,2.678126096725464,3.101460695266724,3.1684787273406982
537803952315ef4b6f5ed77cc4d1e9a6703c075c4a9613bca47c9cd91049a542,RobroKools/vad-bert,c4c659fd17dd5807572b3f0f577de8c408401ca7,2.765774965286255,3.142335891723633,3.136000871658325
cbe70cede5a4b0584d4be87f6b5d83b16eaa7579d570ebe6438d50f94f78674d,RobroKools/vad-bert,c4c659fd17dd5807572b3f0f577de8c408401ca7,2.6952223777771,3.086191415786743,3.1152708530426025
4818242ded1f586221969333d2464cf5beff05bdbcdf302fb31dadcaa464dfaa,RobroKools/vad-bert,c4c659fd17dd5807572b3f0f577de8c408401ca7,2.676093816757202,3.097329378128052,3.1116957664489746
a8b6af70a6daded6ca370b38ced19b809a06e8dcc26c2ba2664a9d050460ca0f,RobroKools/vad-bert,c4c659fd17dd5807572b3f0f577de8c408401ca7,3.01326060295105,3.138444662094116,3.261448860168457
4e0204bcb375dfc917e5be12bddefa34f2e6f773720e0b454f9bb21e1f450cf3,RobroKools/vad-bert,c4c659fd17dd5807572b3f0f577de8c408401ca7,2.847498178482056,3.108680725097656,3.030763626098633
ae8f391c6b4ba41c242376913ab52ce1d242ef4dc005fa82169d075f8f170800,RobroKools/vad-bert,c4c659fd17dd5807572b3f0f577de8c408401ca7,3.155603170394897,3.0029971599578857,3.455985307693481
b2c9e9d7040eeb6812f1fba015ba22711436608f603a38c8b3921cae06d794e4,RobroKools/vad-bert,c4c659fd17dd5807572b3f0f577de8c408401ca7,3.172499895095825,3.115957498550415,3.260712146759033
6c8b6cfdc9e7ba91931523cddc98d7d18bcbad17a6e6a76e0ff06f9a93837f6f,RobroKools/vad-bert,c4c659fd17dd5807572b3f0f577de8c408401ca7,2.9191038608551025,3.077693223953247,3.4654340744018555
d12174b0919e6765eceda8f8eafd87c07fd886e0450065e959fba8932312160d,RobroKools/vad-bert,c4c659fd17dd5807572b3f0f577de8c408401ca7,3.1554219722747803,3.0949156284332275,3.26371431350708
7e4ea6424033cef29dabb7cb50750c9bdf975cc7b5f70aca5eadb916244e3d72,RobroKools/vad-bert,c4c659fd17dd5807572b3f0f577de8c408401ca7,2.8969948291778564,3.0766923427581787,3.34058690071106
b2728c36c22a7d5edc37fcc6dbd3b19347fa38d23147e631c3f8881e31107c9e,RobroKools/vad-bert,c4c659fd17dd5807572b3f0f577de8c408401ca7,3.074646234512329,3.037292003631592,3.3727080821990967
39906437ca1e7916f3ff40fee33f6c71a42d803910fa9e30ae7484970ecd4230,RobroKools/vad-bert,c4c659fd17dd5807572b3f0f577de8c408401ca7,3.022554397583008,3.0561444759368896,3.3888542652130127
962be6f5d5e62e5d65504cb1a612db52234dee7311a57202093bcdba0c6dbae4,RobroKools/vad-bert,c4c659fd17dd5807572b3f0f577de8c408401ca7,3.138645648956299,2.977928638458252,3.357858419418335
5e729ff2f113a22708acccd0c6433e9d1f226662273a9f2f4e826a50d69ced72,RobroKools/vad-bert,c4c659fd17dd5807572b3f0f577de8c408401ca7,3.157618999481201,3.02502965927124,3.434654951095581
81e022aa576e3e1ce02dea942ae62c26851fe0b9432200919517861da196f0ec,RobroKools/vad-bert,c4c659fd17dd5807572b3f0f577de8c408401ca7,3.2331857681274414,3.030795097351074,3.383063077926636
74b8867f016404c53bf15082133b6f5dd6d11747bdb268cbf669fc04deae8d30,RobroKools/vad-bert,c4c659fd17dd5807572b3f0f577de8c408401ca7,3.154672145843506,3.2118608951568604,3.4522740840911865
87ef55d5e8a9e94992d7926713c414b2b219ccab4c32550c7f9183c37c3469ab,RobroKools/vad-bert,c4c659fd17dd5807572b3f0f577de8c408401ca7,3.2098488807678223,3.029507875442505,3.380613088607788
54a5b2e8761fc13333335e1b0070a13cfc4ce6f9526ce93dad0afec19644d83a,RobroKools/vad-bert,c4c659fd17dd5807572b3f0f577de8c408401ca7,3.162555932998657,3.1646292209625244,3.1945972442626958
fea7fdc425729b1621b317efaf1973ecbb98c06cc67499880635a107d5affdf8,RobroKools/vad-bert,c4c659fd17dd5807572b3f0f577de8c408401ca7,3.114989757537842,2.978035688400269,3.3990299701690674
ebc22466d511a8a4fa7a3e317ffca7364b552472119c1df4f4ade0b24514bb7d,RobroKools/vad-bert,c4c659fd17dd5807572b3f0f577de8c408401ca7,2.751706838607788,3.1050732135772705,3.155380964279175
e83e5c92755db3174a557294d77af860b4b2f7e63db41986d5dd1cdd3bd3f582,RobroKools/vad-bert,c4c659fd17dd5807572b3f0f577de8c408401ca7,2.666668176651001,3.0954573154449463,3.173497438430786
724a5fe17361de2ce5fd6c067a0d5c400069f23c94b055408f3eda90eff2f3c2,RobroKools/vad-bert,c4c659fd17dd5807572b3f0f577de8c408401ca7,2.685605049133301,3.10713791847229,3.206627130508423
50ead5b81e4447d03f6a118bd4271d1be4144cda0d08b7f1aa0a7cf8d476d850,RobroKools/vad-bert,c4c659fd17dd5807572b3f0f577de8c408401ca7,2.765193223953247,2.967731237411499,3.1055266857147217
294bba728392e16a9a93c52ec310e47ccc116ca44a925b5b7d934f96a239ee17,RobroKools/vad-bert,c4c659fd17dd5807572b3f0f577de8c408401ca7,2.708900690078736,3.040826797485352,3.1505863666534424
d1be617db5cb23c87a68f98b545ebbbcca310f9e0c2aabb25286e49900d67a70,RobroKools/vad-bert,c4c659fd17dd5807572b3f0f577de8c408401ca7,2.518178701400757,3.036384344100952,3.0278637409210205
381521e8ef875796c0fdecfafb71d3bf95f41e5e7e001d6bfc3a10cd16728841,RobroKools/vad-bert,c4c659fd17dd5807572b3f0f577de8c408401ca7,2.45481276512146,3.1303722858428955,3.06764554977417
7368c0ade94f9ae8492d4f66cd72a7f2083236ef3906367026a47c9ef0851699,RobroKools/vad-bert,c4c659fd17dd5807572b3f0f577de8c408401ca7,2.5688629150390625,3.076057910919189,3.109964370727539
8e66a1cb4567dc48da2a602eef339784cae9e953d696ef343ed04916809610c8,RobroKools/vad-bert,c4c659fd17dd5807572b3f0f577de8c408401ca7,2.654461622238159,3.0757768154144287,3.111911535263061
823a87f98843e50cfdc662c0d627131fb10c6e3022ea42473119f70e7151c4b0,RobroKools/vad-bert,c4c659fd17dd5807572b3f0f577de8c408401ca7,2.552684545516968,3.067718267440796,3.0761187076568604
26e1504f20a142618305bf94f8c9171e70f6cfe85a8267aadd14da7d3f082752,RobroKools/vad-bert,c4c659fd17dd5807572b3f0f577de8c408401ca7,2.6804606914520264,3.021281719207764,3.137334108352661
2a09592390294702d134de5c3fd1cdbfb03942215bfe8040414d100b9766b498,RobroKools/vad-bert,c4c659fd17dd5807572b3f0f577de8c408401ca7,2.556635856628418,3.145846128463745,3.108698606491089
10943e4077591ef5bfdf02003be53bea9b8655e02f44f678df4a30e5692d1429,RobroKools/vad-bert,c4c659fd17dd5807572b3f0f577de8c408401ca7,2.632831335067749,3.092340469360352,3.117168664932251
674dcba3eacc0c01bcc6db7413234be618bcc6027a52198945688d448ee926e4,RobroKools/vad-bert,c4c659fd17dd5807572b3f0f577de8c408401ca7,2.512817144393921,3.089548349380493,3.075347185134888
db019d7cfd6f06209611c093a60592bb069bfdf0338a0457d2e1223aa1d89780,RobroKools/vad-bert,c4c659fd17dd5807572b3f0f577de8c408401ca7,2.6815555095672607,3.0717484951019287,3.122056484222412
21d09c45457eda84579acb53e46473e676605686395a791c1d409e3eab3093bc,RobroKools/vad-bert,c4c659fd17dd5807572b3f0f577de8c408401ca7,2.48942232131958,3.103532552719116,3.0354442596435547
f57c0c61af896cd7bbfb36149e22b8a1a2927f3dd6a18f456d7476052235feee,RobroKools/vad-bert,c4c659fd17dd5807572b3f0f577de8c408401ca7,3.1438522338867188,3.076414108276367,3.2400944232940674
2d12cde84caf09a5b3a75fa84e95a75afad3e6558eb9c9d10f1ec25cbd0c98e9,RobroKools/vad-bert,c4c659fd17dd5807572b3f0f577de8c408401ca7,3.3491885662078857,3.198903560638428,3.4330756664276123
5f0035e2a05e6b42eddc13c5a99a65f00e1f971bbbd4a3c7a431b7144bb561b5,RobroKools/vad-bert,c4c659fd17dd5807572b3f0f577de8c408401ca7,3.2291483879089355,2.9675228595733643,3.2503650188446045
5b69433d90e68c38f4d764e9b9b3e8853497e5aeeb97f0b029b120ece2318296,RobroKools/vad-bert,c4c659fd17dd5807572b3f0f577de8c408401ca7,3.3423783779144287,3.148839235305786,3.4022881984710693
f5465de882390136d9dd4c015c6db987a161ac62aec76b5d0b3594d7b92eb672,RobroKools/vad-bert,c4c659fd17dd5807572b3f0f577de8c408401ca7,3.299981117248535,3.0857222080230717,3.2384653091430664
1e4b2ec09841476f9accf14c60f08fc037079b0ecf0db6eaf56ae6bfe6451e9d,RobroKools/vad-bert,c4c659fd17dd5807572b3f0f577de8c408401ca7,3.356473207473755,3.0403621196746826,3.329139947891236
666f2447e7829929f98afa7b329fb73578de70dd2e3adb5c7095882a695ec4f8,RobroKools/vad-bert,c4c659fd17dd5807572b3f0f577de8c408401ca7,3.2557413578033447,2.9862582683563232,3.2454497814178467
1aa3cb96b526578099aedf6bad45835c880179cc6ce3525f148314194972c22d,RobroKools/vad-bert,c4c659fd17dd5807572b3f0f577de8c408401ca7,3.35588002204895,3.143171548843384,3.361156702041626
d553e191701563d7edddebf7d41961521bafd889e6c1c9a331da8bf8c5f5d6f0,RobroKools/vad-bert,c4c659fd17dd5807572b3f0f577de8c408401ca7,3.332329750061035,3.148649215698242,3.2945027351379395
4fc68850ab9a9591afcf2eb2d01a81b28d80ae74875fcfaf82e0daf6dc5fad92,RobroKools/vad-bert,c4c659fd17dd5807572b3f0f577de8c408401ca7,3.2760822772979736,3.085895776748657,3.305830240249634
16b075f57785fa3b5773a30188ee974758e1aa809378187711fc3bd83fc720f7,RobroKools/vad-bert,c4c659fd17dd5807572b3f0f577de8c408401ca7,3.308413505554199,3.1828298568725586,3.3332409858703613
20740ffd466bb76a3917a2f6fbd0aa57041b200058eb7b471fe970be736e27b6,RobroKools/vad-bert,c4c659fd17dd5807572b3f0f577de8c408401ca7,3.2472620010375977,2.910010576248169,3.308110475540161
bd0139ac18718dd8599356cb0abac2091e4fcb2b36934081a281190903041a07,RobroKools/vad-bert,c4c659fd17dd5807572b3f0f577de8c408401ca7,3.3653717041015625,3.153371810913086,3.345643281936645
5f7ffbf13d5591652741a7f047257e5300d7a49dae5654e5653106156df91b08,RobroKools/vad-bert,c4c659fd17dd5807572b3f0f577de8c408401ca7,3.2667131423950195,2.956284284591675,3.3399364948272705
8e86e225fef1d157278adf40ece10c426813c1cc27d514a9669d7d0e3eba127f,RobroKools/vad-bert,c4c659fd17dd5807572b3f0f577de8c408401ca7,3.3338053226470947,3.0204732418060303,3.304106473922729
043364211ff0542c4b3c7816ab524ffdafd1790bb3df1d3779af98eba9cf1acf,RobroKools/vad-bert,c4c659fd17dd5807572b3f0f577de8c408401ca7,3.23122239112854,2.973949670791626,3.304317712783813
c74d9efa61b0e6660fe0058bd20a19ef8970ab51f6be4ee8dc1e2157f6898746,RobroKools/vad-bert,c4c659fd17dd5807572b3f0f577de8c408401ca7,3.375878095626831,3.15461802482605,3.276055097579956
ff54a6f7c81eb2596f2c5cb5154bc099b498e8adc658417eb1fee8f02e124250,RobroKools/vad-bert,c4c659fd17dd5807572b3f0f577de8c408401ca7,3.091981172561645,3.1568732261657715,3.207749128341675
fa47ce165ce6c3aa2c97b384cfbd1c08458771c9828bcfbd9d5d020943ee76d2,RobroKools/vad-bert,c4c659fd17dd5807572b3f0f577de8c408401ca7,3.1430139541625977,3.063637971878052,3.3203165531158447
f78cc53adbe37d4d89301fdb1941c7d12f19e9b20d8f04f5f0cbf0a98ad52109,RobroKools/vad-bert,c4c659fd17dd5807572b3f0f577de8c408401ca7,3.068068742752075,2.922612428665161,3.192805767059326
064cf51f34fcc72d6bb2e7d6976acadfdaaa8c9eafb5b1c74f4dc5ad71028065,RobroKools/vad-bert,c4c659fd17dd5807572b3f0f577de8c408401ca7,3.0892579555511475,3.0634853839874268,3.193143844604492
fefdfbd88066ed5ca2d763a8800afa844f69c054c866ed974120c5279e99070a,RobroKools/vad-bert,c4c659fd17dd5807572b3f0f577de8c408401ca7,3.14372992515564,3.0605716705322266,3.2119603157043457
46396b5362446fa79dc5d0d8ea77cd9f0abc32fb36802a8f2a4508a14d0bb3f1,RobroKools/vad-bert,c4c659fd17dd5807572b3f0f577de8c408401ca7,3.232287645339966,3.142648696899414,3.2360188961029053
6890262e3d52184761907324132c87ab37ae3df5222b0b2cba0ff700b0913281,RobroKools/vad-bert,c4c659fd17dd5807572b3f0f577de8c408401ca7,3.220332622528076,2.910505771636963,3.2009365558624268
1b1ed18d8d8386596b1b5b21c1ce7df2f0680ea4cf0456201cf85640cc96f9cb,RobroKools/vad-bert,c4c659fd17dd5807572b3f0f577de8c408401ca7,3.3582184314727783,3.237638235092163,3.345944404602051
7d32bd48409ecc52ac07862fc12720a3f6e4ebae6a38d8a6a0ce8d04a88e6fb8,RobroKools/vad-bert,c4c659fd17dd5807572b3f0f577de8c408401ca7,3.312385320663452,3.1515934467315674,3.2535653114318848
e538a7ab94ce7837a2dab919ea18070feb0df834ace41d8e194e1c8d395e374f,RobroKools/vad-bert,c4c659fd17dd5807572b3f0f577de8c408401ca7,3.1783664226531982,3.1244919300079346,3.239307165145874
b6b9faff2e9ee0290d44ffafcc10203469fb700f66c277fda43078fbb037196c,RobroKools/vad-bert,c4c659fd17dd5807572b3f0f577de8c408401ca7,3.300461769104004,3.1805460453033447,3.276233673095703
f9264f566078616d0a6d4acb2829ea378a1d407ca499ccce77dd0b36bcc0818f,RobroKools/vad-bert,c4c659fd17dd5807572b3f0f577de8c408401ca7,3.316572427749634,3.2438971996307373,3.237816095352173
77bc9a5076f74856f45621f3f910c75a74fdc70f1ab1201c3aeecd95c6be1455,RobroKools/vad-bert,c4c659fd17dd5807572b3f0f577de8c408401ca7,3.211145162582397,3.1956799030303955,3.301445484161377
e512e75630d48451c518f9e9e5202157003c193b5711574efc7011ee629e14e4,RobroKools/vad-bert,c4c659fd17dd5807572b3f0f577de8c408401ca7,3.246027708053589,3.1564481258392334,3.279568672180176
f8a85adbe7042167167dcbe19cea869fe8ea7d46e4679bc4a228950b83516d1a,RobroKools/vad-bert,c4c659fd17dd5807572b3f0f577de8c408401ca7,3.273411273956299,3.1403958797454834,3.1940391063690186
7016620b65b449724de5c4957fe1ccdbd5db7250f9afd7446185b3f714da065e,RobroKools/vad-bert,c4c659fd17dd5807572b3f0f577de8c408401ca7,2.494023561477661,3.274747848510742,3.0718259811401367
1fcd39bb3bfbe38e563b47f358f66db204f28a3d756ea547b2144a00fa7ad877,RobroKools/vad-bert,c4c659fd17dd5807572b3f0f577de8c408401ca7,2.603808641433716,3.150087118148804,3.042278289794922
8008c759a6a67f43163134c20060f43fa81c7f91cb4b3778ed137387c1c98674,RobroKools/vad-bert,c4c659fd17dd5807572b3f0f577de8c408401ca7,2.773237943649292,3.1264302730560303,3.211711168289185
c57637b06e27b696c7754d11e1d590e740e9cf887cc7c6c700d935f6da37c845,RobroKools/vad-bert,c4c659fd17dd5807572b3f0f577de8c408401ca7,2.898667812347412,3.206651449203491,3.163991928100586
cd9d11823ebda936ef690a761931a9196915d94d1d59504b852b2b8826a62dc2,RobroKools/vad-bert,c4c659fd17dd5807572b3f0f577de8c408401ca7,2.954111099243164,3.0036516189575195,3.258091926574707
043af9ab18b1c7f076d5ccf9ae1376be0f6d952e47dcea0659db06dd385091bb,RobroKools/vad-bert,c4c659fd17dd5807572b3f0f577de8c408401ca7,2.6953067779541016,3.2156765460968018,2.990465879440308
d797c94ab3889e74a8c554958c701e7148e090cffc0c1742bb7f5c1a296b1000,RobroKools/vad-bert,c4c659fd17dd5807572b3f0f577de8c408401ca7,2.850731134414673,3.311164140701294,3.230586290359497
a0114f84537842a31b568235aad020afa5cdd0f531301dc62ac58706919415e3,RobroKools/vad-bert,c4c659fd17dd5807572b3f0f577de8c408401ca7,2.901786088943481,3.107261180877685,3.049349069595337
83bcc30a1a66ccae3e895ed23d0d12f4f6aa014f1367cea697265d0f651f99f3,RobroKools/vad-bert,c4c659fd17dd5807572b3f0f577de8c408401ca7,2.672940492630005,3.1677632331848145,3.20967698097229
6b3db3951fc3c684a82d225241be7d6433ef152a8a8a4e1939c40f0ccea252ba,RobroKools/vad-bert,c4c659fd17dd5807572b3f0f577de8c408401ca7,2.8300135135650635,3.1704323291778564,3.1867949962615967
88054fe8bb3cf50732f347d2501b69f499871d868a5497555b4dfb79a52acd5a,RobroKools/vad-bert,c4c659fd17dd5807572b3f0f577de8c408401ca7,3.1149206161499023,3.1670849323272705,3.251059055328369
03385888ace247afa5f136e784b032657e11066f0b12bc3b72e6ac8934e45d34,RobroKools/vad-bert,c4c659fd17dd5807572b3f0f577de8c408401ca7,2.7282755374908447,3.225511312484741,3.2730953693389893
02b96fc67ed08786f78c3f37ace1c44b1e09c58fe5fb0627ae978c250e00f1ab,RobroKools/vad-bert,c4c659fd17dd5807572b3f0f577de8c408401ca7,2.9106547832489014,3.074270725250244,3.1597883701324463
7e8b9b2fe9885250384bef4962f81c732fa2e1a0827ea7ae1bb04197709937f6,RobroKools/vad-bert,c4c659fd17dd5807572b3f0f577de8c408401ca7,3.06505823135376,3.203591108322144,3.241974115371704
55cd96f807864cffcd1a4ba6539465a84d09fcb5d84eb8900c5049fca9311fb1,RobroKools/vad-bert,c4c659fd17dd5807572b3f0f577de8c408401ca7,2.9827396869659424,3.094047784805298,3.24265456199646
73bde81d5e8ba19e7bb046a96d62fd2a3e4ed973002a3a71f3bc37368a00e91b,RobroKools/vad-bert,c4c659fd17dd5807572b3f0f577de8c408401ca7,3.073440790176392,3.1530277729034424,3.29905104637146
1663fca3767f6ea010f482ca7330e45e94dbc70b38fc5865010b3a422d4e9360,RobroKools/vad-bert,c4c659fd17dd5807572b3f0f577de8c408401ca7,3.0641000270843506,3.1429240703582764,3.288511037826538
8e7afa23c8bb4f02397798a4574d3874c3b30a30f394807ad3b3916006f825bd,RobroKools/vad-bert,c4c659fd17dd5807572b3f0f577de8c408401ca7,2.756427526473999,3.1474194526672363,3.088289499282837
cf07ffe87fa86658b2446c5303d2d7dd0456e1d75db17308c164e6a2f5cae3e7,RobroKools/vad-bert,c4c659fd17dd5807572b3f0f577de8c408401ca7,2.545020580291748,3.1446287631988525,2.9793455600738525
0ceb0738cf826cfcda583c473e564367e17229647f315f3bf1a816bcf16606e1,RobroKools/vad-bert,c4c659fd17dd5807572b3f0f577de8c408401ca7,2.8829433917999268,3.0827419757843018,3.2096645832061768
6ca1afb4393084a06d6064e76c5fa37297376035a16d8897c72b535894755a13,RobroKools/vad-bert,c4c659fd17dd5807572b3f0f577de8c408401ca7,3.065505027770996,3.098412275314331,3.3550965785980225
1dc3fe91f092a700a2194f8f84d14a5eadd52999848cfaf7b1065f2d93b1fe8e,RobroKools/vad-bert,c4c659fd17dd5807572b3f0f577de8c408401ca7,2.806696653366089,3.172919750213623,3.2317793369293213
04c5bca3225b1fabae948b7de7f99bb7163b1426cea119688fe43a6854852869,RobroKools/vad-bert,c4c659fd17dd5807572b3f0f577de8c408401ca7,2.900768518447876,3.0679266452789307,3.283653497695923
8990d4ed93d6d248262a3ed5f77198b0951bf5919f565504b1a6498664ce223d,RobroKools/vad-bert,c4c659fd17dd5807572b3f0f577de8c408401ca7,2.6893832683563232,3.107339143753052,3.303950071334839
5c3202226f020a2caa1b7ac85074bc639d1cfacb1907ebf4b1dd1d2fa2ba8307,RobroKools/vad-bert,c4c659fd17dd5807572b3f0f577de8c408401ca7,3.040558099746704,3.1569321155548096,3.341059923171997
22b17974a2b400310b14e64bb733ea28ff36eb412ecae3bdc99c24c05ba834dc,RobroKools/vad-bert,c4c659fd17dd5807572b3f0f577de8c408401ca7,2.919795036315918,2.922182321548462,3.1694345474243164
52c791106fcfd9606b46781cfa74da3b81541c8c54cb6c106d5f300d22f3cb4e,RobroKools/vad-bert,c4c659fd17dd5807572b3f0f577de8c408401ca7,2.9404873847961426,3.1010358333587646,3.279526710510254
8cdeeb4988f2d297826d05704ac5fc88b949f8d7b427648110480840c3cffdf2,RobroKools/vad-bert,c4c659fd17dd5807572b3f0f577de8c408401ca7,2.836333990097046,3.1070055961608887,3.247922658920288
34713a460a66c5eff1754500a9edb92ab0b8d6558bfb3dd9633b446d02e3993a,RobroKools/vad-bert,c4c659fd17dd5807572b3f0f577de8c408401ca7,2.857588052749634,3.2074761390686035,3.310900449752808
60575c6e21d20a13b09fdc5d1f3ee257e24f042a6f332b72bba415be19a36aaa,RobroKools/vad-bert,c4c659fd17dd5807572b3f0f577de8c408401ca7,2.827200174331665,3.1032192707061768,3.249517679214477
afb42746bc154bea88d4f76145b064876eb5f87bb7809ec4bc771a8bb2a42686,RobroKools/vad-bert,c4c659fd17dd5807572b3f0f577de8c408401ca7,2.7155282497406006,3.1680634021759038,3.2431399822235107
b48d24adcd0351549202b2cee1140754b502cdce1236bd8c44dd70d5b5a4842b,RobroKools/vad-bert,c4c659fd17dd5807572b3f0f577de8c408401ca7,2.992835760116577,3.0514657497406006,3.2689037322998047
a53868ccd4b3a1eaa9b7349652f5fc73c4bfa0a3c99d765dfecb3ce852ef6244,RobroKools/vad-bert,c4c659fd17dd5807572b3f0f577de8c408401ca7,3.2479705810546875,3.095237493515014,3.19076943397522
9648964c457d68de4b32a0ca154050ec80ca5a076b3fd36078c2e5e80c555931,RobroKools/vad-bert,c4c659fd17dd5807572b3f0f577de8c408401ca7,3.495879411697388,3.319126844406128,3.290034532546997
832a23b371e3344d05970760367605a36b72c8aa155436faf8348488d9fa7e9b,RobroKools/vad-bert,c4c659fd17dd5807572b3f0f577de8c408401ca7,2.8220021724700928,3.119955778121948,3.1335771083831787
5b186f66ca81aafe5cb7d1751930f3b169342145e7c10ad3bea914ca6244e299,RobroKools/vad-bert,c4c659fd17dd5807572b3f0f577de8c408401ca7,3.2886431217193604,3.116607427597046,3.269648313522339
ca74c9e6dee2d63440b9cbce52bc0f30cd0e04319f73a2161cd00250c1703f58,RobroKools/vad-bert,c4c659fd17dd5807572b3f0f577de8c408401ca7,3.206981420516968,2.938306331634521,3.27046799659729
09aacbcaa15944127dca00df8e12e3c99f1a535d546c7a8a18bcedf81320a50d,RobroKools/vad-bert,c4c659fd17dd5807572b3f0f577de8c408401ca7,3.086498737335205,2.989455223083496,3.250013589859009
18c2b9d6e94cecd14a122748679db9db0523fccb81b66a059ebff29e3f0e8403,RobroKools/vad-bert,c4c659fd17dd5807572b3f0f577de8c408401ca7,3.1673502922058105,3.090155124664306,3.4434547424316406
b7cf81ef29fab00771a23685a98f2a2b4727297bce6b711604e7831bef2a735b,RobroKools/vad-bert,c4c659fd17dd5807572b3f0f577de8c408401ca7,3.0160038471221924,3.4445300102233887,3.4681434631347656
4a21fdfd6f96aacf5b81a2aa6d0f39744f4f55c5498792c1e9d523728f7a2613,RobroKools/vad-bert,c4c659fd17dd5807572b3f0f577de8c408401ca7,3.153908491134644,3.050078868865967,3.307945966720581
10e4482138318c134e4ae1da102aaf89537dc60c7e05348d8b21965de0467c89,RobroKools/vad-bert,c4c659fd17dd5807572b3f0f577de8c408401ca7,3.0553886890411377,3.028165817260742,3.2944345474243164
897e44b172a221e88705dfe3cc6820be9c14c2edf6adb46d4815c56be7f24bd2,RobroKools/vad-bert,c4c659fd17dd5807572b3f0f577de8c408401ca7,3.1364121437072754,3.053830862045288,3.273326873779297
8ec8c6c36b1f6f0c646769e0496acbcc18d1ea5600c706552db6b98bc481fd7b,RobroKools/vad-bert,c4c659fd17dd5807572b3f0f577de8c408401ca7,3.182745218276977,2.948920488357544,3.261706590652466
a5726ecdae42022f00f9ba09a680f15a90dda62d2fb106dbd92d8f29dde6db74,RobroKools/vad-bert,c4c659fd17dd5807572b3f0f577de8c408401ca7,3.1033565998077397,3.001512050628662,3.4149787425994877
31cdf8b3aaec7a34c81db637c17353655876e10a6c9576cdf73152f455670414,RobroKools/vad-bert,c4c659fd17dd5807572b3f0f577de8c408401ca7,3.174527406692505,2.992600679397583,3.3988635540008545
87f838b1eb50da8b3eab3fdb36ecfa9348bbcb75e17bc996594b3c5eca474eaf,RobroKools/vad-bert,c4c659fd17dd5807572b3f0f577de8c408401ca7,2.9475109577178955,3.0207536220550537,3.309033870697021
aa4dfe188e4bed95e75729eb523ae738583f468fdd941f88b4c4e2adf55fe556,RobroKools/vad-bert,c4c659fd17dd5807572b3f0f577de8c408401ca7,3.018068790435791,3.0647101402282715,3.2384274005889893
53d146a45c55dec315109bd76c14e5f236f6483eb6b2fae73de99c81858044af,RobroKools/vad-bert,c4c659fd17dd5807572b3f0f577de8c408401ca7,2.9318199157714844,3.133708238601685,3.087280750274658
581db7d7b7f173aa49f88662d67f5e9c18cf14aa0bb47cf9a8a9c5af5f86307e,RobroKools/vad-bert,c4c659fd17dd5807572b3f0f577de8c408401ca7,3.186859607696533,3.08003830909729,3.173357963562012
607d3faecf178ed5eaa733027c34fb337ce8917821ccebd40936632de3c5e154,RobroKools/vad-bert,c4c659fd17dd5807572b3f0f577de8c408401ca7,3.138779163360596,3.2390294075012207,3.2078473567962646
886561a97291949e2809de62632feb77f6c262e993e8b7fbf99316ccfe07d465,RobroKools/vad-bert,c4c659fd17dd5807572b3f0f577de8c408401ca7,3.503166437149048,3.2408998012542725,3.3521175384521484
fd24fc9b8dd560499ff0ef46c39c4f8cf65252f1bf8d77b699c4380df8f148ca,RobroKools/vad-bert,c4c659fd17dd5807572b3f0f577de8c408401ca7,3.418020486831665,3.235573530197144,3.360984563827514
8b10ae54067de6fd859e05bb57cfda53c36c89015a9f73404ab6ae318f7b516b,RobroKools/vad-bert,c4c659fd17dd5807572b3f0f577de8c408401ca7,3.2568185329437256,3.250638484954834,3.3245325088500977
2fcfc5781b5cf897be6d0c42e550499743c240de7358eacd5adbb4aa0d2f61fe,RobroKools/vad-bert,c4c659fd17dd5807572b3f0f577de8c408401ca7,2.8041017055511475,3.007924795150757,3.28250789642334
020e7b27c8c31806d2a1c18a273b352c69254d6a8d160a8f7291540ed2c95d47,RobroKools/vad-bert,c4c659fd17dd5807572b3f0f577de8c408401ca7,3.3362605571746826,2.979853391647339,3.441816568374634
71dc995352605b7ee31ff02dd7af899e84b7e4dab60f1faafcd2557a5ada37bf,RobroKools/vad-bert,c4c659fd17dd5807572b3f0f577de8c408401ca7,2.979884624481201,2.9773099422454834,3.12980055809021
bfa0d87fbb7861fa3ea32c407b09c8f7e9b0a44c732096ebd79108163894d087,RobroKools/vad-bert,c4c659fd17dd5807572b3f0f577de8c408401ca7,3.222231149673462,3.1709680557250977,3.349935293197632
11672828375135cc9d1e52e4311dda20145cb78154c460b6fecb388f3b531fd1,RobroKools/vad-bert,c4c659fd17dd5807572b3f0f577de8c408401ca7,3.2802886962890625,3.035104513168335,3.425396203994751
2af26da469a3a11c1c548a87257d9021eb5da035291c1cd9fe225ab0eba0500a,RobroKools/vad-bert,c4c659fd17dd5807572b3f0f577de8c408401ca7,3.2515079975128174,2.9830567836761475,3.343385934829712
588ba6459efe9d7ea786b3b08b67b049b0e077b3c5862e70f8d7c3c3e3b6d775,RobroKools/vad-bert,c4c659fd17dd5807572b3f0f577de8c408401ca7,3.1380374431610107,3.145838499069214,3.3855578899383545
25a31ddcb189fb2e15c3e445e9461c3165b09217134becc0b379ab211160bbd8,RobroKools/vad-bert,c4c659fd17dd5807572b3f0f577de8c408401ca7,3.115217447280884,3.0590174198150635,3.3348910808563232
74ed2dd7719e556c8254ccc2cc8007b3843a8e50b9c656d8f370349d596242e4,RobroKools/vad-bert,c4c659fd17dd5807572b3f0f577de8c408401ca7,2.5799782276153564,3.2279205322265625,3.255424737930298
1fb459751473c8b3d533d947a1d013311f3adae8a924a6d696635eb840aab3b5,RobroKools/vad-bert,c4c659fd17dd5807572b3f0f577de8c408401ca7,3.057121992111206,3.0976316928863525,3.118625402450561
abf596ab996e5c65e73c9ee6bb378d057eb5c699ea1f76f9fd6f3aea6af2918a,RobroKools/vad-bert,c4c659fd17dd5807572b3f0f577de8c408401ca7,2.3914644718170166,3.363748788833618,2.841277599334717
72bde0c52576db309bfc20e99fb816298cc2f11baad8306550f4416018fa9f0b,RobroKools/vad-bert,c4c659fd17dd5807572b3f0f577de8c408401ca7,3.034348487854004,3.062696933746338,3.270348310470581
fbe380a4c42d13e8f5e4e49a0440afc9374850213079e6691e78a2200d41e42a,RobroKools/vad-bert,c4c659fd17dd5807572b3f0f577de8c408401ca7,2.9807393550872803,3.181277275085449,3.3103768825531006
7dbf70fcbff36f554bfd9f849cde561745b696ecd935f942c28d8c083d7b1ea5,RobroKools/vad-bert,c4c659fd17dd5807572b3f0f577de8c408401ca7,2.9766275882720947,3.1966748237609863,3.295438528060913
38a69ecbe5c8cda9d979bd1c41f1fef2e7b3108cc76ce0bfdd5624b9603b5986,RobroKools/vad-bert,c4c659fd17dd5807572b3f0f577de8c408401ca7,2.848387718200684,3.200110912322998,3.3568332195281982
9a8c47bc7702c6e50af2c32bb9c0fe803e2b1f8613fe0220bed9b41f9db784f8,RobroKools/vad-bert,c4c659fd17dd5807572b3f0f577de8c408401ca7,2.994004011154175,3.040396451950073,3.3156187534332275
42f4c1407fb055e906d89269cd833c9788fed6af1827258e8ae654645ac79151,RobroKools/vad-bert,c4c659fd17dd5807572b3f0f577de8c408401ca7,2.696563482284546,3.091606855392456,3.216454267501831
88046e8a3a3303189ec4a2af6947b295cd3df95217ea279a61cb2ff1d665e136,RobroKools/vad-bert,c4c659fd17dd5807572b3f0f577de8c408401ca7,3.073897123336792,3.025033950805664,3.248099565505981
1486039fdf6175e7f1baaa0f26da5b99ebd85948f0405fe757eaf91e07373b59,RobroKools/vad-bert,c4c659fd17dd5807572b3f0f577de8c408401ca7,2.859093189239502,3.1778724193573,3.283884048461914
e1e697edbc4e942298dc4904799d058ec7033c3e33d4c7c32bb65b882f11f62e,RobroKools/vad-bert,c4c659fd17dd5807572b3f0f577de8c408401ca7,2.746203899383545,3.1490867137908936,3.256268262863159
078ed752bfdf0d314fbe9f4703349575de88bc4a316653b8b7a733e2e8048bb1,RobroKools/vad-bert,c4c659fd17dd5807572b3f0f577de8c408401ca7,2.945417642593384,3.1043801307678223,3.2875916957855225
b20ee11903139543f1dddaf6fd25786be95d189c97b3ce73f9714fca73d587bc,RobroKools/vad-bert,c4c659fd17dd5807572b3f0f577de8c408401ca7,2.682342767715454,3.033367395401001,3.2560837268829346
25085923c042d678e9dff82437f36b8c76766fe595877e15d21ed955b31f9f0a,RobroKools/vad-bert,c4c659fd17dd5807572b3f0f577de8c408401ca7,2.7788403034210205,3.2246100902557373,3.16531753540039
694f8fbc162ff089a74fcc66a50424eb287b7b67e63a5bdca0f2c00726936451,RobroKools/vad-bert,c4c659fd17dd5807572b3f0f577de8c408401ca7,2.838069200515747,3.137106418609619,3.3050167560577397
277c3843aebb1addb39ed7f3690a3e49adc8f673e06179e9c064822332d25ef5,RobroKools/vad-bert,c4c659fd17dd5807572b3f0f577de8c408401ca7,2.804681301116944,3.161507368087769,3.223482370376587
dfb778c73e8bd53878354f4ebeabf9c080cc0cbc1d3b9c8772ab01035380a099,RobroKools/vad-bert,c4c659fd17dd5807572b3f0f577de8c408401ca7,2.9910647869110107,3.07537841796875,3.1311960220336914
dc1bc3137e6007b77157a3318044682c8cea78d397ed8956f4a229599bc92534,RobroKools/vad-bert,c4c659fd17dd5807572b3f0f577de8c408401ca7,2.979702472686768,3.152766227722168,3.216054201126098
2f1fb3aca2d444e85fe2b044f806b37039f87be65111e38ffc7604878741ed23,RobroKools/vad-bert,c4c659fd17dd5807572b3f0f577de8c408401ca7,2.8196375370025635,3.0652263164520264,3.3154115676879883
8caf2f2275cf18fc395a2cf4d451c24ff52d8bc91ee61d95adfe40dc82349946,RobroKools/vad-bert,c4c659fd17dd5807572b3f0f577de8c408401ca7,2.967817068099976,3.2162070274353027,3.3148205280303955
f38a613c39fa21b2fe34b389870ffb8c1f65b0052573727c10af666b677bb01f,RobroKools/vad-bert,c4c659fd17dd5807572b3f0f577de8c408401ca7,3.09975266456604,2.9380416870117188,3.315542459487915
b1a3d4b8b28af330ab871b97c7a71fc3f1c56db9495baf0ab0dde89fcf52eb2d,RobroKools/vad-bert,c4c659fd17dd5807572b3f0f577de8c408401ca7,2.9028265476226807,3.014009475708008,3.188969612121582
69d0707d5730880b093e18eaf53a85bd5aeb492d5b0d9605ccdd8b76a10842e4,RobroKools/vad-bert,c4c659fd17dd5807572b3f0f577de8c408401ca7,2.848680019378662,3.072023630142212,3.24505877494812
c8a948c4b6762e41fa95ab0cb47bf6890bee4f5db02641d9532fd7e2a0a69625,RobroKools/vad-bert,c4c659fd17dd5807572b3f0f577de8c408401ca7,3.0581305027008057,2.979697227478028,3.3217074871063232
e7e3b46ce0b6bd531e8f61deebef6e26a9839bfd9654aa7c93f9c9f7fce674d5,RobroKools/vad-bert,c4c659fd17dd5807572b3f0f577de8c408401ca7,3.0081892013549805,3.168862581253052,3.144359827041626
e28cb220a077b11deb810e50014bf5ed45867d8492443de88b8133bcba8c924b,RobroKools/vad-bert,c4c659fd17dd5807572b3f0f577de8c408401ca7,2.848127603530884,2.8852970600128174,3.0448668003082275
0d5a4fe863e50335969d5fa6bf3a0b383e4471429da14c1054fef4c42b7d2d40,RobroKools/vad-bert,c4c659fd17dd5807572b3f0f577de8c408401ca7,2.782911539077759,3.134626626968384,3.181877851486206
aea8052058bd397de6abc543986df545ab7e9281dc59b248d2938a8fe8816144,RobroKools/vad-bert,c4c659fd17dd5807572b3f0f577de8c408401ca7,3.063777446746826,3.0059797763824463,3.2957983016967773
aedb25bd0503630bed40064d327294e893416a4c9808ed77c8b601ad816e8ab7,RobroKools/vad-bert,c4c659fd17dd5807572b3f0f577de8c408401ca7,2.9365756511688232,2.990267038345337,3.411402940750122
1322eda5301e27dd6877771b67ea9f5a3d390f68ebed70723feac5e2fb211815,RobroKools/vad-bert,c4c659fd17dd5807572b3f0f577de8c408401ca7,2.7091081142425537,3.073938131332397,3.3959262371063232
3cf206b04645d257275aa9f131e9b1263d05aaca7c3f5195876ab4bae5fb74ce,RobroKools/vad-bert,c4c659fd17dd5807572b3f0f577de8c408401ca7,3.2613229751586914,2.9589805603027344,3.260984182357788
0ab37f6a5a1e313e163a3ed89a8ca193e2f2f8e592c956d1f4fa49a871b300ac,RobroKools/vad-bert,c4c659fd17dd5807572b3f0f577de8c408401ca7,3.3721039295196533,3.112830638885498,3.3994197845458984
393010556d89845a7cdfbd08d67858557f9268932b47b637187d11c76c44a4d6,RobroKools/vad-bert,c4c659fd17dd5807572b3f0f577de8c408401ca7,2.927708148956299,3.056931257247925,3.1476118564605717
f047bad2a7c886c68fe25e1e96eabebf91959ed810c56da6887a1035e4153d42,RobroKools/vad-bert,c4c659fd17dd5807572b3f0f577de8c408401ca7,3.1152846813201904,3.1117937564849854,3.236048936843872
671082cd6bbdd8bbcb574ad846b9ceb411694db9672c3fd58b66591828bd0a03,RobroKools/vad-bert,c4c659fd17dd5807572b3f0f577de8c408401ca7,3.1176507472991943,3.123830556869507,3.2558517456054688
f4bccea1d2945d4562b45882833a23673e8c4cc2a8909ecf828092ad1dd5eedc,RobroKools/vad-bert,c4c659fd17dd5807572b3f0f577de8c408401ca7,3.3807263374328613,2.975367307662964,3.2854771614074707
d66a42ac9ec41ef5558e4ba5f3fb58ead1e5fb76d0a714dfd6f2e132da7ff320,RobroKools/vad-bert,c4c659fd17dd5807572b3f0f577de8c408401ca7,3.355907678604126,3.0397536754608154,3.365033864974976
f5f6e83b1d15b90fbf0cdf36920fa0091cbcaa5d48f21c59cb3482b16240c0a2,RobroKools/vad-bert,c4c659fd17dd5807572b3f0f577de8c408401ca7,3.2167227268218994,3.1304678916931152,3.2493696212768555
b4ff3be6b9f2fb8f5bfda06af2d8862f3d3af0d7fa24ea70bec996a57c2b51a1,RobroKools/vad-bert,c4c659fd17dd5807572b3f0f577de8c408401ca7,3.209436416625977,3.1645853519439697,3.2546474933624268
7a37ddf03fbb8b76548b1da08b25d431c171a51ff0dac4b46b111050559c4894,RobroKools/vad-bert,c4c659fd17dd5807572b3f0f577de8c408401ca7,3.0222280025482178,3.00598692893982,3.0627543926239014
c142df78162f64617059cdd2d5c17c6f94b359988d972cac0929f188faa513e0,RobroKools/vad-bert,c4c659fd17dd5807572b3f0f577de8c408401ca7,3.236675977706909,2.9104623794555664,3.217849969863892
89e38609141ae18912d2f511ac41eee5953f572167313c5e83369cf45e760827,RobroKools/vad-bert,c4c659fd17dd5807572b3f0f577de8c408401ca7,3.133906602859497,2.9969513416290283,3.4256856441497803
0b93f36ddaf4d7147cd752cf942ebe0fd9a4bc921c628986eab7c320f608b6c0,RobroKools/vad-bert,c4c659fd17dd5807572b3f0f577de8c408401ca7,3.21809458732605,3.037492513656616,3.2515342235565186
54ee6b4859b47366322f1c5183da8feabdbb0ec58c37d00313af280407c7b831,RobroKools/vad-bert,c4c659fd17dd5807572b3f0f577de8c408401ca7,3.4762532711029053,3.129425525665283,3.2633631229400635
dca02d50f385310cfdf05748a544f5b10d8447df94608cb55d0b5e5e782e6a0b,RobroKools/vad-bert,c4c659fd17dd5807572b3f0f577de8c408401ca7,3.3621954917907715,3.008589267730713,3.401200771331787
1faa56d40f1986c632ee0dfd6113babc70296854e020183992e95d9f0dc8fb74,RobroKools/vad-bert,c4c659fd17dd5807572b3f0f577de8c408401ca7,3.508906126022339,3.158613920211792,3.23663592338562
b22189c89f3d66e327aabe5f063c070345739968d2bb1c9f2847073e325892a8,RobroKools/vad-bert,c4c659fd17dd5807572b3f0f577de8c408401ca7,3.110614061355591,2.871542453765869,3.4018170833587646
f7c8ddad037c54636a6928e3e4c65af67d489b903f2f670fb9ea0f70977261d1,RobroKools/vad-bert,c4c659fd17dd5807572b3f0f577de8c408401ca7,3.225925207138061,3.1347525119781494,3.3354642391204834
4d8207d4157200edf8d44daf96644cbeaff0170f1323c7cfe854619cb491a2f5,RobroKools/vad-bert,c4c659fd17dd5807572b3f0f577de8c408401ca7,3.30586051940918,3.1688239574432373,3.40718150138855
75a23a174444561ea54a67375fbe8d0c89488b4e8266e4f491afbd52697ed7cc,RobroKools/vad-bert,c4c659fd17dd5807572b3f0f577de8c408401ca7,3.26332950592041,3.09167742729187,3.3070549964904785
089bc27da15fcd7c27ef99d786027f8018402c90cdc785a30241e3532aa7e286,RobroKools/vad-bert,c4c659fd17dd5807572b3f0f577de8c408401ca7,3.264620780944824,3.195600748062134,3.3590877056121826
1c2130f4eac7abb3901a16957bc1c61724dae74249c50685132872d18f375054,RobroKools/vad-bert,c4c659fd17dd5807572b3f0f577de8c408401ca7,3.282086133956909,3.138534545898437,3.371061325073242
dcdfb43603dd05826aefd06ca138474cb4cb7645ab6594cad7a447eacc27bf69,RobroKools/vad-bert,c4c659fd17dd5807572b3f0f577de8c408401ca7,3.076478719711304,3.026170492172241,3.3135690689086914
14330af14e56367bbf104f20d260466ded42a5a299e65a4c291fc12d6167a9e1,RobroKools/vad-bert,c4c659fd17dd5807572b3f0f577de8c408401ca7,3.159247636795044,3.1038758754730225,3.255862236022949
53accb1c72d8b492d5abdfe5da8e7f1265c0aeb669faad661c84ccb5f75704b1,RobroKools/vad-bert,c4c659fd17dd5807572b3f0f577de8c408401ca7,3.363987684249878,3.1664488315582275,3.3613078594207764
37e61fa5437db0bbc1bf7916e86d6e4e4ca170f41b48f020a3d44e5b90254a9f,RobroKools/vad-bert,c4c659fd17dd5807572b3f0f577de8c408401ca7,3.196115016937256,3.0186686515808105,3.266714096069336
b8e43b4ce85d132ae8df80f5b6181cfa807131df0a60ae754f2b63faa607d012,RobroKools/vad-bert,c4c659fd17dd5807572b3f0f577de8c408401ca7,3.4136509895324707,3.1944451332092285,3.3056085109710693
75a16af780bb1c2c568a0c721ca4a77afbe6388ecc6e771641ec5713f4d9bfca,RobroKools/vad-bert,c4c659fd17dd5807572b3f0f577de8c408401ca7,3.24930739402771,3.0470528602600098,3.286683320999145
d1b000bd3f504c71c1904ccb21ac5e0ce1ffc3710d0ef933724c73c5d91d46b7,RobroKools/vad-bert,c4c659fd17dd5807572b3f0f577de8c408401ca7,3.2887253761291504,3.05562686920166,3.31150484085083
fcadd05187141c3998312b8b000081e2eb8d07fa3e02d344bb0bda05c26e5801,RobroKools/vad-bert,c4c659fd17dd5807572b3f0f577de8c408401ca7,3.033987283706665,3.0363152027130127,3.2392497062683105
36b4909468a88f64e59c414f7f76f3232eba91c6f48e560f894d24700b7169c9,RobroKools/vad-bert,c4c659fd17dd5807572b3f0f577de8c408401ca7,3.235247135162353,3.1640784740448,3.349507570266724
a8ba5b87091056402748cbd8b400ffc12a6dfd9afbd8f9078f05bd7a579e207d,RobroKools/vad-bert,c4c659fd17dd5807572b3f0f577de8c408401ca7,2.967558622360229,3.142687559127808,3.37896728515625
77fb46dc623d78db4ef247606c0997bf11efd98deebd6e96d2832bf57578943a,RobroKools/vad-bert,c4c659fd17dd5807572b3f0f577de8c408401ca7,2.969223022460937,3.1670353412628174,3.3008687496185303
4d2b4167d8a21bf99863ce4ebd525507c36f917cb0d57cc09e6ad049363ee1c6,RobroKools/vad-bert,c4c659fd17dd5807572b3f0f577de8c408401ca7,2.9121272563934326,3.1075210571289062,3.327045202255249
1fa66edbd65e46c0d82262724307d301a07a9b8019b928be5c51b78474eb7b9c,RobroKools/vad-bert,c4c659fd17dd5807572b3f0f577de8c408401ca7,3.0760128498077397,3.1793735027313232,3.1801388263702397
0cd0401562fb7f66e0f9ef2e21e102e2ef3d90d9b565f0e990cfed7168ef14f4,RobroKools/vad-bert,c4c659fd17dd5807572b3f0f577de8c408401ca7,3.084950685501098,3.134678602218628,3.3674428462982178
c84fda4082265e0841f785cadcba2c06c96179d7b4af680cdec43e22f0b174f9,RobroKools/vad-bert,c4c659fd17dd5807572b3f0f577de8c408401ca7,3.0418035984039307,3.214498519897461,3.3205678462982178
a5a3e3038e3de89561f40eab3d4e3eff7542803b9f22cccb3c205661ce6ca0e7,RobroKools/vad-bert,c4c659fd17dd5807572b3f0f577de8c408401ca7,3.0292856693267822,3.021474123001098,3.414425849914551
5041abccb3eb0ed4ea753a3113eced73526525a896ecac20c25e48b5489dd509,RobroKools/vad-bert,c4c659fd17dd5807572b3f0f577de8c408401ca7,2.9258368015289307,2.97693419456482,3.2774698734283447
5f0f73c4ae491b87347a9eec7922609625b2588baf1ee3515018530f3a8699b7,RobroKools/vad-bert,c4c659fd17dd5807572b3f0f577de8c408401ca7,2.955631732940674,3.1533191204071045,3.239828109741211
2977715bb1bb073e700f3b70dd14dc944992a83cfd631124468eb36a354b25a3,RobroKools/vad-bert,c4c659fd17dd5807572b3f0f577de8c408401ca7,2.996943235397339,3.1273295879364014,3.260672092437744
9b5dc3ef3c67765f3bbef820d3991de2c79d9195e444b6cf76439213d5791d10,RobroKools/vad-bert,c4c659fd17dd5807572b3f0f577de8c408401ca7,2.9505655765533447,3.022214651107788,3.2302091121673584
e923cfc0b31e01f8a06feb115003ef48f54e8beb6895b52acc47f681f2a6dd88,RobroKools/vad-bert,c4c659fd17dd5807572b3f0f577de8c408401ca7,3.1455109119415283,3.123712539672852,3.273276329040528
3f346289ce8fc52fdf08d5d91dc8a53d6f02a69263bb49e6f4a013f68cb7b23f,RobroKools/vad-bert,c4c659fd17dd5807572b3f0f577de8c408401ca7,2.922842264175415,3.063876152038574,3.327305555343628
e9f61824d86f86a10222036f6bd694795fe187c1d9e5eb703fcc6995b2556b87,RobroKools/vad-bert,c4c659fd17dd5807572b3f0f577de8c408401ca7,2.909921884536743,3.2569382190704346,3.33959698677063
b9dd2dcc771d5812d72b1405a01195c42f25282f2bc171c8d9937af55d3637ea,RobroKools/vad-bert,c4c659fd17dd5807572b3f0f577de8c408401ca7,3.138362169265747,3.186341524124145,3.3385586738586426
1522d93cbb5b1fef3c18f83f9fca9e38ca101e9183be1a38c759c7467e0df2bf,RobroKools/vad-bert,c4c659fd17dd5807572b3f0f577de8c408401ca7,3.1691601276397705,2.9863152503967285,3.30761456489563
f3f96567edf1b0554bb08a933c1a2124ef8eca76527610b89fa290dc2aaccb87,RobroKools/vad-bert,c4c659fd17dd5807572b3f0f577de8c408401ca7,2.797001838684082,3.1573050022125244,3.2636702060699463
6eea0fdcac0cd73e8d89230e1f756ad11fee040025f1a5302868e88e55ba5d27,RobroKools/vad-bert,c4c659fd17dd5807572b3f0f577de8c408401ca7,3.1220390796661377,2.9839794635772705,3.1879332065582275
74168d4a8ee98e8a8e8e348af329e8010750f7c5487a7c88c7c2570b868911c3,RobroKools/vad-bert,c4c659fd17dd5807572b3f0f577de8c408401ca7,3.012770891189575,2.989641666412353,3.1533687114715576
5af9ed5a2e59416b348bbea7ea2a79db0a38c7f63628927e3ec240ce7835b33f,RobroKools/vad-bert,c4c659fd17dd5807572b3f0f577de8c408401ca7,2.8944594860076904,3.144923448562622,3.3424530029296875
cbcd70c910532e6022a60aca2cb7eb02e8d1c8d42b68a8c81451817727cca5ad,RobroKools/vad-bert,c4c659fd17dd5807572b3f0f577de8c408401ca7,2.842491626739502,3.2293925285339355,3.028532028198242
245cac35f0b64f0dd5244e6a7d8a2bd43ef4ca7d80499bfe63eb2050edaafc8a,RobroKools/vad-bert,c4c659fd17dd5807572b3f0f577de8c408401ca7,3.0723917484283447,3.235743284225464,3.299509286880493
9761ca4fd1f6be56229bab49a4d51961ff6a0d21dc05375300928ab88bba2e9d,RobroKools/vad-bert,c4c659fd17dd5807572b3f0f577de8c408401ca7,2.7441351413726807,3.030391931533813,3.0285470485687256
a70e0bad2129b1668c3fc1b93532a6292c706ddcc34f12be6b602c282861da14,RobroKools/vad-bert,c4c659fd17dd5807572b3f0f577de8c408401ca7,2.730417966842652,3.1675865650177,3.09717869758606
0314739fab1ce88412e0e6d2ff4f3dad87e93ee71636e27c79d8adde07acd96a,RobroKools/vad-bert,c4c659fd17dd5807572b3f0f577de8c408401ca7,3.046682119369507,2.891099691390991,3.2382142543792725
fbb2a1960d4db474010811b82cdf431a37aa182eb9ae5681ba82e918fbab1fdd,RobroKools/vad-bert,c4c659fd17dd5807572b3f0f577de8c408401ca7,2.7261924743652344,3.1184775829315186,3.0624258518218994
79932f446d435c37790f267f7594e3132bb31f586a4c36c9a9b85237ae9fa1cf,RobroKools/vad-bert,c4c659fd17dd5807572b3f0f577de8c408401ca7,2.767000436782837,3.403013229370117,3.1682276725769043
aa163a9f749a407083c754560c249d046788a31436dc81c9532c0fd11f43dc1b,RobroKools/vad-bert,c4c659fd17dd5807572b3f0f577de8c408401ca7,2.9823663234710693,2.9857983589172363,3.1852405071258545
02034147e692b4a8e032ad64d462204d48650463f4490dcca9e27ed2d7c95632,RobroKools/vad-bert,c4c659fd17dd5807572b3f0f577de8c408401ca7,2.5707032680511475,3.1423888206481934,2.9679806232452397
b64b3e9407f18caf3cfb5213eeba15404a88924f410ad5705dd09aff0a90fdc7,RobroKools/vad-bert,c4c659fd17dd5807572b3f0f577de8c408401ca7,2.8587825298309326,3.0865318775177,3.0906741619110107
9ece794282d4a73766ebfdd714633c5718ee2aa2c2bc34ca12dc3b2b366dc7be,RobroKools/vad-bert,c4c659fd17dd5807572b3f0f577de8c408401ca7,2.9299585819244385,3.14714789390564,3.0901453495025635
5925d862a4365b18d1d4e38d5784352317cd66afea046cb0565d51c74e4c9684,RobroKools/vad-bert,c4c659fd17dd5807572b3f0f577de8c408401ca7,3.054641962051392,2.972195863723755,3.238304853439331
0cfa6ceb08d1c6e6547e3e92bf13f2c50324cf7c0fab131f8456fc16597137c0,RobroKools/vad-bert,c4c659fd17dd5807572b3f0f577de8c408401ca7,2.936690092086792,3.1272823810577397,3.323425054550171
38312cd5c72e0c47d504969b8e619223c597dd4a3f7917cdc524e128696339fe,RobroKools/vad-bert,c4c659fd17dd5807572b3f0f577de8c408401ca7,3.19572377204895,3.163281202316284,3.232656478881836
4ee524b4ecd4a09adec1722d2db40271229a5dfe027432d3e78b7eed65260f47,RobroKools/vad-bert,c4c659fd17dd5807572b3f0f577de8c408401ca7,2.9452993869781494,3.072617053985596,3.2097532749176025
332d0de9c597af36dade305b5300511699272e4e58b0b406b3a519b3f87af5f0,RobroKools/vad-bert,c4c659fd17dd5807572b3f0f577de8c408401ca7,3.097769021987915,3.1689531803131104,3.251731634140014
ec14a7f5160da7ff073f81d180523bd2ed7f1f60758fbf91ef7fe4a2a988119b,RobroKools/vad-bert,c4c659fd17dd5807572b3f0f577de8c408401ca7,3.2283177375793457,3.2159628868103027,3.395870923995972
c298a094429df70dc340a374e8dd756e8e23ae21b5d586d9a58933444bd8678f,RobroKools/vad-bert,c4c659fd17dd5807572b3f0f577de8c408401ca7,3.124865293502808,3.062110424041748,3.2129452228546143
63b4d5a149956542d49ee8ab55fe7600a727635c9679a5f14d90c48422e98208,RobroKools/vad-bert,c4c659fd17dd5807572b3f0f577de8c408401ca7,3.1329798698425293,3.1047160625457764,3.266723155975342
cbebab80b2d799102027193043d0fdc551749959c6cfbfec9867e4f2766a9da8,RobroKools/vad-bert,c4c659fd17dd5807572b3f0f577de8c408401ca7,3.337662935256958,3.0966899394989014,3.27427077293396
a1f42f3667068aaf0b54f9fc467820110df8e720d66e4ca132d7ebdd287f778e,RobroKools/vad-bert,c4c659fd17dd5807572b3f0f577de8c408401ca7,3.123582601547241,3.173969268798828,3.3011434078216557
af3ba8982fc96564dc7501a258f6a694fd88637cf6705dfd4370b3f6df51119e,RobroKools/vad-bert,c4c659fd17dd5807572b3f0f577de8c408401ca7,3.245946168899536,3.117948532104492,3.316635847091675
79a4525e4d55df4f0fee6851a503ba2db88ec0c0ac89c4691cece7ea230b526e,RobroKools/vad-bert,c4c659fd17dd5807572b3f0f577de8c408401ca7,3.186622381210327,3.1598947048187256,3.2646806240081787
7a64904551dd98b657d165fff90b05768e127be8585b676874b02b4c26ae416a,RobroKools/vad-bert,c4c659fd17dd5807572b3f0f577de8c408401ca7,3.162549495697021,3.122965812683105,3.278369903564453
c05c05dab69dd2e40087628046b80e2728cca58a826080cce059506033d4dedf,RobroKools/vad-bert,c4c659fd17dd5807572b3f0f577de8c408401ca7,3.252239465713501,3.1737000942230225,3.311309099197388
5cea346e8d7c6deb19d0b7cf585da84c51d8705ffd971874683dd2e115c1d11d,RobroKools/vad-bert,c4c659fd17dd5807572b3f0f577de8c408401ca7,3.2303640842437744,3.172204971313477,3.2672078609466557
ef45329477dae4bf0fa108bcf34b458b09c09a7233d2eb56890640bcdf749833,RobroKools/vad-bert,c4c659fd17dd5807572b3f0f577de8c408401ca7,3.194972276687622,3.192334651947021,3.3212268352508545
7840f310179eebcc096dd1d9f4b5a9195a8a7c02d335b583b8b4eb85b071c85b,RobroKools/vad-bert,c4c659fd17dd5807572b3f0f577de8c408401ca7,3.108847379684448,3.0625650882720947,3.2554118633270264
255d7a9499214e96bd47533983d3f348ace5b14c0523211a4248ba555d03dcce,RobroKools/vad-bert,c4c659fd17dd5807572b3f0f577de8c408401ca7,3.3306500911712646,3.0741374492645264,3.324617624282837
7cdd36233f764ce7107d04787cb390701c7bbcad64fbb59338afc39498f88710,RobroKools/vad-bert,c4c659fd17dd5807572b3f0f577de8c408401ca7,3.360572576522827,3.160888910293579,3.2958202362060547
287255498af5720e40e9e015cc9899f36e8ca5b96d119df68c8b1f869bca7b07,RobroKools/vad-bert,c4c659fd17dd5807572b3f0f577de8c408401ca7,3.388241767883301,3.1733341217041016,3.341445207595825
e615a4904f709cac88afdb15db01a95349326aba9a361d4465f2405dd6191bb7,RobroKools/vad-bert,c4c659fd17dd5807572b3f0f577de8c408401ca7,3.221140623092652,3.1485393047332764,3.3905208110809326
93b464d985239fc66555c9b17a73e050d159b019f6b75f73bdbc4922452ce0b3,RobroKools/vad-bert,c4c659fd17dd5807572b3f0f577de8c408401ca7,3.153818130493164,3.073973655700684,3.3576290607452397
a0c57c3d428807d925712fe681a68f3ce2a7b9e1f4b5df90e4d314a884eca0f3,RobroKools/vad-bert,c4c659fd17dd5807572b3f0f577de8c408401ca7,3.292832851409912,3.1473872661590576,3.4490950107574463
72c5c6741d01c900b9953eee9844a1600dd4cd9ad80214606af58eeea1484fa6,RobroKools/vad-bert,c4c659fd17dd5807572b3f0f577de8c408401ca7,3.1988837718963623,3.0842576026916504,3.2463796138763428
b883ceb7b8bf58ed222e4f945b8fcc85d538cf0255e969d2ab575d87640e4d1d,RobroKools/vad-bert,c4c659fd17dd5807572b3f0f577de8c408401ca7,3.2904574871063232,3.1100423336029053,3.357771635055542
0bbfb34347fc4a6fda284a31b3beff96eaf37a1f3e206362e24a961891daf724,RobroKools/vad-bert,c4c659fd17dd5807572b3f0f577de8c408401ca7,3.2690985202789307,3.053895235061645,3.268695592880249
2093c2dbddf4ae89223fcfe683061b0c69ea54fd00340edec79a7d4e65bfe08c,RobroKools/vad-bert,c4c659fd17dd5807572b3f0f577de8c408401ca7,3.17934799194336,2.998288631439209,3.309281587600708
39fc3f808b4c1fb338bce447f021f203480c96f7c3e98b629277148443a98740,RobroKools/vad-bert,c4c659fd17dd5807572b3f0f577de8c408401ca7,3.205808401107788,3.0058300495147705,3.2420408725738525
6f2aba70e2128420b59d7cc87839db334c25e975e2b4af4112b281b6456bc0af,RobroKools/vad-bert,c4c659fd17dd5807572b3f0f577de8c408401ca7,3.1932473182678223,3.046294927597046,3.301504850387573
00c6edca3cd2f1cd6fcbe14c57da839dbd376725d3f687c715d78959ba011819,RobroKools/vad-bert,c4c659fd17dd5807572b3f0f577de8c408401ca7,3.206505060195923,2.9836175441741943,3.2717323303222656
dfdd38768704c4b60d84346f7c1925da8cd8e45f7c7a8b63206897f4c14bca36,RobroKools/vad-bert,c4c659fd17dd5807572b3f0f577de8c408401ca7,3.4029815196990967,3.1612532138824463,3.3989570140838623
4f683758a3757fc464fe403d69f7ab33a7e1ab0121260e988d599112124119fe,RobroKools/vad-bert,c4c659fd17dd5807572b3f0f577de8c408401ca7,2.5286223888397217,3.2015511989593506,3.163429975509644
df44874976263d4a97a086775ba9d134ac22d4a39921fbf23e3389ecc7ead2da,RobroKools/vad-bert,c4c659fd17dd5807572b3f0f577de8c408401ca7,2.8616836071014404,3.0520665645599365,3.2511775493621826
30ef4e487a41e623f6f25c98c03e79f33636ae5510b52ff5962e97839fdbe059,RobroKools/vad-bert,c4c659fd17dd5807572b3f0f577de8c408401ca7,3.080678701400757,3.1372458934783936,3.1994221210479736
be675e096e869f1823ae66f6ec39efed8113cd51812e1e57a39f4afebf4ba0d6,RobroKools/vad-bert,c4c659fd17dd5807572b3f0f577de8c408401ca7,3.1731173992156982,3.158687114715576,3.226036548614502
b9a4ac55dc3f2e14a01025e668f3ca2da676ae5a2f203026677e00054de1e71d,RobroKools/vad-bert,c4c659fd17dd5807572b3f0f577de8c408401ca7,2.6136608123779297,3.1096177101135254,3.129757165908813
ccbd4f8dfb1b2bd16369cf4838f18a0d8bc071d4e9e9f66e0b34f018cddf484c,RobroKools/vad-bert,c4c659fd17dd5807572b3f0f577de8c408401ca7,2.8625409603118896,3.064990758895874,3.186565637588501
4685eb1d77515e1157aaaa226541145385d8fb455fc41defb7ba888f4ef6ecbf,RobroKools/vad-bert,c4c659fd17dd5807572b3f0f577de8c408401ca7,2.6353442668914795,3.187011241912842,3.039076566696167
d2b1b4b7d088c6cb759b5af07f46a25ab055ff6214a6ae86e2b216af7a4c7019,RobroKools/vad-bert,c4c659fd17dd5807572b3f0f577de8c408401ca7,2.83728575706482,3.1126925945281982,3.258089780807495
2c939bb7633f2b4605ebd469c19538e02d11647108cedd9ddc2e58b772e1c131,RobroKools/vad-bert,c4c659fd17dd5807572b3f0f577de8c408401ca7,2.7100350856781006,3.131772994995117,3.179640054702759
c254d1ded60c0ea5826af98711f0c7637ba50f64006a02666fa49aad62dc7671,RobroKools/vad-bert,c4c659fd17dd5807572b3f0f577de8c408401ca7,2.9138071537017822,3.021618366241455,3.154626607894897
08ab00c056a061df1d023a6b0b61146167b417df8158866a9d7ac055a40c68fd,RobroKools/vad-bert,c4c659fd17dd5807572b3f0f577de8c408401ca7,2.8924977779388428,3.0357890129089355,3.086553812026977
f1cb365e49434651948a7a1a5a6e9a8b503a8eeedebe00c756b8d508afe3be75,RobroKools/vad-bert,c4c659fd17dd5807572b3f0f577de8c408401ca7,2.694431066513061,3.0995705127716064,3.2218687534332275
c5903dd54c1e1926f1a7941bc78657c58e1060139093c670aacd59d5b3ba85a7,RobroKools/vad-bert,c4c659fd17dd5807572b3f0f577de8c408401ca7,3.110377550125122,3.1263911724090576,3.215578556060791
13bc39686c84bf024150cf49b5313d14028f3523b3301710a303c19583eea5a7,RobroKools/vad-bert,c4c659fd17dd5807572b3f0f577de8c408401ca7,3.076155662536621,3.194838523864746,3.1175999641418457
0ba11c78c058f5807ebf3ab0b1e74c5fc7a73e73b4849c71a455f4fa4d9bbab4,RobroKools/vad-bert,c4c659fd17dd5807572b3f0f577de8c408401ca7,2.961688756942749,3.099266767501831,3.22747015953064
b4fbf2c29664872765f2a5ab4339f2ede9f71d5943e71ff16d27733311710ef5,RobroKools/vad-bert,c4c659fd17dd5807572b3f0f577de8c408401ca7,2.97371768951416,3.0246167182922363,3.167996406555176
db4afa6c18302e76baa0d1ad69c6ff2572ca6c2f180684662076afd01c357009,RobroKools/vad-bert,c4c659fd17dd5807572b3f0f577de8c408401ca7,2.889502763748169,2.9529974460601807,3.314493417739868
6d686894be9177f6810a3dc5aa6007d8f5d0f51c7ad51e7a5d4539d424bbaa48,RobroKools/vad-bert,c4c659fd17dd5807572b3f0f577de8c408401ca7,2.9395511150360107,3.187757968902588,3.256620168685913
2ff6b5b19a333b8a9c2f739eeb640fea3f0b54b3f90eb392ded8a68099a15892,RobroKools/vad-bert,c4c659fd17dd5807572b3f0f577de8c408401ca7,2.6391170024871826,3.170438528060913,3.2401554584503174
c19a315f297cfc47751e3ea9f1b57f3fc8d6a3f64f82b0e65e07ab261ef32f8a,RobroKools/vad-bert,c4c659fd17dd5807572b3f0f577de8c408401ca7,2.8067517280578613,3.11304235458374,3.339030742645264
f05f987a707c0ff6e00617b453b693329e5ff975651bf1313b5855a4f350a055,RobroKools/vad-bert,c4c659fd17dd5807572b3f0f577de8c408401ca7,2.5092344284057617,3.2707273960113525,3.2804908752441406
451ad2fc34e1425e6b170f70864b623df6ecc076369b795122bae1531d642e78,RobroKools/vad-bert,c4c659fd17dd5807572b3f0f577de8c408401ca7,2.7187623977661133,3.114365577697754,3.247710466384888
1e568743abbdf44e48623c11ac83ce4ace417697c72cc0ac774d83e67dcca8a9,RobroKools/vad-bert,c4c659fd17dd5807572b3f0f577de8c408401ca7,2.6328043937683105,3.0710785388946533,3.1522562503814697
664b7825c3079f9062c3d4d2ae7aba8f26e895a831288e87d5e9a939564bb82d,RobroKools/vad-bert,c4c659fd17dd5807572b3f0f577de8c408401ca7,2.6049726009368896,3.175387144088745,3.1936256885528564
073c457b3f4e3377637575ba047f49df41d7e93cd7006f3d3b630c2c3bba3599,RobroKools/vad-bert,c4c659fd17dd5807572b3f0f577de8c408401ca7,2.7398643493652344,3.040567398071289,3.2040605545043945
a0e83cd17067b3a9b55eb43efe274167e6e67eb320ee182e74b07c0b9c5a443f,RobroKools/vad-bert,c4c659fd17dd5807572b3f0f577de8c408401ca7,2.5874574184417725,3.1417887210845947,3.182617425918579
c9d378f094348866d98189640719f5cd4fef8d74e369e3bae068c759f6c6e859,RobroKools/vad-bert,c4c659fd17dd5807572b3f0f577de8c408401ca7,2.766845941543579,3.128387689590454,3.2783098220825195
e5c96996dd00eff7048704fd709cba736f4f6ed9b1a2a51eb38d339ece7740c5,RobroKools/vad-bert,c4c659fd17dd5807572b3f0f577de8c408401ca7,2.656091928482056,3.1392407417297363,3.2254302501678467
b2ebcbd030bdde7766383e4514f11bee277d68b55535ee27f7ef9e08fb0c70a8,RobroKools/vad-bert,c4c659fd17dd5807572b3f0f577de8c408401ca7,2.6658599376678467,3.006507635116577,3.117756128311157
e9f223f2b2ce74cfd9239b3d158c5e4e36fcc1f860fd04da44e5d8261c2398c2,RobroKools/vad-bert,c4c659fd17dd5807572b3f0f577de8c408401ca7,2.7531538009643555,3.0287387371063232,3.07089900970459
be0ffd0013406af94de15cf8fcdf39e90c6f6791188500fb08756881ae6cefd7,RobroKools/vad-bert,c4c659fd17dd5807572b3f0f577de8c408401ca7,2.6748361587524414,3.0782058238983154,3.233668088912964
e123e9316ee488669de3303aa21fb6d2ff18daf091c89bb5a271b72ac33a0723,RobroKools/vad-bert,c4c659fd17dd5807572b3f0f577de8c408401ca7,2.655859470367432,3.113126516342163,3.1417715549468994
22388debc13fff37ca55e4560e59095ca275ceff4b0a42453aa383a166918cec,RobroKools/vad-bert,c4c659fd17dd5807572b3f0f577de8c408401ca7,3.228071689605713,3.068347215652466,3.2728097438812256
9421475922bd4b0dda5d05b8ed2e1322449740e697d365dcf9f9ad0ee7da1316,RobroKools/vad-bert,c4c659fd17dd5807572b3f0f577de8c408401ca7,3.073241949081421,3.0035789012908936,3.1944010257720947
4300ab237b0fde2bedbd1ec31bbbe1c293842fa05c3c6f8e36a4ce0e297f2ff6,RobroKools/vad-bert,c4c659fd17dd5807572b3f0f577de8c408401ca7,2.654536008834839,3.198939561843872,3.146494150161743
214c905ebc5689acc50a85501ad11a05a51212ae7287f6f4366e538e09a0e383,RobroKools/vad-bert,c4c659fd17dd5807572b3f0f577de8c408401ca7,3.078789710998535,3.0016391277313232,3.2701027393341064
915178c40b567daa218e372906ca818a3504c68c27a0558a0851a8056f986972,RobroKools/vad-bert,c4c659fd17dd5807572b3f0f577de8c408401ca7,3.042977333068848,3.0310218334198,3.2572412490844727
64f6ed77f3036e3a93b3ae723f307e804b5493026f6c2877a3e7684342d8d9cf,RobroKools/vad-bert,c4c659fd17dd5807572b3f0f577de8c408401ca7,3.257131338119507,2.991986036300659,3.3034913539886475
454a5da7405304e035f1baefe2dd995c9d4902c7b651d17f5ec9a067da205191,RobroKools/vad-bert,c4c659fd17dd5807572b3f0f577de8c408401ca7,3.191569805145264,2.9626717567443848,3.2700114250183105
5d74f085f298ff8e1e6482fe87f21181253c9393e1459bd9f0c4cc9c37b64a7c,RobroKools/vad-bert,c4c659fd17dd5807572b3f0f577de8c408401ca7,3.232771396636963,2.9530928134918213,3.3013856410980225
5abd85fc2ecf9c2055e3e245f828be1fb3c143779dc6897a376b0468844f143a,RobroKools/vad-bert,c4c659fd17dd5807572b3f0f577de8c408401ca7,3.318380355834961,2.951139211654663,3.2803399562835693
8072a2b05c0e5997add8acb11ea9592e00e9ed9e184fd075c2f5c604ec2d7364,RobroKools/vad-bert,c4c659fd17dd5807572b3f0f577de8c408401ca7,3.262905597686768,3.058353900909424,3.330744504928589
f14ce9e258c549b7a1ea863391ebd40e870de0ed397d1604051dabab7ad7940f,RobroKools/vad-bert,c4c659fd17dd5807572b3f0f577de8c408401ca7,3.189164876937866,2.8574185371398926,3.267270565032959
201196341e36fa7b5508cb247745f4f43e6b66d04528e9b26c1d02e0dd019ccb,RobroKools/vad-bert,c4c659fd17dd5807572b3f0f577de8c408401ca7,2.6894748210906982,3.1010901927948,3.243869543075561
f0f24434d5d82febbb4fd800e1791328cb4bf99756aa87974c948987f8adfbe2,RobroKools/vad-bert,c4c659fd17dd5807572b3f0f577de8c408401ca7,2.917881965637207,3.0130152702331543,3.2924184799194336
fb85742123c492e05fc3af8349b3c88ac3429e23b4db4aaa1c1b0ee19e48728e,RobroKools/vad-bert,c4c659fd17dd5807572b3f0f577de8c408401ca7,2.661331415176392,3.135854959487915,3.180438041687012
eb4fd025578f2e549165971924796e10e18feefc41d4a435b42f4ee0313d065b,RobroKools/vad-bert,c4c659fd17dd5807572b3f0f577de8c408401ca7,3.041791677474976,2.971651554107666,3.32528018951416
199f2f2e2e5a7e46e80ebefcf047a7368074fb1c32112387b0595d99028736c0,RobroKools/vad-bert,c4c659fd17dd5807572b3f0f577de8c408401ca7,3.1500942707061768,2.934905529022217,3.2299251556396484
bf177b5a9435bda6910c328eaa13aa1ec742ff49be783d9d51edf636f21189f5,RobroKools/vad-bert,c4c659fd17dd5807572b3f0f577de8c408401ca7,3.228643655776977,3.092266321182251,3.326732397079468
0a455e9119c80d5ddae1dde796a6d84f4dac649fb04045984e97f38762bbbc40,RobroKools/vad-bert,c4c659fd17dd5807572b3f0f577de8c408401ca7,3.149425745010376,3.0243771076202397,3.3266212940216064
37f58ea2909ba4fc71c45677b4ba9cf2062359b2f68d127a4e9ca2b7a4893a72,RobroKools/vad-bert,c4c659fd17dd5807572b3f0f577de8c408401ca7,3.343080282211304,3.0506293773651123,3.3536970615386963
c2a133a253baed818fcf7cc843a7c2f1cb483e9d246091e195df39e81944f98e,RobroKools/vad-bert,c4c659fd17dd5807572b3f0f577de8c408401ca7,3.477288722991944,3.464772939682007,3.399718761444092
aa3c8a7fab555d781c093ce6b5e205b7f691e6a06caf45c9476d135de6379258,RobroKools/vad-bert,c4c659fd17dd5807572b3f0f577de8c408401ca7,3.291133165359497,3.0935308933258057,3.319345712661743
c7d2552439df47640cbca74f5696a755add2cd3e59d2fed87e8060876e651747,RobroKools/vad-bert,c4c659fd17dd5807572b3f0f577de8c408401ca7,3.1967952251434326,2.8991639614105225,3.2376468181610107
285fec6648490395dde9da9b3aeff898dcb4bf61f0d22d638284f4f23b85db12,RobroKools/vad-bert,c4c659fd17dd5807572b3f0f577de8c408401ca7,3.162513494491577,3.013604164123535,3.333403825759888
603a26107ae8d3fb8ef668b655f296eaf76eea96f5938c0a8e372d2434e71931,RobroKools/vad-bert,c4c659fd17dd5807572b3f0f577de8c408401ca7,3.0982019901275635,3.035950183868408,3.1977884769439697
8c3ad06d2636fe494d6cae678957ebe443af1c258fc3ed5f5e0c66c5f078566e,RobroKools/vad-bert,c4c659fd17dd5807572b3f0f577de8c408401ca7,3.201453447341919,3.0593936443328857,3.322787046432495
374f72d4f40bacd0239378fb8b748048c8b39e10cf78831b28b0344ff9645fe3,RobroKools/vad-bert,c4c659fd17dd5807572b3f0f577de8c408401ca7,3.2670671939849854,2.9443671703338623,3.2558724880218506
e1f944605982e92a24f7c6bd75cfd1bc5a9fd788433e6c2fd029851b6d4d21bc,RobroKools/vad-bert,c4c659fd17dd5807572b3f0f577de8c408401ca7,3.296705722808838,3.1250288486480717,3.2716481685638428
9a5e0b541330c608235705baae1a0a8b93935175ba6f897cdcfbc9d1112f4c1f,RobroKools/vad-bert,c4c659fd17dd5807572b3f0f577de8c408401ca7,3.331370115280152,2.96508264541626,3.230034112930298
7a0b5664853b7215c5565eb65bce9f9cfe3dee6223dfd74e70b13062760d248b,RobroKools/vad-bert,c4c659fd17dd5807572b3f0f577de8c408401ca7,3.15392804145813,3.0372869968414307,3.252119302749634
500175a99a1406708768b27a8f81679ee4059107d36b252da57194e7b7dd875a,RobroKools/vad-bert,c4c659fd17dd5807572b3f0f577de8c408401ca7,3.254185199737549,3.064391851425171,3.4117743968963623
48318ab61c05b2a59249960dc0fade45fecd04bf64827cd3e22b0a9af6bc5dde,RobroKools/vad-bert,c4c659fd17dd5807572b3f0f577de8c408401ca7,3.2223944664001465,2.909296751022339,3.280914545059204
21b7ced130953949c607f57940877749da2a440ddd1e29749b08e3a73a74f534,RobroKools/vad-bert,c4c659fd17dd5807572b3f0f577de8c408401ca7,3.2721126079559326,3.1281654834747314,3.2637414932250977
245a32c61d42150198f1cd7f6b28355a3d7880e3f110524744342d7eb0e26155,RobroKools/vad-bert,c4c659fd17dd5807572b3f0f577de8c408401ca7,2.712712526321411,3.193903684616089,3.1648826599121094
8e82c17ddcd4163512d8889d74c5e1e672aa9600ef6ab907e30845b3954de4ef,RobroKools/vad-bert,c4c659fd17dd5807572b3f0f577de8c408401ca7,2.2663276195526123,3.203022718429565,3.036823034286499
71452dcbe1c248fcfe39c35f0166ad4ef936b5a3f118ea168a60681381327074,RobroKools/vad-bert,c4c659fd17dd5807572b3f0f577de8c408401ca7,2.716592311859131,3.022240400314331,3.2056448459625244
c9a041b79891d3a8d36f3c976977f3c2a80b604ced01c96bb5c1d134bab9ba38,RobroKools/vad-bert,c4c659fd17dd5807572b3f0f577de8c408401ca7,2.931668996810913,3.2377800941467285,3.2911946773529053
86191821d229dc4555b5e84bec1d23f390063db6015ebb1b31704bd2e70720a1,RobroKools/vad-bert,c4c659fd17dd5807572b3f0f577de8c408401ca7,2.692754030227661,3.1753532886505127,3.266228199005127
1bdf4592157c4ba8ac3e15973de8979065011423d79ee6243e16d9b8c8a9327d,RobroKools/vad-bert,c4c659fd17dd5807572b3f0f577de8c408401ca7,2.7555899620056152,3.094862222671509,3.044052839279175
585fda124ac272fab88e5ecd819ece15f4c638c152aa4755c210eb1396656546,RobroKools/vad-bert,c4c659fd17dd5807572b3f0f577de8c408401ca7,2.7852370738983154,3.1239283084869385,3.230119466781616
6da71c81fe718f2cd8ed943fe3ed9b691d3157adc1468c2386a16ccbb2e1d333,RobroKools/vad-bert,c4c659fd17dd5807572b3f0f577de8c408401ca7,2.835405111312866,3.0202486515045166,3.1698172092437744
7eb6aebf09fb044f34e238524cb9e281d234ced1aa541b45bec577183807c52d,RobroKools/vad-bert,c4c659fd17dd5807572b3f0f577de8c408401ca7,2.984534502029419,3.0162882804870605,3.0894458293914795
d33da8458c8705730d934ea982458deb977852224cb454198e7caee25c54db0f,RobroKools/vad-bert,c4c659fd17dd5807572b3f0f577de8c408401ca7,3.0961289405822754,3.081714153289795,3.264631509780884
41000a46f6111c37bca3183294f27ba02fc134da35ea75c67c4de4674c5e86bb,RobroKools/vad-bert,c4c659fd17dd5807572b3f0f577de8c408401ca7,2.919755697250366,3.121302843093872,3.177053213119507
972e8c6e484a6c948ef626f9a8a9d5ee3f0ddde7083ddd2bf02181e8c63d0c71,RobroKools/vad-bert,c4c659fd17dd5807572b3f0f577de8c408401ca7,2.861435651779175,3.1318163871765137,3.242598295211792
a0266ab317718eedaf2ce4d4b28f28deed1459207e4d87fe8a97085e808eaf08,RobroKools/vad-bert,c4c659fd17dd5807572b3f0f577de8c408401ca7,2.966151475906372,3.0208520889282227,3.281760931015014
f4fa435f5874c31bbf876a2bde0a8cc1bf718cdbad8498e831f28326d27515aa,RobroKools/vad-bert,c4c659fd17dd5807572b3f0f577de8c408401ca7,3.063223600387573,3.0385630130767822,3.1710071563720703
519d00619981307adcf0a3a3077af2e44a77adf3f42211a1403d2cf21b695afd,RobroKools/vad-bert,c4c659fd17dd5807572b3f0f577de8c408401ca7,2.948715209960937,3.129803419113159,3.2819273471832275
e561aeff9ac307488ea94e8cec9cd07456c649b9a7ca57b6dd152e9c6b5f5645,RobroKools/vad-bert,c4c659fd17dd5807572b3f0f577de8c408401ca7,3.013664960861206,2.9505884647369385,3.160234212875366
aae10a7662a7969b19e2500f5b183e0d1eb405c27ebb73eba6c43292c6c1b0d1,RobroKools/vad-bert,c4c659fd17dd5807572b3f0f577de8c408401ca7,2.648886442184448,3.151049852371216,2.994559526443481
d0a1db2f26e9f3fe54fc0a9899f9aba2ddd337a19a97fa3b4a7e1150a1d09bf6,RobroKools/vad-bert,c4c659fd17dd5807572b3f0f577de8c408401ca7,2.4955999851226807,3.1747214794158936,3.109237670898437
9af5518695b30bb7257e48a0b7ddaf2db7e03ff6af8d2d17f7626a9af048ec99,RobroKools/vad-bert,c4c659fd17dd5807572b3f0f577de8c408401ca7,2.5972936153411865,3.108484029769897,3.0824077129364014
9438d6e3c8d999e584c5ac77069d2dcd267add44a8a11b16ff35df3a144d9b3e,RobroKools/vad-bert,c4c659fd17dd5807572b3f0f577de8c408401ca7,2.519208669662476,3.214764356613159,3.0395162105560303
9aae54d58f72e0b1ce753a9237628b3f5d618d1398e0ecce252fac10ff6e0c6f,RobroKools/vad-bert,c4c659fd17dd5807572b3f0f577de8c408401ca7,2.659543752670288,3.125253915786743,3.0992276668548584
ebd004047c6fd63c5cdefdad4ad59aa7db01f839ae90fdb8b265cca7b707f64f,RobroKools/vad-bert,c4c659fd17dd5807572b3f0f577de8c408401ca7,2.4476263523101807,3.158672332763672,3.1354267597198486
9ab8f641d6bcd9bc419ad473980e3c3f69a67c16a7e474d4dc75d3e33ca191aa,RobroKools/vad-bert,c4c659fd17dd5807572b3f0f577de8c408401ca7,2.572494506835937,3.1337575912475586,3.098964214324951
09682898b079eb9daab1bb516e109105e82127185054dff2686f2a5f624ab30b,RobroKools/vad-bert,c4c659fd17dd5807572b3f0f577de8c408401ca7,2.5457355976104736,3.183856964111328,3.183762311935425
a8d9f488cecd204548dab2da775630309c292087cbd0af087f0458c8b4fa8c14,RobroKools/vad-bert,c4c659fd17dd5807572b3f0f577de8c408401ca7,2.9478790760040283,2.943748950958252,3.0787136554718018
35cb8d332b17b1b0611dc1448ae5285b4bbde575732370208db4cf68b33466ff,RobroKools/vad-bert,c4c659fd17dd5807572b3f0f577de8c408401ca7,2.698384523391724,3.117014646530152,3.1696488857269287
0dd9f8b0aeb8433a03fb60caf0979e45a68524bbce70e0f06d97f040a32dde4c,RobroKools/vad-bert,c4c659fd17dd5807572b3f0f577de8c408401ca7,3.195719957351685,3.166334867477417,3.3772125244140625
3376d5543011925773a0a6d4742ba304fc250ffb0ad00772c264ec5c3b18bf1d,RobroKools/vad-bert,c4c659fd17dd5807572b3f0f577de8c408401ca7,2.8458142280578613,3.0749857425689697,3.2848408222198486
2131337b69bc1ddb00bd51cbc1d0c95879cfce93f540fd31d8d764d15ece4608,RobroKools/vad-bert,c4c659fd17dd5807572b3f0f577de8c408401ca7,2.69960618019104,3.166649103164673,3.073392152786255
2ce2cc83050d1a91f9a6fe2468ab578c13ac11ba52f2decf7832253db582bbf0,RobroKools/vad-bert,c4c659fd17dd5807572b3f0f577de8c408401ca7,2.930175542831421,3.215721845626831,3.1171762943267822
14d25ef65be8f40ad9f774332a728c0af2bbdefd80d4730d7ecac4cebef1bfee,RobroKools/vad-bert,c4c659fd17dd5807572b3f0f577de8c408401ca7,3.0077099800109863,2.94796085357666,3.2271528244018555
2d530ad5b1b77e533bf35bc53a4985768f40b8ede5db04b1d9e19274bc23ae99,RobroKools/vad-bert,c4c659fd17dd5807572b3f0f577de8c408401ca7,3.1344594955444336,3.142621755599976,3.28698992729187
f81165b58e2dce8ed64d8e8f4e66236e2e85d05b409df65ee2caf41a3d3fa23d,RobroKools/vad-bert,c4c659fd17dd5807572b3f0f577de8c408401ca7,3.136091470718384,3.13901948928833,3.295616388320923
fe7a1eb4d094c1c1fe57f4802f911b8a933daf9540f785e4d5b8540c78e25e67,RobroKools/vad-bert,c4c659fd17dd5807572b3f0f577de8c408401ca7,3.289807081222534,3.101787805557251,3.201346635818481
b08c04ffc5c8ff8b8a77f70ae41330fe86db8ac89c8a28f734b697e4854194cc,RobroKools/vad-bert,c4c659fd17dd5807572b3f0f577de8c408401ca7,3.3874049186706543,3.085012197494507,3.3932502269744877
eb9e3cf7c3f3c91669915e63628e99bf6b6c5e79e854078cad417673f05caa6a,RobroKools/vad-bert,c4c659fd17dd5807572b3f0f577de8c408401ca7,3.169429063796997,3.076682806015014,3.25850510597229
46c5fb1a2cff91ab88299db9f17e0bb3b692912c26bcdf7137694947fddc18ff,RobroKools/vad-bert,c4c659fd17dd5807572b3f0f577de8c408401ca7,3.26252555847168,3.0396690368652344,3.2498698234558105
6566b0cbe773e5bcb2bd3db84f183a14cc4c9a7bc474e8b7918b9dcaae60c3ad,RobroKools/vad-bert,c4c659fd17dd5807572b3f0f577de8c408401ca7,3.2824556827545166,3.098027229309082,3.4605963230133057
4efd04ce1a01f06490b8d5108c0985357078263a88bcc0243b073ba43c37899f,RobroKools/vad-bert,c4c659fd17dd5807572b3f0f577de8c408401ca7,3.365016222000122,3.171302318572998,3.297034978866577
e6fa8dd3d0c8cc6d3b06ee7fc87883a166df56317b99937023cd8bbf8618bb0c,RobroKools/vad-bert,c4c659fd17dd5807572b3f0f577de8c408401ca7,3.2944321632385254,2.9680721759796143,3.291696310043335
449c04574de8bb415d4a7f1b75ca95d45f73424fb721f1390472989f7235809c,RobroKools/vad-bert,c4c659fd17dd5807572b3f0f577de8c408401ca7,3.4447214603424072,3.2027852535247803,3.265997171401977
b25f63a34cedc0d74580bd30b041a96883bc0cd356ebe32e46741c6b9051993a,RobroKools/vad-bert,c4c659fd17dd5807572b3f0f577de8c408401ca7,3.2097809314727783,3.0261423587799072,3.186776876449585
f7b83720e7812cc074604f4f0755472ad21432a021e6ad4588f8daf54aeef19e,RobroKools/vad-bert,c4c659fd17dd5807572b3f0f577de8c408401ca7,3.2034590244293213,3.207387924194336,3.452186346054077
01dbe0a150044fbb51acecf94b6dfa07a5113bd1bbea37ca5f56a5a38e3e01ff,RobroKools/vad-bert,c4c659fd17dd5807572b3f0f577de8c408401ca7,3.090262651443481,2.991001605987549,3.228372573852539
9836cfc93976ab9baa37f102e5aeb5f806b35ea6637312e4bd4d7bd0b76e95ec,RobroKools/vad-bert,c4c659fd17dd5807572b3f0f577de8c408401ca7,3.213927984237671,3.0507073402404785,3.2847683429718018
46353c376a59c14672bd35ca92b4365f43cb68bcd2772e613d2b8a3ca02609e4,RobroKools/vad-bert,c4c659fd17dd5807572b3f0f577de8c408401ca7,3.289034128189087,3.136887550354004,3.250860929489136
4b093ed7a99ad4be660faa27926bf9ff26e1a12afabada2ec4ef7a08679f7b66,RobroKools/vad-bert,c4c659fd17dd5807572b3f0f577de8c408401ca7,3.0519468784332275,3.010193347930908,3.041539192199707
ce05376f10b86ba3cc3d37d65ed2f225d78baf68c5ea56d16108a7cadd5bb101,RobroKools/vad-bert,c4c659fd17dd5807572b3f0f577de8c408401ca7,3.038996458053589,3.150868654251098,3.294044256210327
4531fa321908f58d7659ea037b3cfa1cb3ee7796962b8aeafb96b1089658620f,RobroKools/vad-bert,c4c659fd17dd5807572b3f0f577de8c408401ca7,3.170910596847534,3.195882558822632,3.2755682468414307
8c9102fc27f60d10e0302e61b32dd56a9eed878ac81e550b38aabcf69039d6b0,RobroKools/vad-bert,c4c659fd17dd5807572b3f0f577de8c408401ca7,3.0082361698150635,2.9855124950408936,3.153815746307373
f27ba4e4ed970c69bef9bdf9f4eda4b0725e0980a667aadc6dc438802376001a,RobroKools/vad-bert,c4c659fd17dd5807572b3f0f577de8c408401ca7,3.125047445297241,2.8816633224487305,3.179957151412964
c16bbb71ea3f82341ca6fe6b7e89dabd628f1b0d3d6c1ffdc002e091633d7999,RobroKools/vad-bert,c4c659fd17dd5807572b3f0f577de8c408401ca7,3.36792254447937,3.0895140171051025,3.3119924068450928
518a44f26a2b9b07db427775e8b760088e5bceb85bb6cc6d99954ff7437601a1,RobroKools/vad-bert,c4c659fd17dd5807572b3f0f577de8c408401ca7,2.7712953090667725,3.0785155296325684,3.1800010204315186
e53efa7292fa5109bc9246560538d647e0782d15b5c3fd700d4ea3f606ec86b8,RobroKools/vad-bert,c4c659fd17dd5807572b3f0f577de8c408401ca7,2.9975290298461914,3.297661304473877,3.277902126312256
828a55228faf8f872efccb408c45e557feefb783b4e1460a62ce63e182de06a6,RobroKools/vad-bert,c4c659fd17dd5807572b3f0f577de8c408401ca7,3.14719557762146,3.1398496627807617,3.242551326751709
2a589587442e49a7f21b25805233ed098e9d3d7310491256e488e2c499355c1e,RobroKools/vad-bert,c4c659fd17dd5807572b3f0f577de8c408401ca7,3.132344484329224,2.996220588684082,3.29567289352417
fb9019830f67fa158e364e7544266edb505ceb9c968a7bcd5050c46fcf8d903f,RobroKools/vad-bert,c4c659fd17dd5807572b3f0f577de8c408401ca7,3.153390884399414,3.0914628505706787,3.1921632289886475
988632795e122d7deeecaba3e9f5a93e05e1e6e05614986df5ed50dbed53e503,RobroKools/vad-bert,c4c659fd17dd5807572b3f0f577de8c408401ca7,3.0495667457580566,3.170494318008423,3.281881809234619
6c059deed1a9dab54dffccd5e0721dc1dfc401c1e5f5d3face1edbd482f40728,RobroKools/vad-bert,c4c659fd17dd5807572b3f0f577de8c408401ca7,3.094578266143799,2.988208293914795,3.112656354904175
f849e73534899c35e74452c6edb36a0f15dd617136e7c57b586fdafc29a72b9d,RobroKools/vad-bert,c4c659fd17dd5807572b3f0f577de8c408401ca7,2.7418789863586426,3.0805184841156006,3.2452080249786377
dfb3c44391f9624f50c8e08f08d2e10550f5c2125408fa13a216586c42c5e6fa,RobroKools/vad-bert,c4c659fd17dd5807572b3f0f577de8c408401ca7,3.249420642852783,3.056605100631714,3.1572155952453613
2e6db213552184348fdad03b5e8bc8b98bee7324989410acf9c134fdddac0b79,RobroKools/vad-bert,c4c659fd17dd5807572b3f0f577de8c408401ca7,3.0953245162963867,3.23653507232666,3.364903211593628
d110c50c99d8bcadc531b55c415feaf68927cd3ecc98eec2497634a000be8c9b,RobroKools/vad-bert,c4c659fd17dd5807572b3f0f577de8c408401ca7,3.083367347717285,3.1728103160858154,3.357999086380005
4e57def544b3ed80eaaa0f1dc9f0f6b0030dd8931b90f7ff4890ade2a3747d3c,RobroKools/vad-bert,c4c659fd17dd5807572b3f0f577de8c408401ca7,2.7444968223571777,3.199003934860229,3.139354467391968
05a0ad4a2ad4637a47d95d48d45fcdaa947d5fc031ce70cb10e1da45952f0bde,RobroKools/vad-bert,c4c659fd17dd5807572b3f0f577de8c408401ca7,3.017107486724853,3.251183271408081,3.317932367324829
c8b71096a012adcee1b1706d68f05dde2cb953237e6a9dee9f00e79f177a0aae,RobroKools/vad-bert,c4c659fd17dd5807572b3f0f577de8c408401ca7,2.98248553276062,3.218902111053467,3.2893426418304443
56df92501a39b164d7cac584159e18129722df38ff3ed7f32e78ef2283f7c145,RobroKools/vad-bert,c4c659fd17dd5807572b3f0f577de8c408401ca7,2.7019646167755127,3.0775208473205566,3.101078987121582
4f104ec1aaf9e248d1281b00c60e616f0a0b9ccffe375864908fc6b883262a9c,RobroKools/vad-bert,c4c659fd17dd5807572b3f0f577de8c408401ca7,2.911499261856079,3.133836507797241,3.2622299194335938
802fc67e1160582afa28c636aae9f0a1da34c0a697e48f14f7ac98e29d83f335,RobroKools/vad-bert,c4c659fd17dd5807572b3f0f577de8c408401ca7,2.94248366355896,3.088720321655273,3.249108076095581
38155619850e0b6776bae12c88dedc622d1456f4811e723ff0a1f067d4694e73,RobroKools/vad-bert,c4c659fd17dd5807572b3f0f577de8c408401ca7,2.970945358276367,3.0413599014282227,3.2118771076202397
fca1768ca183431dbc4f9868205fa706cd77f3e67c0a1f8af58cc3f45f274f0e,RobroKools/vad-bert,c4c659fd17dd5807572b3f0f577de8c408401ca7,2.7468087673187256,3.0852856636047363,3.1263086795806885
36ce2bb6a3c08513057a8b16553717c3669f3c101ecd844a26d9292eefa29be6,RobroKools/vad-bert,c4c659fd17dd5807572b3f0f577de8c408401ca7,2.976284503936768,3.046011686325073,3.204003095626831
621580c64ff9203f7ce2980953fa24a31dafbae12708752d47233673f4a2c530,RobroKools/vad-bert,c4c659fd17dd5807572b3f0f577de8c408401ca7,3.0670504570007324,3.0631299018859863,3.327656984329224
7aeffc3c539e5a6febad30c4e70f8cabf34f888995715cbd95c82607c24dfdab,RobroKools/vad-bert,c4c659fd17dd5807572b3f0f577de8c408401ca7,2.8193037509918213,3.176475763320923,3.175580739974976
7057ebf48e53ceb93d192fbb7a9100476f7bacd1e23248fc9a2817c763f2119b,RobroKools/vad-bert,c4c659fd17dd5807572b3f0f577de8c408401ca7,3.08651065826416,3.175405979156494,3.240787506103516
5068914f3ce4cd2191ac4793a329f1edea247908bfff595247342f5d8d4779b4,RobroKools/vad-bert,c4c659fd17dd5807572b3f0f577de8c408401ca7,2.7124385833740234,3.1297998428344727,3.1561954021453857
82a28d940eb783a050ba82f9a6903ed9647eb51ca8b8692b7d34fa4136916b31,RobroKools/vad-bert,c4c659fd17dd5807572b3f0f577de8c408401ca7,3.040682077407837,3.0206189155578613,3.318589687347412
5015df566473b8c56e36dc2e25bd1f2fedb4446a9ed64412d3f5600adfc34297,RobroKools/vad-bert,c4c659fd17dd5807572b3f0f577de8c408401ca7,2.955287456512451,3.1460185050964355,3.201582193374634
6cb352909b05673b1f46fdd26ce435cfcc52b4523971a251d5ee213ac200d25a,RobroKools/vad-bert,c4c659fd17dd5807572b3f0f577de8c408401ca7,3.0401771068573,3.027343511581421,3.232701063156128
f9d518d565ab8ef326d4473195df49079c20025f8e552cd782c6c4c666a4cd09,RobroKools/vad-bert,c4c659fd17dd5807572b3f0f577de8c408401ca7,2.9086105823516846,2.9781601428985596,3.2038228511810303
56e29b60c19b8664e898cc064fa4fbd3c880f0f1f52718e3fa4051fa58ad669f,RobroKools/vad-bert,c4c659fd17dd5807572b3f0f577de8c408401ca7,2.9589438438415527,3.068126916885376,3.167349338531494
cc75e077c8689db0b040117e50ef128d0a9cd267c8f642f683fab00c42e8cf77,RobroKools/vad-bert,c4c659fd17dd5807572b3f0f577de8c408401ca7,3.0238935947418213,3.1149613857269287,3.25382399559021
24254225bfd2253fc179fc14f74b57579a7c704445053fca54fe258f40fc6264,RobroKools/vad-bert,c4c659fd17dd5807572b3f0f577de8c408401ca7,2.944319009780884,2.963810682296753,3.2042438983917236
1fd8adb17eff50deda13fac9d1b1ae91d46e293b5f224d675c2d7beb5d2f679a,RobroKools/vad-bert,c4c659fd17dd5807572b3f0f577de8c408401ca7,2.9835803508758545,3.0551209449768066,3.0616424083709717
74a21b636081f02288d8750e5d92aface4c4d0cc5e5c1e9cbabc5914782e8b23,RobroKools/vad-bert,c4c659fd17dd5807572b3f0f577de8c408401ca7,2.885692596435547,3.1888043880462646,3.0865838527679443
ef0cbdbb39025422276a04e3bd778e5ad6731c24e57ac171fa35e17cea1740d8,RobroKools/vad-bert,c4c659fd17dd5807572b3f0f577de8c408401ca7,3.0910685062408447,3.0356624126434326,3.1904523372650146
a4100b1011d4d21d3de51b185a86db10dc9f1381e58fd38e7248424f8571ac8b,RobroKools/vad-bert,c4c659fd17dd5807572b3f0f577de8c408401ca7,3.1046009063720703,3.133770227432251,3.211742877960205
efece5b306cdc441e14dde231d21dbab39325388365c03c64509c9d906bcf2b3,RobroKools/vad-bert,c4c659fd17dd5807572b3f0f577de8c408401ca7,2.960096836090088,3.1160662174224854,3.2333483695983887
192a1c409421e9f9a6db39867d8b5ee9bb9094b7bf2babf35499d85a52823d78,RobroKools/vad-bert,c4c659fd17dd5807572b3f0f577de8c408401ca7,3.0328948497772217,3.159583330154419,3.148040533065796
e61ea3aa2931dc123d47c85c3cc5d2398c74c3fb2ecf29bce80b80c6e0b71f76,RobroKools/vad-bert,c4c659fd17dd5807572b3f0f577de8c408401ca7,3.024559736251831,3.0263731479644775,3.329455614089966
03ea9f9ee8d89e6376ea5edfbd8de663d87694eccdbe8bd9403e606a78fce15b,RobroKools/vad-bert,c4c659fd17dd5807572b3f0f577de8c408401ca7,3.120074987411499,3.0159072875976562,3.244647741317749
19b32b466b95e7b468862c22bf9ddf89b0dad5b1d7eb74e18b04bc2fdb3abee2,RobroKools/vad-bert,c4c659fd17dd5807572b3f0f577de8c408401ca7,2.85382342338562,3.1051270961761475,3.2199313640594482
fc56880eba0f6a38f6aa6d86157117805a4493bbc66240336fb19f4390a174a8,RobroKools/vad-bert,c4c659fd17dd5807572b3f0f577de8c408401ca7,3.124680995941162,3.018632650375366,3.3711812496185303
0b9d9223fbfd73dc05f05ee2eff2c6f5c1221b57fdcb81da4f6153cf6f957681,RobroKools/vad-bert,c4c659fd17dd5807572b3f0f577de8c408401ca7,3.1929590702056885,2.9141581058502197,3.2508435249328613
ce0232f1091f207984c2f8870a4afc4ed461ecf1267a11b3afb29fa93d4c5257,RobroKools/vad-bert,c4c659fd17dd5807572b3f0f577de8c408401ca7,3.201686382293701,2.894028663635254,3.3161065578460693
0c50626c4b2dd58372ef6681011b63602cc991d5e53145b0d3a261ba5b220e03,RobroKools/vad-bert,c4c659fd17dd5807572b3f0f577de8c408401ca7,3.1946964263916016,2.985244035720825,3.2842724323272705
dbc8d7013c45540f58cbee49edbf554a96bae4af4647c625cb943e11cfb631c7,RobroKools/vad-bert,c4c659fd17dd5807572b3f0f577de8c408401ca7,3.2611639499664307,3.0377070903778076,3.2938930988311768
e299db98d92b9c07ce252d0761146de0619f4232d92d1cb62535ea3775cf783c,RobroKools/vad-bert,c4c659fd17dd5807572b3f0f577de8c408401ca7,3.182176351547241,2.8743607997894287,3.2407329082489014
93d59431de1badaba5ff138b9d42b9da635e414ba76ef7f71ecde1786607696b,RobroKools/vad-bert,c4c659fd17dd5807572b3f0f577de8c408401ca7,3.2971768379211426,3.0464470386505127,3.3120501041412354
a9b105082cd19ee8b9488a54f9befd62e317093f6dc870c3ff49fa3769f50a38,RobroKools/vad-bert,c4c659fd17dd5807572b3f0f577de8c408401ca7,3.323857069015503,3.1565113067626953,3.218475341796875
4156daf31bd235090526e35076fee5d752a7a2e7ed9e6c435311c8a66c3cc6ed,RobroKools/vad-bert,c4c659fd17dd5807572b3f0f577de8c408401ca7,3.21016788482666,3.0377800464630127,3.294402837753296
c9b10e44235198d29f9e8bde42f92306bfe985bad08dca9ad120a4dc605d603e,RobroKools/vad-bert,c4c659fd17dd5807572b3f0f577de8c408401ca7,3.2050671577453613,2.9394495487213135,3.2487781047821045
d71827715eb7e701558b7d9331c91b46091d3c0a3ae691be798fa0362811812e,RobroKools/vad-bert,c4c659fd17dd5807572b3f0f577de8c408401ca7,3.395941734313965,3.0145630836486816,3.2905702590942383
972e61c5949d1653fc4b3cc2fca96df34a8784e3b09cf8a2b5d461993c03d1b5,RobroKools/vad-bert,c4c659fd17dd5807572b3f0f577de8c408401ca7,3.3944618701934814,3.0059773921966553,3.239611864089966
f040d126ac682aaec69be55c9e1e81704576b145899a20c46101a92bf4e5b9ca,RobroKools/vad-bert,c4c659fd17dd5807572b3f0f577de8c408401ca7,3.36063551902771,3.0469541549682617,3.3352556228637695
a493fdd1022aad23448c6711c98d372bc9d39f67a277009c420330b3b6a0527c,RobroKools/vad-bert,c4c659fd17dd5807572b3f0f577de8c408401ca7,3.250401496887207,3.150499105453491,3.3110694885253906
1af0da53fd50caa05c3ce8591f82e7119ad87abf471576f8de863b8030fac100,RobroKools/vad-bert,c4c659fd17dd5807572b3f0f577de8c408401ca7,3.3690571784973145,3.0404856204986572,3.3057098388671875
851ac105a656283896ee5af04bd6cb6ef984aa4261bcee8bc212dc92aefa66f9,RobroKools/vad-bert,c4c659fd17dd5807572b3f0f577de8c408401ca7,3.2378029823303223,2.8240599632263184,3.2861502170562744
6f767306712ba32ae138be655a83f46fc97a1b3460aff0bddc8c34f42ac5b2c8,RobroKools/vad-bert,c4c659fd17dd5807572b3f0f577de8c408401ca7,3.295510768890381,2.9443655014038086,3.315647840499878
8bebf68b3c2e599a85394279c08a1ed831c1e62c2e82cf6e6a11235af346df72,RobroKools/vad-bert,c4c659fd17dd5807572b3f0f577de8c408401ca7,3.289438486099243,3.0448436737060547,3.249171733856201
bf688bcc358223ea97c43aa9f1a02329959cb248829cc6642d7078fc7510e485,RobroKools/vad-bert,c4c659fd17dd5807572b3f0f577de8c408401ca7,3.290055274963379,3.0401716232299805,3.276992082595825
6f0ec3a197b320091b6a80788f7a390c5b6d01239d6f6569ec14d50a0989f858,RobroKools/vad-bert,c4c659fd17dd5807572b3f0f577de8c408401ca7,3.2031404972076416,3.1163694858551025,3.3099355697631836
f3359a3f7a2f6903612575aa582881dbd14cf4ddd1bb4fb6922f4a5ad5e67c29,RobroKools/vad-bert,c4c659fd17dd5807572b3f0f577de8c408401ca7,3.307652711868286,3.096778631210327,3.1957545280456543
72bbcc954aee65c785f6f4b051e1f5b4aaec4c7ca73f331ce131eefb6a02c63d,RobroKools/vad-bert,c4c659fd17dd5807572b3f0f577de8c408401ca7,3.2202627658843994,3.1680006980895996,3.282435894012451
5a2d64f67ffc138352bd98058f4a61135742bef5f0e0638114655ce4be71a2b3,RobroKools/vad-bert,c4c659fd17dd5807572b3f0f577de8c408401ca7,3.2097933292388916,3.0121805667877197,3.31115984916687
a966e5127dd2cb414c86cc3c10fad9761ecdbf8ed8e04f9d1b292b0d5c916f6f,RobroKools/vad-bert,c4c659fd17dd5807572b3f0f577de8c408401ca7,3.323171854019165,3.222560405731201,3.4103004932403564
3636feb812bba3e78fe3844d5fc4957ba4916dbf019bc6c5e5cccf31bc648be7,RobroKools/vad-bert,c4c659fd17dd5807572b3f0f577de8c408401ca7,3.2020232677459717,3.0393593311309814,3.263526201248169
6b8e6178d41cd21364dc7b35b530e4289afc0577da36f4e6926d8b1158993c4a,RobroKools/vad-bert,c4c659fd17dd5807572b3f0f577de8c408401ca7,3.1793200969696045,3.132570505142212,3.4125349521636963
31f68938b73a76a62e2194cd3f20fba7858366e3354f03bbb58d0997571f41e4,RobroKools/vad-bert,c4c659fd17dd5807572b3f0f577de8c408401ca7,3.169720411300659,3.036914825439453,3.4598851203918457
5531db278ae70aa46f3d571807b4754bcad78a94254a4fc74e82a61a4c859604,RobroKools/vad-bert,c4c659fd17dd5807572b3f0f577de8c408401ca7,3.267223596572876,3.08026385307312,3.4339423179626465
2b6a7fc6bfd5ca4ce2b69b60b58abc698f50b6badd7282ac98c6b4a5f5148cc0,RobroKools/vad-bert,c4c659fd17dd5807572b3f0f577de8c408401ca7,3.26692271232605,3.0916085243225098,3.153404951095581
9bbead1e7f215a837bd353dec89790fee7b9456a13b861de0ff3f7eba95ce65b,RobroKools/vad-bert,c4c659fd17dd5807572b3f0f577de8c408401ca7,3.2537004947662354,3.1422629356384277,3.4827630519866943
7e8d15287be61d95a6f956bb9163e0582541827075c7e4cfab668ea42804c20b,RobroKools/vad-bert,c4c659fd17dd5807572b3f0f577de8c408401ca7,3.3243110179901123,3.055330514907837,3.2671091556549072
4b6a598e0ac2d5f1299623796c5587bba39fe70dd43262ae68ac59058f0815c6,RobroKools/vad-bert,c4c659fd17dd5807572b3f0f577de8c408401ca7,3.2515628337860107,3.0150692462921143,3.3857386112213135
9426c2784e400ee245276f3b18ac63a09aeed3c9209c64a3a552d16c326796a4,RobroKools/vad-bert,c4c659fd17dd5807572b3f0f577de8c408401ca7,3.294889211654663,3.138659715652466,3.451230525970459
1c3664fb100280e178cf4fee8ef427f3ddf5455f36ef8a889957ecb6ee7dcf07,RobroKools/vad-bert,c4c659fd17dd5807572b3f0f577de8c408401ca7,3.239060401916504,3.0657622814178467,3.3255369663238525
bad9c6f3d760823fb3e688855bc6444367b26799ac65649f430f7aee5cd2ba63,RobroKools/vad-bert,c4c659fd17dd5807572b3f0f577de8c408401ca7,3.0151383876800537,2.9698538780212402,3.2444307804107666
bf4bbbaa6eb434b58a1b44a3715e8423075d064f59d68b89f8428560bae3cd12,RobroKools/vad-bert,c4c659fd17dd5807572b3f0f577de8c408401ca7,2.9511585235595703,2.976567029953003,3.193511962890625
3f51f7f2c55932da88310334374bb3494ad2cea61c7b8b01e1c007845b744ce5,RobroKools/vad-bert,c4c659fd17dd5807572b3f0f577de8c408401ca7,3.093810796737671,2.9704320430755615,3.1654961109161377
d6fd73010ed7a43c8c27455553943a6748089bd12205fdfd540954d9b2e84588,RobroKools/vad-bert,c4c659fd17dd5807572b3f0f577de8c408401ca7,3.026665449142456,2.9745922088623047,3.235231637954712
724bdc928e103586c2020adcccbaedb7ad068d571acb856c63006a0aeec004a3,RobroKools/vad-bert,c4c659fd17dd5807572b3f0f577de8c408401ca7,3.1652140617370605,3.0473692417144775,3.281982660293579
1b9e8f7d4befc6d6a4d6c3fdc6a10e903b5b43693fb1f0e5a7c9e8bacd871fa2,RobroKools/vad-bert,c4c659fd17dd5807572b3f0f577de8c408401ca7,3.118184804916382,3.0053203105926514,3.242328405380249
bdc533c1c993ffb1de2912fbe9f61a977a98b00d7f82cb44d38de114bbc3d724,RobroKools/vad-bert,c4c659fd17dd5807572b3f0f577de8c408401ca7,2.974421739578247,3.040471076965332,3.156499147415161
ae4ab9fdb381b1e62b9babbcfbc82e2828ff97df006b225c862a610270d2f6c0,RobroKools/vad-bert,c4c659fd17dd5807572b3f0f577de8c408401ca7,3.015852212905884,3.0396900177001953,3.1816442012786865
a04481bf6ae0fa1b965a31c74f0c36afa54882b41d4b38b794ba0183b8526cbf,RobroKools/vad-bert,c4c659fd17dd5807572b3f0f577de8c408401ca7,3.0082085132598877,2.9363341331481934,3.195152521133423
ff60f7a5f67eafefc0ba669793c521479f22f6f234d6a79d673efe0f0d8ed6d2,RobroKools/vad-bert,c4c659fd17dd5807572b3f0f577de8c408401ca7,2.9193732738494873,2.879033088684082,3.1447629928588867
0d58f841e24f1a7b69fbc7643b88d70e3357a76b1c293229cefe5add5fa7bed3,RobroKools/vad-bert,c4c659fd17dd5807572b3f0f577de8c408401ca7,2.9075326919555664,2.9768173694610596,3.075978994369507
8faea296c4450b7908bebb3d1200ec9476b1499ad8e4d1d931670bb2ff257606,RobroKools/vad-bert,c4c659fd17dd5807572b3f0f577de8c408401ca7,3.067302703857422,2.915081739425659,3.235551595687866
38bc673f7a42cecb624d8efc6204411073a9c96174c9dab8ac2ecf9a9daa16e8,RobroKools/vad-bert,c4c659fd17dd5807572b3f0f577de8c408401ca7,3.0739011764526367,2.982072591781616,3.220839262008667
776bd3b2879a45e340084f84766655de086396308339ec1af1109feef8619703,RobroKools/vad-bert,c4c659fd17dd5807572b3f0f577de8c408401ca7,3.0975310802459717,2.9992549419403076,3.2027058601379395
dc61cfe88594968d948b10272677ac84d31da49876d47301dbc45c1b014f88c9,RobroKools/vad-bert,c4c659fd17dd5807572b3f0f577de8c408401ca7,2.9342243671417236,2.965841293334961,3.1920275688171387
6425602a524eaf1c5c00c12258e9c4ca334ef800e524a3e817d96013511ccb35,RobroKools/vad-bert,c4c659fd17dd5807572b3f0f577de8c408401ca7,3.077549695968628,3.05136775970459,3.217028856277466
af05cc064df85284b1b53de4cee3ec3e6b61ee8a5c5f0d553db3ce8d212e9847,RobroKools/vad-bert,c4c659fd17dd5807572b3f0f577de8c408401ca7,2.76888108253479,3.0709354877471924,3.115938663482666
3e351787bd60a1e55f1be25f66123e0476b60eaeafb07db5b59941ee79539d5a,RobroKools/vad-bert,c4c659fd17dd5807572b3f0f577de8c408401ca7,2.899266242980957,2.999539852142334,3.239152669906616
d1a359f8b7b50a3059eef58697ab2cdaf7b52a70644f74c7331256c74d0a9503,RobroKools/vad-bert,c4c659fd17dd5807572b3f0f577de8c408401ca7,2.7042696475982666,3.2263402938842773,3.3496673107147217
42a3437cbf7d76d8e79ac4a1806d2e0b505d430dfa767991c05d5e9c7f73e7d8,RobroKools/vad-bert,c4c659fd17dd5807572b3f0f577de8c408401ca7,2.9286000728607178,3.042736768722534,3.3133609294891357
41b8c265158989c5812c55efa1063f109d8fedc63997afd133e77c06ec09d956,RobroKools/vad-bert,c4c659fd17dd5807572b3f0f577de8c408401ca7,2.9934585094451904,3.091186285018921,3.149859666824341
e9ea2efe34e70bace4cbb4875ef72a99fc216168524391b66400d38c30e86a44,RobroKools/vad-bert,c4c659fd17dd5807572b3f0f577de8c408401ca7,2.6056768894195557,3.0730297565460205,3.062429904937744
3041e74a861d3e438757053db869ebe066c812179950bc0f2b7be01000c62f43,RobroKools/vad-bert,c4c659fd17dd5807572b3f0f577de8c408401ca7,3.0702965259552,3.0006020069122314,3.2578067779541016
f09ed4e1e495b3ac96ba31cd6c6756a0eb2b37998b58902c5d362a3c2a2396d3,RobroKools/vad-bert,c4c659fd17dd5807572b3f0f577de8c408401ca7,3.0654118061065674,3.1385598182678223,3.284925699234009
82cd46b7b4406fa22514432a6ea4b174da487a4c161f4dbf7c497a43fe267b57,RobroKools/vad-bert,c4c659fd17dd5807572b3f0f577de8c408401ca7,2.891977548599243,3.0136826038360596,3.3162009716033936
14a47d4a626c49c896be3619113523a05a3523279dafa570ee59563e3f0ec7d5,RobroKools/vad-bert,c4c659fd17dd5807572b3f0f577de8c408401ca7,3.010082244873047,3.067843198776245,3.3403332233428955
8d7ab815d8233367d4f6912d982685b1d79a287fe352dc6835c37b944a097890,RobroKools/vad-bert,c4c659fd17dd5807572b3f0f577de8c408401ca7,2.868560314178467,2.9034264087677,3.3956198692321777
7b8b29480574cc145888c1a8ff850799f0ba5ba7438be79f5dd0ae14b3832318,RobroKools/vad-bert,c4c659fd17dd5807572b3f0f577de8c408401ca7,3.056201219558716,2.980839252471924,3.197956085205078
fd572852d5b279f255bfe3acba2f9fae359222c33b1c9cd36220b17197546f7c,RobroKools/vad-bert,c4c659fd17dd5807572b3f0f577de8c408401ca7,2.8773460388183594,3.016355276107788,3.318260431289673
80d093090af2a0f3ac62a1609272117b611c491a83d6990ab51114ec5ee403ac,RobroKools/vad-bert,c4c659fd17dd5807572b3f0f577de8c408401ca7,2.833491086959839,3.085484027862549,3.1139144897460938
2ee42607bc14d4de621788e911e5c3000ca4c5f2e11234cd5a6528cee083c45e,RobroKools/vad-bert,c4c659fd17dd5807572b3f0f577de8c408401ca7,2.947618007659912,3.0042226314544678,3.2836573123931885
98d4b00a42436225c6481c5245e3a172561032af9e1e2ac4bb9063606fbb81e2,RobroKools/vad-bert,c4c659fd17dd5807572b3f0f577de8c408401ca7,2.6880030632019043,3.047222137451172,3.0163581371307373
2cdedbaaa1c4b201799c9f1afb7a04e4fc37551ab01423a0725b56751fabc228,RobroKools/vad-bert,c4c659fd17dd5807572b3f0f577de8c408401ca7,3.30342173576355,3.069068193435669,3.289839506149292
7cb209235f4b81dc55f23b888e4c059bd2234ab9e5058ff92a44772297e0998b,RobroKools/vad-bert,c4c659fd17dd5807572b3f0f577de8c408401ca7,3.2502312660217285,3.1057755947113037,3.415975332260132
dacf01d0d2911d48bb1081197bda49bb5e85cf9739138d6093bebaaa8ab08aee,RobroKools/vad-bert,c4c659fd17dd5807572b3f0f577de8c408401ca7,3.1885054111480713,2.996211290359497,3.2757010459899902
ba937f200a452c31b458acca808ae6b26e06a49512c207e460d1d0247f903b31,RobroKools/vad-bert,c4c659fd17dd5807572b3f0f577de8c408401ca7,3.1226799488067627,3.010540723800659,3.2270240783691406
a09435cc037b22776c5e676b4816f45f73d818b73d5b77386bcddbcb2db28328,RobroKools/vad-bert,c4c659fd17dd5807572b3f0f577de8c408401ca7,3.315668821334839,3.2152435779571533,3.3483033180236816
8cb73243cacd77612b160b55dac81fd33848c1c4a3262e891a16e21fa5118a84,RobroKools/vad-bert,c4c659fd17dd5807572b3f0f577de8c408401ca7,3.0186665058135986,3.0491843223571777,3.0914247035980225
e940ba40a8c6732061cd49acb05eb84b8e558295ebe5d83af641a25c99b5f1d3,RobroKools/vad-bert,c4c659fd17dd5807572b3f0f577de8c408401ca7,3.3502728939056396,3.0912938117980957,3.2650699615478516
9e88e365d8200712f8f16eb76cdc70fc0f7359e4a5ccaf4f16b5559f4f854b97,RobroKools/vad-bert,c4c659fd17dd5807572b3f0f577de8c408401ca7,3.4703052043914795,3.2268106937408447,3.447930335998535
feba56ee43316719fd5220528150e29dfe2ee01400d8f619eab0a2d2ec6f5c65,RobroKools/vad-bert,c4c659fd17dd5807572b3f0f577de8c408401ca7,3.3354861736297607,3.045320510864258,3.3451011180877686
44aaf442b2c74e79a3a0178f28eb2446d99fad4a0ef34643eae62e5da2eb4065,RobroKools/vad-bert,c4c659fd17dd5807572b3f0f577de8c408401ca7,3.3108749389648438,2.9810073375701904,3.2768442630767822
c2738c541f8776e5aea84696c66a0baf7a8c87f993b8093616cda9af988c6f5e,RobroKools/vad-bert,c4c659fd17dd5807572b3f0f577de8c408401ca7,3.278231382369995,3.016437292098999,3.3319756984710693
f9db185a963799eaadaf80beb3fbc4d6cbdce9c7ce9084fadd5179d3c1ab8cba,RobroKools/vad-bert,c4c659fd17dd5807572b3f0f577de8c408401ca7,3.215864896774292,3.01104998588562,3.159595489501953
b4eb5d2d868fb0e49dc56dab43d30a068d77691ea48be39d04293462a6146f6c,RobroKools/vad-bert,c4c659fd17dd5807572b3f0f577de8c408401ca7,3.185025691986084,2.981199026107788,3.2001912593841553
57391e07297f0890695633aa17b8d6611a1202da60978457011008c388d72130,RobroKools/vad-bert,c4c659fd17dd5807572b3f0f577de8c408401ca7,3.164158582687378,2.8791069984436035,3.2472598552703857
e50a7817cdaa1f07cbaec0d575198ed05a16ed37684acf0cf1e42d1fc2f4663c,RobroKools/vad-bert,c4c659fd17dd5807572b3f0f577de8c408401ca7,3.2632133960723877,3.0522499084472656,3.3279268741607666
d34805e84d1a72664eaa75a2c92311fe88af107b64bf7c6ea472303d5a72e59c,RobroKools/vad-bert,c4c659fd17dd5807572b3f0f577de8c408401ca7,3.2578413486480713,2.9709084033966064,3.2899539470672607
